iso3,year,internet_users_pct,mobile_subs_per100,broadband_per100,rd_pct_gdp,researchers_per_mn,tertiary_enrol_pct,electricity_rural_pct,gdp_pc_const2015,upper_secondary_pct,oa_ai_ag,oa_ai_all,oa_precision_ag,oa_works_all
ABW,1990,0.0,0.0,,,,,100.0,24763.6538099384,,,,,
ABW,1991,,0.0,,,,,98.3737741616736,25460.3630272927,7.18651008605957,,,,
ABW,1992,,0.028493276,,,,,98.4282597493425,25743.4455010025,,,,,
ABW,1993,,,,,,,98.5017492013514,25870.1533960504,,,,,
ABW,1994,,,,,,,100.0,26581.9767488997,,,,,
ABW,1995,,2.22972096,,,,,100.0,26504.1864180809,,,,,
ABW,1996,2.77,3.777528741,,,,,100.0,25779.5979282247,,,,,
ABW,1997,,4.155977424,,,,,100.0,26547.4166076696,,,,,
ABW,1998,,6.377808073,,,,,100.0,26418.0883302727,,,,,
ABW,1999,4.51,13.81422174,,,,25.6337509155273,100.0,26384.8105935137,,,,,
ABW,2000,15.4428229480349,16.8993138878562,,,,28.3303394317627,100.0,28104.8954362859,16.3950805664062,,,,
ABW,2001,17.1,58.6899950168872,,,,28.8601303100586,100.0,29007.7386958774,,,,,
ABW,2002,18.8,67.6304183674586,,,,28.5816898345947,100.0,28535.4639480222,,,,,
ABW,2003,20.8,75.7794388473621,1.51554544469722,,,30.3779106140137,100.0,28525.8077063839,,,,,
ABW,2004,23.0,105.552873526225,7.46998809178977,,,30.352689743042,100.0,29959.7748189582,,,,,
ABW,2005,25.4,109.74954897591,13.0255757189855,,,36.204231262207,100.0,29081.7066997897,,,,,
ABW,2006,28.0,114.296796377055,14.6270127474002,,,34.2268714904785,100.0,28885.9118700469,,,,,
ABW,2007,30.9,117.599676975162,16.5612349488026,,,34.8968086242676,100.0,29556.8384686554,,,,,
ABW,2008,52.0,123.517202597004,18.8088543530494,,,35.0970611572266,100.0,29870.6648077005,,,,,
ABW,2009,58.0,129.26028780611,18.9851047715223,,,34.4308586120605,100.0,26204.0597361984,,,,,
ABW,2010,62.0,131.649919092235,19.1951175659748,,,36.0625305175781,100.0,25429.2180974853,32.0831718444824,,,,
ABW,2011,69.0,,,,,37.8648109436035,100.0,26093.0542083227,,,,,
ABW,2012,74.0,132.661183337755,,,,38.8641815185547,100.0,25444.7336646687,,,,,
ABW,2013,78.9,135.338052614131,18.7211139062774,,,17.1258697509766,100.0,26680.1411206342,,0.0,0.0,0.0,49.0
ABW,2014,83.78,135.141671422905,18.573515327987,,,17.7518997192383,100.0,26773.8229102391,,0.0,0.0,0.0,40.0
ABW,2015,88.661226932496,135.337479843354,18.2369653689626,,,16.7312393188477,100.0,27458.2201537506,,0.0,0.0,0.0,49.0
ABW,2016,93.542453865048,,,,,17.1416206359863,100.0,27587.2498040483,,0.0,0.0,0.0,59.0
ABW,2017,97.17,,,,,,100.0,28548.8904317739,,,,,
ABW,2018,,,,,,,100.0,29419.208623316,,0.0,0.0,0.0,55.0
ABW,2019,,131.682169673877,17.7444058425791,,,,100.0,29700.3634670565,,0.0,1.0,0.0,0.0
ABW,2020,,131.284916201117,17.6908752327747,,,,100.0,22718.2294445007,,0.0,2.0,0.0,90.0
ABW,2021,,131.09206195727,17.664887781476,,,,100.0,26303.0397202375,,,,,
ABW,2022,,130.647974615427,17.4862221892338,,,,100.0,29198.9903584827,,0.0,2.0,0.0,0.0
ABW,2023,,,,,,,100.0,31963.0764505349,67.8933029174805,0.0,1.0,0.0,0.0
ABW,2024,,,,,,14.0655418559377,100.0,33938.9541769192,,0.0,2.0,0.0,0.0
AFE,1990,,0.0025821426556722,,,,3.19349002838135,,1293.76522236797,,,,,
AFE,1991,,0.0030601295210905,,,,3.32539010047913,,1257.32746247235,,,,,
AFE,1992,,0.0058241644027969,,,,3.44453001022339,,1194.98293940344,,,,,
AFE,1993,,0.0160281568745268,,,,3.58260989189148,,1152.59004074875,,,,,
AFE,1994,,0.117720610098511,,,,3.75828003883362,,1143.91396339554,,,,,
AFE,1995,,0.164300729636764,,,,3.77903008460998,,1163.1260924151,,,,,
AFE,1996,,0.285421858668388,,,,3.79064011573792,,1195.05178683805,,,,,
AFE,1997,,0.537893874347061,,,,3.8187301158905,,1209.72360539762,,,,,
AFE,1998,,0.963135057510966,,,,3.85899996757507,,1199.70458220191,,,,,
AFE,1999,,1.5364967739772,,,,3.8215799331665,,1199.43029122354,,,,,
AFE,2000,,2.53187461998447,,,,3.99448990821838,8.67265346740584,1205.87666437284,,,,,
AFE,2001,,3.48511266478186,,,,4.2595100402832,,1216.22788108397,,,,,
AFE,2002,,4.59739340752445,,,,4.5005898475647,,1231.33260616804,,,,,
AFE,2003,,6.07988901464806,,0.594539921118996,,4.8099799156189,9.79281078105236,1235.59805226329,,,,,
AFE,2004,,8.01544755486436,,0.626100578625712,,5.12434005737305,10.890978601739,1271.19569954919,,,,,
AFE,2005,1.8,12.59131987433,0.062574277057914,0.626592924758238,,5.39512014389038,10.3364743315677,1314.2677841971,,,,,
AFE,2006,1.9,16.9490525169552,0.1142714613629,,,5.67903995513916,12.4200467691291,1364.58002599767,,,,,
AFE,2007,2.7,21.6849919782563,0.135809975850208,0.659864661576848,,5.82964992523193,12.3649962952047,1417.37331385996,,,,,
AFE,2008,3.0,28.1203044455646,0.147536203087257,,,6.22163009643555,12.7984770262053,1440.52144510506,,,,,
AFE,2009,3.5,32.6088889551093,0.179057886309788,,,6.78540992736816,15.5388490446558,1414.50548927128,,,,,
AFE,2010,5.3,38.5271319772483,0.196025141368356,0.586779084367876,,7.34631013870239,14.5888297250447,1449.78072652181,,,,,
AFE,2011,6.8,48.0159935090946,0.29238007125147,,,7.71177005767822,16.0566388916505,1464.88611192938,,,,,
AFE,2012,8.4,52.7679765565158,0.351953126198483,,,7.9946699142456,19.3999027957069,1452.76568595828,,,,,
AFE,2013,10.0,57.6880768277277,0.452910908034707,,,8.18673038482666,18.783057901428,1478.87995623663,,,,,
AFE,2014,12.1,61.9358160623131,0.535180357803304,,,8.29104042053223,17.6854545554196,1495.79844862987,,,,,
AFE,2015,14.3,66.5,0.5,,,8.43400001525879,16.4950640004064,1498.71597073834,,,,,
AFE,2016,16.3,63.6,0.5,,,8.57314014434814,24.5849063292052,1493.11936575691,,,,,
AFE,2017,17.3,63.5,0.5,,,8.71269035339355,25.3750374165444,1493.1423907296,,,,,
AFE,2018,19.6,65.2,0.5,,,8.7509298324585,26.9419836631142,1492.18670204384,,,,,
AFE,2019,21.6,67.9,0.6,,,8.67273044586182,28.9831827826011,1480.22900239543,,,,,
AFE,2020,23.5,69.9,0.51,,,8.71187019348145,30.9099909700969,1398.57793000832,,,,,
AFE,2021,25.0,74.7,0.62,,,8.66186046600342,32.7098365540535,1422.65546311873,,,,,
AFE,2022,26.8,77.7,0.67,,,,33.9981786802343,1437.09139374966,,,,,
AFE,2023,27.8,82.3,0.78,,,,35.2402362869802,1428.54623843676,,,,,
AFE,2024,28.8,87.3,1.03,,,,36.0805715658078,1432.50843496815,,,,,
AFG,1990,0.0,0.0,,,,2.21519994735718,,,,,,,
AFG,1991,,0.0,,,,,,,,,,,
AFG,1992,,0.0,,,,,,,,,,,
AFG,1993,,0.0,,,,,,,,,,,
AFG,1994,,0.0,,,,,,,,,,,
AFG,1995,,0.0,,,,,,,,,,,
AFG,1996,,0.0,,,,,,,,,,,
AFG,1997,,0.0,,,,,,,,,,,
AFG,1998,,0.0,,,,,,,,,,,
AFG,1999,,0.0,,,,,,,,,,,
AFG,2000,,0.0,,,,,,308.318269746638,,0.0,0.0,0.0,13.0
AFG,2001,0.0047225682421736,0.0,,,,,,277.118051443941,,0.0,0.0,0.0,32.0
AFG,2002,0.0045613951702214,0.116942011309976,,,,,,338.139973643387,,0.0,0.0,0.0,35.0
AFG,2003,0.0878912528559713,0.879776399549396,,,,1.37434995174408,2.1,346.071627096223,,0.0,0.0,0.0,35.0
AFG,2004,0.105809030021958,2.54661861253936,0.0008488728708464,,,1.39064002037048,7.8,338.637273888197,,0.0,0.0,0.0,68.0
AFG,2005,1.22414808372471,4.91711244047067,0.0009014706140862,,,,15.4,363.640141436773,,0.0,0.0,0.0,79.0
AFG,2006,2.10712364546412,9.91329720539894,0.0019666384178724,,,,19.3,367.75831169358,,0.0,0.0,0.0,96.0
AFG,2007,1.899999976,18.0166833836025,0.0019297678736258,,,,25.0,410.757728879097,,0.0,0.0,0.0,121.0
AFG,2008,1.84,29.8267633771309,0.0018880305734077,,,,28.0,417.647282647498,,0.0,0.0,0.0,52.0
AFG,2009,3.55,38.2289426518893,0.0036408516811323,,,3.93815994262695,36.7,488.830652491949,,0.0,0.0,2.0,85.0
AFG,2010,4.0,36.1186814254474,0.0053033350305183,,,,30.2,542.871030476037,,0.0,0.0,0.0,100.0
AFG,2011,5.0,47.0151842862822,,,,3.68686008453369,29.6,525.42698276582,,0.0,0.0,0.0,122.0
AFG,2012,5.454500198,50.1966555403702,0.0049083715024662,,,,60.8,568.929021458341,,0.0,0.0,0.0,134.0
AFG,2013,5.900000095,53.1490159728276,0.0047434273805301,,,,60.2,580.603833333096,,0.0,1.0,0.0,148.0
AFG,2014,7.0,56.1322103822265,0.0045742134571347,,,8.39764022827148,86.5,575.146245808546,9.698486925384,0.0,0.0,0.0,174.0
AFG,2015,8.260000229,58.256016446556,0.0208886536333134,,,,64.6,565.569730408751,9.79236030578613,0.0,1.0,0.0,169.0
AFG,2016,11.0,62.2553342863232,0.0253626650734575,,,,97.1,563.872336723147,,0.0,0.0,0.0,246.0
AFG,2017,13.5,67.0507903920361,0.0257278621511121,,,,97.1,562.769574140988,11.7771822147423,0.0,0.0,0.0,256.0
AFG,2018,16.79999924,59.8109345283062,0.043542941562346,,,9.99592018127441,91.6,553.125151688293,,1.0,3.0,0.0,498.0
AFG,2019,17.60000038,59.6470805870469,0.0519942336405782,,,,97.1,557.861533207459,,0.0,11.0,0.0,661.0
AFG,2020,17.04850006,58.0461137722591,0.0680079200431626,,,10.85435962677,97.1,527.834554499306,11.8347043333891,0.0,13.0,0.0,984.0
AFG,2021,16.51429939,56.6944760468967,0.066424315829547,,,,97.1,408.625855217403,9.46131038665771,1.0,21.0,1.0,1135.0
AFG,2022,15.86629963,56.2655188632539,0.0796301678593983,,,,81.7,377.665627080705,12.5973300933838,4.0,44.0,2.0,1278.0
AFG,2023,15.92840004,55.5474967036959,0.0800873028793967,,,,81.4,378.06630312259,,4.0,61.0,0.0,1571.0
AFG,2024,16.09499931,60.0990815591219,,,,,84.6,374.37669620849,,6.0,119.0,0.0,2077.0
AFW,1990,,0.0,,,,2.87589001655579,,1262.02804836058,,,,,
AFW,1991,,0.0,,,,2.97762989997864,,1242.85591692511,,,,,
AFW,1992,,0.0004055676236363,,,,3.11690998077393,,1236.74838636786,,,,,
AFW,1993,,0.0055811560714469,,,,3.29299998283386,,1187.89176137229,,,,,
AFW,1994,,0.0095957009141031,,,,3.45100998878479,12.2025170105924,1154.07891669578,,,,,
AFW,1995,,0.0125531304913285,,,,3.59401988983154,12.603049477231,1143.74503484233,,,,,
AFW,1996,,0.025856289147414,,,,3.78765988349915,12.3289308054837,1164.38761748098,,,,,
AFW,1997,,0.0465887994019213,,,,4.01411008834839,14.8630465324447,1182.83224603344,,,,,
AFW,1998,,0.0980257325747414,,,,4.16986989974976,14.0069022827679,1192.28326968998,,,,,
AFW,1999,,0.20622679893449,,,,4.33806991577148,17.5742082823367,1177.84021453424,,,,,
AFW,2000,,0.530892742687222,,,,4.95100021362305,16.4072895775673,1189.60989480741,,,,,
AFW,2001,,1.04987624556741,,,,5.43233013153076,15.8483361546833,1217.48637912529,,,,,
AFW,2002,,2.09477956084382,,,,5.93669986724854,15.3284926872354,1301.45284845521,,,,,
AFW,2003,,3.32309173202265,,,,6.43214988708496,20.6063188086791,1336.53509360063,,,,,
AFW,2004,,6.46046333370717,,,,6.620689868927,16.837830273436,1404.15452106467,,,,,
AFW,2005,2.3,11.1025063085919,0.0100746707116333,,,7.03709983825684,17.0824732888022,1443.9895720102,,,,,
AFW,2006,3.4,18.7872335012222,,,,7.09086990356445,17.7298949290367,1477.96252664219,,,,,
AFW,2007,4.3,25.0392998212097,0.0490133901171414,0.15068925314209,,7.31161022186279,17.2245323879325,1515.04513261704,,,,,
AFW,2008,5.0,36.8661001562175,0.0638623692018412,,,7.55156993865967,19.0487598558021,1564.2103448338,,,,,
AFW,2009,5.8,44.3449799979514,0.0761774862454016,,,7.67314004898071,18.3638733180195,1614.44023110383,,,,,
AFW,2010,7.3,52.27223728058,0.105775943595984,,,7.94076013565063,20.2935010525924,1679.8619541977,,,,,
AFW,2011,8.7,58.249872484352,,,,8.23383045196533,21.3822744119347,1713.47507358227,,,,,
AFW,2012,10.3,67.1094646656648,0.108365892133372,,,8.61141014099121,18.6042829933741,1752.04877339883,,,,,
AFW,2013,12.6,75.0120031475166,0.106400199967978,,,9.13339042663574,22.5600179748568,1808.05542437383,,,,,
AFW,2014,15.0,80.2975320892204,0.132959962499429,,,9.39218044281006,21.923251501434,1859.65082949513,,,,,
AFW,2015,18.6,83.3,0.1,,,9.45302963256836,22.4047505200123,1863.40151301991,,,,,
AFW,2016,20.9,82.9,0.2,,,9.26937007904053,26.7034051913366,1817.66095620629,,,,,
AFW,2017,23.8,81.4,0.2,,,9.39776039123535,22.9611442145573,1811.55471646765,,,,,
AFW,2018,25.7,87.8,0.2,,,9.58899021148682,28.0212582034382,1817.65066402569,,,,,
AFW,2019,28.5,91.3,0.3,0.277536756220093,,9.73875999450684,26.25714327759,1832.1636948549,,,,,
AFW,2020,31.5,96.7,0.37,,,9.93537998199463,24.6897159445783,1722.44898220443,,,,,
AFW,2021,34.7,95.2,0.36,,,10.1902599334717,25.8117866418889,1725.17121673839,,,,,
AFW,2022,37.5,102.1,0.41,,,,25.1882679024413,1761.05945140847,,,,,
AFW,2023,38.5,101.4,0.48,,,,28.9574197737725,1782.32607004266,,,,,
AFW,2024,40.0,91.8,0.57,,,,34.9534616228452,1820.07044608507,,,,,
AGO,1990,0.0,0.0,,,,0.594919979572296,,2675.05239369334,,,,,
AGO,1991,,0.0,,,,0.60505998134613,,2612.33170519933,,,,,
AGO,1992,,0.0,,,,0.573329985141754,,2380.58274214001,,,,,
AGO,1993,,0.008436702,,,,,,1752.7231866103,,,,,
AGO,1994,,0.013549219,,,,,,1719.54294463666,,,,,
AGO,1995,,0.01433269,,,,,,1912.51777520778,,,,,
AGO,1996,0.000776,0.02292929,,,,,,2099.35045383251,,,,,
AGO,1997,0.00567,0.04742069,,,,,,2176.87757983993,,,,,
AGO,1998,0.0185,0.063903735,,,,0.613650023937225,,2203.98692701402,,,,,
AGO,1999,0.072,0.151221568,,,,0.554629981517792,,2179.06426973197,,,,,
AGO,2000,0.105045562462262,0.159346765941731,,,,,3.5,2172.46326718726,,0.0,2.0,0.0,39.0
AGO,2001,0.136013867429868,0.447835842249048,,,,,9.5,2189.17352158048,,0.0,0.0,0.0,44.0
AGO,2002,0.270376745595134,0.807954939660482,,,,0.783640027046204,2.8,2404.97792071735,,0.0,0.0,0.0,44.0
AGO,2003,0.370682065225727,1.95054401229801,,,,2.87620997428894,2.3,2403.40415157242,,0.0,0.0,0.0,65.0
AGO,2004,0.464814617985909,3.97840414704547,,,,2.14597010612488,1.7,2583.32411461508,6.49495669978991,0.0,0.0,0.0,76.0
AGO,2005,1.143399954,8.35158651156351,,,,2.6385600566864,1.0,2843.39663579921,,0.0,0.0,0.0,88.0
AGO,2006,1.5,15.2614410221311,0.0372615340510617,,,2.55977010726929,0.7,3065.05576244155,,0.0,0.0,0.0,85.0
AGO,2007,1.700000048,23.8781501760396,0.0563080378857804,,,,,3336.36332465491,,0.0,0.0,0.0,98.0
AGO,2008,1.899999976,31.3891482115081,0.0738785619400282,,,,6.6,3559.19522512538,,0.0,0.0,0.0,79.0
AGO,2009,2.299999952,36.1789120059347,0.0669201512770172,,,,,3494.80724466468,7.71984559467849,0.0,0.0,0.0,135.0
AGO,2010,2.799999952,40.3667552771914,0.0643919840565448,,,,,3540.79159568681,,0.0,0.0,0.0,142.0
AGO,2011,4.699999809,49.8515258181069,0.0653099765004654,,48.42677,6.44004138280629,,3528.16824373698,12.3044799492131,0.0,0.0,2.0,156.0
AGO,2012,7.699999809,50.7801125088641,0.081469909077961,,,,,3682.35229323075,,0.0,0.0,0.0,219.0
AGO,2013,13.0,50.7734882643713,0.0851575464292457,,,9.22339720175662,,3716.29718727597,,0.0,2.0,0.0,215.0
AGO,2014,21.3623407584103,51.7384393645114,0.323076272251349,,,,,3746.81619978931,15.8635301589966,0.0,2.0,0.0,385.0
AGO,2015,22.0,49.3097223014385,0.545394210158053,,,8.78320868033121,3.8,3641.72893920253,17.4365100860596,0.0,1.0,0.0,386.0
AGO,2016,23.20000076,44.5502272379157,0.290319010302891,0.03229,18.93579,9.78287696232453,,3505.59634681792,,0.0,1.0,0.0,374.0
AGO,2017,26.0,44.0682088632918,0.32055404693903,,,,,3378.07588102598,,0.0,2.0,0.0,414.0
AGO,2018,29.0,42.4588784507729,0.350066962955579,,,,7.3,3246.87857140997,,0.0,0.0,0.0,415.0
AGO,2019,32.12939835,45.8065312825399,0.367770426844486,,,,,3105.59971242672,,0.0,4.0,1.0,503.0
AGO,2020,33.32089996,43.7804317055698,0.363264238710965,,,,,2847.24241578243,,0.0,1.0,0.0,757.0
AGO,2021,34.55649948,44.3868689341257,0.39092529517689,,,,,2788.16737086685,,0.0,4.0,0.0,879.0
AGO,2022,35.83800125,66.6008073123779,0.386698155907211,,,,,2798.01717317688,,0.0,6.0,0.0,842.0
AGO,2023,37.88589859,70.0519587723571,0.373668982990052,,,10.04935810264,,2748.95196954248,26.8992195129394,0.0,3.0,0.0,793.0
AGO,2024,40.70479965,69.7039467163584,0.362845240712436,,,9.9549065722902,1.3,2798.59392792708,,0.0,11.0,0.0,771.0
ALB,1990,0.0,0.0,,,,8.0117301940918,100.0,1682.8810874018,,,,,
ALB,1991,,0.0,,,,8.63831043243408,100.0,1218.96427317362,,,,,
ALB,1992,,0.0,,,,9.12522029876709,100.0,1138.23773998809,,,,,
ALB,1993,,0.0,,,,11.0173997879028,100.0,1254.67888414888,,,,,
ALB,1994,,0.0,,,,10.4434404373169,100.0,1367.22058963712,,,,,
ALB,1995,0.0112,0.0,,,,10.0794801712036,100.0,1558.96638565461,,,,,
ALB,1996,0.0322,0.070307774,,,,11.0262098312378,100.0,1683.76965547424,,,,,
ALB,1997,0.0486,0.101422403,,,,12.8083696365356,100.0,1495.90035328523,,,,,
ALB,1998,0.065,0.173257946,,,,13.6314601898193,100.0,1630.43874131845,,,,,
ALB,1999,0.0814,0.343114336,,,,14.7700595855713,100.0,1841.80762760566,,,,,
ALB,2000,0.114097346552109,0.940922534259296,,,,15.3867101669312,100.0,1991.91435867116,,0.0,0.0,0.0,95.0
ALB,2001,0.325798377067964,12.473224578717,,,,15.4820499420166,100.0,2188.91854451375,37.0448913574219,0.0,0.0,0.0,100.0
ALB,2002,0.39008127343332,27.1529999757506,,,,16.3895606994629,100.0,2297.10853513924,,0.0,0.0,0.0,104.0
ALB,2003,0.971900415195857,35.2780293564518,,,,16.3662395477295,100.0,2428.68934653563,,0.0,0.0,0.0,123.0
ALB,2004,2.42038779776014,40.6495459161824,,,,19.1295795440674,100.0,2567.29763687121,,0.0,0.0,0.0,131.0
ALB,2005,6.04389086404814,49.7452829974003,0.0088421957382567,,,22.389009475708,100.0,2712.86983830331,,0.0,1.0,0.0,138.0
ALB,2006,9.609999657,62.6025752513514,,,,26.2101001739502,100.0,2894.36032580174,,0.0,0.0,0.0,169.0
ALB,2007,15.03610039,76.8284093980357,0.330809586994155,0.08411,,30.2319297790527,100.0,3105.8796756386,39.913692520629,0.0,0.0,0.0,177.0
ALB,2008,23.86,62.1341628437685,2.13837276514987,0.14973,155.23568,31.6839599609375,100.0,3345.98161761476,39.8893203735352,0.0,3.0,0.0,240.0
ALB,2009,41.2,83.1929248865178,3.10655587968039,,,32.9239883422852,100.0,3459.24695646692,40.7168211248766,0.0,0.0,0.0,247.0
ALB,2010,45.0,91.9299271149669,3.60358545467955,,,43.3279304504395,100.0,3579.82413181046,42.0615055762317,0.0,2.0,0.0,453.0
ALB,2011,47.0,106.474179667965,4.40356599200963,,,49.3997040639925,100.0,3677.89457937717,43.4903411865234,0.0,4.0,0.0,504.0
ALB,2012,49.40000153,120.274748763232,5.50129828000236,,,58.6214186004979,99.9,3771.84781862015,45.2791481018066,0.0,2.0,0.0,612.0
ALB,2013,51.79999924,126.771812779937,6.27863857588442,,,63.8440585382953,99.8,3895.89975621942,43.7557131852483,0.0,8.0,0.0,1241.0
ALB,2014,54.29999924,115.700565028176,7.16191378800303,,,65.5507096860696,99.9,4045.11934884933,45.9827253915524,0.0,6.0,0.0,1405.0
ALB,2015,56.90000153,117.329657576402,8.37878005900715,,,61.9608485481051,100.0,4199.53912925398,48.1863617042111,0.0,4.0,0.0,1525.0
ALB,2016,59.59999847,116.284011654089,9.19224381243169,,,58.4884791901189,99.7,4431.55635814168,46.9844844692678,0.0,2.0,0.0,1253.0
ALB,2017,62.40000153,125.099939894598,10.4757297699778,,,58.0177836674929,99.7,4648.23078660658,46.3533401489258,0.0,13.0,0.0,1169.0
ALB,2018,65.40000153,93.8030862083918,12.5058089696365,,,56.0802964109938,100.0,4893.82375538717,49.8858232395536,0.0,8.0,0.0,1355.0
ALB,2019,68.5503911218006,91.1634968336332,15.1192543526712,,,61.4085141527142,100.0,5072.43648354739,50.7128654950488,0.0,11.0,0.0,1200.0
ALB,2020,72.23767711,91.1880900599383,17.720931463387,,,61.5853024328899,100.0,4980.61699524696,51.0498413335601,0.0,24.0,1.0,1538.0
ALB,2021,79.32371752,92.4843357131703,19.6303737145283,0.18998,449.1043,59.9698690125562,100.0,5511.75743402862,51.8425099304159,1.0,42.0,0.0,1964.0
ALB,2022,82.61367544,98.3950391992101,20.6989441252111,0.19997,428.69994,62.647921513098,100.0,5867.65096230557,53.2684854264147,0.0,55.0,0.0,1955.0
ALB,2023,83.13559161,92.9973271969712,22.5048592377088,,,64.7293520237257,100.0,6204.43525612114,53.9683303833008,4.0,94.0,1.0,2295.0
ALB,2024,85.86389923,89.1328603947682,24.8815713356962,,,84.1496200561523,100.0,6549.23387415397,,6.0,139.0,2.0,2449.0
AND,1990,0.0,0.0,,,,,100.0,31143.1468757172,,,,,
AND,1991,,0.0,,,,,100.0,29642.3059817481,,,,,
AND,1992,,1.344203341,,,,,100.0,28161.9424937627,,,,,
AND,1993,,1.318547569,,,,,100.0,26518.2336337044,,,,,
AND,1994,,1.284466799,,,,,100.0,26587.1383046901,,,,,
AND,1995,,4.489257564,,,,,100.0,27619.5060618267,,,,,
AND,1996,1.53,8.555349432,,,,,100.0,28871.2160752297,,,,,
AND,1997,3.05,13.32364491,,,,,100.0,31140.6896819813,,,,,
AND,1998,6.89,21.65649066,,,,,100.0,31800.3640678661,,,,,
AND,1999,7.64,31.37613282,,,,,100.0,32938.6437411832,,,,,
AND,2000,10.53883560922,35.8422775367283,,,,,100.0,34113.8173783949,,,,,
AND,2001,,44.6896069975096,,,,,100.0,36790.1037086022,,,,,
AND,2002,11.2604687170103,49.3038222115298,1.72616004571016,,,7.31105995178223,100.0,38084.4843108589,,,,,
AND,2003,13.546412876439,74.6812307515183,5.18233888840918,,,8.82861995697021,100.0,39620.3201605161,42.3038711547852,,,,
AND,2004,26.8379543894637,78.5280861083081,8.45206861755802,,,8.74967002868652,100.0,40054.3211531421,51.4541816711426,,,,
AND,2005,37.6057662174867,83.388228000155,13.3568411671252,,,8.41534996032715,100.0,40528.17486238,43.9101715087891,,,,
AND,2006,48.9368469989479,86.7047810517057,18.3652698372809,,,9.89391040802002,100.0,41322.0529213846,49.9506492614746,,,,
AND,2007,70.87,77.5590214590178,22.6266228611209,,,,100.0,40789.1589697748,,,,,
AND,2008,70.04,76.8932271393497,24.7583687645967,,,10.986120223999,100.0,37775.1261404342,,,,,
AND,2009,78.53,76.9466431432386,27.3471771886325,,,,100.0,35604.3840098196,,,,,
AND,2010,81.0,81.1525784947835,30.3595767353109,,,,100.0,36277.2644425331,,,,,
AND,2011,81.0,83.6223853541262,33.1216332617667,,,,100.0,37637.4868342866,,,,,
AND,2012,82.69999695,83.1207538329385,35.0170497436031,,,12.870249017038,100.0,36206.9784356446,,,,,
AND,2013,84.40000153,85.0214112828151,36.8832619623906,,,14.5405405405405,100.0,35684.1694347737,,,,,
AND,2014,86.09999847,89.8341402552314,39.0170470727043,,,13.5399673735726,100.0,37300.6244197096,47.8374099731445,0.0,0.0,0.0,39.0
AND,2015,87.90000153,98.8389170615457,42.5277800870119,,,13.8206896551724,100.0,38654.9347217207,47.5452003479004,,,,
AND,2016,89.69999695,105.473739626772,45.011845222427,,,15.2011095700416,100.0,40085.020598622,47.3496894836426,0.0,1.0,0.0,0.0
AND,2017,91.5674670273926,108.912327318574,46.4785868253731,,,15.6664896441848,100.0,39361.0622648699,,,,,
AND,2018,93.5,109.914584497485,47.4481786008887,,,15.7132150886835,100.0,39242.1448975099,,,,,
AND,2019,90.71869659,114.952794413788,47.5429557758192,,,15.4352596927579,100.0,39346.275035865,,,,,
AND,2020,93.20570374,103.876970793487,48.6559834582579,,,15.2605749006777,100.0,34536.6499222556,,,,,
AND,2021,93.89749908,119.687611658415,50.2769128681537,,,15.4117647058823,100.0,36929.0191528644,,0.0,1.0,0.0,0.0
AND,2022,94.05169678,142.426447525249,51.2050686907973,0.15818,,34.6414389161411,100.0,39780.3966130791,61.2193908691406,0.0,2.0,0.0,0.0
AND,2023,94.21499634,156.09725932522,51.7401306025527,,,62.4106937082277,100.0,40227.23352974,,0.0,2.0,0.0,0.0
AND,2024,94.39759827,155.692108667529,52.3554394786302,,,67.6767676767677,100.0,41223.9924906603,,0.0,3.0,0.0,0.0
ARB,1990,,0.0391611129825038,,,,9.73840045928955,,4299.76237187585,,,,,
ARB,1991,,0.0567169465116559,,,,9.47113037109375,,4172.37895844352,,,,,
ARB,1992,,0.0642451336720986,,,,10.0868196487427,53.9476123139029,4334.43634376787,,,,,
ARB,1993,,0.0818781227277993,,,,10.910590171814,56.0940476125189,4352.86077803648,,,,,
ARB,1994,,0.105305831302216,,,,11.8772401809692,57.3898305364461,4377.18722063061,,,,,
ARB,1995,,0.197651290165998,,,,12.6549396514893,57.1290656832336,4387.70518810507,,,,,
ARB,1996,,0.354623216561879,,,,13.5704402923584,59.4592969020564,4488.04815990419,,,,,
ARB,1997,,0.608151128959064,,,,14.5025501251221,60.3190638083941,4620.86985061194,,,,,
ARB,1998,,0.928146209147479,,,,15.4457502365112,61.7837599811474,4725.56339133207,,,,,
ARB,1999,,1.47667988359235,,,,16.7325000762939,62.7546325297948,4741.99153927008,,,,,
ARB,2000,,3.14235571585315,,,,16.8672409057617,68.6768838973541,4922.11520199761,,,,,
ARB,2001,,5.674469873018,,,,17.4352397918701,70.3406380268113,4907.21186577842,,,,,
ARB,2002,,8.4137897725289,,,,18.2287998199463,69.9362893187361,4853.12978171597,,,,,
ARB,2003,,11.4425320694818,,,,18.2871894836426,71.7901607587703,4939.55134024018,,,,,
ARB,2004,,16.6252188547319,0.149109562629116,,,19.4084701538086,68.0546300688439,5264.51546177734,,,,,
ARB,2005,,26.4479394294001,0.312436469485612,,,20.39501953125,69.7071371272561,5427.84243278416,,,,,
ARB,2006,,38.2910994488433,0.496007359893323,,,20.922119140625,73.3491420218384,5632.36344117714,,,,,
ARB,2007,,51.6630400128938,0.877291881859761,,,21.5595207214356,70.1464897763457,5746.68567268712,,,,,
ARB,2008,,61.7078304449257,1.27730018707497,,,22.4240398406982,69.9002851845606,5915.86136125116,,,,,
ARB,2009,,74.4957914017246,1.9012125431949,,,23.2823505401611,70.8610333930192,5810.71141659136,,,,,
ARB,2010,,85.6094564648384,2.04323473083935,,,24.0447006225586,74.5640278713902,5965.71571721365,,,,,
ARB,2011,,94.4751848643954,2.61348128426564,0.551613162717483,,23.5923805236816,74.8129321651712,6054.00045574247,,,,,
ARB,2012,,100.300841931146,2.97824917361701,,,24.9674091339111,73.8335245553146,6235.42337538268,,,,,
ARB,2013,,104.741398824987,2.75542089172485,,,26.6111106872559,79.6572800596119,6234.27485821589,,,,,
ARB,2014,,104.242109611802,3.28056141344334,,,27.9501495361328,78.2012267417848,6247.36371197299,,,,,
ARB,2015,,102.997439000868,4.98570358832213,,,29.4163494110107,78.978926685656,6299.87807685552,,,,,
ARB,2016,,100.424978952655,5.40362000528477,,,29.9698600769043,80.0046754436517,6375.45441645456,,,,,
ARB,2017,,98.1963031894916,6.75037761278678,,,30.7080307006836,82.9401387076972,6332.00881888743,,,,,
ARB,2018,,96.4014579839673,7.42213410612557,,,31.8304405212402,84.1869568996094,6386.55005729143,,,,,
ARB,2019,,96.7326519819152,7.48830314498961,,,32.1644706726074,84.0353382124263,6377.12720480427,,,,,
ARB,2020,,96.2300336647374,8.64722518977881,0.692556590528382,,32.7869911193848,82.3523763177403,5914.3140803644,,,,,
ARB,2021,,99.2339505781343,9.72405002319894,0.677204938802721,,32.6684608459473,82.6857648582543,6083.57198947026,,,,,
ARB,2022,,102.925568544421,11.9963102299597,,,32.7095909118652,82.6239594636249,6361.38084442534,,,,,
ARB,2023,,,,,,33.2456398010254,84.5524153017321,6322.02558331114,,,,,
ARB,2024,,,,,,35.0803985595703,85.012232151515,6311.25329101256,,,,,
ARE,1990,0.0,1.767122718,,,,,100.0,66481.5897466438,,,,,
ARE,1991,,2.14142422,,,,,100.0,63430.906618065,,,,,
ARE,1992,,2.311609649,,,,,100.0,62201.818382813,,,,,
ARE,1993,,3.174853055,,,,,100.0,59942.9907988351,,,,,
ARE,1994,,3.928169053,,,,,100.0,61156.7439104734,,,,,
ARE,1995,0.103,5.298629246,,,,,100.0,62393.299324125,,,,,
ARE,1996,0.375,7.534161116,,,,,100.0,61871.4211109814,,,,,
ARE,1997,3.3,11.26583053,,,,,100.0,61715.5311994502,,,,,
ARE,1998,6.91,16.88654733,,,,,100.0,57355.8965054096,,,,,
ARE,1999,14.9,26.86844465,0.011848024,,,,100.0,54943.770569469,,,,,
ARE,2000,23.6253008751553,40.8783266424794,0.0564751007206086,,,,100.0,56939.3600767998,,0.0,3.0,0.0,524.0
ARE,2001,26.2717542010006,51.2758654953956,0.224890495462712,,,,100.0,54169.4135701565,,0.0,4.0,0.0,577.0
ARE,2002,28.3164853110439,61.3641085051503,0.42033690639922,,,,100.0,52216.8318338175,,0.0,18.0,0.0,664.0
ARE,2003,29.4779534120864,70.897113554176,0.723370567664737,,,,100.0,53619.1662875958,,0.0,16.0,0.0,882.0
ARE,2004,30.1312961695367,83.1597300228247,1.26769966901989,,,,100.0,55611.4376344125,,0.0,18.0,0.0,1035.0
ARE,2005,40.0,97.1992951451191,2.77225770077538,,,,100.0,55363.5818196998,47.1061515808105,1.0,20.0,0.0,1157.0
ARE,2006,52.0,110.185322712663,4.80365734363459,,,,100.0,56629.9713117545,,0.0,16.0,0.0,1391.0
ARE,2007,61.0,137.457950604795,6.75243815820938,,,,100.0,52038.6229393122,,0.0,40.0,0.0,1592.0
ARE,2008,63.0,148.472693451531,8.84668768634977,,,,100.0,47922.6941430472,,0.0,17.0,1.0,1771.0
ARE,2009,64.0,159.114145128907,10.2939917919302,,,,100.0,42672.1946222627,,0.0,37.0,0.0,2008.0
ARE,2010,68.0,157.472576744687,11.3401100518955,,,,100.0,42328.84668186,,0.0,34.0,0.0,2273.0
ARE,2011,78.0,162.893623558443,12.0421872697298,0.47252,,,100.0,43687.7919424546,,1.0,39.0,1.0,2806.0
ARE,2012,84.9999915049492,183.740632066882,12.7380681483205,,,,100.0,43958.5779670713,,1.0,63.0,0.0,3250.0
ARE,2013,88.0,205.105475119726,13.303809433458,,,,100.0,44312.6320463505,,2.0,63.0,0.0,3782.0
ARE,2014,90.4000107121939,204.191832969644,13.2545793464851,0.67523,,,100.0,44257.6652085451,,0.0,55.0,0.0,4202.0
ARE,2015,90.5,206.839413263939,14.230538629127,0.86569,2168.42732,,100.0,44910.3458860776,,1.0,89.0,1.0,5205.0
ARE,2016,90.6000073180483,220.411614691071,14.3683229738697,0.9318,2509.55341,,100.0,45168.4955973912,53.0705108642578,0.0,104.0,0.0,5794.0
ARE,2017,94.8199225383446,214.701342068567,29.9082975943997,,,,100.0,43293.0202360765,67.1230316162109,1.0,137.0,0.0,7455.0
ARE,2018,98.4500017817194,214.842134318761,32.3591212887309,1.26389,2464.56964,53.2113281680102,100.0,43377.802601486,69.1401596069336,1.0,283.0,1.0,9168.0
ARE,2019,99.1499979561243,209.033214126867,32.480344369022,1.31065,2476.63113,53.8814655213653,100.0,43468.4534705013,71.5237579345703,11.0,563.0,1.0,10928.0
ARE,2020,100.0,194.467749671801,34.345290333178,1.48831,2581.47405,54.9746998074699,100.0,39878.4663896389,,18.0,899.0,5.0,14210.0
ARE,2021,100.0,186.30089463245,36.5005361093336,1.49469,2606.78477,56.4520334436146,100.0,40935.8915482084,73.4796371459961,37.0,1397.0,8.0,16384.0
ARE,2022,100.0,195.624592490241,36.8485872897377,,,60.4188226013954,100.0,41828.5686923546,74.3884124755859,59.0,1996.0,13.0,19212.0
ARE,2023,100.0,199.423843889179,37.0968234502256,,,61.3456114422447,100.0,41926.5773498407,77.8158493041992,99.0,2838.0,27.0,23544.0
ARE,2024,100.0,203.206410299544,40.840113505519,,,63.7384451086316,100.0,41605.4138706908,76.9019165039062,139.0,3688.0,34.0,26989.0
ARG,1990,0.0,0.036767345,,,,,78.8945883201315,8115.09386370753,,,,,
ARG,1991,,0.075515553,,,,38.3296699523926,79.2542709682829,8729.82318518892,,,,,
ARG,1992,0.00299,0.13879172,,,,,79.7786350872369,9293.18692251748,,,,,
ARG,1993,0.0295,0.329148059,,,,,80.3337006585459,9920.67358582437,,,,,
ARG,1994,0.0437,0.6992523,,,,37.3899002075195,80.9358863354632,10359.8927204871,,,,,
ARG,1995,0.0863,1.160057586,,,,,81.608093422829,9934.10776139515,,,,,
ARG,1996,0.142,1.884803688,,0.41749,,,82.3698768370974,10352.1400002191,,,,,
ARG,1997,0.28,5.609433289,,0.41959,694.1551,,83.247062020095,11056.6881331002,33.7245857630606,,,,
ARG,1998,0.831,7.371312411,,0.41131,702.90202,47.9862289428711,84.2638406906497,11348.2022124673,,,,,
ARG,1999,3.28,10.50082052,,0.45337,710.82614,49.5107002258301,85.4318646348945,10838.3199346387,,,,,
ARG,2000,7.0386830862178,17.4341720574717,,0.43884,713.92711,54.0843505859375,91.8,10631.6503639029,,0.0,18.0,1.0,6760.0
ARG,2001,9.78080728532407,17.9184647370453,0.249835049066673,0.4246,685.59721,58.4697608947754,88.6,10051.9448463043,34.2933502197266,0.0,17.0,0.0,7069.0
ARG,2002,10.8821243775325,17.2675582745316,0.389173109431876,0.38886,689.51093,61.7228813171387,92.6,8861.56199282278,,1.0,35.0,0.0,7800.0
ARG,2003,11.9136965509954,20.4095759030709,0.673659952839197,0.41012,715.84326,64.0304870605469,92.9,9545.53194119994,42.1566314697266,0.0,34.0,0.0,8362.0
ARG,2004,16.0366841054923,34.8114495095259,1.3985989664652,0.40376,763.13901,64.5891418457031,93.2,10302.4465316428,,0.0,26.0,3.0,9173.0
ARG,2005,17.7205833696065,56.4972976242395,2.36307465152234,0.42075,816.8412,63.4893112182617,93.4,11099.7509190602,,1.0,31.0,2.0,10213.0
ARG,2006,20.9272021035896,79.5272791470117,3.99704306546988,0.45216,888.89168,66.9444732666016,93.6,11870.2791559298,,1.0,42.0,0.0,11339.0
ARG,2007,25.9466329403819,100.962116800902,6.49727715357687,0.46007,971.29008,66.6672210693359,93.8,12811.9021206578,,1.0,49.0,0.0,12077.0
ARG,2008,28.1126234799907,115.051958547154,7.70514940723055,0.47055,1032.67483,68.5610733032227,94.0,13197.3570267029,,2.0,44.0,1.0,13516.0
ARG,2009,34.0,128.461625505194,8.59390655660771,0.58398,1031.64133,70.6931915283203,94.2,12285.3784651865,,0.0,60.0,1.0,15026.0
ARG,2010,45.0,138.251643415992,9.75627371502717,0.56104,1119.05035,73.803669361107,98.6,13387.1553748458,,1.0,48.0,0.0,16750.0
ARG,2011,51.0,145.511067881505,10.956028493199,0.56597,1175.37229,77.0101185060955,97.8,14040.6189124444,,4.0,58.0,5.0,18427.0
ARG,2012,55.79999924,152.573579717014,12.211510531081,0.63491,1197.6554,78.1465174294761,96.1,13754.4254235596,,2.0,52.0,0.0,20439.0
ARG,2013,59.90000153,158.190773641398,14.6798018103935,0.61849,1193.37333,78.5681646081939,95.4,13946.0950832252,,3.0,59.0,3.0,22113.0
ARG,2014,64.69999695,142.325481008062,15.1530476974157,0.59396,1202.47388,81.072589697739,100.0,13456.1319159151,,3.0,66.0,3.0,23678.0
ARG,2015,68.0430641088122,142.240711022183,15.768878045253,0.62262,1225.50983,83.75569332589,97.6,13679.6264980954,,0.0,68.0,5.0,24571.0
ARG,2016,70.9689808206024,145.146584717972,16.5184995378051,0.55815,1254.06674,86.6743832906399,99.3,13265.8860639123,,5.0,80.0,7.0,26517.0
ARG,2017,74.2949068657957,139.758240519621,17.7082272589602,0.55632,1206.01905,89.3297346952415,100.0,13520.1129846159,,4.0,108.0,6.0,27625.0
ARG,2018,77.7,131.224265691711,18.9758759187853,0.4883,1220.93622,91.0846512732766,99.9,13058.3285449954,,5.0,154.0,4.0,30759.0
ARG,2019,79.9469520347551,125.302657911726,19.551931344405,0.47813,1224.69939,95.1928240640628,100.0,12706.3978108968,,10.0,200.0,6.0,30287.0
ARG,2020,85.51438646,121.180612527028,21.1797871590669,0.54126,1250.48347,99.3697348717996,100.0,11393.0505957877,,7.0,304.0,6.0,35650.0
ARG,2021,87.15070683,130.352799939601,23.1500020932515,0.5236,1288.13477,107.219557633976,100.0,12549.2811699342,,14.0,394.0,8.0,33990.0
ARG,2022,88.37535691,131.483556254876,24.6831785056628,0.54951,1301.43112,107.103901423423,100.0,13276.8232110189,54.6562690734863,18.0,381.0,7.0,30245.0
ARG,2023,89.22897166,137.706086781571,25.3580730689248,0.60111,1312.75278,107.822574129434,100.0,12993.0928872416,,16.0,519.0,11.0,31775.0
ARG,2024,89.66715228,140.234979049333,26.0976420359532,,,,79.8,12774.3506596628,,25.0,640.0,9.0,30050.0
ARM,1990,0.0,0.0,,,,22.0238304138184,,1644.02214502158,,,,,
ARM,1991,,0.0,,,,23.5778503417969,,1426.82791357144,,,,,
ARM,1992,,0.0,,,,22.9340400695801,,840.205259177402,,,,,
ARM,1993,,0.0,,,,22.5643806457519,,792.567859246381,,,,,
ARM,1994,0.00912,0.0,,,,19.1631298065186,,857.394474812969,,,,,
ARM,1995,0.0527,0.0,,,,19.5058898925781,,932.357829471807,,,,,
ARM,1996,0.0946,0.009093946,,,,16.6888809204102,,995.728275319872,,,,,
ARM,1997,0.112,0.152838922,,0.18692,,21.8644905090332,,1039.0798243009,,,,,
ARM,1998,0.129,0.241656509,,0.22601,,31.5830402374268,,1128.09888845227,,,,,
ARM,1999,0.971,0.254551579,,0.214,,32.2853813171387,,1180.45341995952,,,,,
ARM,2000,1.30047002237784,0.559439575023003,,0.19106,,32.5305213928223,98.5,1229.21510436102,,0.0,2.0,0.0,606.0
ARM,2001,1.63109466677715,0.826884376573468,0.0001945305151913,0.27987,,31.3409194946289,100.0,1351.12072694555,81.5830764770508,0.0,3.0,0.0,643.0
ARM,2002,1.9604050458212,2.33500129269578,0.0002618118031306,0.25255,,33.9618911743164,95.8,1535.20452885187,,0.0,1.0,0.0,747.0
ARM,2003,4.57521722477781,3.76374479757602,0.0003290590753176,0.32109,,35.0657081604004,98.9,1759.64684829386,,0.0,0.0,0.0,690.0
ARM,2004,4.8990085713054,6.72642653978887,0.0330847455832692,0.25659,,35.8360900878906,98.9,1955.22262459229,,0.0,0.0,0.0,690.0
ARM,2005,5.252999783,10.5790707738385,0.0661932023240134,0.25761,,37.7094497680664,99.6,2240.09273209788,,0.0,0.0,0.0,747.0
ARM,2006,5.631800175,42.1271966711889,,0.24057,,41.5903587341309,98.9,2551.43546358452,,0.0,1.0,0.0,908.0
ARM,2007,6.021299839,63.0764762494794,0.131100413167994,0.21107,,44.4558410644531,98.9,2919.3734936373,87.5961544839807,0.0,0.0,0.0,934.0
ARM,2008,6.21,48.7163807985838,0.466184007378403,0.22438,,46.5244903564453,98.9,3141.33193500774,,0.0,3.0,0.0,1013.0
ARM,2009,15.30000019,74.4012001967736,1.35419350830431,0.29093,,49.0897102355957,99.0,2716.97436280471,89.9814155908752,0.0,0.0,0.0,934.0
ARM,2010,25.0,131.874825576119,3.19288671267022,0.24139,,50.5839875932926,100.0,2796.08143428043,90.3963600803793,0.0,0.0,0.0,1095.0
ARM,2011,32.0,109.850061797213,5.49292214098522,0.27014,,51.2949290708131,99.3,2943.83687119315,90.2376098632812,0.0,2.0,0.0,1176.0
ARM,2012,37.5,113.697353797808,7.25580730107633,0.23853,,44.4855719494927,99.2,3159.75860786889,92.0871294900711,0.0,1.0,0.0,1380.0
ARM,2013,41.9,114.499722499571,8.31673235203342,0.22216,,44.8347790892711,99.4,3266.29882999873,92.991693911866,0.0,6.0,0.0,1507.0
ARM,2014,54.6228058583362,118.365417451689,9.3376315946157,0.24151,,47.7150849538629,99.8,3393.09252326884,95.1422776758471,0.0,4.0,0.0,1506.0
ARM,2015,59.1008337674937,118.599112617962,9.80149439763493,0.25002,,48.7313687040259,100.0,3512.39350276709,94.6314347635673,0.0,1.0,0.0,1553.0
ARM,2016,64.3460297653742,117.670797483754,10.2497847569184,0.23305,,54.3432877365993,99.8,3533.88503607007,93.9730352238513,0.0,2.0,0.0,1783.0
ARM,2017,64.7448843250726,119.676441862212,10.8172556564183,0.22788,,55.5065519523494,99.5,3815.3747426037,90.0966491699219,0.0,13.0,0.0,1758.0
ARM,2018,68.2450522610271,123.000001718234,11.9399374219278,0.18876,,57.4585357681354,99.9,4027.83393010979,94.4654445463654,1.0,8.0,0.0,1859.0
ARM,2019,66.5439496866159,124.613701509519,13.2819462446608,0.17854,,53.5944174785534,100.0,4343.45839583019,94.7464467221341,0.0,12.0,0.0,2068.0
ARM,2020,76.50770055,120.682370700808,14.8883804721864,0.2092,,52.3331534448642,100.0,4032.09043454955,89.880859375,3.0,37.0,0.0,2235.0
ARM,2021,78.61225758,125.395134877327,16.2565945813558,0.20557,,56.6235144830279,100.0,4264.79961505187,94.7174619293061,2.0,40.0,2.0,2709.0
ARM,2022,77.02767465,130.540072214196,17.7300708049016,0.20955,1187.43401,57.1818422625098,100.0,4791.00481712183,94.865478515625,1.0,43.0,0.0,3104.0
ARM,2023,79.99663036,134.519957069953,18.5458075085454,0.1821,1039.84774,56.2770051010456,100.0,5197.23509013575,92.7667388916016,1.0,105.0,3.0,3772.0
ARM,2024,81.33930206,134.88694751567,20.3090953111129,0.2861,942.22095,52.7748065090859,100.0,5378.31799981682,,5.0,153.0,7.0,4304.0
ASM,1990,0.0,0.0,,,,,,,,,,,
ASM,1991,,0.0,,,,,,,,,,,
ASM,1992,,1.397819402,,,,,,,,,,,
ASM,1993,,1.758705593,,,,,,,,,,,
ASM,1994,,2.29498164,,,,,,,,,,,
ASM,1995,,2.340780135,,,,,,,,,,,
ASM,1996,,2.385321101,,,,,,,,,,,
ASM,1997,,2.518982331,,,,,,,,,,,
ASM,1998,,2.650036217,,,,,,,,,,,
ASM,1999,,3.125325555,,,,,,,,,,,
ASM,2000,,3.5036496350365,,,,,,,,0.0,0.0,0.0,9.0
ASM,2001,,3.77894238690341,,,,,,,,0.0,0.0,0.0,22.0
ASM,2002,,3.56804878903649,,,87.58715,,,13054.6364326897,,0.0,0.0,0.0,15.0
ASM,2003,,3.68608590335434,,0.18787,420.77949,,,13201.7347516166,,0.0,0.0,0.0,16.0
ASM,2004,,3.96001267204055,,0.32528,158.16111,,,13291.5356626851,,0.0,0.0,0.0,19.0
ASM,2005,,,,0.36692,105.76042,,,13284.2791128875,,,,,
ASM,2006,,,,0.39552,,,,12794.7565021718,,0.0,0.0,0.0,28.0
ASM,2007,,,,,,,,13092.3111393408,,0.0,0.0,0.0,31.0
ASM,2008,,,,,,,,12809.4633079683,,0.0,0.0,0.0,41.0
ASM,2009,,,,,,,,12342.0575384016,,0.0,0.0,0.0,37.0
ASM,2010,,,,,,,,12446.3086265015,,0.0,1.0,0.0,37.0
ASM,2011,,,,,,,,12521.8095058644,,0.0,0.0,0.0,71.0
ASM,2012,,,,,,,,12068.2667374983,,0.0,0.0,0.0,72.0
ASM,2013,,,,,,,,11871.7937192729,,0.0,0.0,0.0,71.0
ASM,2014,,,,,,,,12203.0894714284,,0.0,0.0,0.0,113.0
ASM,2015,,,,,,,,12727.4102651386,,0.0,0.0,0.0,79.0
ASM,2016,,,,,,,,12665.2829921268,,0.0,1.0,0.0,82.0
ASM,2017,,,,,,,,11930.7771236826,,0.0,0.0,0.0,66.0
ASM,2018,,,,,,,,12412.6024074562,,0.0,0.0,0.0,80.0
ASM,2019,,,,,,,,12524.0160252283,,,,,
ASM,2020,,,,,,,,13194.274740128,,0.0,0.0,0.0,86.0
ASM,2021,,,,,,,,13233.5784817341,,0.0,1.0,0.0,82.0
ASM,2022,,,,,,,,13709.0974895473,,0.0,0.0,0.0,95.0
ASM,2023,,,,,,,,,,0.0,1.0,0.0,93.0
ASM,2024,,,,,,,,,,0.0,0.0,0.0,126.0
ATG,1990,0.0,0.0,,,,,93.4386347880213,13166.5241173582,,,,,
ATG,1991,,,,,,,93.7098652152215,13385.0114363295,,,,,
ATG,1992,,,,,,,94.0200279031483,13326.2728796496,,,,,
ATG,1993,,,,,,,94.3252592019729,13776.8264136781,,,,,
ATG,1994,,,,,,,94.624883549818,14420.4693979194,,,,,
ATG,1995,2.2,,,,,,94.9178518936987,13519.5287711166,,,,,
ATG,1996,2.86,1.862517551,,,,,95.2032694015414,14117.8679127333,,,,,
ATG,1997,3.48,1.965795164,,,,,95.480255585198,14588.3079841576,,,,,
ATG,1998,4.07,2.066912859,,,,,95.7479582817867,14991.7802610684,,,,,
ATG,1999,5.3,11.51433874,,,,,96.0055251493441,15282.9733985907,,,,,
ATG,2000,6.48222573702907,29.367791542076,,,,,96.6,15961.0918359058,,0.0,0.0,0.0,13.0
ATG,2001,8.89928551450583,32.8648989733006,,,,,96.7,15003.4389169034,25.2885894775391,0.0,0.0,0.0,9.0
ATG,2002,12.5,49.5962716793021,,,,,100.0,14968.0703013883,,,,,
ATG,2003,17.2286487816884,59.1905911355349,,,,,97.0,15703.9347145491,,,,,
ATG,2004,24.2665437161785,68.5984323987856,2.11130730827373,,,,97.1,16433.4130541483,,,,,
ATG,2005,27.0,108.025272889425,7.28668148873899,,,,100.0,17301.2134317518,,0.0,0.0,0.0,19.0
ATG,2006,30.0,136.689246191256,1.91181579077961,,,,100.0,19259.6486517907,,,,,
ATG,2007,34.0,137.546509350827,2.77342602565358,,,,100.0,20770.2689732844,,,,,
ATG,2008,38.0,164.743342338865,6.01360478579699,,,,100.0,20464.786306605,,0.0,0.0,0.0,26.0
ATG,2009,42.0,160.294868900954,19.0251030615518,,,14.8930101394653,98.0,17746.700856041,,0.0,0.0,0.0,30.0
ATG,2010,47.0,196.870604781997,8.34388185654008,,,16.6952054794521,98.2,16135.397384487,,0.0,0.0,0.0,34.0
ATG,2011,52.0,203.8734188945,6.94991428439049,,,15.1060820367751,92.7,15633.9091131821,,0.0,0.0,0.0,140.0
ATG,2012,58.0,145.978684391474,14.9782259912904,,,25.1156271899089,100.0,15989.3900199779,,0.0,0.0,0.0,144.0
ATG,2013,63.40000153,129.857830668605,17.7677598110465,,,,100.0,15748.1952024226,,0.0,0.0,0.0,138.0
ATG,2014,67.77999878,135.234608235228,12.1151354700614,,,,100.0,15967.284996712,,0.0,0.0,0.0,143.0
ATG,2015,70.0,196.848192016464,11.1845563645718,,,,100.0,16077.6340769406,,0.0,1.0,0.0,149.0
ATG,2016,70.27159882,200.06891262546,10.2935455545799,,,,100.0,16635.895232831,,0.0,0.0,0.0,126.0
ATG,2017,70.54419708,203.386832913295,9.94826900119379,,,,100.0,16992.9327495236,,0.0,0.0,0.0,217.0
ATG,2018,70.81790161,,,,,,100.0,18042.1596435727,62.7659249985091,0.0,0.0,0.0,475.0
ATG,2019,71.09259796,201.392233264743,8.75618405498884,,,,100.0,18525.2588907167,,0.0,2.0,0.0,585.0
ATG,2020,71.36840057,200.3353439453,8.71023234544781,,,,100.0,14950.8942397208,,0.0,1.0,0.0,914.0
ATG,2021,71.64530182,199.244171566557,8.66279006811119,,,,100.0,16084.7214406048,73.7143630981445,0.0,8.0,0.0,1325.0
ATG,2022,71.9233017,200.540715208962,10.6818181818182,,,,100.0,17359.2674811108,,0.0,14.0,0.0,1563.0
ATG,2023,72.12409973,,,,,,100.0,17938.3186828047,74.0725436431649,0.0,24.0,0.0,1770.0
ATG,2024,72.73040009,,,,,,100.0,18304.5836762037,,1.0,48.0,0.0,2200.0
AUS,1990,0.585,1.08483674,,,,,100.0,36975.4199007908,,,,,
AUS,1991,1.1,1.687554564,,,,,100.0,36366.6962397612,,,,,
AUS,1992,1.77,2.846098131,,,,,100.0,36117.5446503441,,,,,
AUS,1993,1.97,3.913447917,,,,,100.0,37246.0044332363,,,,,
AUS,1994,2.23,6.851813911,,,,,100.0,38356.7691976693,,,,,
AUS,1995,2.76,12.45348067,,,,,100.0,39407.5647528439,,,,,
AUS,1996,3.28,21.90881813,,1.66218,3353.7053,,100.0,40437.0941864857,,,,,
AUS,1997,16.4,24.86658247,,,,,100.0,41569.1653679391,,,,,
AUS,1998,30.8,26.4384907,,1.51351,3379.7753,,100.0,43081.7201718179,,,,,
AUS,1999,40.8,33.58883185,,,,,100.0,44755.6599721318,,,,,
AUS,2000,46.7561156116738,44.7511458399702,,1.57198,3470.70203,,100.0,45979.0765654048,,0.0,181.0,5.0,36322.0
AUS,2001,52.6892664310395,57.4838682925396,0.634119567582093,,,,100.0,46314.6235297968,59.3130855364922,1.0,217.0,6.0,38107.0
AUS,2002,,64.6581804718516,1.31714888553946,1.74654,3755.80266,,100.0,47599.4079289312,60.4615545495105,4.0,742.0,8.0,48279.0
AUS,2003,,72.3884724574148,2.60753903715006,,,,100.0,48509.6632180363,61.1908137261419,2.0,442.0,6.0,48380.0
AUS,2004,,82.208138535878,5.04821821591678,1.84802,4073.65927,,100.0,50018.5904483861,64.1210021972656,1.0,351.0,3.0,50988.0
AUS,2005,63.0,90.7635520774358,9.93373078111349,,,,100.0,50972.640519744,65.0338516235352,1.0,445.0,13.0,56539.0
AUS,2006,66.0,95.9663115508423,18.9407193850347,2.17862,4269.01789,,100.0,51682.8925230537,66.7138366699219,2.0,487.0,6.0,64045.0
AUS,2007,69.45,101.457683484383,,,,,100.0,52671.325846724,68.1897811889648,1.0,387.0,16.0,67144.0
AUS,2008,71.67,103.506740034166,24.8706294431099,2.39898,4379.63519,,100.0,53497.275355342,70.0889587402344,2.0,437.0,9.0,72806.0
AUS,2009,74.25,101.914285403427,23.9682200041124,,,,100.0,53430.5274781651,70.8557434082031,4.0,446.0,24.0,79963.0
AUS,2010,76.0,101.618759744392,24.8853051640712,2.3702,4568.56658,,100.0,53768.349733441,72.7989730834961,3.0,564.0,15.0,86318.0
AUS,2011,79.4876977139029,105.824012918279,24.697756094089,2.23459,,,100.0,54296.2321324814,74.0616683959961,10.0,597.0,13.0,97147.0
AUS,2012,79.0,106.499711805776,25.0955644344698,,,,100.0,55465.4462872577,76.4830169677734,8.0,637.0,11.0,104824.0
AUS,2013,83.453497167,107.332200908321,25.7399315811014,2.17733,,,100.0,55966.1509270561,72.037353515625,11.0,674.0,17.0,116261.0
AUS,2014,84.0,106.206237340596,27.7000785019208,,,,100.0,56571.8062524437,73.5959625244141,24.0,771.0,7.0,121088.0
AUS,2015,84.5605149091408,107.608142007003,28.5117731324726,1.91969,,119.679389953613,100.0,56970.3613028094,75.5475769042969,19.0,883.0,27.0,127055.0
AUS,2016,86.54000092,109.128813718295,30.3083074972206,,,119.682777404785,100.0,57632.9995925594,76.4180374145508,29.0,1148.0,22.0,134634.0
AUS,2017,86.5450488476768,107.799761578952,32.0326223266488,1.88102,,109.993309020996,100.0,57991.771347333,77.261360168457,39.0,1864.0,15.0,135852.0
AUS,2018,90.0082016,110.033134941946,33.5486251312018,,,103.322090148926,100.0,58772.7063152213,78.3257598876953,63.0,2459.0,39.0,143099.0
AUS,2019,93.60990143,109.752830879788,34.5434163723691,1.82826,,109.759559631348,100.0,59181.2997904131,79.0479278564453,99.0,3748.0,39.0,149539.0
AUS,2020,94.6934967,104.930155780087,35.346849265518,,,110.139221191406,100.0,58377.7670517802,80.0530319213867,152.0,5236.0,60.0,164278.0
AUS,2021,96.97219849,105.118514623956,35.8359861455454,1.85783,,112.688293457031,100.0,59465.535671364,81.1301116943359,217.0,6495.0,95.0,165721.0
AUS,2022,96.11940002,109.469171081514,36.3933201898066,,,106.240760803223,100.0,61200.4588964781,81.6710815429688,239.0,6961.0,76.0,159320.0
AUS,2023,96.1160965,112.513177133796,36.627426494239,,,104.64835357666,100.0,61869.082498576,78.9638344978438,296.0,8200.0,83.0,158783.0
AUS,2024,96.13140106,112.581025002429,36.4788276060473,,,108.421989440918,100.0,61486.38147544,79.9127182348975,345.0,9679.0,75.0,158430.0
AUT,1990,0.13,0.959768212,,,,,100.0,31167.1857978698,,,,,
AUT,1991,0.259,1.487975586,,,,,100.0,31919.5573520278,52.065128326416,,,,
AUT,1992,0.643,2.199426692,,,,,100.0,32231.1216141522,,,,,
AUT,1993,0.765,2.793816992,,,,,100.0,32134.8299135937,,,,,
AUT,1994,1.39,3.505812272,,,,,100.0,32780.3419423369,,,,,
AUT,1995,1.89,4.825981063,,,,,100.0,33603.4278263558,,,,,
AUT,1996,6.91,7.523308814,,1.58947,,,100.0,34301.6562151382,65.0704300560776,,,,
AUT,1997,9.53,14.5561248,,1.66324,,,100.0,34998.0321173934,67.4032514756657,,,,
AUT,1998,15.4,28.74798987,,1.74106,2347.32828,,100.0,36180.7490571265,68.010979421611,,,,
AUT,1999,23.0,53.18724835,0.636936618,1.85251,,,100.0,37468.8698869794,68.805427654702,,,,
AUT,2000,33.7301329516915,76.3391359562946,2.37740810849667,1.89667,,,100.0,38571.0858780001,69.8805543658546,0.0,65.0,0.0,11680.0
AUT,2001,39.1854501811114,81.3331322283251,3.98645500571794,2.00257,,,100.0,38929.753800545,70.9774758286207,0.0,61.0,0.0,11636.0
AUT,2002,36.56,83.3494604310315,5.58055324441734,2.0811,2992.22105,,100.0,39313.7225107545,72.5455946752039,0.0,94.0,0.0,13485.0
AUT,2003,42.7,89.5525842580986,7.39910683793198,2.18701,,,100.0,39569.2885567329,72.6677724433321,0.0,93.0,0.0,14327.0
AUT,2004,54.28,97.7795167328134,10.6441666113048,2.18238,3186.95396,,100.0,40333.3307183894,73.3623634251644,0.0,40.0,1.0,15391.0
AUT,2005,58.0,105.295724835598,14.266264392036,2.38942,3470.7262,,100.0,40989.0131778975,74.2021636962891,0.0,64.0,0.0,16322.0
AUT,2006,63.6,112.226293480282,17.3158121176343,2.376,3536.82275,,100.0,42120.1557002022,75.2988408584927,0.0,80.0,0.0,18123.0
AUT,2007,69.37,119.465557954295,19.5493477604788,2.4336,3823.63127,63.8021202087402,100.0,43568.8302243941,73.5906066894531,0.0,73.0,2.0,19425.0
AUT,2008,72.87,129.949191740297,20.7731280065619,2.58632,4152.75477,66.1983871459961,100.0,44063.8642019916,72.4694595336914,1.0,106.0,0.0,24964.0
AUT,2009,73.45,137.015093709265,22.510594883252,2.61279,4157.93027,67.9915771484375,100.0,42372.4758254763,75.810188293457,0.0,114.0,0.0,26158.0
AUT,2010,75.17,146.334314075685,24.5113861270145,2.74321,4379.18237,75.0402526855469,100.0,43035.4073531933,76.5560989379883,0.0,100.0,1.0,25177.0
AUT,2011,78.7399930986888,155.15499918387,24.9926429150975,2.68567,4430.53569,77.2625122070312,100.0,44146.1956805294,76.4276962280273,0.0,90.0,2.0,26675.0
AUT,2012,80.0299939169903,161.155633431895,25.2644782408466,2.93372,4720.81116,79.5471267700195,100.0,44221.4599530893,76.9751129150391,1.0,98.0,0.0,27693.0
AUT,2013,80.6188,156.483488704585,26.3222866586035,2.97993,4782.1241,80.9616012573242,100.0,43851.3675497404,77.3063583374023,2.0,131.0,2.0,29929.0
AUT,2014,80.9958249574764,151.531145320495,27.597689562142,3.11263,5009.44199,81.0195693969727,100.0,43838.8345892137,78.4265899658203,1.0,148.0,2.0,31406.0
AUT,2015,83.9401419315026,155.837138171172,28.4068593397138,3.06917,5073.42857,82.2563095092773,100.0,43915.228020857,79.0129013061523,1.0,192.0,3.0,33106.0
AUT,2016,84.3237425711653,126.797525496643,28.8775983744406,3.13356,5400.34772,82.8496932983398,100.0,44362.6702805116,79.3689804077148,2.0,254.0,1.0,35849.0
AUT,2017,87.9355865856062,123.414865109678,28.5425998928488,3.07376,5416.07999,83.8392562866211,100.0,45056.6385912412,79.6625823974609,2.0,383.0,1.0,35637.0
AUT,2018,87.4791372262556,124.230205900482,28.5150396136468,3.10828,5682.44087,85.8698883056641,100.0,45951.5819164034,80.0708180825642,8.0,566.0,8.0,40288.0
AUT,2019,87.7522047870069,120.776373862218,28.3631930003301,3.14405,5958.85643,86.3234329223633,100.0,46550.5622459492,80.6740493774414,12.0,872.0,13.0,39988.0
AUT,2020,87.52942813,120.131806593244,29.2106456326106,3.20758,5829.2859,88.7071990966797,100.0,43428.6983137234,80.9440184335445,34.0,1341.0,7.0,46426.0
AUT,2021,92.52915104,121.357731973824,29.2537339731419,3.25565,6323.00331,93.940071105957,100.0,45368.6434337368,78.2005386352539,33.0,1750.0,10.0,48227.0
AUT,2022,93.61409139,121.16645744796,29.2342573265435,3.17775,6632.30683,94.5116882324219,100.0,47332.4240357971,82.0893352573971,60.0,1877.0,17.0,47203.0
AUT,2023,95.33467117,121.746207105931,29.3725409835617,3.25517,6633.64894,91.6818237304688,100.0,46497.9114640341,82.5592927591342,48.0,2149.0,13.0,48855.0
AUT,2024,94.91974877,124.45929984531,30.12779672163,,,92.6126708984375,100.0,45958.8250071261,,69.0,2376.0,14.0,46714.0
AZE,1990,0.0,0.0,,,,,,2866.41060718579,,,,,
AZE,1991,,0.0,,,,,,2808.72744444906,,,,,
AZE,1992,,0.0,,,,,,2141.34003837017,,,,,
AZE,1993,,0.0,,,,,,1621.91809395607,,,,,
AZE,1994,0.00143,0.006392325,,,,,,1284.95555073458,,,,,
AZE,1995,0.00206,0.076052086,,,,,,1120.30867792344,,,,,
AZE,1996,0.00635,0.213860635,,0.23533,,,,1123.44793844504,,,,,
AZE,1997,0.0252,0.499996125,,0.3695,,,,1177.19685990232,,,,,
AZE,1998,0.0375,0.808347519,,0.42125,,,,1282.68413749503,,,,,
AZE,1999,0.0992,4.56708367,,0.39289,,,,1365.56585147028,83.5263214111328,,,,
AZE,2000,0.147757575623251,5.14264289519541,,0.336,,,98.1,1504.73106706035,,0.0,1.0,0.0,248.0
AZE,2001,0.305564637615618,8.84658578140377,,0.34001,,,97.6,1640.93664540398,,0.0,2.0,0.0,252.0
AZE,2002,4.99971367812957,9.53864176803325,0.0120103774465289,0.30155,,,100.0,1782.47319183639,,0.0,1.0,0.0,320.0
AZE,2003,,12.5837298360937,,0.32496,,,98.1,1949.60608417331,,0.0,1.0,0.0,390.0
AZE,2004,,17.1560025508035,,0.29831,,,98.4,2111.4533834475,,0.0,11.0,0.0,377.0
AZE,2005,8.030400276,26.0781124378406,0.0254034779501534,0.21994,,,98.6,2674.3688564996,,0.0,2.0,0.0,424.0
AZE,2006,11.9921999,38.1512458416462,0.0454003843248716,0.17165,,19.7894592285156,99.2,3556.83212858133,,0.0,5.0,0.0,534.0
AZE,2007,14.53999996,51.1875940935928,0.165377046640065,0.17006,,19.3645992279053,99.2,4412.20326117932,88.435417175293,0.0,6.0,0.0,605.0
AZE,2008,17.08,73.2222415801691,0.670942958889759,0.16554,,19.0478897094727,99.5,4778.12452736673,88.5401382446289,0.0,4.0,0.0,635.0
AZE,2009,27.4,85.7487495489887,1.10541991807512,0.24976,,19.057710647583,99.9,5118.43395494687,88.6104888916016,1.0,6.0,0.0,851.0
AZE,2010,46.0,99.489026332669,5.1962691859745,0.21848,,19.2600431394615,99.9,5300.11048729062,88.6454010009766,0.0,5.0,0.0,924.0
AZE,2011,50.0,109.333848306261,10.5213182586713,0.21084,,19.6473062365442,99.9,5149.20665913206,88.6587829589844,0.0,10.0,0.0,1089.0
AZE,2012,54.20000076,107.988529658291,14.6071625537092,0.21427,,20.4384614704139,100.0,5193.17501119552,88.7130889892578,0.0,7.0,0.0,1228.0
AZE,2013,73.000001372,106.583186813615,18.0145551396199,0.20969,,21.4404253568261,100.0,5425.99559780578,88.7197418212891,0.0,11.0,0.0,1214.0
AZE,2014,75.0000156363396,109.566699179266,19.7076399486748,0.20978,,23.1597349800287,100.0,5508.60265612676,88.7141723632812,0.0,15.0,0.0,1341.0
AZE,2015,77.0,109.682113433509,19.4759070425568,0.22232,,25.4831961094662,100.0,5500.50364628486,88.6650772094727,0.0,10.0,0.0,1800.0
AZE,2016,78.2,103.248460646417,18.2770953995915,0.20637,,27.2368629930846,100.0,5272.71817141861,88.6644515991211,1.0,14.0,0.0,2012.0
AZE,2017,79.0,101.589906615934,18.1091657629876,0.18468,,28.4670565431322,100.0,5229.25259993413,88.5012283325195,0.0,17.0,0.0,2230.0
AZE,2018,79.7999954887896,102.987275423455,18.8342000186458,0.18416,,28.9724903670069,100.0,5261.92938234432,88.4309387207031,0.0,35.0,0.0,2583.0
AZE,2019,81.0999990651547,106.328337689377,19.2178211211639,0.20013,1715.46385,32.9221812477847,100.0,5346.95318604114,88.4195785522461,1.0,37.0,0.0,2963.0
AZE,2020,84.59999573,101.596683471276,19.5985750948022,0.2239,1732.37308,36.3854742250215,100.0,5087.50022783627,,0.0,44.0,1.0,3558.0
AZE,2021,85.99998954,105.693559477177,20.0856994533421,0.20836,1743.43016,39.0095977224788,100.0,5349.58226071425,,1.0,81.0,2.0,3986.0
AZE,2022,88.0,107.506296074404,20.3655958095069,0.1513,1702.31299,41.0017793895325,100.0,5599.58524971025,,4.0,103.0,1.0,4257.0
AZE,2023,89.0,107.686732782159,20.8825041017301,0.1816,1663.3395,41.3907560278377,100.0,5668.61021317029,91.8056716918945,5.0,154.0,7.0,5525.0
AZE,2024,90.43979645,109.543149535867,21.7534102440295,0.20778,1662.52798,41.3413783372226,100.0,5876.03295533913,,14.0,356.0,9.0,8134.0
BDI,1990,0.0,0.0,,,,0.681379973888397,,373.245241687992,,,,,
BDI,1991,0.0,0.0,,,,0.755699992179871,,383.870358589191,,,,,
BDI,1992,0.0,0.0,,,,0.786339998245239,,377.518319697874,,,,,
BDI,1993,0.0,0.006354384,,,,0.828920006752014,,365.282012271705,,,,,
BDI,1994,0.0,0.006766423,,,,,,349.016249237768,,,,,
BDI,1995,0.0,0.0095065,,,,,,302.701844524604,,,,,
BDI,1996,0.000804,0.009459562,,,,,,278.293479866983,,,,,
BDI,1997,0.00798,0.010449264,,,,,,273.889548332896,,,,,
BDI,1998,0.0158,0.010272826,,,,0.864509999752045,,281.470892716422,,,,,
BDI,1999,0.0392,0.012944607,,,,0.916909992694855,,272.030864788973,,,,,
BDI,2000,0.077248447383456,0.252233549720457,,,,1.05474996566773,,264.154407180223,,0.0,0.0,0.0,19.0
BDI,2001,0.106001245363203,0.503680457737854,,,,1.03059995174408,,262.913885774384,,0.0,0.0,0.0,27.0
BDI,2002,0.118228412267794,0.76200167288675,,,,1.60111999511719,,266.968141648342,,0.0,0.0,0.0,20.0
BDI,2003,0.201273196735924,0.908683808418785,,,,,,255.500823385612,,0.0,2.0,0.0,27.0
BDI,2004,0.349060461879596,1.37552635495365,,,,2.10109996795654,,258.050009115333,,0.0,0.0,0.0,31.0
BDI,2005,0.542100012,2.01652788429717,,,,2.13503003120422,,250.878933475935,,0.0,0.0,0.0,40.0
BDI,2006,0.657599986,2.54273479009152,,,,2.16554999351502,,255.105582251925,3.14735159121368,0.0,0.0,0.0,31.0
BDI,2007,0.7,3.30806380985543,,0.20068,,2.26625990867615,,254.311725516331,,0.0,0.0,0.0,43.0
BDI,2008,0.81,5.65018234377978,0.0018811054363124,0.15417,,2.49793004989624,0.9,256.012461554496,7.41938018798828,0.0,1.0,0.0,38.0
BDI,2009,0.899999976,10.2904048729688,0.0017881798184684,0.14096,,2.6779100894928,,252.582019875886,,0.0,0.0,0.0,37.0
BDI,2010,1.0,17.8962195049637,0.0037540884369383,0.13719,,3.05528938002435,,253.308577749924,,0.0,0.0,0.0,56.0
BDI,2011,1.110000014,19.7014852266593,0.0051142326109402,,,,,254.242110648215,,0.0,0.0,0.0,57.0
BDI,2012,1.220000029,22.3127768088819,0.0069704900036024,0.10702,19.57969,2.92052732762984,,256.180393931874,,0.0,0.0,0.0,95.0
BDI,2013,1.2642181112,24.3006814319026,0.0146944141397431,,,3.70341642841244,1.0,259.311117203355,,0.0,0.0,0.0,94.0
BDI,2014,1.04239212643994,29.567783062348,0.0157410541043178,,,4.46892058042299,1.0,261.296721752002,3.3253800868988,0.0,0.0,0.0,125.0
BDI,2015,2.0,45.2379254099088,0.0250824162395746,,,5.25856537918645,1.2,254.402585226788,,0.0,0.0,0.0,114.0
BDI,2016,2.200000048,47.6697304877258,0.0288715169450892,,,3.97908916361797,1.5,258.061970804063,,0.0,0.0,0.0,131.0
BDI,2017,2.6607485347534,51.4533280518012,0.0340147819169285,,,4.30528005798307,1.7,261.725839287239,5.59581995010376,0.0,2.0,0.0,140.0
BDI,2018,4.019499779,53.2736942349584,0.0331803020141076,0.21312,22.4816,4.55281922933846,2.0,267.508692172687,,0.0,1.0,0.0,171.0
BDI,2019,6.072199821,53.2995504978403,0.0317494355111928,,,,2.0,270.411005710809,,0.0,1.0,0.0,218.0
BDI,2020,6.430099964,52.5571219738138,0.0335260991567275,,,,0.9,263.463876362597,9.3111647004462,0.0,4.0,0.0,295.0
BDI,2021,6.777999878,59.700785493419,0.0304886490520483,,,,1.6,264.682651658422,,0.0,3.0,0.0,303.0
BDI,2022,7.144800186,56.2599912004244,0.0300650914860841,,,,1.7,263.587550049119,,0.0,3.0,0.0,285.0
BDI,2023,7.172299862,63.1631365759764,0.0203441336211462,,,6.02545976638794,2.3,264.84330794512,,0.0,7.0,0.0,335.0
BDI,2024,8.595999718,,,,,,3.6,268.700857389911,,2.0,8.0,0.0,356.0
BEL,1990,0.00101,0.430541108,,,,,100.0,29609.6207516724,,,,,
BEL,1991,0.0201,0.514865721,,,,,100.0,30040.5508404095,,,,,
BEL,1992,0.1,0.613590337,,,,,100.0,30376.8745342462,42.9921289156962,,,,
BEL,1993,0.199,0.67475874,,,,,100.0,29967.3944241601,43.5957253892061,,,,
BEL,1994,0.696,1.271910668,,,,,100.0,30839.2414336465,45.2732700037636,,,,
BEL,1995,0.992,2.330395105,,,,,100.0,31508.622663522,46.8244263772055,,,,
BEL,1996,2.97,4.72351216,,1.74299,2477.43906,,100.0,31862.6693868132,48.6156800200796,,,,
BEL,1997,4.94,9.596319875,,1.80971,2582.2631,,100.0,32991.5010116146,49.4324792519843,,,,
BEL,1998,7.89,17.23787063,0.107218523,1.83825,2707.1088,,100.0,33566.9875919507,48.3583035940081,,,,
BEL,1999,13.8,31.16718928,0.224956036,1.90564,2910.88176,,100.0,34676.6051555263,48.9173367442627,,,,
BEL,2000,29.4316916924341,54.9078754319886,1.40673996365682,1.9362,2982.55342,,100.0,35878.3153586195,50.0038123766939,1.0,58.0,2.0,18446.0
BEL,2001,31.2883955056566,74.8225625264654,4.47176845658853,2.03279,3140.73254,56.7148895263672,100.0,36148.2880924306,50.6804325763941,1.0,82.0,4.0,19516.0
BEL,2002,46.33,78.40702767732,7.89141711683559,1.90325,2974.5959,58.1100807189941,100.0,36600.862592332,52.0275696980575,2.0,154.0,6.0,23171.0
BEL,2003,49.97,82.937725153379,11.978574168342,1.8412,2985.44684,59.6124610900879,100.0,36826.2699296094,52.6089216413124,1.0,111.0,4.0,23885.0
BEL,2004,53.86,87.6254594919709,15.5445601178817,1.8205,3116.44787,62.0411491394043,100.0,37976.6972967442,54.6454246114712,2.0,116.0,4.0,25826.0
BEL,2005,55.81999969,91.6575960459919,19.1870013663666,1.7906,3173.07923,62.8203315734863,100.0,38645.2605193362,56.7683075754643,5.0,118.0,2.0,28285.0
BEL,2006,61.9818700222023,93.3538336751532,23.2412047200904,1.82269,3318.08595,63.3717384338379,100.0,39371.0858277448,57.7329292297363,2.0,128.0,2.0,30728.0
BEL,2007,66.7604202433135,101.059979052266,25.6893868359802,1.84999,3431.0838,62.461841583252,100.0,40520.0843207009,58.8487291480579,3.0,133.0,1.0,32379.0
BEL,2008,68.8573221425131,105.901150619606,27.8485650589166,1.93684,3447.86531,62.7642097473145,100.0,40380.9075004042,60.4241600036621,3.0,132.0,0.0,37478.0
BEL,2009,74.5441455527336,108.89957259523,29.1619435426182,1.99134,3554.67756,64.9798431396484,100.0,39293.637546825,61.6929016113281,2.0,154.0,2.0,39432.0
BEL,2010,77.6397855126946,111.131540934105,30.842629161864,2.0613,3755.63584,66.8578872680664,100.0,39991.5646206286,61.7283782958984,4.0,172.0,1.0,42242.0
BEL,2011,81.6099959955952,113.201845409997,32.1032472233196,2.15739,3880.19574,67.7034072875977,100.0,40236.9596308558,62.7599296569824,5.0,177.0,4.0,44653.0
BEL,2012,80.7199905482042,110.856223685615,33.2388297727719,2.27079,4116.61624,69.7490615844727,100.0,40074.492800399,63.2111015319824,5.0,192.0,4.0,48458.0
BEL,2013,82.1702,110.348677756715,34.3084525866565,2.32047,4161.62059,71.7841110229492,100.0,40007.8997891411,64.2786865234375,1.0,222.0,4.0,49978.0
BEL,2014,85.0012379539925,113.600257053471,35.7819662752911,2.35858,4544.86674,74.0397262573242,100.0,40533.9135027898,64.0188827514648,4.0,245.0,4.0,52548.0
BEL,2015,85.0529417508701,113.29233233425,36.5492377831789,2.43496,4731.81573,76.423942565918,100.0,40893.804537772,66.210578918457,9.0,245.0,7.0,53798.0
BEL,2016,86.5164766644457,110.74871736226,37.6812994536783,2.53291,4798.32663,77.2435073852539,100.0,41172.8862831209,67.0826416015625,4.0,337.0,5.0,54980.0
BEL,2017,87.6796808175598,99.8303971992992,38.4911160919085,2.67654,4757.30821,80.7738189697266,100.0,41619.328629169,69.1504516601562,13.0,455.0,7.0,55329.0
BEL,2018,88.6473429951691,100.164027018171,39.4006967604533,2.86365,5040.00069,79.1237487792969,100.0,42208.3625650272,70.0668254662657,10.0,708.0,14.0,58631.0
BEL,2019,90.275428012141,100.164960666171,39.9517850127817,3.15154,5290.87935,79.3044815063477,100.0,43006.4042308863,71.4462585449219,22.0,974.0,17.0,60311.0
BEL,2020,91.52641629,99.9100614924974,41.0239697084264,3.36823,5418.91258,79.4996032714844,100.0,40769.0218072962,72.139644732898,36.0,1403.0,33.0,63074.0
BEL,2021,92.78867618,101.462935633736,43.0218054966431,3.40589,5770.89032,82.6882019042969,100.0,43140.9676652971,73.6399120754637,42.0,1810.0,25.0,63242.0
BEL,2022,94.00783071,101.680355820653,43.5657139519422,3.19592,5818.71223,83.5736465454102,100.0,44516.002160801,73.6852679280953,57.0,1975.0,32.0,59346.0
BEL,2023,94.62625074,103.196426365374,43.7026445985633,3.27235,5990.12849,82.1475601196289,100.0,44828.2274521244,74.4232374318134,84.0,2468.0,32.0,65895.0
BEL,2024,95.77579144,103.90465332676,44.2321563183446,,,,100.0,45019.6989654607,,112.0,2706.0,34.0,59881.0
BEN,1990,0.0,0.0,,,,1.9679399728775,,749.459666582926,,,,,
BEN,1991,,0.0,,,,2.25591993331909,,757.403145107877,,,,,
BEN,1992,,0.0,,,,2.13378000259399,,756.080888165851,,,,,
BEN,1993,,0.0,,,,1.94243001937866,,765.479914438342,,,,,
BEN,1994,,0.0,,,,1.89841997623444,,752.277508740764,,,,,
BEN,1995,,0.017365389,,,,1.97397005558014,,781.0647884601,,,,,
BEN,1996,0.00169,0.043634125,,,,1.99114000797272,2.77705783175004,793.7950526962,,,,,
BEN,1997,0.0246,0.067245695,,,,2.43330001831055,2.95153386395072,814.901395438676,,,,,
BEN,1998,0.0479,0.095471222,,,,,3.77084155437861,821.459971433599,,,,,
BEN,1999,0.155,0.107076743,,,,3.09658002853394,4.59248706500119,838.976786975768,,,,,
BEN,2000,0.225247851473369,0.768193392645056,,,,3.49604988098144,5.4,861.213292013209,,0.0,0.0,0.0,191.0
BEN,2001,0.363417890016082,1.67884478287568,,,,4.20038986206055,4.4,879.854463773645,,0.0,6.0,0.0,255.0
BEN,2002,0.7029455951039,2.85026524912103,0.0002736004490174,,,4.92833995819092,6.8,893.137100961634,,0.0,0.0,0.0,292.0
BEN,2003,0.951327114915695,2.98461911748538,0.0002653837259116,,,5.43203020095825,7.4,896.146763201736,,0.0,1.0,0.0,342.0
BEN,2004,1.18254096518994,5.62957112640203,0.0009927572840808,,,5.47938013076782,7.9,907.624431209378,,0.0,0.0,0.0,348.0
BEN,2005,1.271000028,7.07639223825275,0.0023260936437829,,,5.41120004653931,8.5,893.91536869992,,0.0,1.0,0.0,394.0
BEN,2006,1.537899971,12.1442265152632,0.0172317761313903,,,6.20295000076294,7.9,900.62053578735,,0.0,0.0,1.0,467.0
BEN,2007,1.79,22.9147096667411,0.0079294444731716,,,7.43086004257202,9.7,926.740113754071,,0.0,1.0,0.0,526.0
BEN,2008,1.85,39.2846004959004,0.0912827765741349,,,7.34216022491455,10.3,943.203380303862,,0.0,2.0,0.0,572.0
BEN,2009,2.24,52.9301199452375,0.200443286622122,,,9.3462495803833,10.9,936.565651071554,,0.0,3.0,0.0,729.0
BEN,2010,3.13,72.2115392074128,0.275927983143427,,,12.6081895828247,10.6,928.246655329144,,0.0,4.0,0.0,693.0
BEN,2011,4.14832306562512,76.9318013957922,0.371868455954814,,,11.8088598251343,13.6,927.716412836707,,0.0,0.0,0.0,830.0
BEN,2012,4.5,80.8628905531314,0.401638561456682,,,12.8605403900147,14.6,943.918771531001,,0.0,4.0,0.0,1035.0
BEN,2013,4.900000095,89.9019164924958,0.396653828045145,,,14.7752199172974,13.4,982.399206290516,8.70121891704129,0.0,6.0,0.0,1135.0
BEN,2014,6.0,78.5170340826712,0.411776822565069,,,14.6916198730469,16.2,1014.4330062135,,1.0,6.0,0.0,1087.0
BEN,2015,11.25500011,82.0193349324746,0.644882115781616,,,12.4851799011231,11.1,1002.41886879614,,0.0,2.0,0.0,1218.0
BEN,2016,14.5,76.0182091705462,0.190616354708843,,,11.9529895782471,15.2,1006.03926633023,,0.0,4.0,0.0,1346.0
BEN,2017,18.7,72.867145412956,0.237670455772448,,,11.337929725647,17.2,1032.90471194182,5.01374006271362,1.0,1.0,1.0,1509.0
BEN,2018,19.0,76.4080341122638,0.218309314921079,,,11.5739097595215,16.3,1071.50452156932,,0.0,8.0,2.0,1784.0
BEN,2019,20.50099945,81.3235345537806,0.199854558369357,,,10.3906803131103,16.9,1114.17304526443,6.36512994766235,1.0,7.0,3.0,1935.0
BEN,2020,22.12059975,85.2390738023357,0.229384945213792,,,10.3808002471924,17.4,1126.65404122154,,1.0,15.0,2.0,2192.0
BEN,2021,28.20470047,94.9182598289459,0.154166533404575,,,9.82796955108643,18.0,1176.37727637273,6.4660701751709,1.0,22.0,2.0,2383.0
BEN,2022,30.53730011,105.745019386968,0.153072411564925,,,10.2350101470947,45.5,1218.49668929091,6.41501998901367,7.0,44.0,2.0,2491.0
BEN,2023,32.39400101,116.036046685168,0.170880461346773,,,,43.7,1263.62158336368,,9.0,43.0,5.0,2473.0
BEN,2024,33.98379898,125.940873932186,0.277382047807868,,,,45.0,1324.78312597434,,18.0,66.0,5.0,2047.0
BFA,1990,0.0,0.0,,,,0.744490027427673,,332.153276660935,,,,,
BFA,1991,,0.0,,,,0.695360004901886,,353.206720757378,,,,,
BFA,1992,,0.0,,,,0.928770005702972,,345.401816823349,,,,,
BFA,1993,,0.0,,,,1.0837299823761,2.11886320042586,348.581211032689,,,,,
BFA,1994,,0.0,,,,1.05731999874115,1.35751354030041,344.371184069503,,,,,
BFA,1995,,0.0,,,,1.1000200510025,1.6318759881764,354.841188502861,,,,,
BFA,1996,0.000961,0.00494294,,0.15834,,1.05685997009277,1.89743050224686,383.973583031147,,,,,
BFA,1997,0.0187,0.01379234,,0.18104,,0.968949973583221,2.07642889027307,397.838955257373,,,,,
BFA,1998,0.0454,0.024372687,,,,,2.17145348172265,415.273513470241,,,,,
BFA,1999,0.0618,0.043663904,,,,0.983640015125275,,433.104727597234,,,,,
BFA,2000,0.0770801689426014,0.211688420806896,,,,,2.3,428.309796566198,,0.0,0.0,0.0,141.0
BFA,2001,0.157732464653607,0.619650213936542,,0.16816,,1.11434996128082,2.2,442.914122870048,,0.0,1.0,0.0,193.0
BFA,2002,0.200992597925001,0.875434916000028,0.0003942938736904,0.30111,,1.34107005596161,2.1,448.128856317091,,0.0,0.0,0.0,177.0
BFA,2003,0.373440303233526,1.81993821991034,0.0011083481393357,0.24112,,1.50508999824524,1.2,468.263047790124,,0.0,3.0,2.0,226.0
BFA,2004,0.400295285492178,2.93276569154714,0.0011406957043844,0.21514,,,1.8,474.086412333459,,0.0,2.0,0.0,229.0
BFA,2005,0.469900012,4.54743329498311,0.0027562202831542,0.15166,,2.14314007759094,1.6,499.192797571217,,2.0,2.0,0.0,252.0
BFA,2006,0.632700026,7.07267095398563,0.0119315079958149,,,2.25787997245789,1.4,514.113131757062,4.00731992721558,0.0,0.0,0.0,318.0
BFA,2007,0.75,12.5404933901545,0.045436423529831,0.09836,,2.40549993515015,1.2,519.26101218434,,0.0,0.0,2.0,395.0
BFA,2008,0.920000017,19.819973570747,0.0672823268281298,0.16568,,2.92968010902405,1.2,533.471299938288,,0.0,0.0,3.0,536.0
BFA,2009,1.129999995,24.3386946942171,0.0760467842719439,0.17787,,3.26682996749878,2.6,533.470084831931,,0.0,0.0,0.0,501.0
BFA,2010,2.400000095,35.2848311173407,0.0847216746170896,,46.5781,3.34944579587797,1.5,561.847221302489,,0.0,0.0,0.0,502.0
BFA,2011,3.0,46.1057641177709,0.0844020984871601,,,3.91906920981907,1.9,581.603658737407,,0.0,0.0,0.0,588.0
BFA,2012,3.724999905,58.0942130771516,0.0834367606364837,,,4.33792685706514,1.5,600.731343697818,,0.0,0.0,4.0,795.0
BFA,2013,5.0,63.5243073500025,0.0732506380609795,,,4.57338342077701,1.0,616.741331164082,,0.0,0.0,1.0,723.0
BFA,2014,6.0,68.5395525408019,0.0296662638571705,0.19719,,4.89539917725699,4.7,624.576885187665,2.80549001693726,0.0,2.0,0.0,795.0
BFA,2015,6.545700073,76.9373292602998,0.049814972578599,,,4.90356866333498,,630.124750752312,,0.0,1.0,0.0,963.0
BFA,2016,7.140999794,79.6697942824089,0.0640501279140636,,,5.40541465878063,,648.420480176012,,0.0,0.0,1.0,1013.0
BFA,2017,7.790400028,90.2081424191231,0.062133040708376,0.61361,,5.8341880408112,,669.276310328333,,1.0,5.0,3.0,1072.0
BFA,2018,8.498900414,94.6219614871852,0.0676084024258783,,,6.31826110291158,,694.492813126351,6.15245008468628,0.0,4.0,2.0,1267.0
BFA,2019,9.27180600953186,97.1498646690919,0.0573181352576325,0.17435,,6.90532594926159,,717.021595096634,7.82172012329102,1.0,9.0,1.0,1364.0
BFA,2020,12.97319984,102.972844247019,0.0650831126106853,0.25116,,7.64277062242324,,713.8421779224,,0.0,8.0,2.0,1673.0
BFA,2021,18.1522007,112.198419449151,0.0740660150924452,0.25057,,9.30513098594236,,745.472563435144,6.34940004348755,5.0,15.0,2.0,1812.0
BFA,2022,25.3987999,113.996146792235,0.214398323020291,,,9.67069485831779,3.4,740.306319930259,5.32712870386465,1.0,21.0,3.0,1927.0
BFA,2023,25.36120033,116.16313821519,0.459463342299517,0.09845,,10.1078755635882,2.0,745.405334618409,5.26034182476624,4.0,30.0,1.0,2255.0
BFA,2024,28.25270081,116.5895933212,0.851360416490348,0.10477,,10.0419678526515,12.7,764.082625588818,5.15915695580717,11.0,65.0,5.0,2210.0
BGD,1990,0.0,0.0,,,,4.3600001335144,,473.444821021085,,,,,
BGD,1991,,0.0,,,,,3.17101853037543,480.673358976087,,,,,
BGD,1992,,0.000224674,,,,,,497.371173735323,,,,,
BGD,1993,,0.000440844,,,,,,511.193509421294,,,,,
BGD,1994,,0.000954894,,,,,2.23884484895593,521.323144726555,,,,,
BGD,1995,,0.002122361,,,,,3.73433754799093,537.931946643983,,,,,
BGD,1996,,0.003336757,,,,,6.69330420934747,552.077107138767,,,,,
BGD,1997,0.000751,0.021304625,,,,,5.8814757415098,566.271140847632,,,,,
BGD,1998,0.00368,0.060313402,,,,,12.655072788125,584.448175174047,,,,,
BGD,1999,0.0362,0.117549767,,,,5.28646993637085,15.6581285850542,600.232323162952,,,,,
BGD,2000,0.0710394230507683,0.207366638129846,,,,5.25165987014771,16.8,620.560472822105,,0.0,4.0,0.0,903.0
BGD,2001,0.129807973947512,0.380100815893711,,,,6.17244005203247,21.5,641.288922876274,17.1284294128418,0.0,6.0,0.0,937.0
BGD,2002,0.13992028850905,0.773750591091469,,,,5.91559982299805,24.3,655.672139362272,,0.0,6.0,0.0,1064.0
BGD,2003,0.163877665498048,0.968288714837633,,,,5.99128007888794,27.1,676.826252046427,,0.0,4.0,0.0,1161.0
BGD,2004,0.199036333744363,1.94646914544521,,,,5.55667018890381,27.9,702.656357081873,,0.0,5.0,0.0,1328.0
BGD,2005,0.241600007,6.21908656184889,,,,6.13484001159668,30.2,739.203718353409,,0.0,13.0,0.0,1517.0
BGD,2006,1.0,13.0670782127175,,,,7.07040023803711,40.2,779.419570444998,19.8530266819359,0.0,20.0,0.0,1904.0
BGD,2007,1.799999952,23.2246555051103,0.0295359235417042,,,7.66305017471313,32.5,825.508229964537,,0.0,38.0,0.0,2320.0
BGD,2008,2.5,29.8646728911139,0.0334505744748139,,,8.62265968322754,41.7,866.45815762135,,0.0,40.0,0.0,2765.0
BGD,2009,3.099999905,34.0412611569965,0.209909991345477,,,10.4939298629761,44.7,901.729626251937,,0.0,38.0,0.0,3159.0
BGD,2010,3.700000048,44.6274657883724,0.272380817434958,,,,40.0,943.66422864236,19.1188106028469,2.0,52.0,0.0,3576.0
BGD,2011,4.5,54.9307304807214,0.30503074280175,,,13.2663245348367,45.7,995.579947155662,24.1828193664551,3.0,61.0,1.0,4084.0
BGD,2012,5.0,62.6684314857059,0.387219068103915,,,13.4211598649529,53.8,1050.39140404066,24.678840637207,1.0,69.0,0.0,6303.0
BGD,2013,6.63,74.4595169116099,0.974448436120221,,,13.4900578063704,48.6,1103.15695907123,22.1853504180908,0.0,78.0,0.0,7919.0
BGD,2014,9.052900314,80.3128212085608,1.95813780918421,,,13.5777392703559,48.1,1159.40753475981,23.2181606292725,3.0,117.0,2.0,9398.0
BGD,2015,12.36880016,82.4275967039157,3.06992245398744,,,15.5739926180902,63.8,1224.38647668165,28.5621795654297,3.0,108.0,2.0,10129.0
BGD,2016,16.89909935,84.5595499717024,4.09944456111627,,,17.3985207411042,66.1,1299.83091360792,28.9691696166992,4.0,131.0,4.0,10670.0
BGD,2017,21.5,93.0689844922452,4.5013092271068,,,18.5175604399834,81.6,1373.75363740186,29.7941703796387,10.0,206.0,0.0,11821.0
BGD,2018,25.56509972,98.9289060885788,4.92461851093909,,,19.5710492453779,81.3,1462.25050255713,30.5447692871094,9.0,346.0,3.0,13919.0
BGD,2019,30.38310051,100.399571155843,4.90288655437254,,,22.7094642473405,88.9,1564.20802445636,31.330099105835,26.0,816.0,7.0,16411.0
BGD,2020,36.10910034,106.002140470412,6.04506220711318,,,22.6923019564501,95.2,1604.6659234742,,46.0,1209.0,8.0,21525.0
BGD,2021,38.91744466,110.012054001037,6.64246518111116,,,23.9006822335243,98.5,1702.08028414189,33.6561393737793,114.0,2032.0,13.0,25177.0
BGD,2022,41.61650085,109.8665408168,7.17020479104462,,,23.5005059888653,99.2,1804.3493461776,,119.0,2335.0,22.0,26918.0
BGD,2023,44.50274195,111.280894357567,7.89245848428319,,,24.2003442708621,99.6,1885.37733613545,,217.0,3070.0,46.0,29242.0
BGD,2024,53.42171316,108.077037369691,8.08931134401926,,,23.7295608009814,99.6,1941.27874360025,,366.0,4278.0,69.0,33423.0
BGR,1990,0.0,0.0,,,,,100.0,4425.49955286164,,,,,
BGR,1991,,0.0,,,,,100.0,4092.07934990466,,,,,
BGR,1992,,0.0,,,,,100.0,3835.45427951087,,,,,
BGR,1993,0.00234,0.01161233,,,,,100.0,3808.94310683811,,,,,
BGR,1994,0.0195,0.076037034,,,,,100.0,3891.38232617785,,,,,
BGR,1995,0.12,0.246768535,,,,,100.0,4022.19748673152,,,,,
BGR,1996,0.725,0.316471968,,0.41826,1771.85422,,100.0,4253.45199440193,,,,,
BGR,1997,1.22,0.841450728,,0.46548,1450.78139,,100.0,3675.36877811444,,,,,
BGR,1998,1.84,1.542211607,,0.48223,1464.18095,,100.0,3840.17297697202,,,,,
BGR,1999,2.91,4.288006531,,0.53688,1306.20445,,100.0,3537.52626953376,,,,,
BGR,2000,5.37092346908696,9.22440041397309,,0.49517,1179.69599,,77.8,3718.11895993863,57.3747303537068,0.0,10.0,0.0,2750.0
BGR,2001,7.6122977487982,19.549844030083,,0.44709,1157.05434,41.0407791137695,78.6,3937.90285118373,59.4621200561523,0.0,14.0,0.0,2725.0
BGR,2002,9.08,33.0395170761223,,0.46473,1168.80197,41.4290084838867,79.5,4260.62251956893,61.8875100019404,0.0,23.0,0.0,3133.0
BGR,2003,12.04,44.8575798628698,,0.47222,1224.19554,42.8536109924316,80.3,4519.415326977,61.4832000193503,1.0,29.0,0.0,3229.0
BGR,2004,18.13,61.0332759957829,0.0858256671781021,0.47086,1263.77329,43.6935691833496,81.2,4850.11917184577,61.7715892025619,1.0,33.0,2.0,3471.0
BGR,2005,19.97,81.1550542231694,2.15033040720983,0.44269,1301.70634,46.225269317627,82.0,5231.60538607098,63.0249069427748,0.0,28.0,0.0,3750.0
BGR,2006,27.09,108.024848258457,5.034780075217,0.44216,1348.08734,47.7948303222656,82.9,5630.08907245392,64.4489135742188,0.0,23.0,1.0,4989.0
BGR,2007,33.64,130.455029782962,8.29162101773481,0.43003,1471.47888,51.2403411865234,83.8,6049.05136726418,67.0206527709961,0.0,15.0,2.0,4333.0
BGR,2008,39.67,138.396717869014,11.1942366306456,0.44731,1505.75099,52.6504096984863,84.7,6465.05231071194,67.6123504638672,0.0,47.0,0.0,6164.0
BGR,2009,45.0,139.620815193781,13.3284392878162,0.49338,1593.43114,55.0083694458008,85.6,6289.04666609216,68.2597579956055,0.0,57.0,0.0,4976.0
BGR,2010,46.23,137.140251847404,15.1221247609612,0.56299,1470.69323,58.354850769043,86.6,6429.04599233108,69.6149520874023,0.0,52.0,0.0,5148.0
BGR,2011,47.9799930506026,141.938313217096,17.0296984088807,0.5295,1606.20566,59.8246803283691,87.5,6605.64616736859,70.6531677246094,0.0,36.0,1.0,6125.0
BGR,2012,51.8999876658503,147.337862138845,18.2006758494654,0.60039,1537.4066,62.1616516113281,88.4,6693.76983060797,72.4808578491211,1.0,39.0,3.0,5685.0
BGR,2013,53.0615,144.355146876635,19.5682074718498,0.63424,1685.20345,68.2013397216797,89.4,6793.08253592745,73.9379577636719,1.0,43.0,2.0,6136.0
BGR,2014,55.4903766299262,131.33514197996,20.5011345688189,0.79007,1822.03088,72.981559753418,90.7,6941.37319825776,73.8130874633789,0.0,48.0,1.0,7073.0
BGR,2015,56.6562516053086,128.103256321093,22.4944225140811,0.94947,1976.75906,78.2999572753906,92.3,7269.02586513711,74.9126663208008,0.0,51.0,1.0,7335.0
BGR,2016,59.825547661014,125.906027330453,23.8176881048635,0.77009,2236.855,80.6399612426758,94.2,7586.89174668116,75.5995407104492,1.0,67.0,1.0,7621.0
BGR,2017,63.4101013837926,120.595632675282,25.3925159519229,0.74037,2125.46017,81.2245864868164,96.0,7899.11056589871,76.4485397338867,0.0,85.0,1.0,8637.0
BGR,2018,64.78201069118,119.394511829255,27.103417988838,0.75505,2343.48736,83.134880065918,97.4,8194.79296320014,77.3435588476829,1.0,144.0,0.0,9312.0
BGR,2019,67.9469809417603,116.616975862125,28.8836779290396,0.83576,2420.08954,84.7503128051758,98.4,8626.5750265742,76.6335894620298,8.0,208.0,6.0,10747.0
BGR,2020,70.16248359,114.596737765322,30.5042854761098,0.84549,2401.16918,85.5331115722656,99.4,8440.51416964556,77.7781982421875,10.0,304.0,6.0,11581.0
BGR,2021,75.27144583,114.911988483727,32.7688420838347,0.76933,2346.69591,85.3017501831055,99.5,9161.94541759347,80.2392272949219,12.0,355.0,21.0,12384.0
BGR,2022,79.12686326,116.679163253179,34.9667968772891,0.75174,2557.19806,84.1293563842773,99.6,9598.35828571579,79.0050510077588,15.0,416.0,12.0,12224.0
BGR,2023,80.38956462,117.932685806225,37.0235717545079,0.79224,2400.56923,79.8532333374023,100.0,9787.76510584614,80.193131845955,15.0,589.0,13.0,13338.0
BGR,2024,82.438955,118.067152838789,,,,69.5460433959961,100.0,10127.4152566236,,27.0,693.0,26.0,13099.0
BHR,1990,0.0,0.994746994,,,,,99.5058870618272,18345.8379968815,,,,,
BHR,1991,,1.373514003,,,,16.2764205932617,99.720605934921,20882.5058640472,,,,,
BHR,1992,,1.746352373,,,,17.6800899505615,99.8895235712849,21701.2220342029,,,,,
BHR,1993,,1.979935722,,,,18.3249492645264,99.9753465679592,23858.1931245824,,,,,
BHR,1994,,2.969385794,,,,16.9074897766113,99.9980282530873,23180.3322555659,,,,,
BHR,1995,0.346,4.5029318,,,,15.6648597717285,100.0,23465.7129170227,,,,,
BHR,1996,0.843,6.334195172,,,,15.3127403259277,100.0,23795.2092538862,,,,,
BHR,1997,1.65,8.970155154,,,,,100.0,23893.1335655763,,,,,
BHR,1998,3.22,13.68999114,,,,,100.0,24386.5916523491,,,,,
BHR,1999,4.72,19.283577,,,,19.2530899047852,100.0,24773.8464104044,,,,,
BHR,2000,6.15373254647607,30.7247368130219,,,,,100.0,25407.9694054552,,0.0,0.0,0.0,108.0
BHR,2001,15.0386342513918,42.8008331952294,0.168010560663813,,,,100.0,25106.2869742612,49.6503105163574,0.0,2.0,0.0,121.0
BHR,2002,18.0507208881153,51.7138462397484,0.662060603804588,,,,100.0,24149.0156013799,,0.0,2.0,0.0,148.0
BHR,2003,21.5549449917804,54.6187733890809,1.20020806729153,,,25.1201400756836,100.0,23857.6403579769,,0.0,6.0,0.0,163.0
BHR,2004,21.4586805077435,74.5619329800492,1.7162358481689,,,,100.0,23688.1121059225,,0.0,2.0,0.0,213.0
BHR,2005,21.30369949,82.2538826768918,2.29808150082993,,,19.0136394500732,100.0,23439.6704353038,,0.0,3.0,0.0,202.0
BHR,2006,28.24399948,91.2343231270699,3.88370208461942,,,17.5358505249023,100.0,23095.0181330228,,0.0,2.0,0.0,273.0
BHR,2007,32.91,105.539410159778,6.45476425778202,,,,100.0,23112.4888058398,,0.0,4.0,0.0,246.0
BHR,2008,51.95,128.559293450425,8.353424691759,,,,100.0,23127.2148040048,,0.0,5.0,0.0,250.0
BHR,2009,53.0,118.449482724389,11.7871249276575,,,,100.0,22206.9371985225,,0.0,4.0,0.0,314.0
BHR,2010,55.0,129.157861073288,12.7684126193907,,,,100.0,22224.0736166249,42.1130104064941,0.0,2.0,0.0,326.0
BHR,2011,76.9999665032303,140.350600963929,24.1579709760609,,,46.3075025646345,100.0,23288.0449398313,,0.0,9.0,0.0,465.0
BHR,2012,88.0,174.619564368418,24.285642640033,,,47.6811679519633,100.0,23894.8804447088,,0.0,7.0,0.0,476.0
BHR,2013,90.0000397,175.802157646776,23.8669490925491,,,44.1274788546413,100.0,24271.6278814506,,0.0,2.0,0.0,649.0
BHR,2014,90.5031334814656,177.400125528622,21.9044398132914,0.09713,384.87249,44.7866602427761,100.0,24135.4991304849,,0.0,7.0,0.0,647.0
BHR,2015,93.4783007986129,183.919614500055,18.4748658416384,,,45.6439860607554,100.0,23734.0551143019,,0.0,5.0,0.0,663.0
BHR,2016,97.9999807024146,209.489131255928,16.2552007409045,,,46.7631772606016,100.0,23715.2791328712,54.0475997924805,0.0,5.0,1.0,629.0
BHR,2017,95.8781357543453,159.546894557674,13.1014612060095,,,48.7280981931009,100.0,23606.8867501313,56.538158416748,0.0,7.0,0.0,798.0
BHR,2018,98.6446725799886,139.735421260048,8.43441553498671,,,50.2628341348842,100.0,24059.7838641562,64.9282302856445,0.0,20.0,0.0,988.0
BHR,2019,99.7015043807778,129.142743677937,9.49012903269232,,,52.9045782700327,100.0,24873.6640060134,,0.0,34.0,0.0,1218.0
BHR,2020,99.67103159,119.41160169027,10.1824112975928,,,54.4077922369055,100.0,23586.9309581516,68.7366790771484,1.0,73.0,0.0,1603.0
BHR,2021,100.0,128.078912532195,16.5057891919103,,,47.5015525503536,100.0,24086.7847803428,,3.0,149.0,1.0,2095.0
BHR,2022,100.0,139.636142863944,18.0025680504011,,,50.3073760962771,100.0,25234.40256182,66.9530029296875,4.0,221.0,1.0,2394.0
BHR,2023,100.0,153.899937948583,17.1582362107608,,,57.0562240948353,100.0,25342.6226641572,66.730842590332,8.0,259.0,3.0,2478.0
BHR,2024,100.0,159.536143577452,16.9915789748788,0.19327,848.94502,58.3677241853667,100.0,25886.2393152311,66.3833465576172,12.0,434.0,7.0,3146.0
BHS,1990,0.0,0.710066167,,,,,100.0,30995.4830715942,,,,,
BHS,1991,,0.731730289,,,,,100.0,29192.9942606391,,,,,
BHS,1992,,0.922074099,,,,,100.0,27565.9784622985,,,,,
BHS,1993,,0.833206091,,,,,100.0,27137.178342536,,,,,
BHS,1994,,,,,,,100.0,27503.6353912861,,,,,
BHS,1995,0.96,1.36870147,,,,14.8425798416138,100.0,28236.3753765914,,,,,
BHS,1996,1.75,1.622656855,,,,,100.0,28967.0480464753,,,,,
BHS,1997,1.36,1.998903827,,,,,100.0,28902.571896854,,,,,
BHS,1998,2.34,2.55930602,,,,,100.0,29837.4381789441,,,,,
BHS,1999,3.76,4.96796473,,,,,100.0,31544.3540604454,,,,,
BHS,2000,8.0,9.7345870582241,,,,,100.0,32424.7271786716,70.9415512084961,0.0,0.0,0.0,17.0
BHS,2001,11.8,18.4711258068058,1.26252150465477,,,,100.0,32870.0918307285,,0.0,0.0,0.0,25.0
BHS,2002,18.0,36.7170867333707,2.27372788844862,,,,100.0,33374.602685914,,0.0,0.0,0.0,23.0
BHS,2003,20.0,36.4187856432015,3.25995625979536,,,,100.0,32559.311554898,,0.0,0.0,0.0,20.0
BHS,2004,22.0,54.7430411263693,3.76800419092242,,,,100.0,32444.0739567569,,0.0,0.0,0.0,30.0
BHS,2005,25.0,66.2329089777664,3.89131534717093,,,,100.0,33144.7878790275,,0.0,1.0,0.0,24.0
BHS,2006,26.0,72.6191603875135,4.76239684248296,,,,100.0,33541.850748701,,0.0,0.0,0.0,37.0
BHS,2007,27.0,105.848573870615,5.80187584551727,,,,100.0,33549.3360007274,,0.0,0.0,0.0,47.0
BHS,2008,31.54,99.9804534792807,7.12051826203507,,,,100.0,32331.8246135092,,0.0,0.0,0.0,105.0
BHS,2009,33.88,98.8980458091012,8.706761114633,,,,100.0,30581.3342198488,,0.0,1.0,0.0,66.0
BHS,2010,43.0,116.572148536783,6.72203506060227,,,,100.0,30657.4319059659,81.8777313232422,0.0,0.0,0.0,70.0
BHS,2011,65.0,80.3784477401548,4.16862822109655,,,,100.0,30492.6738528071,,0.0,0.0,0.0,77.0
BHS,2012,71.74819946,79.9000716437309,20.7553752773198,,,,100.0,31553.4919490645,,0.0,0.0,0.0,79.0
BHS,2013,72.0,75.734985605075,19.1290212770449,,,,100.0,30368.2631244189,,0.0,0.0,0.0,113.0
BHS,2014,76.91999817,82.3551261058127,20.1853004724063,,,,100.0,30658.5344563722,,0.0,0.0,0.0,100.0
BHS,2015,78.0,80.7521033045627,21.0247414012342,,,,100.0,30719.405417469,,0.0,0.0,0.0,91.0
BHS,2016,80.0,92.8218938037134,21.9370965455928,,,,100.0,30152.1619246021,,0.0,0.0,0.0,104.0
BHS,2017,80.59999847,90.5386890661613,22.2461810312816,,,,100.0,30974.7477261317,,0.0,1.0,0.0,127.0
BHS,2018,83.0,98.9789084760782,20.678503859013,,,,100.0,31537.2423841956,,0.0,1.0,0.0,140.0
BHS,2019,90.69329834,107.811997212897,20.8513333755622,,,,100.0,31117.6299132391,87.0900192260742,0.0,1.0,0.0,130.0
BHS,2020,92.4437027,117.717493173143,20.9668496424268,,,,100.0,24791.6704945106,,0.0,1.0,0.0,177.0
BHS,2021,92.34980011,100.257333370336,20.7423310871326,,,,100.0,29114.0597726386,,0.0,4.0,0.0,217.0
BHS,2022,92.2559967,101.623744145214,21.135589553703,,,,100.0,32186.4575039237,92.1609802246094,0.0,5.0,0.0,169.0
BHS,2023,92.38729858,100.047566593231,23.816342880032,,,,100.0,33009.645615121,90.9041152937105,1.0,3.0,0.0,208.0
BHS,2024,92.47270203,96.6798992232414,25.2679530406222,,,,100.0,33968.2032187918,,0.0,3.0,0.0,170.0
BIH,1990,0.0,0.0,,,,,100.0,791.443970389452,,,,,
BIH,1991,,0.0,,,,,100.0,715.900061170044,,,,,
BIH,1992,,0.0,,,,,100.0,705.206668516429,,,,,
BIH,1993,,0.0,,,,,100.0,748.150027169041,,,,,
BIH,1994,,0.0,,,,,100.0,871.398487189453,,,,,
BIH,1995,,0.0,,,,,100.0,1013.22444430671,,,,,
BIH,1996,0.0151,0.03838526,,,,,100.0,1498.0059275225,,,,,
BIH,1997,0.0594,0.222345857,,,,,100.0,1974.057421178,,,,,
BIH,1998,0.144,0.611923183,,,,,100.0,2262.03263639383,,,,,
BIH,1999,0.194,1.266718581,,,,,100.0,2452.85188377919,,,,,
BIH,2000,1.08296074971207,2.24497935102678,0.0006490741918245,,,15.3945398330688,98.9,2567.34137094619,,0.0,2.0,0.0,117.0
BIH,2001,1.20052695129649,10.6404497446786,0.0016270130098831,,,16.782470703125,99.6,2617.18230350812,,0.0,1.0,0.0,147.0
BIH,2002,2.64826791361244,17.879170067254,0.0050859574565628,,,17.0357398986816,97.9,2743.13878615838,,0.0,6.0,0.0,275.0
BIH,2003,3.96503683387051,25.7217681941681,0.0358978519443354,0.01826,55.34689,18.8590297698975,98.9,2855.68314939849,,0.0,3.0,0.0,326.0
BIH,2004,15.4689716227665,33.9880564705951,0.160275798982223,0.0159,57.25219,21.1273002624512,98.9,3063.83543448936,,0.0,3.0,0.0,330.0
BIH,2005,21.3267010007738,38.9202910880111,0.334481225770433,0.02697,61.48538,24.1594295501709,98.9,3217.81341615345,,0.0,8.0,0.0,375.0
BIH,2006,25.1223856852117,46.4605864436346,0.984428312945823,0.01969,164.44144,27.0378398895264,99.1,3419.75887457192,,0.0,4.0,0.0,455.0
BIH,2007,27.92,61.0557219969781,2.11019319164883,0.02521,184.20563,30.7171401977539,99.8,3665.08966529499,,0.0,3.0,0.0,555.0
BIH,2008,34.66,80.5319966034577,4.77410764769183,0.01842,,34.473949432373,99.0,3929.03297717336,51.8769177503296,0.0,5.0,0.0,696.0
BIH,2009,37.74,83.953916109979,7.52908530710651,0.02106,,36.9575691223145,99.0,3877.53540078456,53.4625551493833,0.0,5.0,0.0,862.0
BIH,2010,42.75,81.6018850459875,10.2559326160601,,,38.5334587097168,99.1,3981.20985692032,57.0089525072219,0.0,12.0,0.0,1028.0
BIH,2011,43.88769913,84.7529182494619,11.4984026395866,,,41.9769592285156,99.7,4094.25329541877,56.8820301119927,0.0,11.0,0.0,1274.0
BIH,2012,45.0644989,91.4833140015035,12.7897151940553,0.26533,155.74572,44.7015495300293,99.5,4139.91732773657,57.8995639754601,0.0,23.0,0.0,1561.0
BIH,2013,48.52130127,96.6063476862431,14.2931086481084,0.32132,228.0143,51.3600883483887,99.1,4306.73175072214,59.1528756099602,0.0,24.0,0.0,1745.0
BIH,2014,49.91770172,97.9342347136426,15.2154563374569,0.25725,283.73763,54.1655807495117,99.9,4412.67617817734,59.5738906860352,0.0,30.0,0.0,1906.0
BIH,2015,52.59999847,97.8678378339204,18.0468836372803,0.21603,353.6653,55.5336608886719,99.4,4662.25869219448,60.8295707702637,0.0,24.0,0.0,2102.0
BIH,2016,60.2565354318987,98.0143984902979,19.0747891666088,0.21337,406.85468,56.9546089172363,100.0,4876.53471495633,62.3772583007812,0.0,37.0,0.0,2367.0
BIH,2017,64.8920205128383,100.332576774399,20.4261287573476,0.1978,471.50932,54.528678894043,100.0,5099.81602856447,61.7170969984451,0.0,48.0,0.0,2847.0
BIH,2018,70.1201350394885,102.186536758193,21.1504576321228,0.19199,459.76526,49.7987518310547,100.0,5360.25201017633,63.5065383911133,1.0,63.0,0.0,3077.0
BIH,2019,69.9463476317266,112.254788698841,22.2950124838105,0.19001,451.01282,46.6677894592285,100.0,5583.29721276458,62.9002278405043,0.0,71.0,0.0,3282.0
BIH,2020,73.21175294,106.374742411306,23.3507882918721,0.20325,446.11618,43.8039207458496,100.0,5490.75366635139,69.086181640625,0.0,85.0,0.0,3609.0
BIH,2021,75.67620138,114.911613799718,24.5890868366952,0.19035,445.69281,45.0589485168457,100.0,5995.54197590494,71.1498119603508,1.0,104.0,3.0,3953.0
BIH,2022,78.8455371,118.944352880459,27.3190356221695,0.18743,540.14789,45.6063499450684,100.0,6327.16206849174,72.3236999511719,2.0,123.0,0.0,3895.0
BIH,2023,83.3771539,117.733690876159,28.440133083292,0.18853,669.76765,45.5027618408203,100.0,6493.32400514463,72.0473875223632,8.0,165.0,4.0,3999.0
BIH,2024,86.10091103,121.232373011893,29.3909178564419,0.21437,705.15606,,100.0,6746.95366547249,,3.0,209.0,3.0,4039.0
BLR,1990,0.0,0.0,,,,48.9211387634277,100.0,2888.81296582486,,,,,
BLR,1991,,0.0,,,,47.9793395996094,100.0,2852.83085924888,,,,,
BLR,1992,,0.0,,,,44.3892517089844,100.0,2573.29955103215,,,,,
BLR,1993,,0.00309146,,,,43.4634819030762,100.0,2372.48516910385,,,,,
BLR,1994,0.000486,0.016457615,,,,41.3819999694824,100.0,2097.38187007503,,,,,
BLR,1995,0.00292,0.056367534,,,,40.5794792175293,100.0,1885.36062660186,,,,,
BLR,1996,0.0293,0.062741587,,0.99852,,44.467098236084,100.0,1944.68700512976,,,,,
BLR,1997,0.049,0.07852187,,0.73,,44.790599822998,100.0,2175.40374180154,,,,,
BLR,1998,0.0739,0.117354959,,0.70578,,48.6389083862305,100.0,2368.78330877851,,,,,
BLR,1999,0.495,0.22755487,,0.84523,,51.9174118041992,100.0,2460.36944195798,,,,,
BLR,2000,1.86039812615388,0.493959102272144,,0.7221,,54.5108413696289,79.4,2615.36376799462,,0.0,10.0,0.0,1623.0
BLR,2001,4.30061602151712,1.39191079953693,,0.70876,,56.5885696411133,80.2,2753.0336970697,,0.0,4.0,0.0,1753.0
BLR,2002,8.95097131467325,4.6855962201662,0.0002025634403374,0.6209,,58.9719886779785,81.0,2910.39937484153,,0.0,10.0,0.0,1973.0
BLR,2003,,11.4044672869282,0.001254695417077,0.61147,,61.6584510803223,81.8,3137.26261430575,,0.0,8.0,0.0,1990.0
BLR,2004,,23.0022194964587,0.0077040882309163,0.62759,,62.9585113525391,82.6,3520.40452642524,,0.0,5.0,0.0,1844.0
BLR,2005,,42.4034825573205,0.0161773500962676,0.67852,,65.4601211547852,83.3,3877.71738911289,,0.0,9.0,0.0,2107.0
BLR,2006,16.2,62.0314078756574,0.118848430626197,0.66065,,68.3140869140625,84.2,4291.68647163264,,0.0,7.0,0.0,2137.0
BLR,2007,19.7,72.7794960082642,1.77563147976714,0.96203,,71.1050872802734,85.0,4682.20676719042,,0.0,11.0,0.0,2306.0
BLR,2008,23.0,85.2943083888757,5.01586780557515,0.74147,,71.3163528442383,85.9,5177.64534775676,,0.0,4.0,0.0,2170.0
BLR,2009,27.43,101.881315451425,11.4889164021429,0.62167,,75.3678512573242,86.8,5200.77418555423,84.8541030883789,0.0,4.0,0.0,2236.0
BLR,2010,31.8,108.873353765855,17.5605789720351,0.66913,,80.1169697729485,87.7,5616.0941173307,,0.0,6.0,0.0,2264.0
BLR,2011,39.6488956598961,112.901923256589,22.1484924892336,0.6776,,87.3373753061346,88.7,5941.68999156239,,0.0,11.0,1.0,2485.0
BLR,2012,46.91,112.822416305227,26.7549579016379,0.64603,,93.4729592664074,89.7,6052.6373706236,,0.0,10.0,1.0,2568.0
BLR,2013,54.17,117.433516760028,29.4347914242904,0.65191,,95.4975003100193,90.7,6115.43288098707,,0.0,11.0,0.0,3001.0
BLR,2014,59.0163187101542,120.366076944418,28.3376939308168,0.50548,,94.316359554493,91.9,6212.91667418659,,0.0,27.0,1.0,3517.0
BLR,2015,62.230360906803,120.669626204229,30.6040616643757,0.49999,,93.7888271999214,93.1,5967.05595058777,,0.0,13.0,0.0,3863.0
BLR,2016,71.1130457603832,120.431507778029,32.2929606538076,0.50063,,91.5206757734477,94.7,5811.20159182547,96.8443697907492,0.0,20.0,1.0,3982.0
BLR,2017,74.4364454136036,120.212652133209,33.3125100702522,0.58411,,89.4706479354735,96.6,5964.89668834561,97.1415486552086,0.0,36.0,0.0,4554.0
BLR,2018,79.1298866919307,122.56975741957,33.7711870351479,0.60443,,84.7097808751504,98.2,6165.91320019277,97.4142697820584,2.0,47.0,1.0,4711.0
BLR,2019,82.7891520910901,123.229810991965,34.0723501521236,0.57733,,81.2921953254514,100.0,6267.73508743505,94.7378082275391,3.0,80.0,3.0,5775.0
BLR,2020,85.08791245,125.164732031333,34.8152229336418,0.53901,1473.37761,79.900160036935,100.0,6251.98898968645,97.6255870924055,4.0,110.0,4.0,5963.0
BLR,2021,86.88841196,127.117317282369,35.0097634241001,0.45981,1439.1965,78.6027133367864,100.0,6457.73053706343,97.5256860683346,2.0,121.0,2.0,6950.0
BLR,2022,89.50733148,128.314999383533,34.0671782490739,0.47477,1434.19007,77.0977334087936,100.0,6206.61909685419,97.8953833172194,5.0,157.0,2.0,6521.0
BLR,2023,91.51249979,128.979176539764,35.0931910729644,0.57348,1504.35265,72.8250212584046,100.0,6497.78450683592,97.890668183791,4.0,171.0,6.0,5763.0
BLR,2024,94.26182128,131.123016605614,36.2627055164488,0.5872,1567.81421,70.1107509145358,100.0,6814.34443423546,,12.0,261.0,3.0,5955.0
BLZ,1990,0.0,0.0,,,,,,4112.59517532713,,,,,
BLZ,1991,,0.0,,,,,42.7948402460806,4499.57971281862,,,,,
BLZ,1992,,0.0,,,,,52.5183056980487,4967.92710478843,,,,,
BLZ,1993,,0.205997621,,,,,54.2099504223872,5166.82867390165,,,,,
BLZ,1994,,0.419321022,,,,,55.8924997801879,5056.95201193832,,,,,
BLZ,1995,0.0454,0.759987424,,,,,57.5685157492391,4967.96153818049,,,,,
BLZ,1996,0.883,1.040792985,,,,,59.237817457154,4875.65675023061,,,,,
BLZ,1997,1.29,1.171718474,,,,,60.9026498452213,4915.3403407039,,,,,
BLZ,1998,2.09,1.571760772,,,,,62.5630782103968,4931.45499103616,,,,,
BLZ,1999,4.08,2.832000619,,,,,64.2206403979687,5213.5662826521,,,,,
BLZ,2000,5.96383530272428,6.98175656875651,,,,,65.7,5663.64632374973,,0.0,0.0,0.0,86.0
BLZ,2001,,15.7642151711699,,,,15.1962203979492,67.5,5764.99055491104,,0.0,0.0,0.0,108.0
BLZ,2002,5.68425121358763,20.2059302602643,,,,17.0946197509766,68.9,5895.15235037898,,0.0,0.0,0.0,82.0
BLZ,2003,,22.8990067480476,0.356357570702858,,,16.2938194274902,70.3,6274.47428279313,,0.0,0.0,0.0,82.0
BLZ,2004,9.8,27.6051941933394,1.04053178646094,,,15.6906204223633,71.7,6383.07432412662,,0.0,0.0,0.0,126.0
BLZ,2005,17.0,34.3186847364075,1.79529619527332,,,16.1422500610352,73.1,6337.12389222378,24.8250007629394,0.0,0.0,0.0,134.0
BLZ,2006,24.0,40.989585866235,2.51669109831248,,,16.941520690918,85.1,6435.58767337678,,0.0,0.0,0.0,149.0
BLZ,2007,24.60000038,39.9574468085106,2.52617359000338,,,17.9253196716309,76.0,6465.82885846045,,0.0,0.0,0.0,168.0
BLZ,2008,26.29999924,52.5796669087038,2.6438998426211,,,18.78537940979,77.5,6187.95885023655,,0.0,0.0,0.0,119.0
BLZ,2009,27.20000076,51.751680986776,2.66782677679183,,,22.0563106536865,78.9,5997.68447156383,,0.0,0.0,0.0,153.0
BLZ,2010,28.2,60.6413839404206,2.78380614841762,,,21.5657311669129,84.1,5937.75398343789,36.827018737793,0.0,1.0,0.0,125.0
BLZ,2011,30.70000076,67.9524470054812,2.96304896455218,,,21.5464009784327,87.9,5802.24344531492,,0.0,0.0,0.0,121.0
BLZ,2012,31.0,51.5597433121819,2.98223160513615,,,24.0271611386785,85.7,5902.74234696881,,0.0,0.0,0.0,66.0
BLZ,2013,33.59999847,51.1127633354507,2.89789741443153,,,24.0045345047471,85.9,6013.07879895362,37.9717471104897,0.0,0.0,0.0,91.0
BLZ,2014,38.70000076,49.3805223502033,2.83730221280913,,,24.0154633440872,86.4,6116.49578852783,38.4909257348598,0.0,0.0,0.0,73.0
BLZ,2015,41.59000015,59.4797562953754,4.87717949221655,,,23.4350622690571,87.6,6154.62264230369,32.5941200256348,0.0,0.0,0.0,51.0
BLZ,2016,44.57569885,61.1255672392756,5.03804444688173,,,24.4760136680388,89.4,6012.21296983668,39.9577467978532,0.0,0.0,0.0,57.0
BLZ,2017,48.8771019,64.1585522049721,5.09268439075889,,,24.731690676743,90.9,5767.61921963762,39.1543990807057,0.0,1.0,0.0,63.0
BLZ,2018,53.59360123,64.7801570644827,6.48509044620831,,,24.5883446033139,86.5,5707.61059954436,,0.0,0.0,0.0,64.0
BLZ,2019,58.76520157,66.0704612665196,7.67179242617844,,,25.138736158351,87.8,5864.14611827109,,0.0,1.0,0.0,71.0
BLZ,2020,64.43589783,67.551661668526,9.21159022752628,,,25.9421694120047,95.5,5006.48453276935,43.2856292724609,0.0,0.0,0.0,105.0
BLZ,2021,70.65370178,66.7769498110516,9.10594770150703,,,23.6813942822198,97.1,5839.40157956017,,0.0,0.0,0.0,106.0
BLZ,2022,69.98329926,67.1750266305468,9.75385677359442,,,23.9767727412258,97.1,6262.56088273674,42.886848449707,0.0,1.0,0.0,99.0
BLZ,2023,70.18720245,,,,,22.3734089825019,99.4,6165.69414825936,,0.0,1.0,1.0,93.0
BLZ,2024,80.00582262,,,,,24.8098643151325,99.5,6290.49294452749,,0.0,4.0,0.0,112.0
BMU,1990,0.0,1.934922568,,,,,100.0,89089.7346423608,,,,,
BMU,1991,,2.488163942,,,,,100.0,85311.0494288592,,,,,
BMU,1992,,3.319502075,,,,,100.0,84642.6084927299,,,,,
BMU,1993,,5.788219271,,,,,100.0,86582.8344997142,,,,,
BMU,1994,,8.673365814,,,,,100.0,86545.7823557807,,,,,
BMU,1995,6.84,10.63482721,,,,,100.0,89849.1250139813,,,,,
BMU,1996,16.2,13.3355615,,,,,100.0,91743.2962338679,,,,,
BMU,1997,24.2,17.062115,,0.05885,,,100.0,95383.0225110365,,,,,
BMU,1998,32.1,20.74484761,,,,,100.0,98347.9089816051,,,,,
BMU,1999,39.9,20.99014447,,,,,100.0,100867.914579743,,,,,
BMU,2000,42.9498600152711,21.1210398050366,,,,,100.0,109502.763102809,85.6993789672852,0.0,0.0,0.0,24.0
BMU,2001,47.5096998970623,21.5510692291529,,,,,100.0,116809.925253071,,0.0,0.0,0.0,32.0
BMU,2002,52.0315973700393,48.2765279521097,,,,,100.0,114574.433608566,,0.0,0.0,0.0,35.0
BMU,2003,56.5220121836337,64.1169493155516,,,,,100.0,118018.831592635,,0.0,0.0,0.0,51.0
BMU,2004,60.9908670086326,78.3310686595796,,,,,100.0,120432.12052555,,0.0,0.0,0.0,52.0
BMU,2005,65.4470657898838,84.0681858047233,29.4796766117587,,,,100.0,122143.799577518,,0.0,0.0,0.0,39.0
BMU,2006,69.8996551617012,95.6488525320686,37.6277174777986,,,32.5518684387207,100.0,128662.931924261,,0.0,0.0,0.0,47.0
BMU,2007,74.3505940302669,109.506427551182,45.7054435803841,0.16026,,29.2320194244385,100.0,132595.482654866,,0.0,0.0,0.0,62.0
BMU,2008,82.3,124.80252764613,53.6413902053713,0.16848,,29.9917602539062,100.0,129525.177139097,,0.0,0.0,0.0,75.0
BMU,2009,83.25,133.721387556045,62.92771179108,0.18235,,38.3707885742188,100.0,121727.584908744,,0.0,0.0,0.0,76.0
BMU,2010,84.21,138.407218517066,62.9266378972146,0.1805,,36.5495414733887,100.0,118382.908990645,77.0159683227539,0.0,0.0,0.0,62.0
BMU,2011,88.336,,,0.26195,,37.8277206420898,100.0,113937.835700983,,0.0,1.0,0.0,56.0
BMU,2012,91.2993045243401,142.978348992867,,0.23355,,36.9150810241699,100.0,108040.575659203,,0.0,0.0,0.0,65.0
BMU,2013,95.3,148.331078742882,63.0761002925724,0.1963,,35.1997718811035,100.0,107860.394791964,,0.0,0.0,0.0,93.0
BMU,2014,96.8,93.6438476916054,54.6695210061547,0.19083,,33.3333282470703,100.0,103941.982606956,,0.0,0.0,0.0,49.0
BMU,2015,98.3236096537251,59.8764653977058,47.2708937350309,0.19507,,30.6167392730713,100.0,104855.366822135,,0.0,1.0,0.0,62.0
BMU,2016,98.0,100.6966224842,35.9296442812337,,,,100.0,104190.876720334,87.4534378051758,0.0,0.0,0.0,55.0
BMU,2017,98.37,102.231904117777,35.8740444807952,,,21.8093700408936,100.0,107734.608357327,,0.0,0.0,0.0,65.0
BMU,2018,,,,0.22851,,22.3407592773438,100.0,106843.163739391,,0.0,1.0,0.0,55.0
BMU,2019,,104.512767716474,35.8775172758045,0.26451,,,100.0,106709.881238843,,0.0,0.0,0.0,80.0
BMU,2020,,105.619583113293,35.7242707589078,0.22546,,,100.0,98846.4458079644,,0.0,1.0,0.0,79.0
BMU,2021,,105.185001856206,35.5772800395991,,,,100.0,103130.365845318,,,,,
BMU,2022,,105.274212729154,35.5804722852863,,,,100.0,109412.251159598,,0.0,2.0,0.0,91.0
BMU,2023,,,,,,17.3357105255127,100.0,114244.681047132,,0.0,0.0,0.0,98.0
BMU,2024,,96.6767745528807,51.3026796212637,,,,100.0,116513.536565041,,0.0,5.0,0.0,93.0
BOL,1990,0.0,0.0,,,,,,1679.40847944141,,,,,
BOL,1991,,0.004071835,,,,,,1731.39514136336,,,,,
BOL,1992,,0.020975279,,,,,13.2145822115123,1724.3633452511,28.0149402618408,,,,
BOL,1993,,0.035244269,,,,,13.3725169498417,1762.66830964982,,,,,
BOL,1994,,0.052718307,,,,,23.167928845758,1809.57065115273,,,,,
BOL,1995,0.0668,0.092189324,,,,,20.2616960389374,1858.78185214476,,,,,
BOL,1996,0.196,0.418055648,,0.32544,,,32.9567614289426,1904.28702213594,,,,,
BOL,1997,0.448,1.455376388,,0.31577,,,24.2240372567879,1962.86404301605,,,,,
BOL,1998,0.626,2.887342571,,0.29495,71.59781,,32.6782770853407,2025.5033470495,,,,,
BOL,1999,0.982,4.980938617,,0.29836,71.54516,,28.3738518904785,1998.94533975051,,,,,
BOL,2000,1.4427635847914,6.76967151836916,,0.28744,70.31278,,28.2,2014.19024634132,29.7,0.0,4.0,0.0,353.0
BOL,2001,2.1204625341365,8.91055094087152,,0.29358,120.97677,,28.0,2013.84581094568,38.0085716247559,1.0,2.0,0.0,414.0
BOL,2002,3.11719294696997,11.4976649807789,0.0374142379714068,0.27663,117.83207,,22.5,2029.66993705968,25.7,0.0,3.0,0.0,459.0
BOL,2003,3.50859640072336,14.1297800170153,0.063420508910913,,,,35.0,2050.07133419082,,0.0,1.0,0.0,494.0
BOL,2004,4.43992460120042,19.5646767642078,0.0947710561393837,,,,40.3,2099.9908107392,26.0,0.0,0.0,0.0,552.0
BOL,2005,5.22758395663196,25.8675957086363,0.138589263215335,,,,29.5,2156.18670353603,31.0,0.0,2.0,0.0,650.0
BOL,2006,6.20067125473576,30.2062270674877,0.184725630085167,,,,41.6,2221.42722588941,33.4957504272461,0.0,6.0,0.0,762.0
BOL,2007,10.49919987,33.5992508744616,0.350786086252679,,,,46.5,2283.42733535297,36.6,0.0,5.0,0.0,859.0
BOL,2008,12.5,51.1488440905351,0.805148140395486,,,,57.0,2383.25032547517,36.0851097106934,0.0,1.0,0.0,953.0
BOL,2009,16.79999924,64.5388630004667,0.959777961367874,0.157,143.15295,,63.3,2422.57579380245,38.4426002502441,0.0,7.0,0.0,1172.0
BOL,2010,22.39999962,70.5072652714085,0.942297673080219,,162.98202,,66.4,2481.4070083834,,0.0,8.0,0.0,1229.0
BOL,2011,30.0,80.7163040735906,0.710624258800113,,,,66.6,2568.52051674406,40.5,0.0,7.0,1.0,1333.0
BOL,2012,35.34,90.2755917829226,1.10983398611253,,,,72.2,2657.2388497837,43.1408309936523,0.0,3.0,0.0,1453.0
BOL,2013,36.99,97.5951190945133,1.44251291444936,,,,68.5,2793.51457124054,46.4,0.0,4.0,0.0,1528.0
BOL,2014,34.6016202324676,96.3263792565653,1.59263327264509,,,,70.3,2900.90241571477,40.9,0.0,8.0,0.0,1726.0
BOL,2015,37.4868176324391,92.2660116634989,1.64281294868996,,,,74.3,2996.01289811344,51.2609596252441,0.0,4.0,0.0,1923.0
BOL,2016,39.69749832,90.3953302409119,2.57234781333128,,,,74.9,3077.57057582774,43.1,0.0,4.0,0.0,2134.0
BOL,2017,43.83229828,96.6383703523099,3.34957984808085,0.07627,49.89826,,74.8,3160.16421247588,44.7,0.0,5.0,0.0,2177.0
BOL,2018,44.2861422024283,99.4565867202022,4.38026486466196,,,,77.6,3204.53670838005,45.2,0.0,5.0,1.0,2413.0
BOL,2019,47.4748191121692,100.14945954148,6.39917144373428,0.06643,58.8279,,84.9,3207.38695231128,60.1514701843262,0.0,8.0,0.0,2606.0
BOL,2020,59.94010155,99.898817726261,7.88671647526861,,,,90.9,2765.09271788602,59.2210693359375,1.0,26.0,0.0,4083.0
BOL,2021,65.9773785,100.809064985893,9.44574009663778,0.06308,63.0569,,95.1,3011.55110825301,49.7,1.0,38.0,0.0,3510.0
BOL,2022,72.62270355,101.57150434614,10.9975247479663,,,,95.6,3088.24126173436,50.7064027760573,1.0,32.0,0.0,2795.0
BOL,2023,77.30039978,,11.1529423948186,,,,99.6,3122.77049466223,53.8120613098145,1.0,38.0,0.0,3086.0
BOL,2024,79.70469666,98.0287940811943,12.0711429622144,,,,88.7,3045.61476620329,53.1322212219238,2.0,57.0,0.0,3371.0
BRA,1990,0.0,0.000442582,,,,,58.9484320241383,6149.86788926381,,,,,
BRA,1991,0.00329,0.004369477,,,,,68.1410230491832,6107.64883675747,,,,,
BRA,1992,0.0129,0.020525874,,,,,62.0133014337249,5973.98285622586,21.0858190844278,,,,
BRA,1993,0.0255,0.114869348,,,,,64.3043978721134,6167.46092178931,,,,,
BRA,1994,0.0377,0.356570578,,,,,69.5260303381059,6427.16901943704,,,,,
BRA,1995,0.105,0.786185011,,,,,67.946114285024,6596.33572674819,19.9339977205057,,,,
BRA,1996,0.451,1.504575585,,,,,71.0417639637788,6640.7270065575,20.5062962783534,,,,
BRA,1997,0.786,2.69954844,,,,,71.8385840283646,6764.85842091319,21.3494117010642,,,,
BRA,1998,1.48,4.307896658,0.000584659,,,,74.6887052208251,6687.49523550242,22.0733874502781,,,,
BRA,1999,2.04,8.665064415,0.004034901,,,,76.5073551123924,6621.63676249539,22.8272911207422,,,,
BRA,2000,2.87068515854108,13.3251349993215,0.0574652265559086,1.04752,298.53981,,74.6,6817.784240857,,1.0,119.0,1.0,25068.0
BRA,2001,4.52849486902851,16.3049193714237,0.187746875442478,1.06197,341.27926,,81.9,6823.03396999891,25.3,1.0,103.0,2.0,27223.0
BRA,2002,9.14942508560748,19.540774901626,0.409515816509217,1.00967,403.16475,,84.1,6944.62337495755,26.8,6.0,418.0,2.0,35006.0
BRA,2003,13.2075861035303,25.6741091130257,0.534956051589709,0.99939,428.48507,,85.3,6941.4404574508,28.1,3.0,299.0,6.0,37294.0
BRA,2004,19.073672274442,35.9134794819895,1.7284595748202,0.96343,489.27106,,83.5,7258.78185165912,29.4160003662109,1.0,228.0,4.0,42026.0
BRA,2005,21.022747248827,46.6788794368512,1.75095200096296,1.00247,515.766,,84.8,7409.56913232718,30.4,2.0,276.0,3.0,46966.0
BRA,2006,28.17840004,53.5317215669585,2.55393928456781,0.98807,550.49741,,87.2,7622.04007133264,32.4210815429688,1.0,403.0,3.0,55362.0
BRA,2007,30.87999916,64.1626170391327,4.03572440795213,1.08138,562.55469,,89.8,8003.25413096047,33.7455711364746,0.0,367.0,9.0,64413.0
BRA,2008,33.83,79.1319735150735,5.26188788450655,1.12904,598.65285,,91.9,8330.76459841304,35.4544715881348,0.0,389.0,4.0,73608.0
BRA,2009,39.22,88.1849371150662,6.10682944207956,1.11866,634.14103,,93.6,8246.09706995094,37.1068801879883,3.0,388.0,4.0,82471.0
BRA,2010,40.65,101.666503279892,7.27968486054674,1.15992,696.09998,,92.1,8792.63436120342,35.922679901123,6.0,436.0,9.0,90953.0
BRA,2011,45.69,120.008104166504,9.13182030910824,1.13966,749.17174,,96.2,9067.99316348047,39.3609809875488,7.0,460.0,19.0,103001.0
BRA,2012,48.56,126.131962754994,9.71151141846763,1.12684,801.40894,43.8344116210938,97.2,9167.49923929815,40.6111907958984,6.0,485.0,18.0,122062.0
BRA,2013,51.04,136.589138644321,10.7622017659472,1.19567,852.71699,44.9966697692871,97.5,9366.73932434359,41.8536682128906,9.0,488.0,18.0,133005.0
BRA,2014,54.5510018796392,140.304679417776,11.9790772854396,1.26971,903.20079,47.8131904602051,97.9,9338.34278278114,42.5613784790039,7.0,527.0,21.0,150094.0
BRA,2015,58.3279517340924,127.83616904008,12.6353840484725,1.28464,,49.0805015563965,98.2,8936.19661712113,43.7763481140137,22.0,671.0,31.0,167492.0
BRA,2016,60.8725400681261,120.101181531485,13.217709027651,1.19584,,48.9665794372559,98.5,8577.84376650911,45.1083183288574,25.0,741.0,37.0,184022.0
BRA,2017,67.4712845236305,108.092570205646,14.1218273097456,1.1175,,50.7326316833496,99.2,8628.25308908043,46.1742515563965,31.0,982.0,59.0,202408.0
BRA,2018,70.4342825404361,101.602460284017,15.1537620986579,1.15016,,52.05712890625,98.4,8722.33630317935,47.4328689575195,47.0,1611.0,47.0,213870.0
BRA,2019,73.9124399133589,97.3747376780285,15.8621991239093,1.15115,,53.6215400695801,98.5,8771.44051292177,50.2,77.0,2277.0,70.0,225080.0
BRA,2020,81.34269353,98.6456198619193,17.418059685583,1.21907,,55.529109954834,98.7,8435.01143254978,52.9,131.0,3061.0,103.0,257145.0
BRA,2021,80.68989314,104.824727184587,19.8363162401481,1.13371,,57.6311988830566,97.3,8799.22945810901,53.5,156.0,3761.0,78.0,249082.0
BRA,2022,80.52775094,101.245468903076,20.9534469027015,1.18873,,61.0000915527344,97.3,9032.08481566299,54.0,193.0,3936.0,85.0,219259.0
BRA,2023,84.15060238,101.020256020808,22.4192301618889,1.1938,,,99.0,9288.02701470069,55.2,235.0,4796.0,102.0,245169.0
BRA,2024,84.46347227,101.926846460424,24.079199344422,,,69.7317733764648,99.2,9566.74518687619,61.7327776308577,315.0,5420.0,128.0,233593.0
BRB,1990,0.0,0.0,,,,18.1553592681885,99.9748569516163,19965.24047908,,,,,
BRB,1991,,0.187353991,,,,28.3673095703125,99.9895842514774,19128.1019342633,,,,,
BRB,1992,,0.305904416,,,,29.5495491027832,99.997928794984,17977.267183022,,,,,
BRB,1993,,0.59771031,,,,27.2394599914551,100.0,18067.0819950459,,,,,
BRB,1994,,1.133688941,,,,,100.0,18388.5965093239,,,,,
BRB,1995,0.00775,1.759027693,,,,,100.0,18728.9470113809,,,,,
BRB,1996,0.389,2.390846062,,,,,100.0,19455.5086622641,,,,,
BRB,1997,0.783,3.044175303,,,,,100.0,20369.3325002152,,,,,
BRB,1998,1.97,4.551626827,,,,,100.0,21125.2533175225,,,,,
BRB,1999,2.38,7.687852519,,,,36.0569381713867,100.0,21189.4102394967,,,,,
BRB,2000,3.97367835457927,10.8626551630715,,,,41.9254302978516,100.0,22170.0846712974,24.2057304382324,0.0,0.0,0.0,82.0
BRB,2001,11.9364503383984,20.2385443460036,,,,41.2074584960938,100.0,21615.8003391727,,0.0,1.0,0.0,89.0
BRB,2002,27.836322424146,36.794902857489,,,,,100.0,21643.8964907973,,0.0,2.0,0.0,89.0
BRB,2003,39.6896271159532,52.6759376316898,10.2789567154295,,,,100.0,21979.2923230027,,0.0,0.0,0.0,104.0
BRB,2004,49.8,74.8744846575732,11.0850062477085,,,,100.0,22162.6344048607,,0.0,2.0,0.0,122.0
BRB,2005,52.5,76.7344234963119,11.8873415554547,,,,99.9,22918.5438028595,,0.0,0.0,0.0,98.0
BRB,2006,55.29999924,87.8212013244346,14.3702639239709,,,,100.0,24193.1384344674,,0.0,0.0,0.0,113.0
BRB,2007,58.20000076,94.9529651145646,17.3737872666686,,,60.2387390136719,100.0,24579.0897752594,,0.0,0.0,0.0,135.0
BRB,2008,61.40000153,105.84788459705,18.0467449415872,,,,100.0,24605.4523230752,,0.0,0.0,0.0,128.0
BRB,2009,64.69999695,122.959766236325,20.9048492829861,,,74.2060775756836,100.0,23250.8017659349,,0.0,1.0,0.0,141.0
BRB,2010,65.09999847,127.182525986129,20.4146881119593,,,69.5953279239237,100.0,21285.0039393558,,0.0,0.0,0.0,147.0
BRB,2011,66.5,125.993430844611,22.6820550519847,,,66.9463967271583,100.0,21200.1949825923,,0.0,0.0,0.0,198.0
BRB,2012,71.19999695,126.127869775907,24.1512540713084,,,70.0289730657796,100.0,20534.8825878653,,0.0,1.0,0.0,161.0
BRB,2013,71.80000305,110.819872868385,24.4171933805125,,,73.1807704972012,100.0,20521.1209928514,,0.0,1.0,0.0,194.0
BRB,2014,71.92459869,109.738888010692,27.9254745857703,,,71.2682628742848,100.0,20636.0327188055,,0.0,2.0,0.0,200.0
BRB,2015,72.04940033,120.001433743145,28.0544105523495,,,57.2814457564167,100.0,20429.4747123553,,0.0,0.0,0.0,234.0
BRB,2016,71.57299805,118.816300545784,31.0756872366755,,,52.0533712473342,100.0,20673.7682337375,,0.0,1.0,0.0,247.0
BRB,2017,71.14849854,117.629947424965,31.8876686023893,,,51.0106696691866,100.0,20766.5518491129,,0.0,2.0,0.0,195.0
BRB,2018,70.72650146,117.318523321138,31.8263267203636,,,45.8751983077737,100.0,20674.3547847984,,0.0,1.0,0.0,240.0
BRB,2019,70.30709839,117.111593950364,37.98020675161,,,48.935497470489,100.0,20687.6467427909,,0.0,0.0,0.0,297.0
BRB,2020,69.89009857,104.722078254017,45.43873225937,,,52.971630831,100.0,17056.9868669781,,0.0,4.0,0.0,291.0
BRB,2021,69.4756012,112.222706603295,36.3512637029634,,,54.672,100.0,18395.6153622073,,0.0,2.0,0.0,370.0
BRB,2022,69.06359863,114.580721030894,37.4843261853654,,,55.0600902713579,100.0,21315.9363255517,,1.0,5.0,0.0,402.0
BRB,2023,69.67510223,,,,,54.2600399378744,100.0,21701.2660270701,,0.0,7.0,0.0,475.0
BRB,2024,70.36470032,,,,,53.5815662047086,100.0,22421.5333611295,,0.0,10.0,0.0,445.0
BRN,1990,0.0,0.676521792,,,,,100.0,44179.827869454,,,,,
BRN,1991,,1.120951605,,,,,100.0,44201.1394947727,,,,,
BRN,1992,,1.479006258,,,,5.49680995941162,100.0,41672.3708419389,,,,,
BRN,1993,,2.916621299,,,,5.81064987182617,100.0,40342.0504065212,,,,,
BRN,1994,,5.351515401,,,,6.15674018859863,100.0,39721.4345352129,,,,,
BRN,1995,1.02,11.99644263,,,,,100.0,39274.4980204335,,,,,
BRN,1996,3.3,14.21442475,,,,,100.0,38331.6576177026,,,,,
BRN,1997,4.83,14.36712801,,,,,100.0,39820.2107524086,,,,,
BRN,1998,6.28,15.34552338,,,,10.6331796646118,100.0,36331.1813349886,,,,,
BRN,1999,7.67,20.18070908,,,,13.0251398086548,100.0,37045.9342568638,,,,,
BRN,2000,8.99628453448726,29.1032522118472,,,,13.4959297180176,100.0,37509.5983847742,,0.0,0.0,0.0,83.0
BRN,2001,12.9177690823013,42.8996985105521,0.568780092696756,,,14.6684103012085,100.0,37269.3099216587,,0.0,1.0,0.0,75.0
BRN,2002,15.329879855735,45.1771395975878,0.810646311809208,0.01469,293.97005,14.1154699325562,100.0,37976.2627573601,,0.0,8.0,0.0,120.0
BRN,2003,19.5950032207342,51.16735951442,1.10721013625204,0.01685,285.35738,14.257490158081,100.0,38595.1688513702,,0.0,5.0,0.0,120.0
BRN,2004,29.7156041447864,57.3668715341828,1.77438504325453,0.03381,291.27185,15.1707801818848,100.0,37948.6590825194,,0.0,0.0,0.0,91.0
BRN,2005,36.4663919475782,64.8898349474529,2.26403949670675,,,15.2498598098755,100.0,37312.2778797122,,0.0,0.0,0.0,136.0
BRN,2006,42.1863491609307,82.6516537186389,2.45815999978062,,,15.2068796157837,100.0,38229.3565684183,,0.0,7.0,0.0,164.0
BRN,2007,44.68,98.7232826331386,3.13233910260386,,,15.4847002029419,100.0,36174.516515486,,0.0,2.0,0.0,183.0
BRN,2008,46.0,105.575540044416,4.47096690515706,,,15.7385101318359,100.0,34126.6941563969,,0.0,7.0,0.0,209.0
BRN,2009,49.0,107.255450030134,5.20298634634968,,,16.5658493041992,100.0,32855.6021602466,,0.0,8.0,0.0,224.0
BRN,2010,53.0,110.901991170743,5.53077495590469,,,15.3331604003906,100.0,33121.3178241724,,0.0,5.0,0.0,209.0
BRN,2011,56.0,110.959741004384,5.80511731670126,,,17.4244594573975,100.0,33754.3640783713,62.9979209899902,0.0,5.0,0.0,227.0
BRN,2012,60.27310181,115.8258888393,4.8942565410041,,,22.0733509063721,100.0,33544.5389457877,,0.0,0.0,0.0,336.0
BRN,2013,64.5,114.010632244007,6.70157246316895,,,23.4649200439453,100.0,32381.0739795231,,0.0,0.0,0.0,386.0
BRN,2014,68.76999664,108.471265746851,7.26070785842831,,,30.0799102783203,100.0,31148.7297405401,70.6451314714651,1.0,10.0,0.0,481.0
BRN,2015,71.19999695,109.751499246824,8.15348687389274,,,28.6641292572021,100.0,30625.1287744656,67.5941925048828,0.0,7.0,0.0,580.0
BRN,2016,90.0,122.42681797345,8.44785809843673,,,28.6644096374512,100.0,29492.4145927789,,1.0,9.0,0.0,618.0
BRN,2017,94.86669922,125.870435240727,9.49044762600168,,,31.2433910195239,100.0,29524.65912789,67.798432665848,1.0,12.0,0.0,673.0
BRN,2018,95.0,129.268175692652,11.2953107512391,0.27764,,27.9285989469629,100.0,29200.1952024222,68.3763364360234,1.0,16.0,0.0,775.0
BRN,2019,95.0,129.845260684919,12.2424776362158,,,27.7715019255456,100.0,29996.2407223175,69.2162924505964,1.0,33.0,0.0,802.0
BRN,2020,96.30549622,119.933885258067,15.886760064729,,,27.4692556634304,100.0,30015.9588506697,67.4217208868073,2.0,37.0,0.0,1106.0
BRN,2021,97.62879944,133.597065445264,17.580984722871,,,27.4258937503291,100.0,29256.1833678343,70.8407319388492,6.0,64.0,5.0,1472.0
BRN,2022,98.97042579,116.108439291126,19.8049937413532,,506.18125,31.1925368707703,100.0,28549.1756060465,68.7706399814038,5.0,116.0,4.0,1642.0
BRN,2023,98.97039795,118.673752421293,20.2120497048692,,,36.4182725443167,100.0,28645.9645396284,67.8724923905063,14.0,135.0,5.0,1928.0
BRN,2024,96.29828801,118.130579766209,21.1771240120937,,,,100.0,29563.8682753082,,16.0,187.0,6.0,2085.0
BTN,1990,0.0,0.0,,,,,,812.671325588739,,,,,
BTN,1991,,0.0,,,,,,795.191842865383,,,,,
BTN,1992,,0.0,,,,,,863.46389569327,,,,,
BTN,1993,,0.0,,,,,,917.291292689812,,,,,
BTN,1994,,0.0,,,,,,963.016574291679,,,,,
BTN,1995,,0.0,,,,,,1043.38748981674,,,,,
BTN,1996,,0.0,,,,,,1099.85817824831,,,,,
BTN,1997,,0.0,,,,,,1138.39922318847,,,,,
BTN,1998,,0.0,,,,,,1182.98781073316,,,,,
BTN,1999,0.138,0.0,,,,2.69045996665955,,1248.61600842811,,,,,
BTN,2000,0.40094444691941,0.0,,,,,8.8,1259.6237645235,,,,,
BTN,2001,0.864628564215099,0.0,,,,,19.8,1321.09878230279,,,,,
BTN,2002,1.67580258375242,0.0,,,,,23.9,1427.25693317315,,0.0,0.0,0.0,13.0
BTN,2003,2.43691239949767,0.35363507056235,,,,,18.5,1506.4152751782,,,,,
BTN,2004,3.15698419613711,2.94184559384146,,,,,32.5,1552.73915195801,,,,,
BTN,2005,3.847100019,5.43917566271067,,,,4.87233018875122,43.2,1632.02169500573,,0.0,0.0,0.0,15.0
BTN,2006,4.518300056,12.235856046297,,,,5.12222003936768,42.0,1701.11878173586,,0.0,2.0,0.0,30.0
BTN,2007,5.92,22.0203318101912,,,,5.54621982574463,58.9,1952.25734603779,,0.0,3.0,0.0,22.0
BTN,2008,6.55,36.9241102584538,0.300137976050155,,,6.58204984664917,52.3,2017.76018913403,,0.0,0.0,0.0,21.0
BTN,2009,7.17,48.8391730116371,0.486751932310069,,,6.29682016372681,57.7,2148.56480375034,,0.0,0.0,0.0,21.0
BTN,2010,13.6,56.1998312505701,1.23640312870565,,,6.57718143152316,59.4,2378.72810760985,,0.0,0.0,0.0,44.0
BTN,2011,14.39999962,68.2555256231877,1.86543967453131,,,7.70502526511554,72.1,2552.48871073094,,0.0,0.0,0.0,36.0
BTN,2012,15.60000038,78.1969080371794,2.33744470422249,,,7.60806024678839,86.9,2654.74798946027,5.50574016571045,0.0,1.0,0.0,33.0
BTN,2013,22.39999962,75.052704292039,2.82390217200971,,,10.362939215902,80.3,2671.07460201171,,0.0,1.0,0.0,73.0
BTN,2014,30.29999924,85.1865744422272,3.40713016222026,,,,86.4,2797.81883971908,,0.0,0.0,0.0,82.0
BTN,2015,39.79999924,91.2409636276731,3.76361363077862,,,,92.6,2954.04081911097,,0.0,1.0,0.0,119.0
BTN,2016,46.50320053,93.382103211003,2.20480674345404,,,,99.0,3173.36773217431,,0.0,0.0,0.0,114.0
BTN,2017,54.33549881,96.8565690310008,2.21479846487303,,,14.8354989456323,96.8,3211.80903275593,17.3154907226562,0.0,3.0,0.0,138.0
BTN,2018,63.48680115,92.6022594006784,1.42176663915794,,,14.9303808051574,99.9,3300.55006461736,,0.0,2.0,0.0,161.0
BTN,2019,74.17939758,95.3472955869586,1.14719203372279,,,15.9420291550317,100.0,3467.38598979356,,0.0,5.0,0.0,201.0
BTN,2020,76.85079956,96.7702849068709,0.414152616992595,,,16.8650740250552,100.0,3092.12428399363,,1.0,5.0,0.0,288.0
BTN,2021,85.63688389,100.330908049861,0.364566273170656,,,14.7382447141292,100.0,3206.20366997254,,1.0,13.0,1.0,481.0
BTN,2022,88.35620117,95.129809428439,0.631823734751842,,,14.5780698560857,100.0,3349.73309632799,19.22580909729,1.0,15.0,1.0,441.0
BTN,2023,90.02140045,95.6260610260877,1.31881966212479,0.10787,237.23815,15.0074996948242,100.0,3480.51388523184,,0.0,8.0,0.0,402.0
BTN,2024,91.27739716,99.7576826476519,2.92069476099272,0.09979,236.30666,13.011259392916,100.0,3717.21053114706,,0.0,8.0,0.0,339.0
BWA,1990,0.0,0.0,,,,,,4039.46544455099,,,,,
BWA,1991,0.0,0.0,,,,4.35687017440796,3.97363741103963,4224.09857544948,,,,,
BWA,1992,,0.0,,,,,1.6322980392337,4226.73999498293,,,,,
BWA,1993,,0.0,,,,5.16587018966675,3.25835695727018,4186.14547358363,,,,,
BWA,1994,,0.0,,,,5.62313985824585,4.85342418017861,4219.4408088678,,,,,
BWA,1995,0.0645,0.0,,,,5.28647994995117,6.41893134310099,4399.1388580936,,,,,
BWA,1996,0.157,0.0,,,,5.66145992279053,7.95553274362333,4543.2105349273,,,,,
BWA,1997,0.308,0.0,,,,,9.46555848682613,4809.4439184672,,,,,
BWA,1998,0.602,0.917437288,,,,5.96113014221191,10.9490920946759,4724.93670942028,,,,,
BWA,1999,1.12,5.438773013,,,,6.25281000137329,12.406704642078,5070.94772048729,,,,,
BWA,2000,2.90266662177209,13.2462372912074,,,,6.98083019256592,12.1,5062.64289173588,,0.0,0.0,0.0,204.0
BWA,2001,3.43088678702599,19.4050649027539,,,,7.48678016662598,10.4,4971.96371794188,,0.0,0.0,0.0,190.0
BWA,2002,3.38592235064273,19.0435033296786,,,,7.80341005325317,6.4,5175.47655317231,,0.0,0.0,0.0,250.0
BWA,2003,3.3451901740614,25.0587925232129,,,,9.07960033416748,16.4,5320.440295139,,0.0,0.0,0.0,228.0
BWA,2004,3.30488925316113,28.9318073913231,,,,9.56877994537354,17.9,5369.42516766112,,0.0,1.0,0.0,254.0
BWA,2005,3.262599945,30.6423744630755,0.0869623349821754,0.53286,,9.23077964782715,19.3,5514.21742664705,,0.0,3.0,0.0,318.0
BWA,2006,4.28993297515968,43.9084008885494,0.0960247871984021,,,10.0698099136353,20.7,5865.00026521361,13.2221913507966,2.0,3.0,0.0,348.0
BWA,2007,5.28,60.2637294559808,0.185223846157469,,,10.2232799530029,21.3,6085.6354476126,,0.0,1.0,0.0,371.0
BWA,2008,6.25,76.195582496141,0.456417278214537,,,14.2659397125244,21.6,6158.61629368051,,0.0,2.0,0.0,352.0
BWA,2009,6.150000095,94.1440909682303,0.502342675065166,,,21.9871006011963,16.2,5179.4138607146,16.4856527382353,0.0,2.0,0.0,373.0
BWA,2010,6.0,116.2460387062,0.589146386990184,,,19.5398902893066,25.2,5584.5034321846,,0.0,0.0,0.0,403.0
BWA,2011,9.0,139.870462760455,0.92233793979846,,,17.5134506225586,25.2,5850.07858575461,,2.0,3.0,0.0,562.0
BWA,2012,16.0,146.149158429435,1.05453005453337,0.26759,168.08972,21.6663608551025,25.3,5742.91924452636,,0.0,7.0,0.0,562.0
BWA,2013,30.0,151.670682520804,1.00855708601278,0.561,179.77334,26.3370990753174,25.9,6284.97678002618,,0.0,3.0,0.0,675.0
BWA,2014,36.74474744423,157.018320070864,1.53265771779946,,,24.8355648460166,26.8,6547.12254115892,,0.0,1.0,0.0,757.0
BWA,2015,38.89379883,157.734742812171,1.67228482353299,,,26.8692925538756,26.5,6141.20394726616,,0.0,4.0,0.0,779.0
BWA,2016,41.16859818,147.172960511479,2.64263621946898,,,22.6605855291776,28.8,6490.83463593483,,0.0,3.0,0.0,905.0
BWA,2017,43.57640076,142.962095019868,1.43086105330679,,,21.4762885165012,31.0,6662.57644805467,,1.0,14.0,0.0,1057.0
BWA,2018,46.12509918,147.06483856362,1.74169396309317,,,,29.1,6843.84612027739,,3.0,9.0,0.0,1135.0
BWA,2019,48.82279968,160.661520194607,2.10301262862428,,,21.4965480211896,27.9,6951.73189051146,42.9777369383479,0.0,15.0,1.0,1223.0
BWA,2020,51.67819977,161.858815314634,3.58604400704343,,,22.4017870513653,26.2,6254.24806241091,42.3264083862305,0.0,28.0,2.0,1416.0
BWA,2021,54.70069885,173.25235140068,5.5483769953124,,,21.2032904951187,25.0,6895.91184943107,44.2292943215654,1.0,41.0,1.0,1495.0
BWA,2022,57.9,178.205018910673,4.53192190474005,,,20.7095613715302,25.0,7159.5860618268,44.9155478130298,2.0,43.0,3.0,1488.0
BWA,2023,,179.027305378019,6.16495796381324,,,20.5658232475186,25.0,7269.05170664457,43.012279510498,6.0,78.0,0.0,1598.0
BWA,2024,57.45950036,163.999922257361,7.4409622000215,,,21.4087908549348,45.9,6952.34770386661,,10.0,127.0,4.0,1883.0
CAF,1990,0.0,0.0,,,,1.32114005088806,,519.786735961912,,,,,
CAF,1991,,0.0,,,,1.43098998069763,,500.991150890901,,,,,
CAF,1992,,0.0,,,,1.34974002838135,,454.148968239471,,,,,
CAF,1993,,0.0,,,,,,441.384907508364,,,,,
CAF,1994,,0.0,,,,,,448.784442959801,,,,,
CAF,1995,,0.001342812,,,,,,468.150527620686,,,,,
CAF,1996,0.00585,0.031841169,,,,,,437.925054761723,,,,,
CAF,1997,0.0143,0.039612869,,,,,,448.634663639551,,,,,
CAF,1998,0.0279,0.045934475,,,,,,457.148858416438,,,,,
CAF,1999,0.0409,0.113860194,,,,2.01588010787964,,460.827900216085,,,,,
CAF,2000,0.0533941742150456,0.129571118814133,,,,1.94369995594025,,437.168928414826,,0.0,0.0,0.0,23.0
CAF,2001,0.0785434278394038,0.280648972684436,,,,,0.8,446.658634192083,,0.0,2.0,0.0,35.0
CAF,2002,0.128537116506299,0.31452216220507,,,,,0.9,452.808702217035,,0.0,0.0,0.0,40.0
CAF,2003,0.151563337940017,0.974875983588938,,,,,1.0,418.240532289858,,0.0,0.0,0.0,32.0
CAF,2004,0.223401395464406,1.43101573974212,,,,1.66786003112793,1.1,433.825227770233,,0.0,0.0,0.0,36.0
CAF,2005,0.26820001,2.33164910546282,,,,,1.2,427.968043155237,,0.0,0.0,0.0,35.0
CAF,2006,0.311199993,2.51280445195849,,,,1.08675003051758,,439.294330902768,,0.0,0.0,0.0,31.0
CAF,2007,0.375815961044797,7.61858666254367,,,,,1.4,450.762785401893,,0.0,0.0,0.0,40.0
CAF,2008,1.0,12.5027857083947,,,,2.16495990753174,4.7,450.313616886022,,0.0,0.0,0.0,41.0
CAF,2009,1.799999952,19.0689343696367,,,,2.30814003944397,1.7,492.215398914836,,0.0,0.0,0.0,34.0
CAF,2010,2.0,21.7946380977499,,,,2.53881001472473,,519.141456408484,,0.0,0.0,0.0,36.0
CAF,2011,2.200000048,21.7401847658532,0.0177436204565105,,,2.95497989654541,,532.38295493852,,0.0,0.0,0.0,55.0
CAF,2012,2.400000095,24.7918387246771,0.0131212306282922,,,2.77519989013672,0.5,553.729578314912,,0.0,0.0,0.0,58.0
CAF,2013,2.5,29.3015343940304,,,,,0.7,349.821171688973,,0.0,0.0,0.0,56.0
CAF,2014,2.700000048,24.9962039132355,,,,,0.8,351.561554911625,,0.0,0.0,0.0,74.0
CAF,2015,2.900000095,26.8396654368244,0.0401354842611874,,,,1.3,366.322853938121,,0.0,0.0,0.0,54.0
CAF,2016,3.099999905,26.4835649048309,0.0156141837038414,,,,1.7,376.858254120398,,0.0,0.0,0.0,65.0
CAF,2017,4.0,24.5204193752763,0.0129132904879117,,,,2.1,387.35795131742,,0.0,1.0,0.0,75.0
CAF,2018,5.099999905,26.2215810621653,0.0124624461199055,,,,2.2,395.020015455909,,0.0,0.0,0.0,87.0
CAF,2019,7.509200096,32.2626859489842,0.0100916071197805,,,,1.5,401.82582161435,5.61245012283325,0.0,0.0,0.0,96.0
CAF,2020,,36.426009643045,,,,,1.9,398.834274122139,,0.0,0.0,0.0,116.0
CAF,2021,,35.8169832358522,0.0097611549069853,,,,1.6,396.020622931961,,0.0,1.0,0.0,107.0
CAF,2022,13.75360012,38.8217901039988,0.0160846160651184,,,,1.6,398.91539795642,,0.0,3.0,0.0,162.0
CAF,2023,13.8416996,,,,,,2.3,397.467795750451,,0.0,4.0,0.0,177.0
CAF,2024,13.78250027,,,,,,2.0,389.938307964229,,0.0,4.0,0.0,213.0
CAN,1990,0.361,2.110719507,,,,,100.0,31700.5781154607,,,,,
CAN,1991,0.57,2.7692662,,,,,100.0,30654.3639368973,49.3545188903809,,,,
CAN,1992,0.916,3.621504167,,,,,100.0,30563.4095229714,,,,,
CAN,1993,1.18,4.649694019,,,,,100.0,31032.785763879,,,,,
CAN,1994,2.38,6.437896665,,,,,100.0,32074.1884806299,,,,,
CAN,1995,4.16,8.842031473,,,,,100.0,32595.4842690909,,,,,
CAN,1996,6.76,11.81927704,,1.60682,3055.67247,,100.0,32801.3348171586,,,,,
CAN,1997,15.1,14.03819836,,1.61386,3114.23872,,100.0,33867.0419274091,71.6934500854133,,,,
CAN,1998,24.9,17.73439489,0.464424857,1.71051,3153.03798,,100.0,34894.6484928404,72.4626568579017,,,,
CAN,1999,36.2,22.73384365,1.914487665,1.74984,3238.35328,,100.0,36391.5718964607,73.2967698439607,,,,
CAN,2000,51.3,28.2502125240149,4.56733457739582,1.85849,3510.48256,58.5191192626953,100.0,37906.89821012,74.4628776088083,3.0,266.0,2.0,52378.0
CAN,2001,60.2,34.1165640836358,9.08578981511795,2.02116,3688.26825,,100.0,38200.4945025395,67.7451324462891,1.0,269.0,9.0,54006.0
CAN,2002,61.5932992681952,37.6463700029969,11.1461413881852,1.9717,3695.33994,58.4131507873535,100.0,38921.7064054514,,5.0,1055.0,10.0,72736.0
CAN,2003,64.2,41.7477031538849,14.1755612319225,1.96782,3888.4744,,100.0,39270.0629084669,77.6938969529575,8.0,590.0,7.0,71602.0
CAN,2004,65.9559634648989,46.743691888986,16.8551155306757,1.99735,4076.68444,,100.0,40108.7990262916,78.1951320962919,3.0,526.0,12.0,74625.0
CAN,2005,71.66,52.4553306173799,21.5905137127351,1.97127,4234.36344,,100.0,41006.264144024,79.2255899627965,9.0,612.0,9.0,84994.0
CAN,2006,72.40000153,57.2331332804484,24.5549559236404,1.94304,4315.13916,,100.0,41663.5541588166,79.4033889770508,8.0,742.0,6.0,93706.0
CAN,2007,73.2,61.2755204244533,27.4243778082737,1.90358,4596.69506,63.8298110961914,100.0,42106.9147186165,80.5808185700987,10.0,573.0,4.0,96226.0
CAN,2008,76.69999695,66.0481445157618,29.4247301533061,1.85578,4725.99112,64.3074111938477,100.0,42067.610977795,81.2651154956689,6.0,614.0,8.0,103886.0
CAN,2009,80.3,70.3944880872526,30.4200539401656,1.91742,4466.14043,63.6236991882324,100.0,40376.4559330928,81.8416260755718,4.0,731.0,6.0,112235.0
CAN,2010,80.3,75.5197130593625,31.6318242774001,1.82504,4664.07888,61.8845901489258,100.0,41164.3812486578,82.6343912276864,5.0,693.0,6.0,115627.0
CAN,2011,83.0,77.6722584904981,32.6506480077297,1.78714,4802.7188,63.1586990356445,100.0,42043.6842044008,82.7489929199219,7.0,777.0,14.0,123100.0
CAN,2012,83.0,79.3757242462141,33.4738596726536,1.77303,4652.42914,63.603271484375,100.0,42320.6856530018,83.5809403647013,1.0,767.0,5.0,126174.0
CAN,2013,85.80000305,80.3548920843149,34.2683042479886,1.70624,4647.61399,65.7477188110352,100.0,42851.2135876232,84.3148771836703,17.0,829.0,10.0,133800.0
CAN,2014,87.12000275,80.790219211487,35.2694249557112,1.71482,4564.22043,67.1677017211914,100.0,43643.2794910996,84.7867676404273,12.0,862.0,7.0,141554.0
CAN,2015,90.0,82.767383138656,36.4698589080979,1.6936,4545.96875,67.2690963745117,100.0,43594.2379080706,85.311018515734,10.0,1045.0,16.0,143186.0
CAN,2016,91.16000366,84.5919452304565,36.8232874759276,1.72903,4400.49278,69.2459411621094,100.0,43551.3863558236,84.4691925048828,15.0,1362.0,8.0,151790.0
CAN,2017,92.70140076,86.1024018448784,37.8276923396247,1.68702,4429.05796,70.2687072753906,100.0,44339.4332217878,86.4637574349962,24.0,1893.0,17.0,151408.0
CAN,2018,94.64,89.0494584998715,38.7333531661948,1.7372,4715.91861,69.3507232666016,100.0,44907.3887994469,87.1723476899967,31.0,2881.0,28.0,161678.0
CAN,2019,91.91290283,90.9589210049458,40.076756874499,1.75578,4850.93689,73.1128768920898,100.0,45100.336805859,87.4373043734491,66.0,4639.0,31.0,169068.0
CAN,2020,92.3,84.7747749116615,40.7949805592606,1.93413,5155.65021,75.2389068603516,100.0,42366.1710935265,88.1384114499308,121.0,6581.0,48.0,206174.0
CAN,2021,93.93710327,87.4056019628826,41.6930962576979,1.87064,5507.58596,79.7657318115234,100.0,44639.2381171993,86.5175704956055,182.0,8335.0,53.0,200639.0
CAN,2022,94.0,91.2386689983444,42.1792116530791,1.81291,5624.26883,78.8488311767578,100.0,45883.0058941892,89.1743662135055,220.0,8732.0,69.0,181519.0
CAN,2023,94.14530182,94.1497268194785,42.5241770773151,1.81048,,76.2666931152344,100.0,45495.5100892605,89.5703840585895,260.0,10373.0,74.0,188358.0
CAN,2024,94.353302,94.1059718794246,42.5238215177079,1.7908,,,100.0,45061.3864587285,89.8715504702382,338.0,12019.0,92.0,183340.0
CEB,1990,,0.0026105668281744,,,,,100.0,6751.23596899834,,,,,
CEB,1991,,0.011712864542566,,,,,100.0,6032.13059987882,,,,,
CEB,1992,,0.0409861753430625,,,,,100.0,5753.0680773915,,,,,
CEB,1993,,0.100145314041537,,,,,100.0,5768.72902258047,,,,,
CEB,1994,,0.265133988712243,,,,,100.0,5982.61290780808,,,,,
CEB,1995,,0.502357189330766,,,,,100.0,6333.38168134071,,,,,
CEB,1996,,1.11078924064207,,0.718817988558415,1410.6136447341,,100.0,6631.87841890302,,,,,
CEB,1997,,2.85223847693437,,0.743200111595067,1399.05654958344,,100.0,6792.76321065053,,,,,
CEB,1998,,5.71859300651462,,0.730143374664153,1408.71561554187,,100.0,6983.39118525847,,,,,
CEB,1999,,10.8961048326083,,0.737258377571181,1384.27870483453,35.614429473877,100.0,7127.7236517367,,,,,
CEB,2000,,20.6738050964585,,0.746123027660077,1377.07852720069,39.194709777832,96.9537057545376,7450.88371486209,,,,,
CEB,2001,,32.3962797065849,0.0934132077468678,0.75078342222973,1391.74805486875,43.7403717041016,97.1350517893597,7730.97137256735,,,,,
CEB,2002,,44.0470611702492,0.421506815108333,0.741565895491137,1412.75615577233,48.1001586914062,97.3074782748284,8057.23910139445,,,,,
CEB,2003,,53.9585246760165,0.956802619984973,0.734264573065001,1424.62430506076,51.3497581481934,97.453806279524,8405.64953510181,,,,,
CEB,2004,,67.6395983731625,2.02935688749357,0.738048749737598,1494.20179041627,54.1560592651367,97.5723471243689,8923.8782160842,,,,,
CEB,2005,,82.057716489448,3.5802847917148,0.739197862631459,1613.70002900392,57.1709289550781,97.702878109098,9387.61745605104,,,,,
CEB,2006,,96.9548130511162,7.77191175568171,0.755666475373099,1620.8824865457,60.1693992614746,97.8467319897374,10036.5097725823,,,,,
CEB,2007,,111.161228073277,11.4641442822208,0.758683049851377,1685.44596635355,63.0291404724121,97.9955155765876,10712.5851582186,,,,,
CEB,2008,,119.094672426691,13.4400658057388,0.782204517299257,1751.04927639105,67.3870162963867,98.120850576668,11177.0146731334,,,,,
CEB,2009,,119.689348064331,15.8824463155985,0.825519576662909,1767.59924725686,70.2542572021484,98.3019756639807,10792.858773343,,,,,
CEB,2010,,121.74442149351,17.1317176354633,0.870040912431831,1839.07179130886,71.1350784301758,98.3450932473221,10998.682371605,,,,,
CEB,2011,,124.795725594432,19.217395226675,0.951042144001125,1853.73361686531,69.3709716796875,98.4862516599788,11421.7596519166,,,,,
CEB,2012,,129.359970635373,19.9003669117725,1.05003947334427,1926.05782834838,67.0797119140625,98.6372303202541,11544.5713277541,,,,,
CEB,2013,,131.766589782834,20.9935979042053,1.06327266005125,2001.90286415388,65.7614822387695,98.8011535477657,11662.0107342389,,,,,
CEB,2014,,130.864424519989,21.7514415302372,1.08777424091793,2108.06478546315,64.334602355957,98.9876802276074,12076.1823856167,,,,,
CEB,2015,,126.076137856759,22.4291409822815,1.13751441268097,2146.74488072421,63.5147018432617,99.2089702210293,12596.9151136003,,,,,
CEB,2016,,124.997371413113,23.2181457096423,1.02183730554662,2239.72613725369,63.742748260498,99.3981053985891,12991.5742193095,,,,,
CEB,2017,,122.132128080483,24.2605433782126,1.08031757970669,2563.30148952353,64.2809066772461,99.8144144650703,13696.4931794299,,,,,
CEB,2018,,119.829218463391,25.2903305687623,1.18518867780574,2746.40178336029,64.793212890625,99.8584255600759,14412.0115452533,,,,,
CEB,2019,,120.788794710806,26.3462865575171,1.23739742864273,2843.83022348261,65.126091003418,99.9285931074052,15024.0494908704,,,,,
CEB,2020,,121.617426753818,27.6199726811752,1.29475897248932,2956.41895157371,65.5949325561523,99.9730014660622,14621.1740246993,,,,,
CEB,2021,,124.396200399213,28.9659286694394,1.31378375201668,3147.71702963511,67.2225112915039,99.9774927825064,15739.2441317825,,,,,
CEB,2022,,124.683360007648,29.5807948378636,1.29826358701501,3296.66258491126,69.6117095947266,99.9821559511767,16396.9966397292,,,,,
CEB,2023,,,,1.34182612383603,3247.77819669334,68.5388870239258,100.0,16496.6728779092,,,,,
CEB,2024,,,,,,68.5388870239258,100.0,16862.8261090388,,,,,
CHE,1990,0.596,1.86312157,,,,,100.0,69584.5767626374,,,,,
CHE,1991,1.18,2.568755037,,,,,100.0,67932.7854592116,,,,,
CHE,1992,1.75,3.128988784,,,,,100.0,66409.491461386,,,,,
CHE,1993,2.17,3.715376361,,,,,100.0,64448.1064296646,82.5051079827871,,,,
CHE,1994,2.72,4.750957515,,,,,100.0,66503.9311877673,81.5815055113866,,,,
CHE,1995,3.55,6.353340872,,,,,100.0,68765.8004895745,79.8444681883128,,,,
CHE,1996,4.55,9.374002343,,2.37649,3130.03604,,100.0,68846.2811295722,78.851929549637,,,,
CHE,1997,15.1,14.73654995,,,,,100.0,70121.2926450719,78.842688892995,,,,
CHE,1998,24.8,23.89578208,,,,,100.0,71854.1176863899,79.1058326628825,,,,
CHE,1999,34.0,42.80907642,,,,,100.0,72713.7068420544,78.9661416594489,,,,
CHE,2000,47.1,64.5672951042503,0.785299902965017,2.26386,3643.69175,38.1127586364746,100.0,74933.2770077552,79.0890797616452,1.0,59.0,0.0,20856.0
CHE,2001,55.1,73.0072729250327,1.93734327411844,,,39.2238006591797,100.0,75646.1781144131,83.2533726879818,1.0,79.0,0.0,21414.0
CHE,2002,61.4,78.808880973002,6.25409410844057,,,39.9602890014648,100.0,75361.6941607385,82.6618483613412,0.0,161.0,1.0,25263.0
CHE,2003,65.1,84.3941464361848,10.6890252291999,,,43.0505409240723,100.0,74592.0284690955,82.2766318575162,1.0,114.0,1.0,26582.0
CHE,2004,67.8,84.9755978783873,16.6219495316618,2.60818,3451.74588,44.8805198669434,100.0,75997.4453154761,82.8338125684416,2.0,99.0,1.0,28410.0
CHE,2005,70.1,91.9590388522439,22.4603976709348,,,45.2465286254883,100.0,77741.3436104704,82.7766577918303,0.0,121.0,0.0,30494.0
CHE,2006,75.7,99.4336839067788,27.4143415485627,,,46.2847785949707,100.0,80448.9696781612,83.1207526506269,1.0,126.0,1.0,37420.0
CHE,2007,77.2,108.793498963141,31.5502689658746,,,47.8155517578125,100.0,82909.1358291459,83.5807909131454,2.0,168.0,2.0,37719.0
CHE,2008,79.2,116.422699159143,33.4518187509422,2.65296,3313.52642,49.6888809204102,100.0,83934.7657221246,84.4327535294807,0.0,134.0,1.0,41885.0
CHE,2009,81.3,120.4834287435,35.4267868324277,,,50.3034515380859,100.0,81288.642957612,82.7153778076172,2.0,174.0,0.0,44389.0
CHE,2010,83.9,123.236153760539,37.2298614586992,,,52.8040618896484,100.0,83069.4276373455,81.7433471679688,2.0,199.0,1.0,47779.0
CHE,2011,85.1930281804854,127.39653885362,38.8955434493097,,,53.1352806091309,100.0,83307.3180998465,81.6319427490234,0.0,225.0,1.0,48841.0
CHE,2012,85.2,132.03116268359,40.1600289838911,2.87456,4497.48676,54.835620880127,100.0,83354.0207485188,82.4815521240234,4.0,249.0,5.0,53307.0
CHE,2013,86.34,136.551244178553,42.4917583320748,,,56.1812400817871,100.0,83914.0245080812,85.1794450427913,1.0,242.0,1.0,55928.0
CHE,2014,83.6172512621702,136.137729869778,43.1731934431674,,,58.0650596618652,100.0,85004.8134534,84.6438522338867,4.0,322.0,4.0,58842.0
CHE,2015,87.4790555978675,135.723075533919,44.6715654663593,3.04577,5310.67497,60.8185615539551,100.0,85265.06205193,85.1900100708008,5.0,410.0,5.0,62291.0
CHE,2016,89.1346877351392,134.235676338144,45.0860971371482,,,61.1939888000488,100.0,85951.2234148345,84.5369110107422,8.0,505.0,4.0,64852.0
CHE,2017,89.6861476710225,131.169694242519,46.3318234490564,3.04671,5257.57173,62.4597206115723,100.0,86362.360972862,84.830271864468,6.0,791.0,9.0,67867.0
CHE,2018,91.80000305,126.681143927488,45.6049920012625,,,64.3533935546875,100.0,88581.0826935584,85.681770324707,8.0,1441.0,13.0,70655.0
CHE,2019,93.1460869535177,126.920635838501,46.912372381587,3.14983,5561.84719,66.3093414306641,100.0,88932.4119306425,86.6450271606445,20.0,2035.0,9.0,78350.0
CHE,2020,94.34999847,127.376373489656,46.4813712779996,,,68.0676422119141,100.0,86293.9183441155,86.870062106571,33.0,2907.0,10.0,85361.0
CHE,2021,95.56937154,123.21236546636,47.9433096708255,3.24862,6003.41115,71.893928527832,100.0,90924.9256769825,84.5048573551638,49.0,3723.0,24.0,89136.0
CHE,2022,96.45279694,123.971228075124,46.6747503634479,,,74.1526794433594,100.0,93360.440112464,83.8835734864297,55.0,3744.0,15.0,86641.0
CHE,2023,97.34436623,130.221876609608,46.8364627671237,3.22178,6107.95842,74.0060882568359,100.0,92947.9424441568,84.2772222135807,78.0,4460.0,23.0,92232.0
CHE,2024,97.3443985,129.471369643132,47.0197818175134,,,73.5430526733398,100.0,93018.3768706697,84.3823784776807,103.0,4645.0,23.0,82158.0
CHI,1990,,,,,,,100.0,,,,,,
CHI,1991,,,,,,,100.0,,,,,,
CHI,1992,,,,,,,100.0,,,,,,
CHI,1993,,,,,,,100.0,,,,,,
CHI,1994,,,,,,,100.0,,,,,,
CHI,1995,,,,,,,100.0,,,,,,
CHI,1996,,,,,,,100.0,,,,,,
CHI,1997,,,,,,,100.0,,,,,,
CHI,1998,,,,,,,100.0,,,,,,
CHI,1999,,,,,,,100.0,,,,,,
CHI,2000,,,,,,,100.0,,,,,,
CHI,2001,,,,,,,100.0,,,,,,
CHI,2002,,,,,,,100.0,,,,,,
CHI,2003,,,,,,,100.0,,,,,,
CHI,2004,,,,,,,100.0,,,,,,
CHI,2005,,,,,,,100.0,,,,,,
CHI,2006,,,,,,,100.0,,,,,,
CHI,2007,,,,,,,100.0,,,,,,
CHI,2008,,,,,,,100.0,,,,,,
CHI,2009,,,,,,,100.0,67617.8205403696,,,,,
CHI,2010,,,,,,,100.0,64722.9832990297,,,,,
CHI,2011,,,,,,,100.0,65006.4871287216,,,,,
CHI,2012,,,,,,,100.0,60861.9006460501,,,,,
CHI,2013,,,,,,,100.0,60780.669022098,,,,,
CHI,2014,,,,,,,100.0,61892.8083445708,,,,,
CHI,2015,,,,,,,100.0,61847.8212238857,,,,,
CHI,2016,,,,,,,100.0,62434.1859444218,,,,,
CHI,2017,,,,,,,100.0,63393.3938698644,,,,,
CHI,2018,,,,,,,100.0,63859.9826096615,,,,,
CHI,2019,,,,,,,100.0,64594.5213908684,,,,,
CHI,2020,,,,,,,100.0,58636.7036143365,,,,,
CHI,2021,,,,,,,100.0,64267.6930018122,,,,,
CHI,2022,,,,,,,100.0,67508.9385276664,,,,,
CHI,2023,,,,,,,100.0,69818.1528119104,,,,,
CHI,2024,,,,,,,100.0,,,,,,
CHL,1990,0.0,0.104332892,,,,,59.458310297133,5290.53694835535,,,,,
CHL,1991,,0.266451437,,,,,72.6529187893954,5606.86557277047,,,,,
CHL,1992,0.0365,0.467541804,,,,,71.4397443359869,6151.76546454326,,,,,
CHL,1993,0.0718,0.608541585,,,,,74.0618441426621,6461.73217350303,,,,,
CHL,1994,0.141,0.814113391,,,,,74.7053747121922,6688.29717704707,,,,,
CHL,1995,0.347,1.368639745,,,,,75.4195550331526,7201.13100361441,,,,,
CHL,1996,0.683,2.185860172,,,,,74.1794729751692,7605.28953010603,,,,,
CHL,1997,1.06,2.766776987,,,,,77.1353797964394,8058.94228801535,,,,,
CHL,1998,1.66,6.429716534,,,,,82.9624556298822,8287.45061096547,,,,,
CHL,1999,4.1,14.89605908,,,,,79.3576862813837,8161.45168872186,,,,,
CHL,2000,16.6,21.940177255205,0.0495367699252466,,,35.4313201904297,86.5,8465.35303258864,43.9,0.0,12.0,0.0,3983.0
CHL,2001,19.1,32.5225204603793,0.425424906858004,,,,82.2,8632.0148244056,,2.0,14.0,0.0,4323.0
CHL,2002,22.1,39.3765893078697,1.18839003211328,,,40.2664985656738,83.1,8810.69052712257,,0.0,36.0,0.0,5458.0
CHL,2003,25.4737788864723,45.3565896058797,2.1980620979345,,,43.5181999206543,92.8,9130.7842621819,45.9,0.0,29.0,1.0,5789.0
CHL,2004,28.1779101232438,57.2138183202879,2.95838310994246,,,44.3284606933594,85.3,9642.37478651228,50.0224189758301,0.0,20.0,0.0,6017.0
CHL,2005,31.1753006,64.650532290548,4.33404869770695,,,50.2735595703125,86.4,10104.4208391373,,0.0,42.0,0.0,6722.0
CHL,2006,34.4977511736017,75.4173719554466,6.12777303799489,,,49.3216896057129,96.4,10611.6144012877,47.2,0.0,49.0,0.0,8133.0
CHL,2007,35.90000153,83.706530292478,7.81155668439604,0.31143,334.61639,54.7230491638184,88.5,11051.3450717678,50.5686492919922,0.0,35.0,3.0,8708.0
CHL,2008,37.29999924,87.8710347676476,8.47543807264427,0.37492,355.67666,56.7743988037109,89.6,11356.0922105983,51.8613586425781,2.0,37.0,3.0,9598.0
CHL,2009,41.56,96.7106593278871,9.72781991672884,0.35403,287.11073,59.9912910461426,97.7,11116.4093443103,52.3,2.0,63.0,0.0,10697.0
CHL,2010,45.0,115.54453101319,10.4144501306757,0.33165,318.2091,66.3445205688477,98.3,11649.2897090856,52.8601493835449,1.0,49.0,0.0,12871.0
CHL,2011,52.2496072877744,128.604683221629,11.5909712274496,0.35288,352.01898,70.8241806030273,97.8,12252.8441074615,50.8061485290527,1.0,51.0,2.0,14566.0
CHL,2012,55.04999924,136.656261082535,12.3655190651996,0.36213,389.87508,75.0770721435547,100.0,12882.834417927,57.9416809165017,1.0,45.0,0.0,14474.0
CHL,2013,58.0,133.778091102587,12.9765829219485,0.39031,334.78846,79.8703384399414,100.0,13182.7329619856,53.8420600891113,1.0,50.0,2.0,15679.0
CHL,2014,61.11000061,132.559670334991,13.9369112350151,0.37668,426.80476,83.6629791259766,100.0,13285.9540361192,60.3100448821158,1.0,65.0,2.0,17468.0
CHL,2015,76.6295919508796,128.583971575207,15.0681266925704,0.38296,455.29183,86.4181137084961,100.0,13433.9202987032,56.9636688232422,0.0,77.0,5.0,20041.0
CHL,2016,83.5585860244169,127.565123343064,15.9005028734256,0.37103,495.36438,88.8458862304688,100.0,13505.097711133,62.4565158145167,8.0,105.0,4.0,23306.0
CHL,2017,82.3274869338464,124.000811902967,16.5009633130641,0.35679,494.62971,89.921989440918,100.0,13473.3458532934,59.2311515808105,8.0,143.0,6.0,22876.0
CHL,2018,84.90000153,133.270134198082,17.2066645597348,0.36916,523.65457,91.1974792480469,100.0,13763.0068844795,65.7721194585188,15.0,221.0,0.0,24997.0
CHL,2019,85.01760101,130.492770400522,17.8649532986793,0.34243,507.31033,92.0659713745117,100.0,13631.9284885172,66.8381594272598,6.0,287.0,4.0,26928.0
CHL,2020,87.45929718,129.413740104604,19.4305872645094,0.33525,515.32026,89.1124877929688,100.0,12680.7761524378,65.3,12.0,384.0,4.0,30554.0
CHL,2021,90.23280334,136.571581265001,22.0140443723879,0.36063,638.83802,96.2227935791016,100.0,14056.251601955,66.9972330056142,18.0,547.0,11.0,31324.0
CHL,2022,92.31819916,135.114280974065,22.7901897178525,0.39205,707.0557,99.3372802734375,100.0,14275.4094646211,66.6,27.0,587.0,9.0,29106.0
CHL,2023,94.45742345,135.871118507277,22.9954165646133,,,104.734062194824,100.0,14294.7106635595,68.4254952608668,27.0,801.0,16.0,31615.0
CHL,2024,95.590243,132.660408764665,23.731405742065,,,110.176902770996,90.7,14616.9287938028,69.8416178051439,40.0,976.0,19.0,31557.0
CHN,1990,0.0,0.001587842,,,,3.00202989578247,,917.187887177205,,,,,
CHN,1991,,0.004061416,,,,2.88314008712769,,989.585278674846,,,,,
CHN,1992,,0.014946866,,,,2.81714010238648,,1117.29533882968,,,,,
CHN,1993,0.000169,0.053350925,,,,2.93351006507873,,1258.34142676619,,,,,
CHN,1994,0.00117,0.129878018,,,,3.77007007598877,,1406.97393365064,,,,,
CHN,1995,0.00495,0.29791213,,,,4.65805006027222,,1545.07897848105,,,,,
CHN,1996,0.0131,0.557926117,,0.56014,447.0994,5.27504014968872,,1681.45741269443,,,,,
CHN,1997,0.0324,1.069072913,,0.63467,476.21305,5.79580020904541,,1819.07954081306,,,,,
CHN,1998,0.169,1.913884263,,0.64185,389.62565,6.25878000259399,,1944.46718626424,,,,,
CHN,1999,0.708,3.448689963,,0.74295,422.97614,6.61046981811523,,2076.93180259914,,,,,
CHN,2000,1.77591320677415,6.71560052077804,0.0017848405794139,0.88409,549.57477,7.57777976989746,94.9,2237.30047918692,13.8146864870906,2.0,407.0,4.0,54116.0
CHN,2001,2.63965021485872,11.3253430460055,0.0262980690478576,0.92948,582.78825,9.28069019317627,95.4,2405.99411858042,,0.0,527.0,4.0,70051.0
CHN,2002,4.59570433077551,16.0082608205277,0.256319449692495,1.04418,631.73478,11.8050804138184,95.7,2610.66275070444,,4.0,1611.0,9.0,101069.0
CHN,2003,6.2,20.8535640719574,0.866655839568114,1.10465,667.9285,14.513970375061,96.0,2856.85053293219,,6.0,1584.0,22.0,131677.0
CHN,2004,7.3,25.7141478183928,1.91533860283619,1.19732,713.42588,16.9004402160644,96.3,3127.91444892337,,13.0,2382.0,24.0,207671.0
CHN,2005,8.52325700269541,30.030370302192,2.85108597933654,1.29008,856.65892,18.6565208435059,96.6,3465.72767067642,,16.0,3585.0,32.0,285959.0
CHN,2006,10.5231526193851,34.9802047114251,3.85818779891054,1.34923,931.20148,20.5667705535889,96.9,3883.27464370816,,26.0,5159.0,51.0,374662.0
CHN,2007,16.0,41.280765820364,5.00930152637401,1.35321,1076.73747,21.4715595245361,97.3,4409.69709445986,,45.0,5400.0,63.0,461539.0
CHN,2008,22.6,48.075790702641,6.21365228211399,1.4233,1197.58885,21.8667392730713,97.8,4811.34486346262,,63.0,6721.0,73.0,522003.0
CHN,2009,28.9,55.6574567487616,7.74497137074886,1.6366,861.24883,23.2886295318604,98.3,5237.78809982377,,69.0,7512.0,73.0,590301.0
CHN,2010,34.3,63.5563376954813,9.34748427588032,1.68456,898.85545,25.2883066277701,99.4,5764.65012366375,22.3159999847412,90.0,8139.0,70.0,643908.0
CHN,2011,38.3,72.5052393725573,11.504276685286,1.75244,972.01743,26.7875039907406,99.8,6275.71634288814,,98.0,7352.0,115.0,702795.0
CHN,2012,42.30009842,81.2075981633238,12.791553937217,1.88095,1028.98334,29.3081906903292,99.9,6723.09003744607,,107.0,6611.0,77.0,641785.0
CHN,2013,45.79999924,89.130227261039,13.6989049026864,1.96246,1079.63795,32.7191603158803,100.0,7197.937319496,,112.0,6565.0,75.0,655989.0
CHN,2014,47.90000153,92.6612034094217,14.4445199866037,1.98475,1101.80087,43.7110051016854,100.0,7686.37369520403,,107.0,6573.0,69.0,625290.0
CHN,2015,50.29999924,92.5401171363348,19.8437947555032,2.01703,1162.7108,47.1192619330726,100.0,8175.33285077393,,113.0,6615.0,56.0,557285.0
CHN,2016,53.2,97.2138770934621,22.9761329915729,2.0595,1208.86205,49.309077375597,100.0,8679.22528805041,,128.0,7430.0,64.0,481456.0
CHN,2017,54.3,104.073181609424,27.9101271418763,2.07771,1235.84935,51.0678812273407,100.0,9221.35045639842,,174.0,11446.0,58.0,528941.0
CHN,2018,65.35839844,116.229125477063,28.7089097131815,2.10232,1317.48914,53.3987984572814,100.0,9798.57890566402,,309.0,19572.0,98.0,615644.0
CHN,2019,64.080881297515,122.670391850252,31.5611222411202,2.20144,1483.85803,56.6050917923292,100.0,10356.2924890582,,602.0,30898.0,145.0,703367.0
CHN,2020,70.05275998,120.496715387079,33.9069794578039,2.35712,1600.30633,61.6124675996947,100.0,10573.3794064211,31.7697906494141,794.0,41485.0,170.0,812268.0
CHN,2021,73.05323517,121.491918368395,37.5611751315805,2.38165,1685.97511,66.8186077597542,100.0,11469.3174514512,,1206.0,55819.0,220.0,901174.0
CHN,2022,75.61131603,124.195248970763,41.3736197056022,2.4945,1849.23669,71.5799465086024,100.0,11830.298767861,,1812.0,72227.0,301.0,1068963.0
CHN,2023,90.6,128.247014127486,44.728886496649,2.57729,2107.27003,74.5933014618366,100.0,12483.9791101249,,2211.0,87306.0,395.0,1128457.0
CHN,2024,92.0,131.753932036803,47.1933952081567,,,76.8757843123403,100.0,13119.1076099516,,3124.0,112008.0,628.0,1282149.0
CIV,1990,0.0,0.0,,,,,,1866.0785698741,,,,,
CIV,1991,,0.0,,,,,,1794.12062566918,,,,,
CIV,1992,,0.0,,,,2.47028994560242,,1719.71261335163,,,,,
CIV,1993,,0.0,,,,2.93564009666443,,1649.47036183619,,,,,
CIV,1994,,0.0,,,,3.6460599899292,13.5857437129987,1598.69239055813,,,,,
CIV,1995,0.0002,0.0,,,,3.5975399017334,19.275963754443,1647.08777075504,,,,,
CIV,1996,0.00841,0.091479639,,,,,20.160078805271,1706.97650014485,,,,,
CIV,1997,0.0188,0.234750142,,,,5.41806983947754,21.0525576857507,1801.13163122133,,,,,
CIV,1998,0.061,0.575143814,,,,,21.9540068337895,1808.42289027986,,,,,
CIV,1999,0.119,1.573080065,,,,5.49134016036987,20.0588223798653,1770.86540389357,,,,,
CIV,2000,0.231461670612799,2.67219556535498,,,,,23.8,1717.95385651231,,0.0,0.0,0.0,321.0
CIV,2001,0.395747702246439,4.00763786041553,,,,,24.6,1636.57318705218,,2.0,3.0,0.0,309.0
CIV,2002,0.497929360753307,5.50560497365526,,,,,26.8,1551.27925902838,,0.0,0.0,0.0,336.0
CIV,2003,0.758669629452205,6.69625990207232,0.0021594159266179,,,,26.1,1441.58801755037,,0.0,2.0,0.0,409.0
CIV,2004,0.849282414747704,8.54468997193162,0.0042153610614952,,,,26.9,1451.86547141894,,0.0,0.0,0.0,448.0
CIV,2005,1.039199948,11.7071226897453,0.0061738674690402,,63.99303,,36.2,1431.73320203111,,0.0,0.0,0.0,524.0
CIV,2006,1.52489996,19.7861496888908,0.0486693744359828,,,,34.1,1437.77453798586,,0.0,2.0,0.0,517.0
CIV,2007,1.799999952,35.5088438452275,0.0475498557860424,,,7.9370698928833,29.3,1420.1738958245,,0.0,0.0,0.0,534.0
CIV,2008,1.899999976,48.5675503786085,0.0464804125266757,,,7.48366022109985,35.6,1454.62731800082,,0.0,1.0,0.0,631.0
CIV,2009,2.0,59.9342847557544,0.0454588020514648,,,7.18858003616333,31.0,1473.9183699329,,0.0,0.0,0.0,773.0
CIV,2010,2.700000048,69.3658791896946,,,,6.53099472386889,31.9,1540.52927270246,,0.0,1.0,0.0,829.0
CIV,2011,2.900000095,75.4688103733356,,,,2.92101759305363,26.3,1426.46463864534,,0.0,2.0,0.0,784.0
CIV,2012,4.400000095,77.1273355805099,0.196730926619837,,,,25.8,1503.43433046682,13.5190701911556,0.0,0.0,0.0,1056.0
CIV,2013,6.599999905,80.9986810652982,0.235094105938757,,,7.35426503598509,34.5,1632.32712787006,9.99058935250628,0.0,2.0,0.0,1432.0
CIV,2014,10.0,90.1219840101242,0.517205353442549,,,7.73897659286671,34.3,1742.53693001178,14.1761598587036,0.0,1.0,0.0,1671.0
CIV,2015,38.4400001654616,100.638777689061,0.434546121572781,,,8.46433224598306,39.2,1814.71855088017,,0.0,5.0,1.0,1812.0
CIV,2016,41.2078149304414,105.624772864173,0.524752298099937,0.06975,,8.89557845705252,36.7,1889.27777949938,10.2420784852343,0.0,5.0,0.0,1878.0
CIV,2017,43.8399208514876,118.755063895419,0.534257331996876,,,9.52488768872621,38.4,1972.81431788947,,0.0,4.0,4.0,2029.0
CIV,2018,37.5465361301281,123.098008449044,0.640536308885034,,,,40.4,2013.32307598499,,1.0,3.0,0.0,2425.0
CIV,2019,36.2889545655205,132.574011521792,0.768711846259475,,,10.3256981639741,42.1,2093.09994335779,,1.0,7.0,1.0,2444.0
CIV,2020,36.01660156,138.663750301785,0.903911262107671,,,10.2664091345849,43.7,2055.08483996432,,1.0,15.0,0.0,2748.0
CIV,2021,35.95069885,150.343798608733,1.13037781443128,,,10.7725833415282,45.2,2146.46047529012,16.8069095611572,6.0,29.0,0.0,3181.0
CIV,2022,38.41328122,161.231833444196,1.25179133069312,,,11.1134926507622,45.3,2227.08197820584,,6.0,40.0,2.0,2933.0
CIV,2023,40.65284979,171.988943341282,1.36336622359986,,,11.5724272130065,48.0,2315.36434710324,,19.0,55.0,2.0,2903.0
CIV,2024,41.43219902,183.875985110648,1.60153227430253,,,12.3354902267456,47.7,2395.65916961845,,11.0,57.0,3.0,2451.0
CMR,1990,0.0,0.0,,,,2.95227003097534,,1360.47765296011,,,,,
CMR,1991,,0.0,,,,3.23773002624512,6.1105153508515,1271.04658608388,,,,,
CMR,1992,,0.0,,,,,6.91980883714873,1196.85081918895,,,,,
CMR,1993,,0.0,,,,,7.62056580760999,1070.98275377636,,,,,
CMR,1994,,0.012452465,,,,,8.31513645719024,1060.87326552909,,,,,
CMR,1995,,0.021193421,,,,,9.00685322398649,1062.01607349987,,,,,
CMR,1996,,0.025782073,,,,,9.69598041803811,1077.38925202961,,,,,
CMR,1997,0.00677,0.030126572,,,,,10.3874733739792,1096.69757735007,,,,,
CMR,1998,0.0132,0.034929378,,,,,10.1794693504608,1118.50819963079,,,,,
CMR,1999,0.129,0.040819178,,,,4.9432201385498,11.7755709034738,1138.36298546565,,,,,
CMR,2000,0.252120077733662,0.692560554874589,,,,4.69010019302368,9.2,1151.27689302947,,0.0,0.0,0.0,469.0
CMR,2001,0.277051321848797,2.72572763691018,,,,4.71602010726929,13.9,1169.92670464984,,0.0,0.0,0.0,520.0
CMR,2002,0.360871584267755,4.4609440140897,,,,5.15587997436523,13.8,1189.96707897027,,0.0,1.0,0.0,595.0
CMR,2003,0.587622611130454,6.66446374271828,,,,5.22031021118164,14.3,1221.09446141454,,0.0,2.0,2.0,660.0
CMR,2004,0.976075415490902,9.2162740321822,,,,5.22725009918213,19.5,1271.74326874167,,0.0,2.0,0.0,772.0
CMR,2005,1.402699947,13.1921614065904,0.0011830442351952,,,6.03904008865356,15.4,1264.74345218659,11.1209292405097,0.0,0.0,0.0,809.0
CMR,2006,2.028700113,17.8682237967473,0.0023988047684592,,,7.07693004608154,25.8,1277.32990712342,,0.0,1.0,0.0,885.0
CMR,2007,2.93,25.1303387011205,0.0035457268008635,,,7.57396984100342,6.4,1295.73067471287,10.8721331946775,0.0,2.0,0.0,944.0
CMR,2008,3.400000095,33.1693465336812,0.004630114176462,,,8.20874977111816,17.1,1295.02211276052,,0.0,2.0,0.0,1034.0
CMR,2009,3.84,41.8757501710529,0.0047085969668055,,,9.40400981903076,17.7,1290.89961351149,,0.0,4.0,2.0,1008.0
CMR,2010,4.300000191,43.9120552066482,0.0302724223113752,,,11.5745716750246,16.1,1290.9013745759,6.19027996063232,0.0,3.0,0.0,1052.0
CMR,2011,5.0,51.831042080032,0.0529499754452088,,,12.5102445161105,16.8,1297.3064962694,,0.0,2.0,0.0,1278.0
CMR,2012,7.5,62.9906520229266,0.0665368255091213,,,13.5363302230835,18.3,1319.66961634054,,0.0,4.0,2.0,1551.0
CMR,2013,10.0,73.1912475512065,0.0789631954882019,,,15.7712802886963,19.5,1347.2130636706,,0.0,3.0,0.0,1872.0
CMR,2014,16.2148722257524,77.2399893326772,0.0762968342593502,,,16.7535896301269,18.8,1381.81938454907,21.1658493817117,0.0,9.0,1.0,2176.0
CMR,2015,18.29999924,79.7800672605612,0.0898239605008282,,,17.2970758627753,21.2,1415.00009710569,,0.0,8.0,0.0,2314.0
CMR,2016,20.60000038,79.8046154795305,1.55529332300567,,,12.7046554004596,21.8,1435.61830727839,,0.0,15.0,0.0,2596.0
CMR,2017,23.2029719748646,83.4502920413828,1.58466709279995,,,12.9818161813936,22.4,1444.90682916573,,1.0,14.0,0.0,3019.0
CMR,2018,29.70000076,74.3995446655806,1.59560948486525,,,14.5449548868213,26.3,1461.01969999317,14.257869720459,0.0,32.0,0.0,3281.0
CMR,2019,36.53919983,83.9044001051513,1.57189487453881,,,15.0528614131463,23.6,1470.31785276187,,0.0,26.0,0.0,3888.0
CMR,2020,37.69749832,85.2721639882676,2.75682417749367,,,15.5519566247682,24.2,1434.51913723409,,2.0,51.0,1.0,5239.0
CMR,2021,38.89260101,80.8081013360278,2.23385126289217,,,17.1581831920239,24.8,1443.57600237663,,2.0,64.0,2.0,5693.0
CMR,2022,40.12559891,89.8274190453067,2.12862474053,,,16.4371527754335,25.0,1458.66180431693,,7.0,114.0,1.0,5770.0
CMR,2023,42.24380112,96.4817325902196,,,,16.0404395184936,26.0,1468.17837007337,,10.0,144.0,3.0,6199.0
CMR,2024,46.25880051,108.213130152497,,,,16.6614294830602,42.7,1480.73097431993,,16.0,224.0,7.0,6026.0
COD,1990,0.0,0.0,,,,2.01207995414734,,831.66294744097,,,,,
COD,1991,,0.0,,,,2.3406400680542,,736.691215468217,,,,,
COD,1992,,,,,,,,637.436883335561,,,,,
COD,1993,,,,,,,,532.214450615766,,,,,
COD,1994,,,,,,,,487.814601482576,,,,,
COD,1995,,0.019636928,,,,2.31089997291565,,471.254216680815,,,,,
COD,1996,0.000108,0.016319607,,,,,,457.551785605778,,,,,
COD,1997,0.000211,0.019856233,,,,,,424.966609732791,,,,,
COD,1998,0.000413,0.021788617,,,,,,406.859287635557,,,,,
COD,1999,0.00101,0.025409066,,,,1.45257997512817,,376.622893450888,,,,,
COD,2000,0.0059021136806903,0.0296985937240694,,,,,,339.52682222416,,0.0,2.0,0.0,74.0
COD,2001,0.0114757819210493,0.287727578607846,,,,,,322.033920026494,,0.0,0.0,0.0,80.0
COD,2002,0.0927907024606925,1.04185030828723,,,,,,321.547848189305,,0.0,0.0,0.0,70.0
COD,2003,0.134914837437335,2.25178518877259,,,,,,329.709536541877,,0.0,0.0,0.0,82.0
COD,2004,0.196208375178039,3.49263315540874,,0.26777,,,,341.714925752766,,0.0,0.0,0.0,80.0
COD,2005,0.238000005,4.672156824474,,0.05799,,,,351.708486411683,14.0815597885552,0.0,2.0,0.0,106.0
COD,2006,0.296099991,7.28434192555525,,0.06044,,4.20873022079468,,358.454382275579,,0.0,1.0,0.0,151.0
COD,2007,0.370000005,10.5509558026352,,0.13609,,4.20303010940552,1.8,377.62283005586,,0.0,0.0,0.0,152.0
COD,2008,0.439999998,15.4333274152911,,0.08253,,5.27932977676392,,393.640517898615,,0.0,1.0,0.0,197.0
COD,2009,0.560000002,14.2422314241676,,0.07822,,6.261549949646,,383.726254541217,,2.0,2.0,2.0,210.0
COD,2010,0.72,17.2401170438218,0.0,,,,,403.722373878525,,0.0,0.0,0.0,283.0
COD,2011,1.200000048,22.081904226281,,,,7.55883979797363,,389.119308449762,,0.0,0.0,0.0,288.0
COD,2012,1.679999948,27.4285479176207,,,,7.63979005813599,,408.966232816288,,0.0,0.0,0.0,399.0
COD,2013,2.200000048,37.2504622843341,0.0005937506164285,,,6.37279987335205,,464.526715460494,19.8470401763916,0.0,3.0,0.0,461.0
COD,2014,3.0,47.3232446178692,0.0006377287306563,,,,,481.830241883776,,0.0,0.0,0.0,580.0
COD,2015,3.799999952,46.5879368397055,0.0012340265901385,0.40638,10.10515,,1.0,495.826633014883,,0.0,0.0,0.0,655.0
COD,2016,10.1,34.4098982787676,0.0011910942123958,,,5.9003701210022,1.0,480.461377880475,27.2640800476074,0.0,3.0,0.0,719.0
COD,2017,,40.6222618919854,0.0011483245061245,,,,1.0,482.854682128541,,0.0,1.0,1.0,870.0
COD,2018,11.69999981,40.5014483221793,0.0051306172985492,,,,1.0,495.312105711027,25.2189807891846,0.0,1.0,1.0,976.0
COD,2019,13.02970028,39.9399996397964,0.012802934372309,,,,1.0,482.524295129472,,0.0,5.0,0.0,1149.0
COD,2020,14.51049995,42.5027574227056,0.0322950314052512,,,6.37987995147705,1.0,470.852950000929,,0.0,5.0,0.0,1581.0
COD,2021,16.1595993,47.2882541992485,0.0312660957356555,,,,1.0,485.160805929784,,0.0,11.0,0.0,1836.0
COD,2022,17.99620056,48.6773534153863,0.0322275167366284,,,,1.0,513.512704372167,,4.0,27.0,0.0,2401.0
COD,2023,18.96789932,53.1888827659463,0.0219936280960956,,,,1.0,539.45912637913,30.3723297119141,2.0,38.0,0.0,2268.0
COD,2024,19.67350006,58.532153345468,0.0320289131404702,,,,1.0,554.117609962628,,2.0,58.0,1.0,2318.0
COG,1990,0.0,0.0,,,,4.57369995117188,,2363.76701814587,,,,,
COG,1991,,0.0,,,,4.54329013824463,,2352.52754080776,,,,,
COG,1992,,0.0,,,,4.98357009887695,,2346.67913794406,,,,,
COG,1993,,0.0,,,,5.57453012466431,,2255.94360801961,,,,,
COG,1994,,0.0,,,,,,2069.79640456567,,,,,
COG,1995,,0.0,,,,,,2092.54337905245,,,,,
COG,1996,0.00353,0.035503862,,,50.92475,,,2122.62819294837,,,,,
COG,1997,0.00347,,,,49.73577,,,2064.7536042465,,,,,
COG,1998,0.00342,0.115417379,,,41.31475,,,2095.34403570595,,,,,
COG,1999,0.0168,0.165746278,,,36.82931,3.67139005661011,,1986.8478922289,,,,,
COG,2000,0.0263547320580279,2.22127377357922,,,33.11951,5.24350023269653,5.6,2057.01922023551,,0.0,2.0,0.0,58.0
COG,2001,0.0322236164306931,4.58359981873391,,,,4.20174980163574,6.0,2056.16505922617,,0.0,0.0,0.0,64.0
COG,2002,0.157249517243982,6.61937207884394,,,,3.7616400718689,6.4,2100.16876714574,,0.0,0.0,0.0,97.0
COG,2003,0.460014186837522,9.57700682550374,,,,3.79619002342224,6.8,2058.88683675038,,0.0,2.0,0.0,105.0
COG,2004,1.07750492958505,10.7599828806407,,,,,7.2,2058.88402946896,,0.0,2.0,0.0,134.0
COG,2005,1.463400006,15.1009916964998,,,,,7.2,2140.03686200251,,0.0,0.0,0.0,152.0
COG,2006,2.007999897,23.9093357002081,,,,,7.9,2226.0233547376,,0.0,0.0,0.0,171.0
COG,2007,2.75970437370903,32.3490426913675,,,,,8.2,2004.10103961966,,0.0,0.0,0.0,179.0
COG,2008,4.28750990276481,43.9283464733463,,,,,8.6,2061.55829880574,,0.0,0.0,0.0,221.0
COG,2009,4.5,68.8659935406248,0.0029197291705937,,,5.87968015670776,9.2,2211.31572382028,,0.0,0.0,0.0,272.0
COG,2010,5.0,83.3372102664775,0.0056025045436311,,,,10.7,2332.28508055953,,0.0,0.0,0.0,210.0
COG,2011,5.6,84.2730931396327,0.0284398805655176,,,7.95887994766235,10.5,2307.49384399715,,0.0,0.0,0.0,264.0
COG,2012,6.106699944,90.3528989863831,0.0293643008575135,,,9.09545040130615,10.6,2467.06102906839,,0.0,1.0,0.0,249.0
COG,2013,6.599999905,95.9371427265534,0.0090177284836071,,,8.56632041931152,10.4,2390.65754938662,,0.0,4.0,0.0,295.0
COG,2014,7.110000134,99.0799617354116,0.0100484738377935,,,,10.7,2488.68118548992,,0.0,0.0,0.0,333.0
COG,2015,7.616000175,102.323043027664,,,,,11.1,2439.35189403696,19.9904499053955,0.0,0.0,0.0,332.0
COG,2016,8.121899605,103.857589492921,,,,,11.6,2174.19310251224,,0.0,0.0,0.0,409.0
COG,2017,8.649999619,94.4868175378447,,,,12.1461896896362,11.8,2003.27121075187,,0.0,1.0,0.0,436.0
COG,2018,11.8071003,91.1889913731567,,,,,11.8,1909.9560382117,,0.0,1.0,0.0,498.0
COG,2019,16.11639977,91.0654212529473,,,,,11.4,1885.51080877731,,0.0,0.0,0.0,673.0
COG,2020,21.99850082,97.6561289989503,,,,,11.8,1725.51040049963,,0.0,3.0,0.0,799.0
COG,2021,30.02739906,95.8614998889206,0.256899692355108,,,,12.4,1701.79060456872,,0.0,2.0,0.0,859.0
COG,2022,40.98669815,93.6259259161068,0.435883126454822,0.38339,126.96941,,13.0,1686.00234391385,,0.0,7.0,0.0,896.0
COG,2023,43.15039825,94.8715365076336,1.26798412068153,,,10.3812103271484,10.8,1677.08549205924,,1.0,5.0,0.0,924.0
COG,2024,47.25159836,95.5319320614796,,,,,19.4,1671.7266018229,,0.0,6.0,0.0,813.0
COK,2022,,,,,,,,,,0.0,1.0,0.0,0.0
COL,1990,0.0,0.0,,,,,71.6868212385103,3714.1849928328,,,,,
COL,1991,,0.0,,,,,75.8471989516553,3713.17727535576,,,,,
COL,1992,,0.0,,,,,76.2502108157522,3787.5942918216,,,,,
COL,1993,,0.0,,,,,76.6736722365437,3912.6590835796,27.6781806945801,,,,
COL,1994,0.107,0.245938139,,,,,77.1223700801977,4059.32146113882,,,,,
COL,1995,0.188,0.763384012,,,,,70.8543232552035,4189.72770913999,,,,,
COL,1996,0.33,1.42730078,,,,,78.1224689864064,4198.69126252708,,,,,
COL,1997,0.551,3.391517836,,,,,78.6912050074421,4265.6935185646,,,,,
COL,1998,1.13,4.744384773,,,,,79.3153664125412,4213.82800470051,,,,,
COL,1999,1.7,5.096626456,,,,,80.0003604805767,3967.11339937681,,,,,
COL,2000,2.207532992624,5.7733558721281,0.0226963800962161,0.13106,,25.5096893310547,83.3,4016.80951748167,,0.0,8.0,0.0,2962.0
COL,2001,2.85419997133433,8.22292038567728,0.0348281466424634,0.1329,,26.3812599182129,94.3,4020.50789754842,,0.0,16.0,0.0,3436.0
COL,2002,4.6,11.3989596445651,0.0865177355406168,0.15559,,26.5130996704102,82.1,4058.28493578738,32.3,0.0,18.0,1.0,3790.0
COL,2003,7.38892371052557,15.1113691091837,0.157401189019467,0.17398,,,82.7,4154.17528523618,33.2,0.0,15.0,0.0,4066.0
COL,2004,9.1186903029666,25.0355900853115,0.305978087228825,0.16964,,29.5034599304199,83.2,4311.91591255233,34.9496612548828,1.0,20.0,0.0,4938.0
COL,2005,11.0072638904585,51.8645230811088,0.756446091724468,0.16557,,32.253978729248,88.9,4457.27537460443,33.7099494934082,0.0,28.0,0.0,6271.0
COL,2006,15.3416745365682,69.7164658550249,1.47121352083728,0.16427,,34.3662109375,84.4,4694.03442939175,32.2696800231934,1.0,32.0,0.0,7829.0
COL,2007,21.79999924,78.5031210785872,2.79190368516299,0.18307,,35.4785308837891,85.0,4947.25260813108,36.5237693786621,0.0,41.0,0.0,9136.0
COL,2008,25.6,94.5289757435806,4.0496715541246,0.19541,,37.9448013305664,87.0,5048.57187245249,38.061840057373,0.0,33.0,1.0,10973.0
COL,2009,30.0,95.2296035956824,4.77684298362237,0.19351,,39.5088005065918,83.8,5046.97121757727,37.6516304016113,1.0,47.0,1.0,13481.0
COL,2010,36.5,99.3307638628387,5.90261556302645,0.19358,,41.529670715332,86.2,5214.24547620131,39.1352615356445,1.0,46.0,2.0,15979.0
COL,2011,40.3509157546318,102.07868984477,7.39763710755465,0.19842,,45.2873306274414,85.5,5517.1011086899,40.2652816772461,0.0,65.0,3.0,18226.0
COL,2012,48.98,107.329081558437,8.61552491359116,0.22116,,47.4669914245605,87.1,5675.75617978305,41.4074287414551,2.0,75.0,3.0,20470.0
COL,2013,51.7,108.978088379372,9.83199406546913,0.25761,58.0547,50.7474899291992,90.1,5910.80592301166,43.2897491455078,1.0,92.0,1.0,22979.0
COL,2014,52.568136539247,118.822639860142,10.7989878070274,0.30317,59.05478,53.1794395446777,89.9,6121.83982019825,44.59130859375,1.0,107.0,3.0,23707.0
COL,2015,55.9049725142924,122.051401385652,11.7644668057911,0.36542,70.66931,54.7961311340332,91.8,6248.51490534512,45.4046592712402,2.0,103.0,6.0,25561.0
COL,2016,58.1364935728703,123.709953422515,12.4647515240681,0.27051,91.2603,57.1437492370605,92.8,6316.07067782542,47.2685508728027,4.0,121.0,6.0,26271.0
COL,2017,62.2598803162841,129.272014227481,13.1537299039926,0.26109,90.24729,58.3960418701172,92.7,6309.67745292518,47.7,7.0,176.0,10.0,29219.0
COL,2018,64.1263768204459,131.595473810882,13.622877883522,0.31233,,57.3205413818359,92.6,6353.5464285392,49.7744789123535,11.0,270.0,19.0,30013.0
COL,2019,65.0069007159493,132.810761644655,13.9253307862459,0.32201,,56.6663017272949,97.1,6439.96359812647,51.0982284545898,23.0,385.0,13.0,30848.0
COL,2020,69.79533474,133.661019178018,15.3363074463544,0.2894,,55.7331085205078,98.5,5891.95523215403,53.1528701782227,43.0,638.0,20.0,38922.0
COL,2021,73.02837449,146.627837254516,16.4767904492313,,,58.3159217834473,100.0,6457.16921807086,53.7,40.0,711.0,15.0,35861.0
COL,2022,72.79637855,156.195161137443,17.007465545983,,,59.2901382446289,100.0,6856.72590505374,56.1,60.0,794.0,19.0,33043.0
COL,2023,77.33686322,166.980107777443,17.0369815251774,,,,94.8,6837.37392084534,57.0,78.0,1006.0,34.0,35359.0
COL,2024,79.34543299,174.094289675393,17.2244156778185,,,,95.2,6865.31283944628,58.815788269043,77.0,1246.0,35.0,33660.0
COM,1990,0.0,0.0,,,,0.617150008678436,,1253.76230051227,,,,,
COM,1991,,0.0,,,,,,1148.13962801407,,,,,
COM,1992,,0.0,,,,0.555559992790222,,1207.29241949564,,,,,
COM,1993,,0.0,,,,0.578010022640228,,1215.64983241848,,,,,
COM,1994,,0.0,,,,,,1146.70744816409,,,,,
COM,1995,,0.0,,,,,,1190.50070057888,,,,,
COM,1996,,0.0,,,,0.901440024375916,19.8805397711065,1164.2036745499,,,,,
COM,1997,0.0,0.0,,,,,22.4304393678463,1194.79519496651,,,,,
COM,1998,0.0379,0.0,,,,,25.0082204275858,1174.69021233013,,,,,
COM,1999,0.148,0.0,,,,1.51769995689392,27.5858429848953,1185.07075486739,,,,,
COM,2000,0.271740607285909,0.0,,,,1.60367000102997,30.2,1150.82871091807,,,,,
COM,2001,0.443068372538977,0.0,,,,,32.7,1188.50139049127,,,,,
COM,2002,0.554869674985088,0.0,,,,,33.2,1217.11534330128,,,,,
COM,2003,0.848189370151537,0.351001583017139,,,,3.42070007324219,37.6,1216.98069479509,,,,,
COM,2004,1.32732717785355,1.44273158097757,0.0001722047721386,,,,40.1,1231.14779946851,,,,,
COM,2005,2.0,2.61913318721665,0.0006749038683802,,,,42.5,1274.61470948066,,,,,
COM,2006,2.200000048,6.09786144095193,,,,,45.0,1227.24669435092,,,,,
COM,2007,2.5,10.0666691521039,0.0132916860503755,,,4.39438009262085,47.5,1212.6966173611,,,,,
COM,2008,3.0,14.578099401405,0.0174795449597732,,,,50.0,1235.97280465287,,,,,
COM,2009,3.5,19.097526742862,0.0102812225931424,,,6.19504022598267,52.5,1250.90237145763,,,,,
COM,2010,5.099999905,25.2396019766781,0.0502415872065677,,,7.90405216581276,63.7,1272.60716208007,,,,,
COM,2011,5.5,32.3981821883195,0.0598752200414337,,,9.48193229364778,63.3,1299.11093449408,,,,,
COM,2012,5.975299835,41.5930930270088,0.180889925619471,,,10.5360636883691,63.1,1313.58187559666,,,,,
COM,2013,6.5,49.9143914322486,0.186730097444383,,,9.13247966766357,62.5,1343.54683280656,,,,,
COM,2014,6.980000019,53.8297097833741,0.222486763934938,,,9.5927242808028,65.0,1342.3295858321,11.3405539651115,,,,
COM,2015,7.459199905,58.4555555249752,0.220178840263004,,,,67.6,1329.37048235986,,,,,
COM,2016,7.938300133,61.2597928387402,0.220292527984836,,,,70.1,1345.6261652831,,,,,
COM,2017,8.478199959,61.9708221164076,0.217268052477371,,,18.8190281456697,72.6,1369.41180275963,,,,,
COM,2018,,64.6590805998004,0.198421441439106,,,,75.1,1391.84570443267,,,,,
COM,2019,16.38380051,73.1291747290161,0.162475940084772,,,,77.6,1389.36488014859,,,,,
COM,2020,22.42040062,97.4339379901591,0.148099575772006,,,,80.1,1359.7070891825,,,,,
COM,2021,30.68120003,104.311430086999,0.150456993255713,,,,82.9,1360.32663361462,18.919402649162,,,,
COM,2022,31.37409973,100.549036907747,0.219375008990779,,,,85.7,1366.9513495529,22.7917194366455,,,,
COM,2023,31.92749977,109.855630436495,0.387941019794517,,,,86.1,1383.64201759575,,,,,
COM,2024,32.51750183,,,,,,88.2,1402.52614298112,,,,,
CPV,1990,0.0,0.0,,,,,,835.120723175504,,,,,
CPV,1991,,0.0,,,,,,826.681399309547,,,,,
CPV,1992,,0.0,,,,,,896.519359558541,,,,,
CPV,1993,,0.0,,,,,,953.861011115729,,,,,
CPV,1994,,0.0,,,,,,1113.93806476467,,,,,
CPV,1995,,0.0,,,,,,1248.28104350759,,,,,
CPV,1996,,0.0,,,,,,1365.49820603623,,,,,
CPV,1997,0.241,0.004644099,,,,,,1492.01847422507,,,,,
CPV,1998,0.473,0.231705489,,,,,,1652.11117220593,,,,,
CPV,1999,1.16,1.794376227,,,,1.54689002037048,,1809.80582624137,,,,,
CPV,2000,1.82244385164396,4.3521420992374,,,,1.77746999263763,31.8,2037.31720912714,,0.0,0.0,0.0,14.0
CPV,2001,2.68533271272311,6.84498786642421,,,98.50987,1.54462003707886,33.9,2051.21733888102,,0.0,0.0,0.0,20.0
CPV,2002,3.5187571749658,9.19588220432249,,,129.37196,3.76713991165161,30.7,2127.70872296502,,0.0,0.0,0.0,14.0
CPV,2003,4.32488539053715,11.2682542465615,,,,4.45262002944946,38.3,2186.89500422765,,0.0,0.0,0.0,22.0
CPV,2004,5.31883206957883,13.7221770240107,0.0590358178442539,,,5.89057016372681,40.6,2379.79636224135,,0.0,0.0,0.0,16.0
CPV,2005,6.07408710659813,16.8456963812704,0.1931500778166,,,7.33844995498657,42.5,2514.16779255327,,0.0,2.0,0.0,15.0
CPV,2006,6.80891100753313,22.182960825549,0.36965488009651,,,8.3322696685791,45.4,2683.83943856892,,2.0,2.0,0.0,28.0
CPV,2007,8.28321981953034,30.6761522803765,0.772486345956186,,,9.42763996124268,48.0,3056.97102851154,,0.0,0.0,0.0,21.0
CPV,2008,14.0,55.3839096049705,1.47201085059489,,,11.6451501846313,50.6,3238.44159287498,,0.0,0.0,0.0,40.0
CPV,2009,21.0,57.4189800865767,2.16777538274908,,,14.5845203399658,53.4,3159.58698693977,,0.0,0.0,0.0,35.0
CPV,2010,30.0,72.9467774586884,3.15251165199379,,,17.2396798150949,65.7,3194.61667734233,,0.0,0.0,0.0,41.0
CPV,2011,32.0,77.511257275925,4.17091115990513,0.06622,48.91143,19.8174684695304,67.8,3309.20121643898,,0.0,2.0,0.0,41.0
CPV,2012,34.74,83.0756609467629,3.87787989178736,,,19.8951290654347,69.5,3341.7421054836,,0.0,0.0,0.0,45.0
CPV,2013,37.5,97.5075406315584,4.13919664210064,,,22.2468122776255,71.5,3361.09387702205,,0.0,0.0,0.0,80.0
CPV,2014,40.25999832,119.724160007495,3.72341048473043,,124.92558,23.2703965538205,73.8,3383.8422809791,,0.0,0.0,0.0,75.0
CPV,2015,42.6830141582781,119.335511344785,3.23344925974933,,,22.524027665499,76.2,3415.06266730931,20.037130355835,0.0,0.0,0.0,83.0
CPV,2016,50.3228178676892,117.442454843782,3.0320707671777,,,23.6934975221505,78.8,3560.1400729534,,0.0,0.0,0.0,109.0
CPV,2017,57.1621463484891,119.373631537182,2.9232218025982,,,24.5594648459854,81.2,3719.71306047915,,0.0,0.0,0.0,88.0
CPV,2018,59.5,118.876152819844,3.04957977464624,,,24.2905954414767,84.6,3853.67940035241,,0.0,0.0,0.0,94.0
CPV,2019,61.9433977593088,115.867801067488,3.93928076809362,,,,87.3,4115.90283469406,,0.0,0.0,0.0,98.0
CPV,2020,69.37339783,105.838590655535,4.82611491823059,,,,92.7,3255.93628984058,,0.0,0.0,0.0,128.0
CPV,2021,70.28250122,114.230551109167,5.90962142576488,,,,96.9,3471.6553421786,,0.0,0.0,0.0,135.0
CPV,2022,73.32740021,113.247367438782,6.56769429388869,,,,97.4,3997.76763250653,,0.0,2.0,0.0,178.0
CPV,2023,74.59919739,113.022968194497,7.23008973237277,,,,96.9,4168.67748407593,,0.0,1.0,0.0,151.0
CPV,2024,74.73519897,111.84067886381,8.30537440200276,,,,97.7,4438.38741931171,26.5111999511719,0.0,5.0,0.0,134.0
CRI,1990,0.0,0.0,,,,,,6048.58307533907,,,,,
CRI,1991,,0.0,,,,,,6030.17970863724,,,,,
CRI,1992,0.00111,0.090549498,,,,,,6420.44624299731,,,,,
CRI,1993,0.0815,0.133113211,,,,,,6706.2766889267,,,,,
CRI,1994,0.28,0.200191909,,,,,,6839.36232894134,,,,,
CRI,1995,0.417,0.524790252,,,,,,6954.09537663888,,,,,
CRI,1996,0.841,1.272648304,,0.30221,,,,6884.73552958124,,,,,
CRI,1997,1.64,1.721843643,,0.29569,,,,7099.52398121837,,,,,
CRI,1998,2.67,2.846322652,,0.26526,,,,7439.72672879908,,,,,
CRI,1999,3.9,3.541727008,,0.36759,,,,7589.29093683694,,,,,
CRI,2000,5.80025302331829,5.37399761639865,,0.41135,,,92.8,7726.51985617467,,0.0,1.0,0.0,717.0
CRI,2001,9.55948213497093,8.15535850187094,,,,,95.8,7854.23397563819,28.4861629809911,0.0,0.0,0.0,777.0
CRI,2002,19.8948511346293,12.3286155401335,0.220550800413671,,,,96.3,7989.55926106105,29.1,0.0,3.0,0.0,985.0
CRI,2003,20.3336148143541,18.8050161593357,0.359477566357655,0.3619,133.40471,,96.7,8207.45747826141,30.0,0.0,2.0,1.0,918.0
CRI,2004,20.7923067055542,21.977782317376,0.665011459310994,0.37288,110.07807,25.8056793212891,97.3,8445.52917577429,29.9,0.0,0.0,1.0,1076.0
CRI,2005,22.07,25.8447071744375,1.05401244708113,,124.52761,,97.4,8655.33967667373,30.9,0.0,0.0,0.0,1179.0
CRI,2006,25.10000038,33.4090120194199,1.92826762069173,0.42693,,,97.6,9160.29437313379,31.3,0.0,2.0,0.0,1367.0
CRI,2007,28.39999962,34.4322741543401,2.1688269705277,0.35655,,,97.7,9779.51150221827,33.4575119018555,0.0,2.0,0.0,1471.0
CRI,2008,32.29,42.4897794081876,2.47607237386195,0.38593,264.17779,,97.8,10104.9092352005,35.7305107116699,0.0,2.0,0.0,1472.0
CRI,2009,34.33,43.3424130142933,4.05916630350165,0.51718,343.38493,,98.2,9883.67568633785,36.5469703674316,0.0,1.0,0.0,2195.0
CRI,2010,36.5,68.6654541894774,8.69765814552448,0.4799,385.92478,,97.1,10285.0856777667,35.5017204284668,0.0,3.0,0.0,2037.0
CRI,2011,39.2121959961842,90.0914848759163,9.10623009553708,0.46235,410.68891,44.6711883544922,97.3,10612.4694960426,36.5434799194336,0.0,7.0,0.0,3677.0
CRI,2012,47.5,115.312137778965,9.61836080870784,0.54713,340.94423,46.6885414123535,98.1,11001.5193084396,37.384651184082,0.0,7.0,0.0,2754.0
CRI,2013,45.96,150.800664186252,10.2813377106354,0.54253,359.00481,47.5057106018066,98.4,11151.1437937744,36.4,1.0,3.0,0.0,3382.0
CRI,2014,53.0,147.26739567441,10.8312169257784,0.55627,574.91761,50.3342781066895,98.3,11422.6735972442,40.2186393737793,0.0,1.0,1.0,3692.0
CRI,2015,59.7629501371681,156.403893036958,11.5950932724067,0.43665,500.97138,51.2845802307129,97.7,11714.7106121672,37.9914588928223,0.0,7.0,0.0,4722.0
CRI,2016,65.8804491942718,171.166374015358,13.131030668186,0.44335,531.44617,51.6516418457031,98.5,12084.4351419988,38.2961387634277,0.0,7.0,0.0,4586.0
CRI,2017,71.5816646195022,179.931274611112,15.1437857826005,0.42587,385.02378,54.4492301940918,98.9,12468.5654849336,36.7,1.0,13.0,0.0,4374.0
CRI,2018,73.4797284369906,171.357339055205,16.8377298238862,0.37144,349.49117,52.6140899658203,98.9,12708.8042828359,39.6567306518555,0.0,25.0,2.0,4638.0
CRI,2019,81.2025964435269,144.514079558713,18.0962978090241,,,55.0202903747559,98.9,12944.013449341,38.4,4.0,43.0,0.0,5184.0
CRI,2020,80.53018608,142.481526800044,19.7191477697087,0.33002,371.97029,,99.7,12322.2359458534,40.9356117248535,5.0,63.0,5.0,9123.0
CRI,2021,82.74901607,140.788061157457,20.9242986347003,0.27385,406.58119,,100.0,13267.2549508035,40.0,2.0,61.0,2.0,6004.0
CRI,2022,82.59801121,136.518375013406,21.7575979999075,0.33789,462.47421,,100.0,13931.8461614764,41.0,4.0,81.0,4.0,4912.0
CRI,2023,85.39514799,133.527658761832,22.5231293549635,0.33738,507.75814,,100.0,14531.5005137466,42.4,8.0,83.0,2.0,5129.0
CRI,2024,87.17019653,136.024511151268,23.287699004466,,,,99.4,15052.9149924743,43.3446083068848,7.0,119.0,3.0,4869.0
CSS,1990,,0.0863588811674833,,,,7.63067007064819,,8270.37782454198,,,,,
CSS,1991,,0.12935796909267,,,,8.56671047210693,,8213.02133245645,,,,,
CSS,1992,,0.205835963077844,,,,8.82328987121582,,8313.56544656444,,,,,
CSS,1993,,0.31089275768204,,,,9.07065963745117,,8288.15260018,,,,,
CSS,1994,,0.359654796968817,,,,9.40382957458496,,8499.02980529755,,,,,
CSS,1995,,0.619141448283923,,,,9.52126026153564,,8686.54236710195,,,,,
CSS,1996,,0.84351196945758,,,,9.88105964660645,,9033.9614694402,,,,,
CSS,1997,,0.996856333213174,,,,10.2123603820801,,9371.35802535499,,,,,
CSS,1998,,1.4589121553651,,,,10.1574897766113,,9751.25749791876,,,,,
CSS,1999,,3.01899072200713,,,,10.1685104370117,,10160.4772174349,,,,,
CSS,2000,,7.25024377014366,,,,12.4815998077393,79.2612344864954,10553.7062607061,,,,,
CSS,2001,,13.7656877204208,,,,13.4508304595947,83.7313044685271,10690.3702191644,,,,,
CSS,2002,,20.3029801305704,,,,14.4409503936768,84.1386456060785,11027.3598401094,,,,,
CSS,2003,,34.1128195841599,,,,15.3083400726318,84.6862899514409,11605.4238812576,,,,,
CSS,2004,,43.389184686257,3.07501748266865,,,16.4811305999756,85.2778594008446,12056.9139473837,,,,,
CSS,2005,,52.8289319749782,3.01186090494124,,,16.0023498535156,85.2548395703419,12683.3255233013,,,,,
CSS,2006,,64.8116146135132,4.86673926890486,,,16.1468200683594,87.2216153141107,13597.1381777631,,,,,
CSS,2007,,80.1621082346752,4.47348411247951,,,17.4229507446289,88.7178200516481,14030.0505594073,,,,,
CSS,2008,,91.4576763576687,5.33870402580495,,,18.9792003631592,89.2210841888696,14177.6922464874,,,,,
CSS,2009,,100.128632622832,6.7556416702369,,,19.4849090576172,88.5732148906787,13623.5304132425,,,,,
CSS,2010,,99.9808407455144,6.76877712168044,,,20.8750495910644,90.4720039944392,13697.4264360568,,,,,
CSS,2011,,95.9818537379915,7.2163264970311,,,20.8291606903076,91.8988295334471,13731.3218758813,,,,,
CSS,2012,,93.9498454863244,10.4455219782488,,,22.1598205566406,92.2644048021551,14203.8255539522,,,,,
CSS,2013,,100.900334843693,10.9891294531804,,,21.7818107604981,92.7199502890846,14327.5751136155,,,,,
CSS,2014,,100.709780576529,12.0069657557803,,,22.1476001739502,93.1091878064692,14600.729767324,,,,,
CSS,2015,,97.5801849175835,13.122045644732,,,22.3374500274658,93.7048635048103,14497.8798625347,,,,,
CSS,2016,,101.901814316053,14.3725860244286,,,22.4458999633789,94.4114484953541,13962.4303282906,,,,,
CSS,2017,,102.877295759944,15.194029672585,,,,95.0446620525966,13778.886010068,,,,,
CSS,2018,,104.593014821527,17.4299988451081,,,,94.9941451103202,13827.9207659533,,,,,
CSS,2019,,106.436957613453,16.0168044444927,,,,95.438487141123,13836.1810586697,,,,,
CSS,2020,,111.600729388143,18.4915639241509,,,,96.567767670708,12507.6012734005,,,,,
CSS,2021,,109.129045044123,18.3844757261607,,,,97.0067446373364,13353.2168994617,,,,,
CSS,2022,,,,,,,97.1513862838627,15259.8516050593,,,,,
CSS,2023,,,,,,,96.8979892211912,16520.5066629775,,,,,
CSS,2024,,,,,,,97.0071877591993,18643.3738062746,,,,,
CUB,1990,0.0,0.0,,,,20.6704692840576,,4961.45738860948,,,,,
CUB,1991,,0.0,,,,20.8748302459717,,4395.45493473446,,,,,
CUB,1992,,0.002169932,,,,19.6879501342773,,3861.87437370304,,,,,
CUB,1993,,0.004612149,,,,17.9483890533447,,3270.55047645542,,,,,
CUB,1994,,0.010581227,,,,16.7040901184082,,3280.38453264476,,,,,
CUB,1995,9.17e-05,0.017745518,,,,14.2621002197266,,3348.88763214863,,,,,
CUB,1996,0.0319,0.022138038,,0.34736,,13.4059000015259,,3599.32498555978,,,,,
CUB,1997,0.0682,0.027222812,,0.40172,,13.2927103042603,,3687.42530352589,,,,,
CUB,1998,0.227,0.036759914,,0.50124,,13.477499961853,,3680.98418008951,,,,,
CUB,1999,0.315,0.04639527,,0.45832,,21.1540107727051,,3895.54643322661,,,,,
CUB,2000,0.541182548811058,0.0588346014068275,,0.47865,,22.9956703186035,87.8,4112.26168350671,,0.0,2.0,0.0,1999.0
CUB,2001,1.07975172188907,0.0769822180857154,,0.5653,,26.0719394683838,85.3,4229.90309433356,,0.0,4.0,0.0,2078.0
CUB,2002,3.77058503769014,0.159705935664212,,0.56445,,27.423469543457,82.4,4277.39565642359,40.3534393310547,0.0,11.0,0.0,2203.0
CUB,2003,5.2412690536929,0.315414327443357,,0.58243,,32.568790435791,86.5,4426.96599591833,,0.0,6.0,0.0,2419.0
CUB,2004,8.40798475900703,0.674425176594278,,0.60231,,52.4411582946777,87.1,4670.18802138025,,0.0,8.0,0.0,2568.0
CUB,2005,9.73806220781346,1.20340377502297,,0.5492,,60.115119934082,87.7,5182.35283601732,,0.0,17.0,4.0,3035.0
CUB,2006,11.1596013147617,1.35403043830989,,0.44139,,84.7447280883789,88.4,5799.41163668615,,0.0,24.0,1.0,3247.0
CUB,2007,11.69,1.75642086059413,0.017240658327362,0.43615,,105.017448425293,89.0,6215.76603727772,,0.0,25.0,1.0,3508.0
CUB,2008,12.94,2.93785859106843,0.0198906069752444,0.50061,,117.163070678711,89.7,6469.08507847668,,0.0,17.0,0.0,3774.0
CUB,2009,14.33,5.49952592888765,0.0255252034158619,0.61485,,113.827087402344,90.4,6561.25305093006,,0.0,12.0,0.0,4384.0
CUB,2010,15.9,8.87827465571973,0.032803981868763,0.60767,,93.544739814446,91.1,6716.49048497058,,0.0,16.0,0.0,4814.0
CUB,2011,16.0172907996413,11.6367981053254,0.0391184553014798,0.27192,,78.4791611574931,91.8,6902.16397571139,,0.0,23.0,0.0,5125.0
CUB,2012,21.20000076,14.8776339391366,0.0443503705817171,0.40716,,61.3519866952141,92.7,7109.24834185635,57.4055290222168,0.0,24.0,1.0,5482.0
CUB,2013,27.93,17.663909552762,0.0474413238890875,0.47467,,47.9938388668246,93.6,7307.82004410741,,2.0,28.0,0.0,6222.0
CUB,2014,29.0701843656523,22.4242641732624,0.069051527254442,0.41596,,40.8057214253261,94.5,7392.48324633027,,0.0,31.0,0.0,6763.0
CUB,2015,37.3050974155373,29.5816121680895,0.0723454809351432,0.42854,,36.7510276842099,95.5,7727.91997207998,,0.0,39.0,0.0,7625.0
CUB,2016,42.9786751910106,35.3988758000897,0.128071160270743,0.34223,,35.0523986816406,96.4,7774.0698462623,,0.0,37.0,0.0,7494.0
CUB,2017,57.1484043170788,41.0193113711099,0.298155315127924,0.43066,,41.1702416547293,97.4,7927.27769431767,,0.0,35.0,0.0,7468.0
CUB,2018,62.6789236230601,47.8601543156489,0.880350593981465,0.53691,2053.96588,42.3506387045364,98.3,8120.43123558256,,1.0,52.0,2.0,8401.0
CUB,2019,67.9708086565152,53.9383385257639,1.6311212347291,0.55308,2136.67708,44.7791807576091,99.5,8124.75282059108,55.3308181762695,1.0,60.0,1.0,8294.0
CUB,2020,71.11907507,59.6058696780721,2.07271530590388,0.51838,2121.90949,46.7357262964117,99.7,7252.28811179844,,0.0,59.0,0.0,9436.0
CUB,2021,67.64354869,63.8661095570576,2.67322881654008,0.32282,2099.70203,51.8885571735926,100.0,7379.04275283674,,1.0,95.0,0.0,10179.0
CUB,2022,67.88410187,68.7180442358013,2.89200005063374,0.36032,2079.08182,,100.0,7552.33152218842,,4.0,87.0,2.0,4935.0
CUB,2023,69.55580139,69.5767786567811,2.97118012807884,0.39213,1968.33703,49.7285704304293,100.0,7433.42885399674,,4.0,88.0,1.0,4894.0
CUB,2024,70.47699738,72.930002350684,3.08297531927544,0.43839,2171.25568,43.1040700506779,100.0,7381.39774048869,,5.0,94.0,0.0,3501.0
CUW,1990,,,,,,,100.0,,,,,,
CUW,1991,,,,,,,100.0,,,,,,
CUW,1992,,,,,,,100.0,,,,,,
CUW,1993,,,,,,,100.0,,,,,,
CUW,1994,,,,,,,100.0,,,,,,
CUW,1995,,,,,,,100.0,,,,,,
CUW,1996,,,,,,,100.0,,,,,,
CUW,1997,,,,,,,100.0,,,,,,
CUW,1998,,,,,,,100.0,,,,,,
CUW,1999,,,,,,,100.0,,,,,,
CUW,2000,,,,,,,100.0,21523.6458973702,,0.0,0.0,0.0,53.0
CUW,2001,,,,,,,100.0,22171.0655460422,,0.0,0.0,0.0,62.0
CUW,2002,,,,,,,100.0,22231.8793091625,,0.0,0.0,0.0,61.0
CUW,2003,,,,,,,100.0,21840.8913168396,,0.0,0.0,0.0,60.0
CUW,2004,,,,,,,100.0,21512.1116035171,,0.0,0.0,0.0,77.0
CUW,2005,,,,,,,100.0,21112.3219220136,,0.0,0.0,0.0,69.0
CUW,2006,,,,,,,100.0,20913.6630394407,,0.0,0.0,0.0,74.0
CUW,2007,,,,,,,100.0,21011.1570622011,,0.0,0.0,0.0,106.0
CUW,2008,,,,,,,100.0,21202.4305115575,,0.0,0.0,0.0,92.0
CUW,2009,,129.053104444088,,,,,100.0,20952.8998451864,,0.0,0.0,0.0,111.0
CUW,2010,,130.051823379802,,,,,100.0,20706.4374577658,,0.0,0.0,0.0,104.0
CUW,2011,,130.099769181287,20.0547406127417,,,,100.0,20518.0986087103,,0.0,0.0,0.0,124.0
CUW,2012,,127.231027410032,22.11573124495,,,,100.0,20277.5111916571,,0.0,0.0,0.0,111.0
CUW,2013,,124.764421337878,22.68421730254,,,23.0842005676443,100.0,19921.4770634064,,0.0,0.0,0.0,124.0
CUW,2014,,116.689390220994,23.4282874923497,,,,100.0,19529.5286704975,,0.0,0.0,0.0,172.0
CUW,2015,,114.330900535376,24.0078745828632,,,,100.0,19361.8130008678,,0.0,1.0,0.0,210.0
CUW,2016,61.855510740634,111.241968745157,25.4574388194204,,,,100.0,18953.0537415003,,0.0,1.0,0.0,161.0
CUW,2017,68.1272162511339,111.077879845237,29.2838662204182,,,,100.0,18651.4798142441,,0.0,1.0,0.0,163.0
CUW,2018,,102.647274249241,28.546725189032,,,,100.0,18355.1767135889,,0.0,1.0,0.0,173.0
CUW,2019,,97.200107627293,28.1186854697879,,,,100.0,17980.5298177114,,0.0,2.0,0.0,150.0
CUW,2020,,91.8829519290015,31.5936827768109,,,,100.0,14849.9698474917,51.0097389221191,0.0,0.0,0.0,178.0
CUW,2021,,90.6602271807463,32.5704880878504,,,,100.0,15625.4113227953,,0.0,1.0,0.0,206.0
CUW,2022,,92.7324718767703,32.9115972915374,,,,100.0,16772.8146989153,,0.0,2.0,0.0,254.0
CUW,2023,,93.7975591472655,31.5126707545287,,,,100.0,17326.9645481336,,0.0,2.0,0.0,373.0
CUW,2024,,,,,,,100.0,18044.7750692923,,0.0,2.0,0.0,272.0
CYM,1990,0.0,0.0,,,,,,,,,,,
CYM,1991,,2.044623263,,,,,,,,,,,
CYM,1992,,3.445269728,,,,,,,,,,,
CYM,1993,0.0,4.19468673,,,,,100.0,,,,,,
CYM,1994,0.0,5.770577376,,,,,100.0,,,,,,
CYM,1995,3.95,7.725138711,,,,,100.0,,,,,,
CYM,1996,,,,,,,100.0,,,,,,
CYM,1997,,11.54894741,,,,,100.0,,,,,,
CYM,1998,,13.99339577,,,,,100.0,,,,,,
CYM,1999,,21.96109153,,,,15.839599609375,100.0,,,,,,
CYM,2000,,26.9698039017997,,,,21.135799407959,100.0,,,0.0,0.0,0.0,23.0
CYM,2001,,41.3736036408771,,,,21.8025798797607,100.0,,,0.0,0.0,0.0,17.0
CYM,2002,,44.6911605588747,,,,19.2189903259277,100.0,,,0.0,0.0,0.0,20.0
CYM,2003,,47.890016843447,,,,19.8089809417725,100.0,,,0.0,1.0,0.0,16.0
CYM,2004,,74.5281354736285,,,,,100.0,,,0.0,0.0,0.0,21.0
CYM,2005,38.0343830823064,173.003761648286,,,,,100.0,,,0.0,0.0,0.0,15.0
CYM,2006,44.5,191.903715375684,,,,19.4577903747559,100.0,96066.6290832355,,,,,
CYM,2007,52.0,204.272747398716,,,,22.1045207977295,100.0,96202.7379415493,73.564582824707,0.0,0.0,0.0,25.0
CYM,2008,61.0,192.201520986882,34.2710797442865,,,33.0195503234863,100.0,93115.3168416314,77.2876663208008,0.0,0.0,0.0,52.0
CYM,2009,64.5,206.581398000684,34.769470523395,,,,100.0,84001.4215657607,,0.0,1.0,0.0,47.0
CYM,2010,66.0,185.896227287011,34.847224532801,,,,100.0,79483.0972813604,,0.0,0.0,0.0,68.0
CYM,2011,69.46594499,174.040571161385,33.8380750278747,,,,100.0,78233.0187551876,,0.0,0.0,0.0,70.0
CYM,2012,69.7,172.980257630916,33.8228087370484,,,,100.0,77074.3890872511,,0.0,0.0,0.0,61.0
CYM,2013,71.4,167.140056261188,34.6688261870258,,,,100.0,76038.879554035,,0.0,0.0,0.0,63.0
CYM,2014,74.1,151.361369680851,39.0109707446808,,,,100.0,76104.6215727416,88.1057968139648,0.0,0.0,0.0,55.0
CYM,2015,77.0,151.2669932838,44.4226339184322,,,,100.0,76379.2095108681,90.1963195800781,0.0,0.0,0.0,66.0
CYM,2016,79.0,151.594294770206,38.8827258320127,,,,100.0,77031.8643873625,,0.0,1.0,0.0,83.0
CYM,2017,81.0676932508161,149.772991400015,48.3954443325327,,,,100.0,77717.1752058822,,0.0,1.0,0.0,69.0
CYM,2018,,,,,,,100.0,79305.769672996,,0.0,2.0,0.0,99.0
CYM,2019,,147.043533797733,75.7496992291354,,,,100.0,80714.5718222987,,0.0,10.0,0.0,118.0
CYM,2020,,145.594315997903,46.5901811193291,,,,100.0,75199.6446006284,,0.0,21.0,0.0,159.0
CYM,2021,,142.637074228333,45.6438637530667,,,,100.0,77259.6331096058,,0.0,28.0,0.0,188.0
CYM,2022,,139.314997695241,56.3604363676998,,,,100.0,79942.1196290248,,0.0,19.0,0.0,165.0
CYM,2023,,,,,,,100.0,82906.5454943954,,0.0,22.0,0.0,211.0
CYM,2024,,,,,,,100.0,84381.4731440521,,0.0,10.0,0.0,128.0
CYP,1990,0.0,0.544701415,,,,,100.0,17144.4609375,,,,,
CYP,1991,,0.862497899,,,,,100.0,16829.904296875,,,,,
CYP,1992,0.0501,1.594988536,,,,,100.0,17928.53125,,,,,
CYP,1993,0.0564,2.44295302,,,,,100.0,17623.275390625,,,,,
CYP,1994,0.111,3.589671362,,,,,100.0,18281.01171875,,,,,
CYP,1995,0.41,6.773274417,,,,,100.0,19453.837890625,,,,,
CYP,1996,0.673,10.62299265,,,,,100.0,19385.27734375,,,,,
CYP,1997,4.38,13.62085308,,,,,100.0,19617.17578125,,,,,
CYP,1998,8.89,17.04920193,,0.20331,349.5183,,100.0,20562.287109375,,,,,
CYP,1999,11.3,21.9622013,,0.21806,407.11007,,100.0,21349.740234375,51.3767131017428,,,,
CYP,2000,15.2553943710137,31.3009318996416,,0.2269,438.81436,,100.0,22383.955078125,53.0678195677309,0.0,10.0,0.0,403.0
CYP,2001,18.8187590408455,44.557760453579,0.354358610914245,0.23694,477.38582,21.6125202178955,100.0,23019.240234375,54.6698590406431,0.0,13.0,0.0,476.0
CYP,2002,28.32,58.5586380832282,0.823735463079725,0.27967,616.5499,25.1022891998291,100.0,23604.177734375,56.6720118528246,0.0,26.0,0.0,636.0
CYP,2003,30.09,76.3248028772998,1.38788214137502,0.31834,686.54374,31.9552307128906,100.0,23930.7734375,56.4413889416798,0.0,17.0,0.0,658.0
CYP,2004,33.83,89.8,2.32878581173261,0.33564,806.48173,36.0204582214355,100.0,24799.63671875,57.1389083862305,0.0,20.0,0.0,764.0
CYP,2005,32.81,105.175134408602,4.28172043010753,0.36727,930.33788,34.102180480957,100.0,25631.35546875,58.6673393249512,0.0,29.0,0.0,978.0
CYP,2006,35.83,114.498614592954,8.3235255310727,0.38346,1005.35878,34.3019485473633,100.0,26395.490234375,61.2007484436035,0.0,36.0,0.0,1187.0
CYP,2007,40.77,127.29417825863,12.5725141679547,0.40007,1054.20653,36.2316017150879,100.0,27156.806640625,63.5253410339355,0.0,31.0,0.0,1207.0
CYP,2008,42.31,127.586773748275,18.4811143179822,0.38594,1038.21427,40.8491706848145,100.0,27449.212890625,64.4992599487305,0.0,41.0,0.0,1479.0
CYP,2009,49.81,119.340861921621,21.4899279697229,0.44437,1095.4538,47.6964492797852,100.0,26183.673828125,63.8221397399902,1.0,49.0,0.0,1731.0
CYP,2010,52.99,123.133007859014,23.1549178375804,0.44292,1104.81725,48.311580657959,100.0,26090.037109375,65.4537200927734,2.0,57.0,0.0,1931.0
CYP,2011,56.8598923503507,126.559628770302,24.611252900232,0.45263,1091.99036,46.5397300720215,100.0,25538.76953125,67.7841033935547,0.0,35.0,0.0,2178.0
CYP,2012,60.6898684001903,128.74435044617,25.5626376173369,0.43765,1022.02872,45.8635902404785,100.0,24285.484375,68.9212112426758,0.0,44.0,0.0,2535.0
CYP,2013,65.4548,127.862906976744,26.6505813953488,0.48485,1030.30177,47.470890045166,100.0,22711.708984375,69.8925476074219,0.0,42.0,0.0,2798.0
CYP,2014,69.3286967086473,129.042983271375,28.3005343866171,0.51205,1048.79818,52.1083793640137,100.0,22373.56640625,69.4995498657227,0.0,36.0,0.0,2926.0
CYP,2015,71.7157409175171,128.631974994212,30.1736513081732,0.47529,994.37065,59.8640594482422,100.0,23088.4296875,69.050651550293,0.0,32.0,0.0,3182.0
CYP,2016,75.9002054030125,130.334521209334,32.0132199103345,0.5197,1039.63583,68.3754730224609,100.0,24477.974609375,71.1635284423828,1.0,66.0,0.0,3919.0
CYP,2017,80.743188971932,133.940473480537,33.6542226269064,0.54259,1188.67243,79.827522277832,100.0,25665.990234375,71.8102957503546,5.0,114.0,2.0,4565.0
CYP,2018,84.4335825186889,134.843630644799,35.2355650415637,0.61032,1385.15663,86.5899276733398,100.0,26962.392578125,72.9813537597656,8.0,139.0,2.0,4833.0
CYP,2019,86.0636299618935,137.76052748227,36.1884973404255,0.70269,1631.10513,93.9260711669922,100.0,28167.146484375,73.3406585636693,4.0,183.0,4.0,5444.0
CYP,2020,90.80194644,135.588846364133,36.3127392017496,0.82581,1712.04604,102.390762329102,100.0,26895.671875,74.4701614379883,11.0,277.0,10.0,6838.0
CYP,2021,90.75951564,142.051408905141,36.6502473650247,0.77686,1707.8633,106.362930297852,100.0,29517.05859375,76.4441402590559,9.0,449.0,5.0,8291.0
CYP,2022,89.60099194,146.71583605521,36.7656727425982,0.70468,1681.07176,105.384979248047,100.0,31505.2109375,77.6551767374596,12.0,469.0,3.0,8474.0
CYP,2023,91.22110357,148.333712748344,36.9005587748344,0.68145,1686.46822,107.26212310791,100.0,32022.01953125,78.2866909362192,19.0,630.0,2.0,9116.0
CYP,2024,89.60099246,156.218025662252,37.5627069536424,,,120.87727355957,100.0,32757.541015625,,41.0,811.0,17.0,9128.0
CZE,1990,0.0,0.0,,,,,100.0,11900.5844581421,,,,,
CZE,1991,,0.012054318,,,,,100.0,10543.6195982395,,,,,
CZE,1992,,0.04510736,,,,,100.0,10479.4918667877,,,,,
CZE,1993,0.581,0.136089876,,,,,100.0,10475.0849147458,,,,,
CZE,1994,1.26,0.294817456,,,,,100.0,10775.9443891717,,,,,
CZE,1995,1.45,0.474218514,,,,,100.0,11453.3800188807,,,,,
CZE,1996,1.94,1.945627333,,0.88366,1258.0318,,100.0,11944.7171474526,,,,,
CZE,1997,2.92,5.12050537,,0.98251,1222.7761,,100.0,11886.3480904927,,,,,
CZE,1998,3.9,9.406584208,,1.05423,1223.32114,,100.0,11850.8396211995,77.1178673114585,,,,
CZE,1999,6.83,18.97282769,,1.04295,1319.35303,,100.0,12026.4688076608,77.9307213714124,,,,
CZE,2000,9.78052788834393,42.454744664448,0.0244216847367596,1.10377,1352.21409,,100.0,12543.9364342367,78.4783083536515,0.0,46.0,1.0,8238.0
CZE,2001,14.6971721171129,67.8967401672567,0.0605945932421782,1.09343,1465.05243,32.0267791748047,100.0,12958.4667607533,79.2367669993301,0.0,40.0,0.0,8933.0
CZE,2002,23.93,84.0881284066711,0.149421825430774,1.09272,1463.13284,36.8876609802246,100.0,13179.9878092741,,0.0,48.0,2.0,10013.0
CZE,2003,34.3,94.7289136642016,0.338474952268104,1.13817,1543.13456,39.2078895568848,100.0,13618.9349633164,,0.0,48.0,2.0,10716.0
CZE,2004,35.5,105.078395353483,2.2998309205814,1.13619,1589.73189,45.4242782592773,100.0,14259.63342798,,0.0,44.0,1.0,11688.0
CZE,2005,35.27,114.549637539441,6.8973973441835,1.15998,2353.41029,49.1181411743164,100.0,15147.7214417611,,0.0,71.0,0.0,12401.0
CZE,2006,47.93,120.394905647853,10.7961618649867,1.22564,2552.57872,49.8811302185059,100.0,16107.3042502688,85.4778289794922,1.0,75.0,1.0,14885.0
CZE,2007,51.93,127.966877622661,14.4784887472778,1.2967,2701.68545,54.1809005737305,100.0,16892.542854974,85.7760925292969,1.0,93.0,0.0,18935.0
CZE,2008,62.97,132.778736616777,16.9544853816023,1.2352,2876.01839,57.9171714782715,100.0,17190.6470333289,86.137077331543,0.0,105.0,1.0,19658.0
CZE,2009,64.43,125.349158452872,19.5385560961848,1.28943,2765.27088,61.4115715026855,100.0,16272.8084766719,87.2494125366211,2.0,121.0,4.0,22171.0
CZE,2010,68.82,123.605282283555,21.6090542510609,1.31352,2799.12504,64.9327697753906,100.0,16665.9317825137,87.9936599731445,2.0,117.0,1.0,20074.0
CZE,2011,70.49,125.460303933748,23.9064110361087,1.5323,2925.87928,66.7968215942383,100.0,16926.2846674435,88.3989562988281,3.0,149.0,4.0,22351.0
CZE,2012,73.4300078241036,128.69010077246,25.2869067180213,1.757,3162.1117,66.9287719726562,100.0,16772.3539223328,88.5255432128906,1.0,169.0,1.0,25581.0
CZE,2013,74.1104,130.521237278882,27.1727115258321,1.86743,3260.83143,66.3243179321289,100.0,16759.7808635642,89.1595687866211,1.0,173.0,3.0,26591.0
CZE,2014,74.2317116367383,132.288685248373,28.475360327904,1.94392,3428.30846,67.3959732055664,100.0,17118.0425571578,89.6333618164062,2.0,245.0,3.0,30916.0
CZE,2015,75.668838699279,118.339820565816,27.9980000790543,1.906,3619.16017,67.2303619384766,100.0,17931.5987670768,89.7707138061523,2.0,245.0,6.0,32593.0
CZE,2016,76.4811986951838,118.544499080322,29.14911847267,1.65411,3546.92776,67.5056381225586,100.0,18359.0978103904,90.2288589477539,6.0,284.0,5.0,34072.0
CZE,2017,78.7191728513432,119.874291148129,29.8452606888193,1.74513,3718.34571,67.7142181396484,100.0,19257.6930680911,90.5752105712891,2.0,325.0,14.0,33854.0
CZE,2018,80.6881675434288,120.431679514249,30.5512773467128,1.87652,3906.6782,66.7902221679688,100.0,19736.6295261285,90.5812617260621,2.0,425.0,11.0,34414.0
CZE,2019,80.8669444139622,124.126150238634,35.4302064212035,1.89547,4027.58714,66.8802185058594,100.0,20360.0599221814,90.6672668457031,8.0,641.0,13.0,38286.0
CZE,2020,81.33889705,123.219460160155,36.4490898642092,1.94537,4187.18471,67.1843719482422,100.0,19233.1469549829,90.9993348123296,15.0,793.0,18.0,41421.0
CZE,2021,82.67062427,126.173145654465,37.4984794433561,1.93302,4560.45106,69.8369293212891,100.0,20373.8783043424,90.849006652832,30.0,1001.0,20.0,42102.0
CZE,2022,84.54009378,128.105295003482,37.7136856539825,1.89089,4696.6857,70.8145904541016,100.0,20627.348651011,91.3589555303177,40.0,1152.0,24.0,40345.0
CZE,2023,85.99404818,126.004753501387,37.9099783935119,1.83369,4504.58395,66.7282867431641,100.0,20272.5874017334,91.3880308548045,59.0,1444.0,18.0,42683.0
CZE,2024,87.68776014,126.600163061009,38.8656371139002,,,,100.0,20449.1135911311,,56.0,1695.0,17.0,41703.0
DEU,1990,0.126,0.343465197,,,,,100.0,29763.3124657124,,,,,
DEU,1991,0.25,0.666964587,,,,,100.0,31056.5938822126,,,,,
DEU,1992,0.435,1.211756918,,,,,100.0,31441.9743477578,75.2471061906733,,,,
DEU,1993,0.464,2.20218591,,,,,100.0,30932.0193060317,74.5228905735586,,,,
DEU,1994,0.923,3.079172276,,,,,100.0,31625.3939679554,,,,,
DEU,1995,1.84,4.59177788,,,,,100.0,32007.145402934,76.3491321520236,,,,
DEU,1996,3.05,6.779755664,,2.13663,2801.62099,,100.0,32245.8608379557,73.3015704627174,,,,
DEU,1997,6.71,10.1625708,,2.18161,2862.8306,,100.0,32795.7833455165,75.3328478166187,,,,
DEU,1998,9.88,17.06605986,,2.20748,2884.30523,,100.0,33477.9856458764,,,,,
DEU,1999,20.8,28.74800454,,2.32772,3120.9,,100.0,34168.8308210083,74.8075247534609,,,,
DEU,2000,30.2163466048889,58.9286257003872,0.323971739981797,2.38654,3154.48437,,100.0,35104.1308467844,76.1768738714642,2.0,360.0,6.0,104291.0
DEU,2001,31.650939416316,68.5015729450642,2.5630421406235,2.3792,3230.26868,,100.0,35618.5143698493,77.5640683296579,1.0,369.0,8.0,108861.0
DEU,2002,48.82,72.0472841129963,3.90528253250834,2.40856,3240.75467,,100.0,35477.5151544301,78.110326006942,3.0,844.0,7.0,127645.0
DEU,2003,55.9,78.916971734145,5.44380962425352,2.44232,3275.18656,,100.0,35270.0227284267,78.4599933765618,2.0,533.0,8.0,128508.0
DEU,2004,64.73,86.8798237231984,8.52694492670409,2.40278,3290.96185,,100.0,35687.6378708542,78.4840774536133,3.0,489.0,9.0,136552.0
DEU,2005,68.71,96.6168901963931,13.1471417185409,2.40266,3315.75626,,100.0,36024.0947047021,77.6236801147461,2.0,553.0,7.0,140315.0
DEU,2006,72.16,104.834680181706,18.331503899704,2.43043,3411.78697,,100.0,37459.261328042,77.8464736938477,2.0,584.0,18.0,160137.0
DEU,2007,75.16,118.369804221089,24.2949006391775,2.41918,3573.67338,,100.0,38593.0749910508,79.1142120361328,4.0,566.0,9.0,159983.0
DEU,2008,78.0,130.097465346683,27.9989131407285,2.57152,3726.67445,,100.0,39009.8477636357,80.1641693115234,6.0,667.0,21.0,189272.0
DEU,2009,79.0,129.733283319711,30.8451383310787,2.68864,3916.78276,,100.0,36940.4078672661,80.6187515258789,2.0,713.0,23.0,191409.0
DEU,2010,82.0,109.364084468464,32.3662636839336,2.67632,4056.42386,,100.0,38526.7371042695,81.1279907226562,11.0,749.0,22.0,210438.0
DEU,2011,81.26999953602,112.41947815744,33.7098845809377,2.75016,4191.51741,,100.0,40722.4849268242,81.7228622436523,8.0,761.0,21.0,208244.0
DEU,2012,82.3499984738392,114.191945537857,34.5501078335304,2.82499,4355.567,,100.0,40834.5088218456,82.04736328125,12.0,958.0,21.0,218083.0
DEU,2013,84.17,123.435398879553,35.3423024244517,2.78067,4380.38742,60.8984489440918,100.0,40884.8926759028,82.3082504272461,11.0,980.0,30.0,226870.0
DEU,2014,86.1937006578756,122.308668591557,36.3409222955935,2.82218,4336.01915,65.1844787597656,100.0,41602.4661281668,82.9972076416016,10.0,1050.0,14.0,237400.0
DEU,2015,87.5897993525767,117.401165117624,37.412701768023,2.87725,4755.29531,68.23291015625,100.0,41929.7549110722,83.083366394043,8.0,1191.0,34.0,247867.0
DEU,2016,84.1652066441212,125.024012174369,38.4991067314054,2.88393,4839.84645,67.9464111328125,100.0,42516.9337063103,83.0064163208008,22.0,1662.0,37.0,267048.0
DEU,2017,84.3941537010844,132.003261888443,39.9888046312857,2.9886,5058.39528,68.4692306518555,100.0,43543.4807050551,83.6649584098387,30.0,2525.0,44.0,264558.0
DEU,2018,87.037112092841,128.945577229674,40.9651498488548,3.05057,5209.2143,69.1634292602539,100.0,43905.8550061973,83.4613037109375,39.0,4041.0,48.0,279634.0
DEU,2019,88.1345169091916,128.292298108313,42.1155574684512,3.11256,5398.63462,72.705078125,100.0,44235.2658954682,84.3155578699176,83.0,6428.0,55.0,294304.0
DEU,2020,89.81294133,128.424798814302,43.3048696627,3.0897,5390.05249,72.3894195556641,100.0,42372.8726784255,83.6961288452148,152.0,8825.0,59.0,308747.0
DEU,2021,91.43060973,127.125099449404,44.0643361489671,3.0786,5520.57631,75.6655426025391,100.0,44011.0194631674,81.6805888379566,234.0,11520.0,82.0,319909.0
DEU,2022,91.62984383,124.158264349285,44.6186317766404,3.07096,5801.62324,77.3656997680664,100.0,44817.1316331389,81.4180852571742,295.0,12190.0,87.0,309875.0
DEU,2023,92.4763763,124.662572774586,45.380522509099,3.1539,5926.07432,78.5947494506836,100.0,44368.9920074881,81.86753991238,360.0,14888.0,108.0,319850.0
DEU,2024,93.49999579,129.150921864378,45.6069242965787,,,76.7096862792969,100.0,44027.7631554469,,445.0,15826.0,111.0,298021.0
DJI,1990,0.0,0.0,,,,,,,,,,,
DJI,1991,,0.0,,,,0.0,,,,,,,
DJI,1992,,0.0,,,,0.0858300030231476,,,,,,,
DJI,1993,,0.0,,,,0.105959996581078,,,,,,,
DJI,1994,,0.0,,,,0.124420002102852,,,,,,,
DJI,1995,0.016,0.0,,,,,,,,,,,
DJI,1996,0.0312,0.017063549,,,,0.209659993648529,89.268173606928,,,,,,
DJI,1997,0.0829,0.03039896,,,,0.251010000705719,62.7042268640208,,,,,,
DJI,1998,0.0947,0.03165832,,,,,60.4289018318999,,,,,,
DJI,1999,0.106,0.038922892,,,,0.244910001754761,58.1876277844207,,,,,,
DJI,2000,0.194500528399956,0.0307767242325222,0.0005352473779569,,,0.257360011339188,54.0,,,0.0,0.0,0.0,15.0
DJI,2001,0.343526262964202,0.388947158935478,0.0006482452648924,,,0.654820024967194,52.5,,,0.0,0.0,0.0,16.0
DJI,2002,0.48697170451894,1.88543114782534,0.0007541724591301,,,0.934469997882843,26.1,,,,,,
DJI,2003,0.625940229399888,2.82722345759595,,,,1.14007997512817,49.2,,,0.0,0.0,0.0,11.0
DJI,2004,0.781317175068661,4.17394967341464,,,,1.43494999408722,47.6,,,0.0,0.0,0.0,11.0
DJI,2005,0.953599989,5.24961062577532,0.0050049632552281,,,2.15187001228333,45.9,,,,,,
DJI,2006,1.269999981,5.23707470751282,0.0177619063199667,,,2.43639993667602,32.6,,,,,,
DJI,2007,1.62,7.95160360788906,0.124867357020015,,,2.70820999145508,42.6,,,0.0,4.0,0.0,19.0
DJI,2008,2.26,12.6407194080208,0.274549865917507,,,2.89696002006531,40.9,,,0.0,0.0,0.0,18.0
DJI,2009,4.0,14.1275025314664,0.579796319801827,,,3.63386988639831,39.2,,,0.0,0.0,0.0,28.0
DJI,2010,6.5,17.8030445546417,0.866217827231575,,,3.61855006217956,37.5,,,0.0,0.0,0.0,23.0
DJI,2011,7.0,20.3518393182072,1.1914927711326,,,5.16012001037598,35.8,,,0.0,0.0,0.0,28.0
DJI,2012,9.399999619,21.9776218597006,1.54197530481088,,,,22.1,,,0.0,0.0,0.0,36.0
DJI,2013,12.69999981,24.7884901261545,1.79778315719357,,,,32.5,2140.13769442336,,0.0,0.0,0.0,34.0
DJI,2014,17.0,28.6271201146485,2.0047530858657,,,,30.8,2253.14082249768,,0.0,0.0,0.0,40.0
DJI,2015,22.89999962,30.8091732634986,2.36839087613311,,,,29.1,2376.12554719873,,,,,
DJI,2016,30.79999924,33.271816300825,2.33941404303751,,,,29.5,2502.85181449431,,,,,
DJI,2017,55.6814092453962,35.3657091447905,2.31210201347881,,,,,2596.45134698268,15.6237201690674,,,,
DJI,2018,57.06169891,36.8545231657962,2.3797395608845,,,,33.6,2677.1650334451,,,,,
DJI,2019,58.4762001,38.0143821719119,2.24265621024535,,,,40.3,2781.94350113484,,,,,
DJI,2020,59.92570114,39.2725038635961,2.26685414608193,,,,35.8,2773.40661780097,,0.0,1.0,0.0,0.0
DJI,2021,61.41120148,43.6423520933817,1.39112845686235,,,,36.6,2854.15987035097,,0.0,1.0,0.0,0.0
DJI,2022,63.77600098,46.7770531248021,1.41245769926198,,,,37.3,2959.78673011268,,,,,
DJI,2023,64.75869751,48.4504884885996,1.47205761945073,,,,37.0,3117.8155381531,,0.0,3.0,0.0,0.0
DJI,2024,65.29889679,,,,,,53.9,3290.42482052598,,1.0,7.0,1.0,0.0
DMA,1990,0.0,0.0,,,,,,5536.87901663922,,,,,
DMA,1991,,0.0,,,,5.67882013320923,,5638.3073302382,,,,,
DMA,1992,,0.0,,,,8.95604038238525,,5750.32541372085,,,,,
DMA,1993,,0.0,,,,6.9480299949646,,5865.47647130041,,,,,
DMA,1994,,0.0,,,,,,5863.78283734011,,,,,
DMA,1995,0.549,0.0,,,,,,6042.20196512625,,,,,
DMA,1996,1.17,0.666512448,,,,,,6235.05917401475,,,,,
DMA,1997,,0.804852275,,,,,,6381.53965204338,,,,,
DMA,1998,2.93,0.942876208,,,,,,6639.15946016126,,,,,
DMA,1999,2.93,1.164517162,,,,,,6687.23987711733,,,,,
DMA,2000,8.81484419762881,1.75154354775146,0.116769569850097,,,,,6879.59737273918,,,,,
DMA,2001,13.2452280386761,11.2904170571696,0.256267572633552,,,,,6897.65674086518,10.7694396972656,,,,
DMA,2002,18.4248927671241,17.8053739377185,3.27350914915091,,,,,6676.97271467957,,,,,
DMA,2003,23.6204198529629,34.7083801491296,3.86832236506107,,,,,7047.66189595946,,,,,
DMA,2004,30.3196130921568,60.9448061879998,4.73859779457822,,,,,7323.8530008275,,,,,
DMA,2005,38.54359818,75.6539703785608,4.94660575552128,,,,,7381.74728529453,,0.0,1.0,0.0,0.0
DMA,2006,39.39820099,103.915356218934,6.24945498939046,,,,,7698.53701483824,,,,,
DMA,2007,40.2745018,129.272154196988,7.26248057286447,,,,,8106.18951878325,,0.0,0.0,0.0,21.0
DMA,2008,41.15999985,132.163708716995,10.1664391320766,,,,,8682.57378179773,,,,,
DMA,2009,42.02000046,143.035548327138,10.6006040892193,,,,,8582.71481435718,,,,,
DMA,2010,47.45,153.308935651113,12.0695914840471,,,,,8574.27308682238,,,,,
DMA,2011,48.59999847,157.73970718144,12.0298900844279,,,,,8553.8384670104,,,,,
DMA,2012,49.79999924,158.135362713041,12.2978095431002,,,,,8532.34388117289,,,,,
DMA,2013,51.0,134.225059169476,15.3008678189773,,,,,8459.6586988024,,,,,
DMA,2014,57.5,104.991971352649,15.3254799425916,,,,,8576.26367623609,,,,,
DMA,2015,65.0,109.720210197415,21.5296122709842,,,,,8282.59874702141,,0.0,0.0,0.0,45.0
DMA,2016,67.02999878,112.697181277476,22.2495187196506,,,,,8499.52291903149,,0.0,0.0,0.0,60.0
DMA,2017,69.61969757,109.83123102079,22.5166433076384,,,,,7985.6341102129,,0.0,1.0,0.0,0.0
DMA,2018,,112.682254231819,16.8891366209992,,,,,8261.16492553236,,,,,
DMA,2019,73.38200378,115.103123158515,22.3998232174425,,,,,8624.51695993537,,,,,
DMA,2020,75.65670013,110.409483077561,27.0611042872153,,,,100.0,7302.94454951254,,0.0,1.0,1.0,0.0
DMA,2021,78.07949829,92.5136156662004,20.9562215410256,,,,100.0,7738.31730070386,52.510929107666,,,,
DMA,2022,80.57980347,85.1898961482058,20.86014425523,,,,100.0,8590.92209069816,,0.0,2.0,0.0,0.0
DMA,2023,81.33650208,,,,,,100.0,8946.98822588042,,0.0,2.0,0.0,0.0
DMA,2024,82.04689789,,,,,,100.0,9172.71049624795,,1.0,2.0,0.0,0.0
DNK,1990,0.0973,2.881065749,,,,,100.0,39306.7939232431,,,,,
DNK,1991,0.194,3.410855268,,,,,100.0,39776.5961774467,57.836181640625,,,,
DNK,1992,0.387,4.078142483,,,,,100.0,40447.2328284958,,,,,
DNK,1993,0.578,6.884952297,,,,,100.0,40280.8935863909,,,,,
DNK,1994,1.34,9.657063946,,,,,100.0,42270.6520867615,58.1618881225586,,,,
DNK,1995,3.83,15.70646066,,,,,100.0,43328.5293418439,60.042179107666,,,,
DNK,1996,5.71,25.04927694,,1.80812,3180.15253,,100.0,44331.6199637443,66.2661011938972,,,,
DNK,1997,11.4,27.36235505,,1.89238,3319.53904,,100.0,45546.5896151864,64.8980589867608,,,,
DNK,1998,22.7,36.44279893,,2.00749,,,100.0,46437.1921069175,67.8778238389654,,,,
DNK,1999,30.6,49.41084849,,2.12857,3565.39014,,100.0,47657.1731901716,,,,,
DNK,2000,39.1724308555053,62.9918994812027,1.25476200910246,2.18774,,,100.0,49266.9882757886,,0.0,27.0,1.0,10568.0
DNK,2001,42.9575247201878,73.8998340681955,4.44126962089472,2.32339,3636.56281,61.3673095703125,100.0,49557.1509962227,75.277785193348,0.0,35.0,1.0,11047.0
DNK,2002,64.25,83.2921530837568,8.39472548060727,2.43935,4758.77798,64.2234725952148,100.0,49624.5965359582,,0.0,72.0,1.0,12588.0
DNK,2003,76.26,88.4332414453254,13.3249793159228,2.50711,4621.86049,68.1712493896484,100.0,49708.0909084109,84.2631683349609,0.0,53.0,3.0,13148.0
DNK,2004,80.93,95.6021520934582,18.8283013833776,2.41328,4847.79783,74.9665069580078,100.0,50956.3045398814,82.2784805297852,0.0,41.0,2.0,13944.0
DNK,2005,82.74,100.547111340322,24.7964085612195,2.38721,5207.24681,80.8124618530273,100.0,52015.1841169021,,0.0,34.0,2.0,14860.0
DNK,2006,86.65,107.186073542231,31.9143454064612,2.39875,5314.72934,78.5057678222656,100.0,53823.1590295482,74.6938038217694,0.0,47.0,1.0,16916.0
DNK,2007,85.03,115.497142141498,34.853130223394,2.50921,5539.33467,78.243293762207,100.0,54113.9771471341,75.8241806030273,0.0,36.0,2.0,18639.0
DNK,2008,85.02,119.353288564998,36.5083210709452,2.76081,6519.6824,74.8606262207031,100.0,53572.5346568185,78.7898864746094,0.0,67.0,1.0,20988.0
DNK,2009,86.84,123.727484183458,36.6222278389614,3.04209,6674.9003,73.1106262207031,100.0,50635.9118061988,72.6581420898438,1.0,60.0,3.0,23724.0
DNK,2010,88.72,115.734472895239,38.076030356193,2.91389,6763.58309,72.4951477050781,100.0,51209.4492757775,72.2302627563477,1.0,61.0,5.0,24863.0
DNK,2011,89.8100133895232,128.762868998962,38.4725380278661,2.94198,7045.77406,75.9300231933594,100.0,51667.5313210425,73.1235580444336,3.0,84.0,4.0,34626.0
DNK,2012,92.2600117153012,130.416027276514,38.9767051263458,2.9845,7181.8507,77.7465515136719,100.0,51470.689845427,76.0023803710938,1.0,99.0,4.0,37242.0
DNK,2013,94.6297,125.21344682497,40.467787039522,2.96145,7115.41931,80.4186782836914,100.0,51970.3909324806,76.549072265625,1.0,106.0,2.0,40409.0
DNK,2014,95.9935053764454,126.869141573913,41.4926377539648,2.91543,7358.18842,81.3143615722656,100.0,52368.3625969272,76.8349990844727,4.0,118.0,6.0,42131.0
DNK,2015,96.3305016195436,124.553508356615,42.3133095847231,3.06422,7566.45783,83.300407409668,100.0,53094.0133607574,77.749137878418,4.0,162.0,12.0,44505.0
DNK,2016,96.9677852516645,121.941164424922,42.9699132415221,3.10209,7852.0565,82.1714935302734,100.0,54300.2039621991,78.184440612793,8.0,201.0,3.0,46886.0
DNK,2017,97.0993621555621,123.86211468599,43.5697797531659,2.93576,7647.61749,81.3220062255859,100.0,55601.0145717787,76.1561593865924,9.0,293.0,15.0,47122.0
DNK,2018,97.3192043651002,124.550124408336,43.7690892923223,2.97895,7597.52556,81.1405487060547,100.0,56355.0733084714,79.2777328491211,16.0,498.0,6.0,47912.0
DNK,2019,98.0464347521549,124.573359763273,43.6229516711158,2.90605,7693.54905,81.6945877075195,100.0,57114.6227336347,77.0355227639042,31.0,730.0,15.0,51302.0
DNK,2020,96.54914573,124.370019531752,44.4185659681079,2.96533,7651.2843,82.6643295288086,100.0,55934.5555945523,79.3219375610352,34.0,1174.0,11.0,51959.0
DNK,2021,98.8658506,125.604137839658,44.9598379722906,2.74323,7708.2373,83.982292175293,100.0,59312.8158043771,77.7216621761722,53.0,1635.0,14.0,52668.0
DNK,2022,97.86011812,126.48354098254,44.8863644064006,2.86709,9037.46818,84.5866088867188,100.0,59108.7449374068,77.638493070176,82.0,1823.0,19.0,52120.0
DNK,2023,98.77559197,126.717092547985,44.0352069959396,3.04841,8837.51688,81.2308197021484,100.0,59026.9843650999,78.0609216351925,75.0,2249.0,21.0,54742.0
DNK,2024,99.76915157,126.686532566268,43.3933280824544,,,78.9604110717773,100.0,60772.8624276041,,83.0,2430.0,20.0,51583.0
DOM,1990,0.0,0.044410131,,,,,,2772.77065608381,,,,,
DOM,1991,,0.077008662,,,,,55.3791751943256,2741.93908143923,,,,,
DOM,1992,,0.096804509,,,,,66.3219813549619,2989.60630229953,,,,,
DOM,1993,,0.136799086,,,,,67.592182917775,3147.67060324766,,,,,
DOM,1994,,0.27175271,,,,,68.6034279252264,3167.94494108567,,,,,
DOM,1995,0.0172,0.711318386,,,,,69.5674669507159,3286.36149249382,,,,,
DOM,1996,0.075,1.030251685,,,,,70.5748081215487,3419.50600399521,,,,,
DOM,1997,0.143,1.737308953,,,,21.4665298461914,71.6346810345649,3659.50819044162,,,,,
DOM,1998,0.234,2.528143136,,,,,72.7515574291616,3840.8718026365,,,,,
DOM,1999,1.1,5.045953253,,,,,78.6783272433862,4004.19876842647,,,,,
DOM,2000,3.70469235587688,8.21779340858019,,,,,76.2,4123.10573163115,22.0,0.0,0.0,0.0,110.0
DOM,2001,4.42939069666645,14.564687866208,,,,,77.8,4158.98430282429,22.8,0.0,1.0,0.0,128.0
DOM,2002,6.8237257325842,19.2110692949295,,,,,77.8,4280.80182397408,24.5,0.0,1.0,0.0,116.0
DOM,2003,7.89839293716387,23.293647877318,0.167026330030666,,,33.6751098632812,78.5,4162.66686117661,25.7,0.0,0.0,0.0,150.0
DOM,2004,8.8655534607044,27.8318842222401,0.409197604979828,,,,80.2,4212.01044121773,27.3,0.0,0.0,0.0,151.0
DOM,2005,11.4831977789344,39.2767007687993,0.657710313046001,,,,79.7,4549.24957008857,26.5,0.0,1.0,0.0,162.0
DOM,2006,14.8449283654589,49.3048792642217,1.10135943166941,,,,80.7,4904.71715839398,28.7,0.0,1.0,0.0,238.0
DOM,2007,17.66,58.3022249747188,1.83754530885106,,,,90.5,5204.78500652254,30.8221206665039,0.0,1.0,0.0,190.0
DOM,2008,20.82,75.320015501722,2.49780374861722,,,,92.6,5308.92664966814,29.7,0.0,0.0,0.0,173.0
DOM,2009,27.72,89.0106149754545,3.25512505331211,,,,92.9,5294.64953374426,32.3,0.0,3.0,0.0,213.0
DOM,2010,31.39999962,90.5562579078275,3.97655846255286,,,,93.6,5666.45633430206,30.8269691467285,0.0,1.0,0.0,255.0
DOM,2011,38.0,88.1873540123839,4.2623683327567,,,,92.5,5773.57403459156,31.7207794189453,0.0,2.0,0.0,259.0
DOM,2012,42.32,88.7172926705772,4.80243557090172,,,48.6290038507636,92.3,5860.29893321013,32.6120910644531,0.0,0.0,0.0,289.0
DOM,2013,45.9,90.2546667185935,5.1668984571358,,,,93.4,6075.03399972737,33.4863510131836,0.0,1.0,0.0,377.0
DOM,2014,49.58000183,80.495501539039,5.81643518392854,,,49.3192689674723,93.6,6430.27811051339,34.1712112426758,0.0,1.0,0.0,557.0
DOM,2015,54.2157663369785,84.3065756036826,6.57516285125516,,,51.7471143700009,93.9,6800.95309395474,34.8687400817871,0.0,0.0,0.0,488.0
DOM,2016,63.8708647408206,82.5303394895289,7.21470928585035,,,54.498998211862,95.0,7177.75376475488,37.4,0.0,6.0,0.0,589.0
DOM,2017,67.5712453277737,82.2092066040533,7.69279157853922,,,59.9155940980465,100.0,7379.39978067137,37.6,0.0,3.0,0.0,590.0
DOM,2018,74.8220483597284,82.8937401810212,7.98202346065262,,,,95.9,7818.70593240469,39.7,0.0,7.0,0.0,729.0
DOM,2019,79.71549988,82.1376141070859,8.53570157562257,,,,96.3,8117.04639185786,41.3702812194824,0.0,12.0,0.0,908.0
DOM,2020,81.61730194,81.6619005659366,9.37345457518418,,24.56941,58.7264105314523,100.0,7395.8734262396,41.9,1.0,15.0,1.0,1240.0
DOM,2021,85.24298638,87.5207623947766,10.3195260186654,,23.40074,56.4690832383051,94.8,8344.90510312395,42.8,0.0,26.0,1.0,1176.0
DOM,2022,81.51269675,90.3760163850377,10.6744492390257,,20.03771,55.1665311527454,94.5,8698.13592094395,43.8,0.0,22.0,0.0,1123.0
DOM,2023,86.12689972,91.8676246650308,11.1345555858062,,,58.2428049803824,98.2,8809.96335385949,44.5,1.0,39.0,0.0,1274.0
DOM,2024,91.0022446,93.7095828968519,11.2045645451604,,,57.6509476207267,98.7,9168.45418897141,49.4071197509766,3.0,44.0,1.0,1262.0
DZA,1990,0.0,0.001841832,,,,10.0710496902466,,3605.68701212608,,,,,
DZA,1991,,0.018294243,,,,10.8018398284912,,3478.50976269176,,,,,
DZA,1992,,0.017874031,,,,10.945969581604,,3455.92936294162,,,,,
DZA,1993,,0.017478039,,,,10.8634300231934,,3302.91950568634,,,,,
DZA,1994,0.000361,0.004825141,,,,10.4309101104736,,3201.56914402566,,,,,
DZA,1995,0.00177,0.016472352,,,,10.2354803085327,,3255.18726869561,,,,,
DZA,1996,0.00174,0.040366216,,,,11.6038904190063,,3322.95538141474,,,,,
DZA,1997,0.0103,0.059031014,,,,,,3297.46603361265,,,,,
DZA,1998,0.0202,0.060151043,,,,,,3410.88254401644,,,,,
DZA,1999,0.2,0.237262911,,,,13.6004695892334,,3471.49196276497,,,,,
DZA,2000,0.491705679141589,0.278282092162305,,,,,97.4,3553.32420521991,,0.0,1.0,0.0,874.0
DZA,2001,0.646114016703792,0.319170453012348,,0.21219,,15.2947797775269,97.4,3610.00605631983,,0.0,8.0,0.0,1227.0
DZA,2002,1.59164126035832,1.41805404487787,,0.33807,,16.9754199981689,97.4,3754.66081538446,,0.0,32.0,0.0,1441.0
DZA,2003,2.19535973086144,4.49693928527318,0.0559426336884427,0.18122,,18.211820602417,97.4,3945.89816094007,,0.0,20.0,0.0,1552.0
DZA,2004,4.63447508776537,14.963746486714,0.110333714740639,0.15186,,18.8709297180176,97.4,4066.28204806495,,0.0,27.0,0.0,2267.0
DZA,2005,5.843900204,41.2614463106668,0.407741051450608,0.06367,170.18968,20.7098693847656,97.4,4223.60252133943,,0.0,40.0,0.0,2183.0
DZA,2006,7.37598495634886,62.4502215801053,0.505598672547711,,,21.3458003997803,97.4,4279.61547120827,24.1528606414795,0.0,38.0,0.0,2914.0
DZA,2007,9.45119062555304,80.6177005187804,0.839555141860276,,,23.5956306457519,97.4,4339.25055772831,,0.0,55.0,0.0,3428.0
DZA,2008,10.18,77.6388036853647,1.39299923390786,,,,97.9,4367.56538017541,25.4165191650391,0.0,49.0,0.0,3785.0
DZA,2009,11.23,92.2215091977573,2.30484571269816,,,30.5014705657959,97.4,4336.10054052949,,1.0,54.0,0.0,4149.0
DZA,2010,12.5,90.5823787597715,2.48699605031867,,,30.7344437013341,97.5,4456.6102741643,,0.0,65.0,0.0,4189.0
DZA,2011,14.89999962,96.5112947931918,2.65762135149911,,,32.3866003582095,97.6,4501.3543013352,13.9760103225708,1.0,76.0,0.0,5224.0
DZA,2012,18.20000076,99.6853251935403,3.06737211964693,,,33.5570987119466,97.7,4518.43978956464,,1.0,102.0,0.0,6362.0
DZA,2013,22.5,102.871008201635,3.33210366559778,,,35.4386275633738,97.8,4543.23444006767,,1.0,121.0,0.0,7687.0
DZA,2014,29.5,110.440351392657,4.08032326259352,,,36.0427983596258,97.9,4634.10149179952,,0.0,141.0,0.0,8633.0
DZA,2015,38.20000076,108.016371207167,5.67060147059702,,,38.2444735695552,98.1,4685.05902729002,,2.0,169.0,1.0,10406.0
DZA,2016,42.94549942,115.154200093555,7.00004046440209,,,43.9040620880927,98.3,4768.73140081027,,3.0,185.0,1.0,10794.0
DZA,2017,47.69110107,109.96986300969,7.70045809597326,0.47865,821.66519,49.177689984383,98.6,4742.90075532529,,5.0,195.0,1.0,12056.0
DZA,2018,49.0384680793271,110.938066513767,7.21566750856693,,,52.8819387317527,98.9,4717.0035885361,,4.0,361.0,1.0,14206.0
DZA,2019,55.79069901,104.922068012909,8.27526635803041,,,53.8645018203122,98.7,4672.66408678635,24.1083202362061,2.0,426.0,3.0,13236.0
DZA,2020,63.47269821,103.436671524065,8.6064465013707,,,53.3752192208988,99.1,4363.68533767783,,16.0,553.0,5.0,15480.0
DZA,2021,72.21240234,105.037092587919,9.33184191925225,,,54.2222597146723,99.3,4456.74687637774,,25.0,717.0,6.0,16765.0
DZA,2022,74.78150177,107.787115922596,10.3517244580598,,,53.3875786756,99.3,4544.46688060372,,40.0,1014.0,11.0,14463.0
DZA,2023,76.19760132,111.60623555659,12.0086836084024,0.37787,1782.46286,55.5320185816789,100.0,4660.40545687895,,47.0,1179.0,10.0,15455.0
DZA,2024,77.4178009,115.457278573892,13.3173088877016,0.44395,1763.99214,54.4283410150344,100.0,4765.72900168387,,86.0,1622.0,18.0,16473.0
EAP,1990,,0.0114992438853838,,,,5.20879983901978,,1072.17473909476,,,,,
EAP,1991,,0.0218985652966774,,,,5.82052993774414,,1141.40259102848,,,,,
EAP,1992,,0.0432304566312488,,,,5.84430980682373,,1251.80694963015,,,,,
EAP,1993,,0.0922252241487277,,,,5.51512002944946,,1374.46796908706,,,,,
EAP,1994,,0.184535563882798,,,,6.93306016921997,,1504.66787018254,,,,,
EAP,1995,,0.386481542085358,,,,7.28415012359619,,1632.46719470272,,,,,
EAP,1996,,0.678044273793228,,0.460024805480053,425.444542669836,8.07845020294189,,1758.52339301949,,,,,
EAP,1997,,1.12777019607665,,0.560601146769203,442.520208092577,9.03649044036865,,1865.23317664285,,,,,
EAP,1998,,1.74703892364188,,0.622093409712827,372.820348019524,9.74847030639648,,1898.6079047671,,,,,
EAP,1999,,3.01013077411544,,0.68714004253487,397.751558821605,10.5767602920532,,1999.39182044861,,,,,
EAP,2000,,5.76210038512536,0.0018035796860524,0.722183945753278,496.586860431784,11.3488101959228,87.0095679529844,2132.32908980814,,,,,
EAP,2001,,9.82801642704788,0.0221163558270547,0.789926278334075,501.515060371933,12.4969301223755,88.5615703484645,2259.91957276105,,,,,
EAP,2002,,14.1784085903823,0.198459442621956,0.899560875386689,542.808826187397,14.2745199203491,88.2742123248627,2422.46003381382,,,,,
EAP,2003,,18.6223253364908,0.641292593964863,0.991672504944057,615.212019064266,16.2081909179688,88.2288065568509,2618.71809817655,,,,,
EAP,2004,,23.7210053119199,1.41853568594658,1.09127312539587,709.488308210953,17.9389495849609,89.7105433220855,2835.31842515797,,,,,
EAP,2005,8.3,28.3203006546767,2.08013240289255,1.16299926803795,785.040321989598,19.3102798461914,88.7541253459087,3095.20781374557,,,,,
EAP,2006,10.1,33.9906596928379,2.8413112358869,1.2323368827159,920.13701826978,20.6872100830078,90.4703466046226,3410.6598804258,,,,,
EAP,2007,14.3,42.8007115610981,3.75803808035746,1.22844908069114,980.660561223548,21.6776599884033,90.1272912081684,3805.1786009497,,,,,
EAP,2008,19.2,52.6461335994694,4.70636812660972,1.32549350236945,1185.38385816256,22.4409999847412,91.0740114360105,4102.08415106923,,,,,
EAP,2009,23.7,60.9281923881329,5.93743937528221,1.38091860941462,695.473951278306,23.7790603637695,91.8975521862587,4397.74180769777,,,,,
EAP,2010,28.9,70.2080044607667,7.40823601523548,1.6573354928432,910.471570028839,25.4730396270752,92.8294640719375,4797.14626921917,,,,,
EAP,2011,32.3,80.1755198281435,8.69714602420745,1.5918170884932,907.993800815338,26.9844398498535,93.5375688702998,5168.39472019044,,,,,
EAP,2012,35.7,88.9548080985144,9.94169647403301,1.85116850389039,1044.86502001173,29.1287307739258,93.8602717044382,5511.80083123891,,,,,
EAP,2013,38.2,95.9201242078633,10.6497778987106,1.6819873872822,988.180504000522,31.580940246582,94.1619729569257,5864.59707043702,,,,,
EAP,2014,40.6,100.976885094263,11.2411611066883,1.90789568520804,1113.22619756965,38.8466682434082,94.3585630194522,6225.56359132253,,,,,
EAP,2015,43.5,101.512239575662,14.7798050266976,1.87217417493176,1067.01889080476,41.3544311523438,94.8313965483757,6589.81824245918,,,,,
EAP,2016,49.6,107.879616292969,17.0570951109245,1.87088501634354,1067.2876605696,43.1053314208984,94.7577431203031,6966.41995023195,,,,,
EAP,2017,53.9,114.29740003326,20.6158047610263,1.87006122731623,1033.74202275589,43.858829498291,96.1867147819354,7374.76727155093,,,,,
EAP,2018,59.1,120.388492509008,21.4912358499865,1.88271981025066,1092.61398843962,44.811351776123,95.915946694551,7806.58627734919,,,,,
EAP,2019,64.0,126.854387586962,23.6249612413341,1.95159268838599,1206.30652242499,46.9729614257812,96.2604087934785,8220.63635978721,,,,,
EAP,2020,72.2,123.8,25.05,2.11819098023791,1313.50010006214,50.3684883117676,95.9050907280973,8293.47330929094,,,,,
EAP,2021,77.6,124.9,27.78,2.30357679372756,1574.67143354107,53.9938011169434,96.666973648904,8905.68067463003,,,,,
EAP,2022,81.6,125.5,30.38,2.41879972397241,1770.92813324062,57.4992599487305,96.4263141582525,9200.1190748992,,,,,
EAP,2023,84.2,126.9,32.48,2.47582029067574,1938.0043224953,60.2147789001465,97.1237319410935,9666.08432645256,,,,,
EAP,2024,86.1,128.2,34.15,,,61.7415199279785,97.2418580798811,10127.9180882519,,,,,
EAR,1990,,0.0091769245206603,,,,8.21088027954102,,1835.13250226617,,,,,
EAR,1991,,0.0189034068248068,,,,8.46541023254395,,1872.15112049844,,,,,
EAR,1992,,0.0340284620637237,,,,11.1210899353027,,1906.74705487057,,,,,
EAR,1993,,0.0530337928299853,,,,10.9425001144409,42.0785858741447,1932.42926289172,,,,,
EAR,1994,,0.101562960424445,,,,11.3204898834228,38.2750422351492,1957.65334289309,,,,,
EAR,1995,,0.182155353798309,,,,9.46609020233154,40.451197221952,1967.42784185689,,,,,
EAR,1996,,0.342219760793594,,,,10.4444303512573,42.6580081432627,2036.98358063444,,,,,
EAR,1997,,0.644347324457574,,0.55199445507072,,10.7684097290039,45.4849470071056,2095.1077746852,,,,,
EAR,1998,,1.03712834561539,,,,12.6715803146362,47.9537688825242,2103.50978903436,,,,,
EAR,1999,,1.86316806056433,,,,13.1674900054932,51.5592668658041,2109.65288625475,,,,,
EAR,2000,,3.24430164437991,,0.591430820372247,,13.3640298843384,52.2194519497034,2160.74346407508,,,,,
EAR,2001,,4.60939203040537,0.019497983428922,0.604989412390765,,13.5822095870972,55.8947330355389,2146.84095089536,,,,,
EAR,2002,,5.98268276626973,0.0530465321370432,0.621834598118674,,14.0371999740601,56.502411771151,2146.24084688962,,,,,
EAR,2003,,8.2076558173003,0.104880792596383,0.604078061693814,,14.4978704452515,56.3681108471341,2214.01476503093,,,,,
EAR,2004,,11.5179522356562,0.205176449093416,0.613469467096261,,14.925350189209,56.5523776081513,2314.66677487664,,,,,
EAR,2005,,17.0282128105078,0.359079521764006,0.601700859027945,180.559050459637,15.2303199768066,58.752437505805,2411.95897260986,,,,,
EAR,2006,,24.9702237619871,0.553340829405921,0.628433125149844,,16.0446300506592,59.957697215169,2517.93797435526,,,,,
EAR,2007,,34.2682424050269,0.801890862449461,0.642853753531894,,17.3509292602539,62.6925957964923,2620.13480564456,,,,,
EAR,2008,,44.6062128063009,1.12707011824081,0.679625468396612,,18.9660301208496,65.156707962028,2668.77158037966,,,,,
EAR,2009,,54.9461722824844,1.45920890805897,0.613493910834371,,20.0750503540039,65.6929946398813,2644.32908283068,,,,,
EAR,2010,,67.2044861265385,1.72820549344207,0.719085485176379,,21.7061100006104,67.6494468298378,2769.87664169436,,,,,
EAR,2011,,76.4596068234491,2.00547716338592,0.708976587514646,,24.1540393829346,70.0709446378541,2862.47539021219,,,,,
EAR,2012,,78.608696214951,2.32144903710852,0.697876421480953,,25.700590133667,71.1141793498436,2939.37593158074,,,,,
EAR,2013,,82.2483902385733,2.47745798125277,0.619151819759789,,26.1639900207519,73.88625796282,3013.93253830751,,,,,
EAR,2014,,85.1998067528163,2.69485454732289,,,27.4999103546143,75.0023199334948,3091.3641287626,,,,,
EAR,2015,,88.0498058781388,3.10118535406309,0.719887001483297,309.51212176135,28.9729995727539,78.5302662159486,3178.86716124226,,,,,
EAR,2016,,93.9590434686905,3.44187901225152,0.752969757195789,,29.7700099945068,80.9744281576672,3266.95703994597,,,,,
EAR,2017,,96.3611769859029,3.65839456855015,0.717102657020471,,30.3353500366211,84.2185624227969,3370.86780261045,,,,,
EAR,2018,,95.6077352113338,4.14596909449036,0.737266646290267,333.318650897375,30.673189163208,87.3803464409005,3450.30289844386,,,,,
EAR,2019,,95.9977673901306,4.18222696155961,0.740377199040134,,31.5165290832519,87.9432261407286,3485.83540250583,,,,,
EAR,2020,,95.6621086286102,4.84527695969511,0.801477422530873,387.500033165787,32.2398986816406,89.6755196205372,3296.2051222201,,,,,
EAR,2021,,97.8329155295442,5.47910506073188,,,33.4120712280273,92.5019613460011,3506.50286307281,,,,,
EAR,2022,,96.3653995383414,5.98967585553685,,,34.193359375,92.4353397866542,3676.37654127034,,,,,
EAR,2023,,,,,,35.5325889587402,92.9490895935386,3783.31364991383,,,,,
EAR,2024,,,,,,36.2870903015137,93.3906038348416,3884.38931770884,,,,,
EAS,1990,,0.0895482765674809,,,,7.48769998550415,,3746.07973269848,,,,,
EAS,1991,,0.147175861698378,,,,8.1414098739624,,3870.84086826585,,,,,
EAS,1992,,0.214791627054844,,,,8.27670955657959,,3980.69809521017,,,,,
EAS,1993,,0.315469476924249,,,,9.50734043121338,,4094.03601328195,,,,,
EAS,1994,,0.582144782115248,,,,10.2500200271606,,4252.82785541542,,,,,
EAS,1995,,1.25901097268449,,,,10.8400802612305,,4434.31667609462,,,,,
EAS,1996,,2.4966431753582,,2.18386283890343,897.965464886747,12.5520896911621,,4627.04825790461,,,,,
EAS,1997,,3.75600986787221,,2.25849476209114,882.953257066031,14.0118904113769,,4767.94601013419,,,,,
EAS,1998,,5.33481984754079,,2.22578250151598,870.800992244599,14.1969804763794,,4727.57969534436,,,,,
EAS,1999,,7.87453027692208,,2.29327795835415,859.228147959509,15.0512599945068,,4857.35138350369,,,,,
EAS,2000,,11.4647836198787,0.325758094229996,2.23032794078796,934.012764973234,16.5568504333496,87.4539008160558,5077.98492597409,,,,,
EAS,2001,,15.9045115763296,0.74951782107704,2.27465232630359,910.541766390649,17.4698600769043,88.9529684867046,5196.78754674668,,,,,
EAS,2002,,20.4320451290257,1.39074270014752,2.23936957404446,978.439383939929,19.0702209472656,88.6581479017233,5382.25360075602,,,,,
EAS,2003,,24.8641321094214,2.12292441708791,2.31854522194617,1065.63443378871,20.7942905426025,88.593973653782,5602.52459533088,,,,,
EAS,2004,,29.7558348609352,3.1468525910882,2.30294851384584,1220.68347119439,22.3188800811768,90.0097062240451,5886.18938389565,,,,,
EAS,2005,14.7,34.2366583597866,3.96738417692745,2.38211083258047,1249.43827056642,23.4988803863525,89.0636255082789,6190.68887546982,,,,,
EAS,2006,16.6,39.6644119110779,4.98192110903555,2.381653806604,1454.3677983571,24.681209564209,90.7228546546847,6545.03469272412,,,,,
EAS,2007,20.8,48.2513956231179,5.8149044450318,2.33005073451218,1449.07380228845,25.5336608886719,90.3801964893211,6985.43993494533,,,,,
EAS,2008,25.2,57.3340585755902,6.96656329080434,2.33452097387501,1688.80907190376,26.1920108795166,91.2945672905752,7239.90537339912,,,,,
EAS,2009,29.5,65.1814267902431,8.22128719107012,2.23046444171605,1121.5524251653,27.3756103515625,92.0929651975354,7370.0195612033,,,,,
EAS,2010,34.2,73.9770106724883,9.74743928379965,2.37627226598219,1471.68017837487,29.0185108184814,92.9998451573252,7876.59864598949,,,,,
EAS,2011,37.3,83.5200185131569,10.9023393879646,2.30902266684276,1394.76569061372,30.5334892272949,93.6943522994353,8240.19911455592,,,,,
EAS,2012,40.4,91.8441602467353,12.1302526025611,2.45755028395847,1567.70345712545,32.6158103942871,94.0103697008125,8603.6234263906,,,,,
EAS,2013,43.2,98.425588404076,12.8365909382581,2.25354328549626,1465.65650949496,35.0063514709473,94.3064568133398,8985.01177157421,,,,,
EAS,2014,45.5,103.473045520977,13.3724192293292,2.44333254109597,1641.78544916549,41.8916206359863,94.5000654650302,9355.53149899712,,,,,
EAS,2015,48.3,103.7,16.3,2.29342659835787,1543.15542304269,44.2587699890137,94.9635246387196,9730.64405529046,,,,,
EAS,2016,53.9,109.8,18.4,2.30888797558082,1522.18771268532,45.9389686584473,94.8943266038522,10109.9616270695,,,,,
EAS,2017,57.8,115.9,21.6,2.28803085567583,1489.63812290506,46.5590782165527,96.2879091391782,10544.5364751924,,,,,
EAS,2018,62.5,120.7,22.4,2.32503653024289,1537.04680443279,47.4009819030762,96.0266827221939,10985.5560070104,,,,,
EAS,2019,67.1,128.1,24.4,2.33385397245774,1649.47322719642,49.4808692932129,96.3636875772694,11370.44994499,,,,,
EAS,2020,73.9,126.1,26.14,2.50733914272744,1759.9835315134,52.6518783569336,96.0197384213259,11313.8325015148,,,,,
EAS,2021,78.8,127.6,28.69,2.57649455499986,2102.76422465004,56.0834693908691,96.7616895312014,12018.1160959764,,,,,
EAS,2022,82.4,128.7,31.12,2.71717559947169,2303.74260668321,59.3321418762207,96.5281950900357,12361.4385727479,,,,,
EAS,2023,84.9,130.9,33.13,2.77833006240947,2425.95089239463,61.8918609619141,97.2059622752866,12838.6681574645,,,,,
EAS,2024,86.6,132.9,34.75,,,63.3318481445312,97.3209597404021,13295.329301063,,,,,
ECA,1990,,0.0160744624935875,,,,,,3568.61929589161,,,,,
ECA,1991,,0.0239195300865139,,,,,,3370.67344505931,,,,,
ECA,1992,,0.0304749739789793,,,,,,3182.8487417025,,,,,
ECA,1993,,0.0420177943062758,,,,,,3098.39119473258,,,,,
ECA,1994,,0.0901072588342911,,,,,,2777.41113633033,,,,,
ECA,1995,,0.230637931770548,,,,,,2793.50148216815,,,,,
ECA,1996,,0.431876828840175,,0.479388799159329,,,,2888.07539957577,,,,,
ECA,1997,,0.876129507243441,,0.585609667491118,,,,3036.6190831989,,,,,
ECA,1998,,1.88209354919557,,0.460797446840681,,,,3093.01740122777,,,,,
ECA,1999,,4.38352495754345,,0.521353052031725,,28.1236400604248,,3051.9938190309,,,,,
ECA,2000,,8.77054006544845,,0.496310943586314,,29.9919700622559,98.5915126440656,3245.88534647866,,,,,
ECA,2001,,11.9512482677819,,0.536456127921697,,30.9964904785156,98.7165411248273,3234.66049997751,,,,,
ECA,2002,,15.4207416701947,,0.535915054521919,,32.5421905517578,98.8817794930064,3426.15822729396,,,,,
ECA,2003,,20.1843224233383,,0.501196956713385,,34.9637107849121,98.9282652816396,3636.01340486753,,,,,
ECA,2004,,29.8092611849295,,0.512188719764835,,36.3488998413086,98.9029748334768,3966.81545088351,,,,,
ECA,2005,8.9,44.9450243348987,0.866656496614845,0.561153829973122,,38.0454292297363,99.0717393121126,4286.86707967653,,,,,
ECA,2006,11.6,63.2756515044289,1.76110616285853,0.541003073495873,853.03083781493,40.5656318664551,99.0421409730213,4618.3280614311,,,,,
ECA,2007,16.3,77.0922990906071,3.04536749604803,0.616326286779816,854.447470353006,41.7718391418457,99.1589096609403,4937.15920672959,,,,,
ECA,2008,20.6,86.4803772581139,4.20700675595317,0.602528837018532,872.68310727538,42.468391418457,99.1613655610394,5057.30262489027,,,,,
ECA,2009,25.0,90.3320142399412,5.23122445019282,0.669033844035275,883.440233769942,44.1857299804688,99.2737369082026,4846.21223459428,,,,,
ECA,2010,30.1,95.3951029216223,6.74842111662268,0.647663932088636,910.901283969754,46.8220100402832,99.3276706261971,5149.8055295914,,,,,
ECA,2011,34.9,104.604414251313,7.75284920844635,0.620974440773465,939.393564223223,48.8937301635742,99.3107047089789,5534.97431736067,,,,,
ECA,2012,39.4,106.986623033569,8.83919992302492,0.639997990659133,979.918658239196,51.655029296875,99.4389717007549,5714.90712667646,,,,,
ECA,2013,43.2,109.842620151994,9.96203612329315,0.621323272451192,998.978693058609,54.6174812316895,99.4983358315164,6037.24531324726,,,,,
ECA,2014,48.6,111.084522303861,10.3905549035772,0.628876635177222,984.880767987918,57.4994316101074,99.5784685013249,6178.94474790458,,,,,
ECA,2015,51.9,109.790593674442,11.7041776028352,0.689650529447458,987.035601539407,59.4534492492676,99.4976163790956,6338.80741019255,,,,,
ECA,2016,56.2,108.379627294018,12.6541741689409,0.797000746678989,1042.01213404802,63.0641899108887,99.7391410909961,6462.34464500545,,,,,
ECA,2017,60.6,109.863407070652,13.6946760886332,0.811464458952922,1089.14559968975,66.7744674682617,99.8158426823941,6792.21425054227,,,,,
ECA,2018,65.8,107.098654897689,15.3491254650346,0.837659801285922,1155.87537683556,69.4651870727539,99.8871970654847,6989.62463883041,,,,,
ECA,2019,70.3,111.747265336464,15.5606133758178,0.837734371196345,1211.18486549031,72.0600280761719,99.9439270436675,7109.90457345448,,,,,
ECA,2020,74.5,106.3,17.68,0.860491599868224,1310.15463772479,74.5084381103516,99.9658522682246,7080.0362508299,,,,,
ECA,2021,79.1,109.9,19.15,0.864415852216202,1387.41057314645,77.9448471069336,99.9148386746451,7690.46991422501,,,,,
ECA,2022,82.0,110.0,20.13,0.813950450351486,1472.35163852004,79.0034332275391,99.9768890498355,7972.62807689424,,,,,
ECA,2023,84.6,113.2,21.79,0.904770346010955,1773.09596628811,79.1041488647461,100.0,8435.75381106955,,,,,
ECA,2024,85.8,115.4,23.11,,,85.1110763549805,99.9900603583161,8719.2497368167,,,,,
ECS,1990,,0.415286198842037,,,,,100.0,15930.071318391,,,,,
ECS,1991,,0.565037071186595,,,,,100.0,15881.0653710834,,,,,
ECS,1992,,0.745036912627818,,,,,100.0,15716.2657850294,,,,,
ECS,1993,,1.10392417583795,,,,,100.0,15553.5215969054,,,,,
ECS,1994,,1.79608903751347,,,,,100.0,15746.2188639285,,,,,
ECS,1995,,2.84802411304229,,,,,99.9964155132249,16098.3369219158,,,,,
ECS,1996,,4.48034773551413,,1.64410473671451,2273.59941282051,,99.9054967869392,16359.9116585008,,,,,
ECS,1997,,7.18857489924677,,1.62749237265863,2233.55618705017,,99.8929431456151,16839.221266229,,,,,
ECS,1998,,12.2777552621196,,1.60409969222678,2173.29491784748,,99.8999251370127,17252.1486046437,,,,,
ECS,1999,,21.3318462342289,,1.69616531776034,2271.25667366714,43.6435012817383,99.6968650572667,17732.8079918976,,,,,
ECS,2000,,34.1426870167349,,1.67991880168832,2257.10025564865,45.8308486938477,98.4731794376104,18489.7723627187,,,,,
ECS,2001,,42.0345809507666,,1.71639339744959,2330.85842484525,48.1379318237305,98.5898142921817,18876.2222676969,,,,,
ECS,2002,,47.700404904333,1.89077241219119,1.69244280367568,2339.59243333508,50.6971092224121,98.7052990935777,19137.987953529,,,,,
ECS,2003,,55.1982757002256,3.18936478417933,1.71715617549637,2399.19395134292,53.2160682678223,98.7753881317122,19434.9539216248,,,,,
ECS,2004,,66.2863854507077,5.49627793573068,1.69271220077006,2518.30559059584,54.428840637207,98.8140772086317,19994.9526883816,,,,,
ECS,2005,34.7,81.2101936296506,7.69850805397766,1.64565066283489,2570.083702912,56.0824089050293,98.9214777923951,20483.7052778191,,,,,
ECS,2006,38.0,94.7728462804817,10.7073157202293,1.65296648149153,2561.3297482136,57.5957984924316,98.9642428259488,21218.6420264668,,,,,
ECS,2007,43.6,106.502951626028,13.3892367759109,1.6539722189084,2561.2208367634,58.696159362793,99.0582382893742,21942.3439443716,,,,,
ECS,2008,48.1,115.166753219299,15.5528818748553,1.71573282570199,2631.5115134014,59.4951515197754,99.1092280127879,22077.8466393493,,,,,
ECS,2009,52.7,119.526196384206,17.3708728975661,1.80358454021379,2653.3461413523,60.6389389038086,99.2043996715007,21021.0362461548,,,,,
ECS,2010,57.0,120.330730781447,18.9989245565289,1.76596555293738,2706.06002307146,62.1960716247559,99.5183331913936,21496.9574340089,,,,,
ECS,2011,60.2,120.443939487647,20.3310804170746,1.77099378986903,2732.31560965416,63.1500511169434,99.4761041779522,21946.7182534558,,,,,
ECS,2012,63.8,122.578365415616,21.5218948494094,1.81708507923017,2809.38894330275,63.842960357666,99.6010442811788,21930.9259023068,,,,,
ECS,2013,66.1,125.059373627102,22.7865947855616,1.79695018835986,2845.9465912095,64.9021987915039,99.647479272746,22039.7194290423,,,,,
ECS,2014,68.9,124.878330839041,23.6597535317252,1.91701217907982,2884.34072110333,66.4192199707031,99.70430447534,22377.2366286294,,,,,
ECS,2015,69.9,124.0,24.8,1.98733152641102,2992.50476608106,67.4049606323242,99.2019099635586,22742.4739859372,,,,,
ECS,2016,72.3,123.6,25.6,1.972025181027,3011.62363524561,68.9127578735352,99.8209808558944,23073.4498063679,,,,,
ECS,2017,74.5,122.7,26.9,2.02586405984117,3129.08737537611,70.533203125,99.9113999824254,23666.3148569145,,,,,
ECS,2018,78.1,122.6,27.8,2.06483077448666,3093.42043921991,72.0409393310547,99.9410833989655,24094.598211265,,,,,
ECS,2019,80.3,125.0,28.5,2.12147731454218,3181.20421912767,73.6700897216797,99.9704740510635,24442.3874231782,,,,,
ECS,2020,83.4,123.3,29.8,2.18817615139881,3191.23976418743,75.6536102294922,99.9846018922497,23085.0498018734,,,,,
ECS,2021,86.3,126.0,30.85,2.16876429997001,3323.18838012795,79.1505813598633,99.9686362230064,24641.4252022588,,,,,
ECS,2022,87.9,126.6,31.57,2.05658823763358,3439.95127055339,81.0477066040039,99.989632553421,25489.1529254156,,,,,
ECS,2023,89.6,130.2,32.56,2.14079503057383,3714.74504691062,81.5205917358398,100.0,25741.0380070691,,,,,
ECS,2024,90.9,132.4,33.47,,,84.8905563354492,99.9967547942951,26049.7447851247,,,,,
ECU,1990,0.0,0.0,,,,,,3919.71758067093,35.9104804992676,,,,
ECU,1991,,0.0,,,,,,4000.56819787678,,,,,
ECU,1992,0.00512,0.0,,,,,,4000.03146191686,,,,,
ECU,1993,0.0164,0.0,,,,,,3996.99377481811,,,,,
ECU,1994,0.0348,0.166730527,,,,,,4087.34069011974,,,,,
ECU,1995,0.0438,0.470346789,,,,,78.7812102797041,4100.68735341031,,,,,
ECU,1996,0.0862,0.507667711,,0.07406,84.01608,,82.2685808803064,4093.84154476335,,,,,
ECU,1997,0.11,1.055277857,,0.06263,78.17639,,82.9032028809834,4192.85523208483,,,,,
ECU,1998,0.125,1.990312216,,0.06517,83.52213,,82.6779017309948,4252.04348649475,,,,,
ECU,1999,0.823,3.087202545,,,,,83.8229203264367,3979.19293611513,,,,,
ECU,2000,1.46218853556457,3.80018261189865,,,,,85.4,3953.39879728357,38.9600898906454,0.0,0.0,0.0,294.0
ECU,2001,2.67044367376705,6.6545527212228,0.0203164187335505,0.05448,40.16034,,85.9,4049.0001889951,31.7,0.0,1.0,0.0,258.0
ECU,2002,4.26079691519764,11.8800801189058,0.0494654172874898,0.0584,42.23367,,86.5,4174.89793579965,,0.0,4.0,0.0,369.0
ECU,2003,4.46022834472698,17.9337879345567,0.051718828450381,0.06007,48.66397,,88.1,4220.21298466638,31.9,0.0,3.0,0.0,363.0
ECU,2004,4.83444263759525,26.0434408838874,0.0853865479151904,,,,87.8,4430.23717984188,,0.0,0.0,0.0,438.0
ECU,2005,5.994299889,45.1123679534901,0.193454316549646,,,,89.6,4589.32849203452,33.0,0.0,5.0,0.0,479.0
ECU,2006,7.199999809,60.2369096240834,0.326562347034825,0.13176,70.53158,,91.1,4706.98056823816,33.1,0.0,2.0,0.0,705.0
ECU,2007,10.80000019,69.3707479349418,0.69789646329103,0.13501,65.03887,,92.2,4715.30359842555,33.2486381530762,0.0,2.0,0.0,737.0
ECU,2008,18.8,80.1668409123935,1.07029734476407,0.23011,103.21122,38.1871795654297,93.3,4939.90215021789,33.225700378418,0.0,1.0,0.0,832.0
ECU,2009,24.6,89.3147112152108,1.62709934214014,0.41055,118.28189,,92.3,4909.33681705683,34.035888671875,0.0,5.0,0.0,1235.0
ECU,2010,29.03,98.0369371404011,1.46796098216486,0.41127,141.13492,,93.7,5022.20374387205,34.9176483154297,0.0,5.0,0.0,1305.0
ECU,2011,31.3668083587433,100.042332662827,4.29931645929556,0.34115,180.01141,,91.9,5359.45724615639,35.9011192321777,0.0,8.0,0.0,1368.0
ECU,2012,35.1351464545516,105.680291422005,5.41801624099982,0.33308,281.58285,39.2524690384971,93.1,5579.85624282158,37.8762588500977,0.0,10.0,0.0,1739.0
ECU,2013,40.279121941,105.181656022524,6.69604876989672,0.37423,350.98087,39.7734405802353,95.4,5893.32172683036,38.6495094299316,0.0,11.0,0.0,2376.0
ECU,2014,45.5903906666095,103.558519410265,8.22960271464069,0.43839,400.26149,,97.5,6055.04172761485,38.5256996154785,1.0,28.0,1.0,3194.0
ECU,2015,48.9404337892669,79.5746462378333,9.14528109625927,,,44.5371492743653,97.0,5976.1596805651,42.2561302185059,3.0,42.0,1.0,4807.0
ECU,2016,54.0629247288864,84.1088342242983,9.75202935279733,,,,96.8,5849.13587933672,42.2995185852051,0.0,56.0,0.0,6615.0
ECU,2017,55.79999924,87.421387212843,10.6125181754918,,,,97.8,6104.27253521751,43.5343818664551,4.0,108.0,8.0,10483.0
ECU,2018,57.5,92.5117717203865,11.4584100093686,,,47.3311832253279,96.9,6063.0956178776,42.3,3.0,130.0,7.0,11650.0
ECU,2019,59.2,91.4249181128443,12.0672172196331,,,47.2627814012203,97.8,5971.38938386723,42.9,10.0,201.0,6.0,12542.0
ECU,2020,70.7,88.2554920433727,13.5146940353863,,,56.9066311483682,97.4,5355.68934196443,43.3669815063477,10.0,258.0,7.0,15431.0
ECU,2021,69.1147995,94.950621672761,14.0284374555704,,,,100.0,5815.09477390949,46.5856895446777,17.0,312.0,8.0,16711.0
ECU,2022,69.71811356,98.1309025742238,15.1128846850944,,,59.879782344866,100.0,6107.49495006543,45.4,21.0,397.0,8.0,16416.0
ECU,2023,72.6943146,101.031752745524,16.0678902316524,,,67.8851161961618,95.5,6165.40977555695,45.9,24.0,545.0,10.0,19969.0
ECU,2024,77.17273115,101.598265014024,17.246394056997,,,,95.9,5993.74697758454,46.1535911560059,43.0,879.0,15.0,24259.0
EGY,1990,0.0,0.006991219,,,,13.5156497955322,,1972.13789303325,,,,,
EGY,1991,,0.007677735,,,,11.1729497909546,,1940.10019358564,,,,,
EGY,1992,,0.008189815,,,,,89.5953228671999,1979.02010131332,,,,,
EGY,1993,0.000976,0.011203574,,,,,92.6236206211839,1989.97920020791,,,,,
EGY,1994,0.00638,0.011741777,,,,,93.02430012564,2024.95373805253,,,,,
EGY,1995,0.0313,0.011482554,,,,,92.8796209406177,2074.83991140246,,,,,
EGY,1996,0.0615,0.011239195,,0.2126,,,93.832819784783,2133.64804177244,,,,,
EGY,1997,0.0905,0.09758824,,0.19756,,,94.2331649749959,2204.66575942446,,,,,
EGY,1998,0.148,0.132638847,,0.1991,,,94.6345349208017,2277.2850483467,,,,,
EGY,1999,0.29,0.688011068,,0.18651,,28.6016693115234,95.0432943655748,2361.86425101369,,,,,
EGY,2000,0.641265037504813,1.8607538216263,,0.19247,,,96.4,2458.60835003154,,0.0,35.0,2.0,4287.0
EGY,2001,0.838945611477604,3.74243009523559,,,,27.8922500610352,95.9,2492.03441188861,,0.0,30.0,1.0,4320.0
EGY,2002,2.71999971465421,5.89552843443126,0.0668121413808763,,,28.9182395935059,96.2,2498.4812119434,,0.0,136.0,0.0,6000.0
EGY,2003,4.03788510706701,7.44671264050805,0.0704527942644309,,,26.0245094299316,98.1,2524.80477195753,,0.0,76.0,1.0,6134.0
EGY,2004,11.92,9.61664053535291,0.0996723057635359,0.26994,,27.2862091064453,96.4,2574.42341789647,,2.0,54.0,2.0,5384.0
EGY,2005,12.75,16.8057130340828,0.17385604745411,0.24141,,28.4127006530762,99.1,2635.70305226634,,1.0,55.0,0.0,6239.0
EGY,2006,13.66,21.7666484648207,0.312605489963574,0.25903,,28.3695907592773,98.8,2761.62410768311,40.3802604675293,0.0,124.0,0.0,7331.0
EGY,2007,16.03,35.7083780152706,0.566508525981082,0.2551,591.25817,28.8399200439453,97.7,2902.06559803259,,2.0,63.0,1.0,7821.0
EGY,2008,18.01,48.0833441516988,0.896460596904279,0.27024,410.61485,28.6861095428467,99.7,3052.2129784594,39.1433353272559,2.0,118.0,1.0,8797.0
EGY,2009,20.0,63.2585121037051,1.23139297646961,0.43312,405.67613,29.2693099975586,98.4,3135.09661305712,40.3402716932126,3.0,134.0,2.0,10481.0
EGY,2010,21.6,79.2198618342745,1.62745731673027,0.43345,461.31975,30.0727383660214,99.1,3233.84521249306,43.5075794723397,3.0,131.0,4.0,11901.0
EGY,2011,25.6,91.5823290114783,2.02567464552925,0.53154,461.59381,25.5901820932158,99.2,3222.37650111397,44.0003470754328,1.0,130.0,2.0,13735.0
EGY,2012,26.4,103.904852847169,2.45679305227732,0.50899,485.09394,26.2271566255146,99.8,3220.99194201188,44.9668456262027,6.0,176.0,1.0,16471.0
EGY,2013,29.4,104.585398175604,2.80726241263661,0.63895,505.91384,28.3479816954113,99.9,3216.37839024454,44.0942644002008,8.0,208.0,3.0,19379.0
EGY,2014,33.8946039115275,97.7313128919015,3.14561708192958,0.63649,632.88092,29.1134325604942,99.7,3235.66246235519,44.2305609240231,8.0,208.0,3.0,22329.0
EGY,2015,37.8193834276939,94.3962460363651,3.84187963570353,0.71858,631.04334,32.8848991394043,99.4,3306.98159414141,47.3302106410428,6.0,223.0,3.0,24980.0
EGY,2016,41.2480670885772,96.2091951594197,4.39685382563749,0.70848,646.99675,31.8731307983398,100.0,3381.22246307712,47.5332383158435,13.0,304.0,11.0,28810.0
EGY,2017,44.9502042452857,99.2884367821237,5.04732016956055,0.64486,636.00218,33.1018892935221,100.0,3452.90961245976,47.4089584400473,11.0,398.0,7.0,31780.0
EGY,2018,46.92433676792,88.7420881346276,6.26825297386708,0.68839,645.44342,36.1230010986328,100.0,3568.63966286365,49.7118492005103,15.0,518.0,9.0,36757.0
EGY,2019,57.2828663990195,88.6447815879102,7.04130696004296,0.79617,776.5619,33.622825887244,100.0,3701.2446344954,,21.0,792.0,12.0,42452.0
EGY,2020,71.91420096,87.2316871725819,8.5396308016812,0.91564,790.65531,38.773998260498,100.0,3770.86947868544,,44.0,1271.0,26.0,51528.0
EGY,2021,72.05599976,84.0866220906029,9.76582299335252,0.91175,808.43512,35.1185317783157,100.0,3837.31992325256,52.9199600219727,54.0,1916.0,24.0,59947.0
EGY,2022,72.19806556,90.6794715776528,10.6832498285136,1.01968,829.2751,36.462230682373,100.0,4029.78295458204,54.3136582910509,128.0,2706.0,39.0,64340.0
EGY,2023,74.01190186,92.8261626420085,10.8642477216638,1.03356,845.3181,37.9005584716797,100.0,4111.3118479018,55.6923702917355,175.0,3166.0,41.0,64766.0
EGY,2024,74.64839935,97.1295066037455,11.6871225241757,1.01757,1120.22393,37.5781274463676,100.0,4137.6092923313,,200.0,3745.0,71.0,64965.0
EMU,1990,,0.434532580967804,,,,,100.0,24980.5136043699,,,,,
EMU,1991,,0.710478365108073,,,,,100.0,25461.2532464194,,,,,
EMU,1992,,1.03238851076075,,,,,100.0,25640.1169009215,,,,,
EMU,1993,,1.59698782244784,,,,,100.0,25367.9826148327,,,,,
EMU,1994,,2.49653934439109,,,,,100.0,25931.0075197904,,,,,
EMU,1995,,4.09303972054626,,,,,100.0,26511.6954677809,,,,,
EMU,1996,,7.14446126916864,,1.73759933388328,2119.13685914672,,100.0,26918.8439846116,,,,,
EMU,1997,,12.5045228453092,,1.71203530659041,2074.41154963065,,100.0,27587.4174333603,,,,,
EMU,1998,,21.7912063021852,,1.73831467504798,2137.79960710783,,100.0,28363.3111829819,,,,,
EMU,1999,,37.480968841955,,1.76084594441892,2198.34069625189,53.4500617980957,100.0,29139.536317049,,,,,
EMU,2000,,58.9900660959894,0.451072268683842,1.80098522477828,2335.81647536158,54.636791229248,99.3498159172055,30189.3008380116,,,,,
EMU,2001,,71.6691943289689,1.69765949746844,1.79011623777554,2362.28938038381,56.2347106933594,99.3991020565963,30766.5726970873,,,,,
EMU,2002,,76.7041148094687,3.26468759475052,1.82986513835888,2457.07612262592,57.7058181762695,99.4402536558761,30929.8173201796,,,,,
EMU,2003,,82.7929815238927,5.38673932167804,1.79697282706101,2452.45730256898,59.5358581542969,99.4708626020337,31005.4460255685,,,,,
EMU,2004,,89.5797675280421,9.09156339261657,1.77442088738194,2679.09664270877,61.2149200439453,99.500836983348,31559.0180212487,,,,,
EMU,2005,,98.8279532529889,13.1341624693313,1.76781970292522,2708.10706668797,62.4031982421875,99.526444613511,31964.0968987768,,,,,
EMU,2006,,107.060714820708,17.3942563546936,1.78689275193435,2823.88565131361,63.1356391906738,99.5577440550069,32882.2025430207,,,,,
EMU,2007,,117.09678985936,21.3555195806896,1.7914003144944,2940.49351845361,63.1724586486816,99.5864141841682,33707.163004223,,,,,
EMU,2008,,122.034621135203,23.9693593981417,1.87295473397562,3109.10822009292,63.1868896484375,99.6130701204449,33692.5979697593,,,,,
EMU,2009,,121.222626180633,26.1472460301117,1.9647320858225,3183.84837134302,63.742259979248,99.6429258204806,32081.0242521645,,,,,
EMU,2010,,117.39984685151,27.8645860833431,1.97132865623614,3288.29612878583,65.1743316650391,99.6728187415015,32682.9836342241,,,,,
EMU,2011,,120.39652528329,29.1174509371808,2.01377486367364,3328.41588473181,66.5702667236328,99.7026124958183,33329.674600975,,,,,
EMU,2012,,121.72781302301,30.097359393031,2.07087787429662,3454.92495736343,67.2605895996094,99.7306017889984,32959.6032104989,,,,,
EMU,2013,,122.702629507747,31.1701991233525,2.08893968692216,3515.01828202748,67.9843521118164,99.7586220022634,32867.052177107,,,,,
EMU,2014,,120.998520694773,32.3833330105044,2.11978262819395,3552.92715761758,69.9664688110352,99.7904211485209,33296.8666974398,,,,,
EMU,2015,,120.339522592896,33.5833939250786,2.10986340300616,3714.16185725243,71.4340972900391,99.8277165588284,33928.614137702,,,,,
EMU,2016,,121.39529734813,34.7862827751847,2.1135197397057,3807.27086877361,72.2064819335938,99.8711406902173,34456.7787485334,,,,,
EMU,2017,,122.790373736647,36.0242017920541,2.15252636077938,3972.88838963389,73.6193008422852,99.9126808921745,35301.6485495203,,,,,
EMU,2018,,122.501733240973,36.9809043655201,2.18550599898237,4134.83336835665,74.7783737182617,99.9441675461269,35860.4204802822,,,,,
EMU,2019,,122.045744412398,37.8238210695565,2.2280734958391,4289.46622270076,76.0138626098633,99.9661070043019,36362.1610606018,,,,,
EMU,2020,,121.425545157311,38.9134629698703,2.30052592343969,4345.34841525604,76.9254837036133,99.9871856737452,34123.5966842683,,,,,
EMU,2021,,123.005707748284,39.907173788575,2.25891301253763,4505.51527615713,79.9525680541992,99.9893564088667,36304.0120488212,,,,,
EMU,2022,,123.504922574754,40.8890630672494,2.25107966461214,4715.39073707354,81.6640472412109,99.991560489863,37533.5524037551,,,,,
EMU,2023,,,,2.2895144565081,4867.25965988144,81.8938369750977,100.0,37542.8850711276,,,,,
EMU,2024,,,,,,81.8938369750977,100.0,37747.5762546902,,,,,
ERI,1990,0.0,0.0,,,,,,,,,,,
ERI,1991,,0.0,,,,,,,,,,,
ERI,1992,,0.0,,,,,,642.072233527209,,,,,
ERI,1993,0.0,0.0,,,,,,705.988405158037,,,,,
ERI,1994,0.0,0.0,,,,,,829.915037227268,,,,,
ERI,1995,0.0,0.0,,,,1.73020994663239,6.13491533481697,806.702995328956,,,,,
ERI,1996,0.0,0.0,,,,1.42960000038147,7.98567208919314,838.660572635214,,,,,
ERI,1997,0.00902,0.0,,,,,8.7639936271852,895.033773452053,,,,,
ERI,1998,0.00877,0.0,,,,1.49975001811981,9.54488908763459,899.082974199102,,,,,
ERI,1999,0.0255,0.0,,,,1.95580005645752,10.3321187225537,886.053679218386,,,,,
ERI,2000,0.136711941104496,0.0,,,,2.00988006591797,11.2,845.132430060544,,0.0,2.0,0.0,30.0
ERI,2001,0.157815289303043,0.0,,,,2.69304990768433,11.9,893.268735439193,,0.0,0.0,0.0,37.0
ERI,2002,0.227090137626716,0.0,,,,2.54442000389099,14.0,889.009113592982,,0.0,0.0,0.0,29.0
ERI,2003,,0.0,,,,,13.3,830.379672282601,,0.0,0.0,0.0,30.0
ERI,2004,,0.769738796836681,,,,1.97107994556427,14.1,808.591420184592,,0.0,0.0,0.0,31.0
ERI,2005,,1.51953149219435,,,,,14.8,809.794793468889,,0.0,0.0,0.0,45.0
ERI,2006,,2.29317381677543,,,,,15.6,789.402432018085,,0.0,2.0,0.0,66.0
ERI,2007,0.409999996,3.07477849040289,,,,,16.4,789.072701743247,,0.0,0.0,0.0,49.0
ERI,2008,0.469999999,3.85718703829491,0.0015623185801932,,,,17.2,693.398874212494,,0.0,0.0,0.0,27.0
ERI,2009,0.540000021,4.88696745195879,0.002423919235011,,,3.67761993408203,18.5,702.430936480778,,0.0,0.0,0.0,37.0
ERI,2010,0.610000014,6.29077416502727,0.0040065381269638,,,4.35516023635864,19.8,703.877374381654,,0.0,0.0,0.0,59.0
ERI,2011,0.699999988,8.06870803088893,0.0047023746992231,,,,21.1,751.374899794668,,0.0,0.0,0.0,35.0
ERI,2012,0.800000012,10.0521635251769,0.0060915617710705,,,,22.4,,,0.0,2.0,0.0,32.0
ERI,2013,0.899999976,11.5420445230877,0.0047489558802482,,,,23.8,,,0.0,0.0,0.0,59.0
ERI,2014,0.99000001,13.4855143799717,0.0064616743555206,,,4.12871980667114,25.1,,,,,,
ERI,2015,1.083699942,15.2952170085389,0.016100228430041,,,3.51574993133545,26.6,,,0.0,0.0,0.0,51.0
ERI,2016,1.177099943,16.1935649461164,0.0192018556673317,,,3.20262002944946,28.0,,,0.0,0.0,0.0,77.0
ERI,2017,2.496099949,22.0610618449333,0.031742535028681,,,,29.5,,,0.0,0.0,0.0,86.0
ERI,2018,5.293000221,,,,,,31.0,,,0.0,0.0,0.0,95.0
ERI,2019,11.22379971,40.4605403256719,0.0925870488001644,,,,32.5,,,0.0,0.0,0.0,100.0
ERI,2020,14.34939957,54.7205015934574,0.151916994984612,,,,34.1,,,0.0,2.0,0.0,152.0
ERI,2021,,53.7582573847458,0.149245578525113,,,,35.7,,,0.0,2.0,0.0,140.0
ERI,2022,,59.1248082166991,0.165393390775689,,,,36.0,,,1.0,3.0,0.0,116.0
ERI,2023,,,,,,,37.1,,,0.0,3.0,1.0,116.0
ERI,2024,,,,,,,43.2,,,0.0,8.0,0.0,118.0
ESP,1990,0.0129,0.140653526,,,,,100.0,19174.77083233,,,,,
ESP,1991,0.0257,0.27810043,,,,,100.0,19612.9766041957,,,,,
ESP,1992,0.0768,0.459912366,,,,,100.0,19698.51176766,20.0928572062081,,,,
ESP,1993,0.128,0.652606384,,,,,100.0,19394.4931411816,21.2488758485705,,,,
ESP,1994,0.28,1.039604429,,,,,100.0,19762.3886289154,22.8838433401855,,,,
ESP,1995,0.381,2.373389764,,,,,100.0,20217.9031940372,24.4108271578811,,,,
ESP,1996,1.33,7.494773352,,0.78795,1286.11531,,100.0,20658.8402775701,26.6106333584497,,,,
ESP,1997,2.8,10.7956461,,0.77825,1336.11001,,100.0,21310.4311888986,27.7048214987223,,,,
ESP,1998,4.36,15.94912844,,0.8487,1487.41148,,100.0,22135.4045018802,28.2487849994654,,,,
ESP,1999,7.09,37.00760234,,0.83921,1512.15158,,100.0,23017.838771323,29.6196497085855,,,,
ESP,2000,13.6249608089899,59.1545409294551,0.18614924597098,0.88315,1874.09659,,100.0,24106.8818529374,31.2720631441855,4.0,183.0,0.0,36781.0
ESP,2001,18.1487226902932,71.9003474770726,1.1312722116122,0.88838,1947.04358,61.0042190551758,100.0,24878.3784543991,32.7878903588269,2.0,254.0,2.0,40538.0
ESP,2002,20.39,80.3027940805405,2.98760619626962,0.95947,2014.3626,63.7400817871094,100.0,25205.3154769045,34.5615733827732,1.0,450.0,3.0,47991.0
ESP,2003,39.93,87.5626112431679,4.99200793628407,1.0232,2195.10581,65.5322113037109,100.0,25481.1653690112,35.5499083496337,6.0,384.0,2.0,50488.0
ESP,2004,44.01,89.3326464755076,7.86734160810126,1.04013,2356.18397,67.4735717773438,100.0,25825.3106463315,37.2616500854492,7.0,360.0,4.0,54956.0
ESP,2005,47.88,97.1228342120143,11.4543464876327,1.09866,2516.19827,68.1358337402344,100.0,26294.447384391,40.3894195556641,3.0,430.0,6.0,59858.0
ESP,2006,50.37,102.236498446106,15.077844168829,1.17567,2613.24064,68.9646224975586,100.0,26899.0921497113,41.4418296813965,4.0,559.0,6.0,67536.0
ESP,2007,55.11,106.384415658258,17.6985900961161,1.23823,2720.22197,69.2297668457031,100.0,27338.79541774,42.3230590820312,5.0,584.0,13.0,71936.0
ESP,2008,59.6,107.328389840315,19.7598103811018,1.32156,2850.35985,69.4019393920898,100.0,27112.526293889,42.8323707580566,6.0,580.0,9.0,79284.0
ESP,2009,62.4,109.472490510383,21.0154587159308,1.35898,2876.51477,71.4311676025391,100.0,25860.8142592652,43.3348388671875,3.0,665.0,8.0,88515.0
ESP,2010,65.8,109.711571858447,22.7418123101281,1.35436,2879.99747,76.3829116821289,100.0,25766.2515825743,44.2518196105957,15.0,708.0,12.0,95138.0
ESP,2011,67.0899993926581,111.899355043358,23.7622851657887,1.32726,2775.30203,80.7240905761719,100.0,25510.5579678829,45.265308380127,15.0,867.0,25.0,107911.0
ESP,2012,69.8099999420024,107.756074158579,24.5107487138578,1.29268,2693.39973,82.89208984375,100.0,24763.568274484,45.6011505126953,12.0,663.0,18.0,113048.0
ESP,2013,71.635,107.038567264134,26.1458798389403,1.26864,2623.64689,85.1826324462891,100.0,24498.5559507945,46.8978414601602,10.0,752.0,22.0,119065.0
ESP,2014,76.1867089778712,108.745818831037,27.8358661570454,1.23401,2614.44648,87.9358520507812,100.0,24947.8512505913,47.2372512817383,17.0,686.0,16.0,126602.0
ESP,2015,78.6896318703515,109.391040801705,29.0099329346016,1.21165,2622.53289,88.5305328369141,100.0,25982.4416197775,47.8630485534668,20.0,882.0,28.0,132408.0
ESP,2016,80.5613329432179,110.247061960011,30.1986308494311,1.1808,2712.74943,89.810791015625,100.0,26719.2442268615,48.6490592956543,15.0,994.0,36.0,136313.0
ESP,2017,84.6022457016524,112.030085134191,31.2964612808116,1.20198,2847.3656,92.070182800293,100.0,27426.281015093,51.1859564334636,38.0,1411.0,33.0,144750.0
ESP,2018,86.107235525659,115.009066880916,32.2277444368856,1.23288,2984.29629,92.5194931030273,100.0,27956.7225466484,50.4169883728027,53.0,2052.0,54.0,150848.0
ESP,2019,90.718665325267,116.69612128516,32.9220023670648,1.24207,3048.15265,91.5387725830078,100.0,28301.4393949563,53.012303429667,65.0,2812.0,54.0,158771.0
ESP,2020,93.20564892,116.712041523767,33.9527590155171,1.39637,3051.64642,91.59912109375,100.0,25077.019882928,53.2567481994629,126.0,3868.0,64.0,179094.0
ESP,2021,93.89752157,118.999806936801,34.9302420932073,1.39617,3229.64887,95.3768997192383,100.0,26705.3629138959,55.3232507853649,135.0,5053.0,77.0,184695.0
ESP,2022,94.4855432,123.399528756795,35.7846414290159,1.40684,3387.49657,95.0271606445312,100.0,28203.1093419474,54.7419193092956,196.0,5856.0,84.0,182402.0
ESP,2023,95.44564516,127.715490236713,37.2148181549182,1.49362,3653.80306,93.7303466796875,100.0,28558.6319817501,55.9303998473828,251.0,7178.0,106.0,192097.0
ESP,2024,95.7574516,130.260997343256,39.2337541858756,,,93.7689666748047,100.0,29245.2192451729,55.6838432566667,293.0,8237.0,111.0,181281.0
EST,1990,0.0,0.0,,,,,100.0,9341.22558106091,,,,,
EST,1991,,0.036407139,,,,,100.0,8637.20577725726,,,,,
EST,1992,0.0655,0.162167672,,,,,100.0,6934.17057662389,,,,,
EST,1993,0.301,0.480179948,,,,,100.0,6706.56021122484,,,,,
EST,1994,1.16,0.933370468,,,,,100.0,6738.99904122236,,,,,
EST,1995,2.78,2.096126379,,,,,100.0,7170.94607721168,,,,,
EST,1996,3.53,4.8443196,,,,,100.0,7637.25708286963,,,,,
EST,1997,5.71,10.14428522,,,,,100.0,8732.99085657194,,,,,
EST,1998,10.8,17.50349184,,0.56501,2102.37983,,100.0,9199.93534127632,,,,,
EST,1999,14.5,27.57396163,,0.67708,2135.26422,,100.0,9133.89593384355,78.6722634952165,,,,
EST,2000,28.5769538105646,39.8712380914204,,0.6,1902.60055,,100.0,10006.7696280939,71.4596633911133,0.0,1.0,0.0,943.0
EST,2001,31.5274897673756,46.910647175312,1.25877863750215,0.69889,1924.96306,58.7174797058105,100.0,10662.9455020331,,0.0,2.0,0.0,941.0
EST,2002,41.52,63.866728044453,3.37094535081392,0.71182,2210.91668,61.7471008300781,100.0,11474.6622721923,81.8472626472586,0.0,3.0,0.0,1040.0
EST,2003,45.32,76.6123937702885,6.58715395557501,0.76445,2193.7335,64.2222671508789,100.0,12424.0441535693,82.8214206534403,0.0,1.0,0.0,1178.0
EST,2004,53.2,92.1518394688099,10.1768138574393,0.84566,2465.56876,65.7773971557617,100.0,13348.5284463324,83.7242934831737,1.0,5.0,0.0,1401.0
EST,2005,61.45,106.676173268145,13.2265759701457,0.91687,2451.18781,67.9843521118164,100.0,14703.6179707772,85.2033229882456,0.0,3.0,0.0,1522.0
EST,2006,63.51,123.151282965075,18.3238298883345,1.11259,2600.75424,68.7950820922852,100.0,16234.5152041417,84.9207305908203,0.0,13.0,0.0,1928.0
EST,2007,66.19,125.44512029119,19.7619163052275,1.05869,2747.58209,68.8220596313477,100.0,17543.4661785723,85.6972579956055,0.0,18.0,0.0,2079.0
EST,2008,70.58,121.494023517023,22.0376733075357,1.25182,2972.93057,67.8356094360352,100.0,16688.997772178,85.3210983276367,0.0,22.0,0.0,2256.0
EST,2009,72.5,117.684904325724,23.5008182668329,1.39673,3229.67528,67.8494186401367,100.0,14274.8511086787,85.6841125488281,0.0,18.0,1.0,2532.0
EST,2010,74.1,124.136203591879,26.1281702327091,1.57892,3057.78287,68.7101593017578,100.0,14657.939813612,86.4620971679688,0.0,9.0,0.0,2822.0
EST,2011,76.5,136.065402099509,26.2887630917959,2.29632,3392.80584,71.0235290527344,100.0,15820.922342204,86.5545501708984,0.0,16.0,0.0,3037.0
EST,2012,78.3899259259259,151.196568013694,26.4254326274595,2.10485,3457.75569,72.9364700317383,100.0,16460.6843479001,87.2545623779297,0.0,13.0,0.0,3258.0
EST,2013,80.0043,146.247455268495,27.3877226142123,1.70141,3338.3961,75.4523162841797,100.0,16809.5326683781,88.4385375976562,0.0,16.0,0.0,3722.0
EST,2014,84.2415280294352,144.360615678625,28.2253745287009,1.40794,3285.59355,76.2024536132812,100.0,17413.6867560212,85.9455490112305,0.0,11.0,0.0,4029.0
EST,2015,88.4097035040431,144.802963084675,29.6882797190881,1.44125,3188.49188,74.5832824707031,100.0,17722.1557669523,86.5550918579102,0.0,15.0,0.0,4001.0
EST,2016,87.2402327514547,144.235470787302,31.4989029896287,1.21835,3296.37262,73.0334320068359,100.0,18264.9873304279,86.8937530517578,1.0,29.0,0.0,4173.0
EST,2017,88.1024568740199,144.556616126155,32.5220031500844,1.25152,3552.46537,72.1369781494141,100.0,19270.8141210511,86.9619216918945,0.0,42.0,1.0,4396.0
EST,2018,89.3570077747426,145.543490183174,33.3725174267095,1.38298,3766.08146,72.0659637451172,100.0,19914.3454922878,87.6303024291992,0.0,80.0,0.0,4606.0
EST,2019,90.2289281997919,147.04692867619,33.8508104327483,1.59093,3770.42028,72.7060317993164,100.0,20579.8756732376,,1.0,109.0,0.0,5608.0
EST,2020,89.05828666,144.832210121466,34.2700326171401,1.72614,3836.37969,72.0443572998047,100.0,19946.945696898,85.7552032470703,4.0,151.0,4.0,5875.0
EST,2021,90.97970174,148.739589817601,37.357189680638,1.75152,4036.13127,73.1502075195312,100.0,21570.6658455268,84.7481689453125,5.0,241.0,3.0,6431.0
EST,2022,91.52016546,152.270772859015,39.7219150412824,1.76094,4654.85436,71.4251937866211,100.0,21023.2994937246,86.4713100533557,10.0,233.0,4.0,6057.0
EST,2023,93.18342241,150.195729068839,35.2539796781149,1.83878,4800.4412,67.6179275512695,100.0,20126.3730486957,86.6171537463114,10.0,331.0,5.0,6358.0
EST,2024,92.23796204,151.131825017309,35.3527186879385,,,65.6692276000977,100.0,20078.1397620993,,14.0,362.0,6.0,6154.0
ETH,1990,0.0,0.0,,,,0.787320017814636,,267.078134508598,,,,,
ETH,1991,,0.0,,,,0.776000022888184,,237.502454667904,,,,,
ETH,1992,,0.0,,,,,,207.967880879774,,,,,
ETH,1993,,0.0,,,,,,227.173295614208,,,,,
ETH,1994,,0.0,,,,0.60223001241684,,226.399912642527,,,,,
ETH,1995,1.75e-05,0.0,,,,0.660380005836487,,232.230450633845,,,,,
ETH,1996,0.0017,0.0,,,,0.686529994010925,,252.612985005506,,,,,
ETH,1997,0.00497,0.0,,,,0.80171000957489,,252.311666681832,,,,,
ETH,1998,0.00966,0.0,,,,0.837999999523163,,236.05551452188,,,,,
ETH,1999,0.0125,0.010356869,,,,0.931810021400452,,240.604711286049,3.87406154138444,,,,
ETH,2000,0.0152637672082567,0.026341205254997,,,,1.17114996910095,1.7,247.505413659694,,2.0,7.0,0.0,813.0
ETH,2001,0.0371623810686744,0.0395753139955781,,,,1.47605001926422,,260.04231608135,,0.0,7.0,4.0,875.0
ETH,2002,0.0724022618698295,0.0703128868323795,,,,1.68374001979828,,256.066635883709,,2.0,10.0,4.0,1022.0
ETH,2003,0.105811658802603,0.0695139494020418,7.72016038484214e-05,,,2.40167999267578,1.4,243.076666020009,,2.0,4.0,2.0,979.0
ETH,2004,0.155334520794722,0.204442313509778,4.6005895642382e-05,,,2.72982001304627,3.1,267.923513391712,,6.0,10.0,2.0,1105.0
ETH,2005,0.219659818999505,0.523980166770728,7.78384194360236e-05,0.17917,20.82551,2.94167995452881,0.6,290.833381425059,4.84484068131152,0.0,11.0,4.0,1207.0
ETH,2006,0.310592656856176,1.07393125130028,0.0003234060881381,,,,6.5,313.013896721503,,2.0,9.0,2.0,1344.0
ETH,2007,0.37,1.45421325867565,0.0012466424735398,0.17089,19.72278,,8.2,338.799064654308,7.02418994903565,0.0,5.0,6.0,1482.0
ETH,2008,0.449999988,2.28482954460171,0.0017488144183857,,,3.53211998939514,9.7,364.642208155735,,2.0,6.0,0.0,1634.0
ETH,2009,0.540000021,4.60380846952871,0.0039746551083362,,,5.09216022491455,11.3,385.632419711374,,2.0,6.0,2.0,1858.0
ETH,2010,0.75,7.57025899497312,0.004536191084382,0.24137,41.46809,6.96482992172241,12.9,421.898622378633,,0.0,7.0,2.0,2148.0
ETH,2011,1.100000024,15.1655003216856,0.0068201846978587,,,7.27566003799438,9.6,455.909628648555,8.83605003356934,2.0,18.0,3.0,2545.0
ETH,2012,2.900000095,21.4239594545095,0.0089093004714768,,,7.62416982650757,16.1,481.639999909808,,4.0,10.0,6.0,2646.0
ETH,2013,4.599999905,26.0536269908585,0.241842767793752,0.60474,43.9301,,17.8,518.324662208106,7.83306503980368,0.0,11.0,4.0,3393.0
ETH,2014,7.699999809,30.1536033852735,0.466085305720848,,,5.9192507771213,12.0,556.362532243867,,0.0,9.0,2.0,4878.0
ETH,2015,13.8551755555556,40.7363012371526,0.460203316477344,,,,15.5,597.912113218663,,0.0,21.0,3.0,5369.0
ETH,2016,15.3669238595896,47.9993274246983,0.523809621083991,,,,32.4,636.835680951429,6.92962980270386,1.0,19.0,2.0,5475.0
ETH,2017,15.62440014,36.1094836260863,0.0574013129864174,0.27437,89.03843,,31.0,678.98541915757,,1.0,25.0,4.0,6998.0
ETH,2018,15.88619995,,,,,,32.5,705.96881207336,,5.0,61.0,2.0,8116.0
ETH,2019,15.98460007,36.2199307720652,0.137379985514274,,,,36.0,744.702789740042,8.87446022033691,13.0,103.0,10.0,11654.0
ETH,2020,16.06959915,37.4208472347226,0.178274598062049,,,,39.4,768.705424484873,,11.0,205.0,6.0,15022.0
ETH,2021,16.6981031,52.8088633217211,0.399382380284272,,,,42.8,790.657019602458,11.8107725146255,26.0,393.0,6.0,16093.0
ETH,2022,17.9836998,56.9642988837987,0.45157652011053,,,,43.0,811.177729337321,9.91870021820068,74.0,800.0,17.0,17978.0
ETH,2023,20.33749962,59.8748744402242,0.534823180349513,,,,43.6,842.446604881663,,71.0,685.0,11.0,17403.0
ETH,2024,21.94129944,65.0825091944922,0.593917449513598,,,,44.8,883.458588614999,,79.0,931.0,26.0,19815.0
EUU,1990,,0.472776473894437,,,,,100.0,21731.257153555,,,,,
EUU,1991,,0.713770302037714,,,,,100.0,21985.0210009315,,,,,
EUU,1992,,0.989914807127396,,,,,100.0,22118.8609418225,,,,,
EUU,1993,,1.48919322633998,,,,,100.0,21915.7436320895,,,,,
EUU,1994,,2.37967230908285,,,,,100.0,22451.7130424692,,,,,
EUU,1995,,3.85473911370665,,,,,100.0,23019.8549890066,,,,,
EUU,1996,,6.51310131031301,,1.69813531096769,1960.44029809699,,100.0,23422.7357601839,,,,,
EUU,1997,,11.0840644606607,,1.73087287486946,1985.27889639129,,100.0,24015.3715317336,,,,,
EUU,1998,,19.0245694467997,,1.69933735756004,1971.53422435216,,100.0,24698.29961088,,,,,
EUU,1999,,32.385042602724,,1.78294123949549,2090.02153372709,49.1069717407227,100.0,25398.2989452523,,,,,
EUU,2000,,51.0821329798508,0.50202678266509,1.75999874566084,2117.3813117101,50.9117202758789,98.9582068768315,26365.8085370636,,,,,
EUU,2001,,63.3627709663753,1.51144371976937,1.81953373675296,2234.08079178207,53.326229095459,99.0227567384289,26899.8894391635,,,,,
EUU,2002,,69.8249572899489,2.88262327688542,1.78662975874004,2264.20574096846,55.6869888305664,99.0848868377762,27131.1240490784,,,,,
EUU,2003,,76.761165714664,4.76897151067469,1.8225341489373,2337.73293497193,57.9621315002441,99.1357759394714,27284.7373654402,,,,,
EUU,2004,,84.8593193937906,7.87088106223129,1.79049352283702,2526.9740529138,59.9736289978027,99.1773337968255,27885.7767479776,,,,,
EUU,2005,,94.962592506809,11.578600262562,1.77672615610278,2600.79293808856,61.5676918029785,99.2236879520283,28334.7697308438,,,,,
EUU,2006,,104.625555699473,15.815943983999,1.79606382481232,2689.75774496016,62.8105583190918,99.2740836337368,29246.6564527789,,,,,
EUU,2007,,115.471230001761,19.6575227345032,1.7898576785882,2770.56750145769,63.493091583252,99.326039957695,30060.2071364862,,,,,
EUU,2008,,121.351082181506,22.1007929254111,1.8661672832882,2932.41443919156,64.5242614746094,99.3713293768041,30144.6595203745,,,,,
EUU,2009,,120.982530176415,24.2636720429724,1.95713168877559,2986.45705049587,65.613899230957,99.4323083567696,28771.7442854218,,,,,
EUU,2010,,118.362121389741,25.8445416691152,1.95746478625747,3088.082857303,66.8966522216797,99.4473790616857,29352.9533503664,,,,,
EUU,2011,,121.505164700888,27.2652566927372,2.00154542952096,3124.20635216897,67.5122680664062,99.4932350855689,29974.1599339174,,,,,
EUU,2012,,123.536569078094,28.1514685720566,2.06377077141031,3246.03288485884,67.3753204345703,99.5428086030107,29700.9101574933,,,,,
EUU,2013,,124.928116565766,29.22008919732,2.08261388828457,3343.50553823407,67.5626907348633,99.5965864116481,29667.2132839257,,,,,
EUU,2014,,123.561956130038,30.3435202548452,2.10270987842797,3404.38247840898,68.7397079467773,99.6586269632957,30117.891265209,,,,,
EUU,2015,,121.827779366561,31.4509303481746,2.10239096009599,3545.25312124006,69.7687225341797,99.7328311993417,30771.6635221374,,,,,
EUU,2016,,122.1922182244,32.5654171406935,2.10185669802771,3644.99639484681,70.514030456543,99.795713499788,31300.1655435498,,,,,
EUU,2017,,122.55683721261,33.7866460425655,2.13740034854764,3847.42851006671,71.7874526977539,99.936986264584,32135.668371076,,,,,
EUU,2018,,121.955286915766,34.7500632097183,2.16898015703787,4011.05339555068,72.9149475097656,99.9518065353052,32739.0873976707,,,,,
EUU,2019,,121.799562736112,35.6346241840124,2.20604524104576,4156.305722486,74.0401382446289,99.9756217005168,33289.4438136062,,,,,
EUU,2020,,121.476371720115,36.8053737269773,2.27883471874776,4225.10475817582,75.0071029663086,99.9907808849771,31435.0432357987,,,,,
EUU,2021,,123.265317671991,37.8613994311883,2.23759475780294,4403.78261847478,77.8575668334961,99.9923346260063,33488.0493001082,,,,,
EUU,2022,,123.687099666304,38.6802657254509,2.22738255907949,4624.03920217067,79.6330184936523,99.9939225982505,34606.1111714906,,,,,
EUU,2023,,,,2.26277335792334,4741.41445146904,79.4997329711914,100.0,34626.5282460477,,,,,
EUU,2024,,,,,,79.4997329711914,100.0,34899.3225839678,,,,,
FIN,1990,0.401,5.171356119,,,,,100.0,31291.5222587198,,,,,
FIN,1991,1.4,6.365103571,,,,,100.0,29290.9773950558,,,,,
FIN,1992,1.89,7.655924957,,,,,100.0,28162.3512348846,,,,,
FIN,1993,2.57,9.65486751,,,,,100.0,27807.8614663327,,,,,
FIN,1994,4.92,13.27633542,,,,,100.0,28785.9195720485,,,,,
FIN,1995,13.9,20.34333586,,,,,100.0,29890.5243289925,57.4489395135335,,,,
FIN,1996,16.8,29.30898832,,2.45511,,,100.0,30883.8347237846,57.2062586869746,,,,
FIN,1997,19.5,42.07389889,,2.6226,,,100.0,32762.1179107575,59.7954010691563,,,,
FIN,1998,25.5,55.22384208,,2.78542,,,100.0,34457.4555939742,,,,,
FIN,1999,32.3,63.37118775,,3.05687,,,100.0,35886.4949080548,,,,,
FIN,2000,37.2484617371121,72.0339932637868,0.67617144771398,3.24271,,,100.0,37872.6020343504,,0.0,50.0,0.0,9468.0
FIN,2001,43.1053633522263,80.485935638422,2.58289801542838,3.19405,,85.9510498046875,100.0,38784.1308115726,,0.0,73.0,0.0,9945.0
FIN,2002,62.43,86.851880552542,5.25906318298117,3.25409,,86.788932800293,100.0,39343.0698997627,64.7408727989187,0.0,139.0,1.0,12548.0
FIN,2003,69.22,91.0640126377458,9.42076039405673,3.29898,,88.286979675293,100.0,40038.9839702277,64.3962936401367,0.0,85.0,1.0,12326.0
FIN,2004,72.39,95.4066334770936,15.3017856418755,3.30943,7855.56192,90.1379318237305,100.0,41521.962874476,67.0293155369584,0.0,51.0,0.0,12540.0
FIN,2005,74.48,100.455921199859,22.3824179644924,3.32412,7558.69966,91.9409408569336,100.0,42529.3506920884,66.1979904174805,0.0,75.0,1.0,13313.0
FIN,2006,79.66,107.666807120897,27.1350736112454,3.33285,7689.18984,93.4309921264648,100.0,44069.3958834717,67.1308517456055,1.0,98.0,2.0,15004.0
FIN,2007,80.78,114.961871609523,30.5745635514142,3.33727,7390.55027,95.0834808349609,100.0,46213.6898975737,67.968391418457,1.0,81.0,0.0,15128.0
FIN,2008,83.67,128.543485621291,30.4514435922766,3.53719,7712.31606,95.8668518066406,100.0,46359.8732844055,68.7850875854492,0.0,89.0,0.0,16710.0
FIN,2009,82.49,144.225654334936,29.3246343411397,3.73427,7669.28354,92.0154724121094,100.0,42412.5133513534,69.6325378417969,1.0,85.0,3.0,18154.0
FIN,2010,86.89,156.432080695834,29.0751116373162,3.70524,7740.92101,93.1867599487305,100.0,43556.5385834368,70.4480590820312,1.0,82.0,3.0,18875.0
FIN,2011,88.70999491353,165.916854869706,29.8056452931485,3.62434,7441.97757,93.2884292602539,100.0,44391.4535667984,71.2015533447266,0.0,86.0,1.0,20465.0
FIN,2012,89.879997974222,172.147209506663,30.4323757921866,3.4095,7492.46096,91.5533828735352,100.0,43507.9345371578,71.953727722168,1.0,92.0,6.0,21739.0
FIN,2013,91.5144,136.259014207069,31.6268291557372,3.28462,7222.80668,91.2365264892578,100.0,42883.6384986417,72.8120803833008,1.0,127.0,7.0,23048.0
FIN,2014,86.5303927529377,139.198825856641,32.1970293411336,3.16344,7022.1865,89.9938812255859,100.0,42502.4880199858,73.5687713623047,0.0,136.0,1.0,24606.0
FIN,2015,86.4221333325445,134.974123663686,31.5690938053918,2.88826,6855.97138,89.6573791503906,100.0,42560.3456767103,74.0170669555664,1.0,180.0,2.0,26024.0
FIN,2016,87.7036499599455,131.382780978293,31.152937083259,2.74716,6543.69993,89.3280029296875,100.0,43529.6761616969,79.2824044314709,0.0,228.0,2.0,27316.0
FIN,2017,87.4689290730615,129.983392624641,31.0435197469463,2.74723,6731.45341,90.6983871459961,100.0,44862.220404205,75.5235595703125,4.0,343.0,2.0,28393.0
FIN,2018,88.8899599985585,129.629119305202,31.491717515124,2.77601,6872.68968,92.3850021362305,100.0,45337.2409550575,80.5879813171853,3.0,585.0,5.0,29813.0
FIN,2019,89.6073851129779,129.487723024493,32.5439773811208,2.81534,7245.85837,94.5891189575195,100.0,45898.5708448954,77.4507217407227,15.0,856.0,10.0,32238.0
FIN,2020,92.17027106,128.761294644181,33.3838974597133,2.93278,7548.32504,96.4726333618164,100.0,44690.9801103074,82.2440854646059,20.0,1213.0,9.0,34461.0
FIN,2021,92.80806082,129.036333202492,33.6396818306917,3.01133,7870.42868,100.868072509766,100.0,45792.0454180872,80.9304580688477,25.0,1525.0,14.0,36546.0
FIN,2022,92.98879471,128.023293416281,34.2951599474189,2.982,8073.32591,104.944221496582,100.0,46016.1492103929,81.4098120073436,39.0,1705.0,10.0,35296.0
FIN,2023,93.51385075,127.47302579722,35.3318092510781,3.0938,8314.89822,108.130409240723,100.0,45196.4814400136,82.0747215050785,38.0,1913.0,9.0,36476.0
FIN,2024,93.72405196,125.860954798649,36.4765341417867,,,110.304496765137,100.0,45075.1684940688,,35.0,2180.0,16.0,35882.0
FJI,1990,0.0,0.0,,,,,,3414.95052754862,,,,,
FJI,1991,,0.0,,,,10.7947301864624,,3295.7268636798,,,,,
FJI,1992,,0.0,,,,,,3471.43143388926,,,,,
FJI,1993,0.00668,0.0,,,,,,3522.84229699877,,,,,
FJI,1994,0.00791,0.139098942,,,,,,3682.00010727317,,,,,
FJI,1995,0.00912,0.277691525,,,,,,3755.26832131607,,,,,
FJI,1996,0.0644,0.464510168,,,,,47.3595584519019,3910.82964905101,25.5793495178223,,,,
FJI,1997,0.223,0.646306359,,,,,55.7225080826685,3785.46685383881,,,,,
FJI,1998,0.633,0.98286377,,,,,57.5456362865205,3787.48699562496,,,,,
FJI,1999,0.942,2.839370335,,,,,59.3976898432416,4073.37706349238,,,,,
FJI,2000,1.4968547339902,6.54731962673726,,,,,62.2,3960.88903458193,,0.0,0.0,0.0,61.0
FJI,2001,1.8579785936093,9.52605709066427,,,,,63.7,3998.79730008036,,0.0,0.0,0.0,68.0
FJI,2002,6.15264970011985,10.4772571263413,,,,,67.8,4086.1043298133,,0.0,1.0,0.0,71.0
FJI,2003,6.72543473821551,12.6842636265621,,,,14.7718696594238,68.4,4087.72446536081,,0.0,1.0,0.0,93.0
FJI,2004,7.4129434854202,16.2620687446676,,,,14.5726699829102,68.1,4264.59725802376,,0.0,0.0,0.0,110.0
FJI,2005,8.45363663371359,23.2326471958195,0.793309904247495,,,14.4559001922607,69.7,4255.45096025011,,0.0,2.0,0.0,137.0
FJI,2006,9.6000384001536,31.9712702094085,0.954664659998989,,,,71.2,4295.40677074806,,0.0,1.0,0.0,177.0
FJI,2007,10.89780045,59.0364344331679,1.28086323499274,,,,83.6,4223.44802067613,39.3296203613281,0.0,3.0,0.0,161.0
FJI,2008,13.0,66.4158361919816,1.44244126902952,,,,75.4,4240.77264898616,,0.0,3.0,0.0,174.0
FJI,2009,17.0,70.5437045806011,1.41418082776424,,,,76.1,4164.29314815569,,0.0,1.0,0.0,179.0
FJI,2010,20.0,76.6592085622115,2.5537691985778,,,,87.4,4272.35916210382,,0.0,1.0,0.0,190.0
FJI,2011,28.0,79.6285606945976,2.54658051739944,,,,87.5,4375.58083514077,44.1805860780746,0.0,2.0,0.0,237.0
FJI,2012,33.74240112,93.8673192570263,1.47729086103891,,,,87.5,4427.97841523552,,0.0,4.0,0.0,285.0
FJI,2013,35.20000076,101.533690110351,1.19244569772315,,,,85.4,4630.3512738488,,0.0,8.0,0.0,352.0
FJI,2014,37.40000153,95.4871755750148,1.35431594893116,,,69.4327641990718,88.2,4883.24299340799,,0.0,8.0,0.0,427.0
FJI,2015,42.5,105.157101519958,1.38627313086096,,,68.4167953525995,88.8,5097.53106864695,,0.0,19.0,2.0,416.0
FJI,2016,49.41999817,113.655748798367,1.34165101842322,,,77.5601234063116,89.3,5218.85824573477,,0.0,18.0,1.0,485.0
FJI,2017,53.6473999,112.533863613853,1.32080338804844,,,82.343551650893,95.1,5500.67840280072,44.5563583374023,1.0,10.0,1.0,551.0
FJI,2018,58.2364006,110.665300159184,2.08214309077826,,,79.1464225438552,92.7,5720.21445752907,,0.0,13.0,0.0,607.0
FJI,2019,63.21789932,112.580732955222,2.34495829594305,,,77.5562006170027,94.8,5701.10434532357,,1.0,28.0,1.0,685.0
FJI,2020,68.62560272,108.365037711907,2.52053908190823,,,83.7613654490349,96.9,4721.12281287253,,1.0,40.0,0.0,743.0
FJI,2021,70.56800079,108.158405429846,2.51573287546457,,,76.7030156165859,86.8,4507.33353013335,,3.0,42.0,3.0,859.0
FJI,2022,72.56549835,111.749120643187,2.53376577893503,,,68.7794855157684,86.8,5291.51692439451,,4.0,43.0,0.0,891.0
FJI,2023,74.1160965,361.048644963723,1.82947481185312,,,60.9679066767014,98.3,5761.56947891018,,2.0,47.0,0.0,841.0
FJI,2024,74.7052002,574.152332512188,1.80009560888215,,,75.0089752283697,92.5,5935.20895738332,,7.0,78.0,0.0,871.0
FLK,2000,,,,,,,,,,0.0,0.0,0.0,9.0
FLK,2001,,,,,,,,,,0.0,0.0,0.0,10.0
FLK,2002,,,,,,,,,,0.0,0.0,0.0,18.0
FLK,2003,,,,,,,,,,0.0,0.0,0.0,20.0
FLK,2004,,,,,,,,,,0.0,0.0,0.0,13.0
FLK,2005,,,,,,,,,,0.0,0.0,0.0,20.0
FLK,2006,,,,,,,,,,0.0,0.0,0.0,15.0
FLK,2007,,,,,,,,,,0.0,0.0,0.0,25.0
FLK,2010,,,,,,,,,,0.0,0.0,0.0,28.0
FLK,2019,,,,,,,,,,0.0,1.0,0.0,0.0
FLK,2021,,,,,,,,,,0.0,1.0,0.0,0.0
FRA,1990,0.0528,0.502012864,,,,,100.0,27992.9751471374,,,,,
FRA,1991,0.14,0.662015306,,,,,100.0,28197.2359540607,,,,,
FRA,1992,0.279,0.767972059,,,,,100.0,28482.5194675509,,,,,
FRA,1993,0.591,1.002563689,,,,,100.0,28257.0962487817,47.9246501979169,,,,
FRA,1994,0.9,1.542895357,,,,,100.0,28822.5006495069,49.2278427266213,,,,
FRA,1995,1.64,2.268352438,,,,,100.0,29379.6158424052,50.3019477423181,,,,
FRA,1996,2.58,4.273801074,,2.23224,2656.27136,,100.0,29683.7786067651,50.358110427574,,,,
FRA,1997,4.26,10.05768321,,2.15216,2646.3481,,100.0,30325.522871824,51.3779736026539,,,,
FRA,1998,6.32,19.30102205,0.023181681,2.10343,2654.5869,,100.0,31256.5073830655,50.9656916023837,,,,
FRA,1999,9.13,36.73125788,0.094255217,2.1165,2723.93306,,100.0,32152.7207478734,51.851770336174,,,,
FRA,2000,14.3079239430677,48.8408617773499,0.33051229801258,2.10066,2902.95091,,100.0,33255.1379642335,53.1329912163311,1.0,252.0,7.0,81335.0
FRA,2001,26.3259035521688,61.7599882267174,1.00408766341339,2.1494,2971.39049,50.4472885131836,100.0,33640.6738002565,54.0097701514293,1.0,200.0,5.0,85692.0
FRA,2002,30.18,63.9599870360405,2.74337062416638,2.18758,3100.95366,50.2516899108887,100.0,33753.5782979758,54.8652810589949,3.0,663.0,6.0,105390.0
FRA,2003,36.14,68.6552962485417,5.87638266699238,2.13086,3184.63585,52.3169784545898,100.0,33840.6175720101,55.9803302158916,4.0,378.0,7.0,106186.0
FRA,2004,39.15,72.8137640376017,10.7249832599777,2.10438,3320.66694,53.4576301574707,100.0,34557.1471111581,55.6975784301758,3.0,391.0,6.0,118848.0
FRA,2005,42.87,78.0332251997857,15.368754696955,2.05599,3297.84746,53.8823318481445,100.0,34946.0372494703,56.5906105041504,2.0,485.0,3.0,133768.0
FRA,2006,46.87,83.2588797411526,20.4851461497772,2.05331,3405.181,53.8754196166992,100.0,35645.4162427116,54.1190123030074,4.0,536.0,5.0,154552.0
FRA,2007,66.09,88.6688088543201,25.227270073495,2.02815,3563.56539,52.9475402832031,100.0,36322.1685141004,59.4229507446289,5.0,513.0,7.0,163750.0
FRA,2008,70.68,92.3412305697068,28.4006786217117,2.06363,3636.48425,52.4755210876465,100.0,36257.3658930938,60.3495597839355,5.0,532.0,12.0,175890.0
FRA,2009,71.58,91.7782383081746,31.457950669807,2.21273,3722.99987,52.7731018066406,100.0,35052.8510772683,60.4208717346191,8.0,548.0,3.0,186551.0
FRA,2010,77.28,91.1185789923179,33.64535986777,2.17771,3849.5934,54.881721496582,100.0,35578.1968010183,61.8988800048828,2.0,657.0,7.0,192011.0
FRA,2011,77.8199989926706,93.8529031474159,35.6937891818337,2.18761,3920.65709,55.6257286071777,100.0,36269.9561530888,62.7715682983398,3.0,700.0,9.0,209364.0
FRA,2012,81.44,97.1924631662654,37.4345529509644,2.22761,4052.17043,57.9090118408203,100.0,36161.2918253465,63.7497215270996,6.0,763.0,12.0,226279.0
FRA,2013,81.9198,98.347924466483,38.7340855946258,2.23369,4133.56261,59.8487586975098,100.0,36256.086680981,66.3351593017578,10.0,827.0,7.0,238455.0
FRA,2014,83.7510996681821,101.132290573498,40.142215573606,2.27173,4210.03605,61.5104789733887,100.0,36444.3949089146,68.5302200317383,5.0,884.0,6.0,248913.0
FRA,2015,78.0060377071902,102.718366606519,41.387117104083,2.22401,4310.70957,62.7859306335449,100.0,36702.4323733379,69.4374313354492,18.0,1094.0,15.0,258418.0
FRA,2016,79.2698113207547,103.816661597799,42.5277884451476,2.22468,4392.04699,64.7276763916016,100.0,36920.5342846914,69.6656265258789,10.0,1297.0,23.0,268466.0
FRA,2017,80.5024597243607,105.718368398783,43.6242593525939,2.20422,4546.76212,65.8022308349609,100.0,37580.5979329356,70.0754928588867,31.0,1820.0,29.0,270916.0
FRA,2018,82.0431867788484,107.482434668386,44.4142292018123,2.20407,4670.53241,67.5435180664062,100.0,38062.4435961412,71.153117074531,61.0,2848.0,31.0,282688.0
FRA,2019,83.3397440866883,109.600780374596,45.2765022757908,2.19668,4773.97249,67.7331314086914,100.0,38705.2072940618,72.1873474121094,78.0,4323.0,43.0,287831.0
FRA,2020,84.70639801,110.387215275645,46.471240838575,2.2742,4883.2219,68.8709411621094,100.0,35709.2045925926,73.3635315888032,106.0,5521.0,64.0,276174.0
FRA,2021,86.09548575,113.952719366702,47.6442336298287,2.21278,5058.05374,69.9397888183594,100.0,38030.8571685178,76.7527928388629,150.0,6892.0,51.0,285925.0
FRA,2022,85.33331734,115.950519429629,48.250226559098,2.21937,5181.84576,71.5107269287109,100.0,38868.3303330557,77.6175811257937,202.0,7727.0,74.0,279340.0
FRA,2023,86.83635789,116.687800394775,48.6688340139444,2.17832,5368.63555,70.4536437988281,100.0,39319.4152227295,78.0396655209166,202.0,9443.0,54.0,282887.0
FRA,2024,88.65381638,,48.9251978969333,,,71.5346908569336,100.0,39683.3953489029,,270.0,10359.0,59.0,259191.0
FRO,1990,0.0,0.0,,,,,100.0,,,,,,
FRO,1991,,3.052766503,,,,,100.0,,,,,,
FRO,1992,,3.734376698,,,,,100.0,,,,,,
FRO,1993,,3.559073976,,,,,100.0,,,,,,
FRO,1994,,4.441322426,,,,,100.0,,,,,,
FRO,1995,0.0,5.839516037,,,,,100.0,,,,,,
FRO,1996,2.32,7.397254067,,,,,100.0,,,,,,
FRO,1997,4.6,10.56499461,,,,,100.0,,,,,,
FRO,1998,11.3,14.52357071,,,,,100.0,,,,,,
FRO,1999,22.3,23.80594208,,,,,100.0,,,,,,
FRO,2000,32.916392363397,37.1657578345707,,,,,100.0,,,0.0,0.0,0.0,12.0
FRO,2001,43.2469835228993,52.9563148788927,0.116782006920415,,,,100.0,,,0.0,0.0,0.0,15.0
FRO,2002,53.2992218313613,74.1815619194055,0.243449292075085,,,,100.0,,,0.0,0.0,0.0,16.0
FRO,2003,58.9126409695337,80.1847204942749,0.830820487948886,0.85253,1824.74008,,100.0,,,0.0,0.0,0.0,24.0
FRO,2004,66.5335994677312,86.007039173626,6.52685507216194,,,,100.0,,,0.0,0.0,0.0,20.0
FRO,2005,67.9026317413939,86.9130084158723,12.1337441326689,,,,100.0,,,0.0,0.0,0.0,31.0
FRO,2006,69.359445124439,103.17378376146,27.1082844635335,,,,100.0,,,0.0,0.0,0.0,32.0
FRO,2007,75.98,107.622643066386,29.8366134422577,,,,100.0,,,0.0,0.0,0.0,24.0
FRO,2008,75.57,113.118066724401,30.6775537135552,,,,100.0,44623.0315871975,,0.0,0.0,0.0,31.0
FRO,2009,75.18,117.537998308895,32.7538204541236,,,,100.0,42379.0851176044,,0.0,0.0,0.0,46.0
FRO,2010,75.2,123.41132263489,33.5879922771907,,,,100.0,42334.391628988,,0.0,0.0,0.0,46.0
FRO,2011,80.7321728,121.990653815663,33.4981432803438,,,,100.0,43947.1570625821,,0.0,1.0,0.0,54.0
FRO,2012,85.3351892392109,122.106007361045,33.943981202304,,,,100.0,47304.8451728204,,0.0,1.0,0.0,45.0
FRO,2013,90.0,119.61929617432,34.5906087532882,,,,100.0,50121.7919684574,,0.0,0.0,0.0,49.0
FRO,2014,93.3,120.19385440297,35.8073829655599,,,,100.0,52645.8769957728,,0.0,0.0,0.0,79.0
FRO,2015,94.2,108.833394690555,36.3889229762343,,,,100.0,52638.2668218454,,0.0,0.0,0.0,103.0
FRO,2016,95.1086816720257,110.023625386184,36.2922278537245,,,,100.0,52758.462646154,,0.0,0.0,0.0,101.0
FRO,2017,97.5819589384468,112.690325020401,35.9074896005414,,,,100.0,53832.1022752798,,0.0,0.0,0.0,137.0
FRO,2018,,111.282674295568,35.6252694282243,,,,100.0,54432.5257658066,,0.0,5.0,0.0,148.0
FRO,2019,,106.012499517766,35.0680915088152,,,,100.0,56031.6628701293,,0.0,3.0,0.0,135.0
FRO,2020,,112.600072261205,35.0714054804419,,,,100.0,54305.7918823334,,1.0,9.0,0.0,152.0
FRO,2021,,111.093808630394,34.6022514071295,,,,100.0,56275.5306614124,,1.0,8.0,0.0,172.0
FRO,2022,,105.80437318324,34.5873988631945,,,,100.0,57784.7223702914,,1.0,8.0,1.0,198.0
FRO,2023,,,,,,,100.0,59067.5637446297,,2.0,7.0,0.0,174.0
FRO,2024,,,,,,,100.0,59302.1098546142,,0.0,2.0,0.0,218.0
FSM,1990,0.0,0.0,,,,,,2394.37558886361,,,,,
FSM,1991,,0.0,,,,,,2525.50241966495,,,,,
FSM,1992,,0.0,,,,,,2575.29732806047,,,,,
FSM,1993,,0.0,,,,,,2726.15725759043,,,,,
FSM,1994,,0.0,,,,,,2661.64218976612,,,,,
FSM,1995,,0.0,,,,,,2818.49690906028,,,,,
FSM,1996,0.278,0.0,,,,,,2712.57379982072,,,,,
FSM,1997,0.571,0.0,,,,,,2535.82445447681,,,,,
FSM,1998,1.86,0.0,,,,,,2600.59655060566,,,,,
FSM,1999,2.8,0.0,,,,13.3604698181152,,2622.81714261636,,,,,
FSM,2000,3.73486213690137,0.0,,,,13.3582201004028,39.1,2735.1956569283,,,,,
FSM,2001,4.66052719883673,0.0,,,,,41.6,2777.02466489199,,0.0,1.0,0.0,0.0
FSM,2002,5.57009970478472,0.0889299943084804,,,,,43.4,2787.27413276067,,,,,
FSM,2003,9.23250210039423,5.22687803357528,0.005343545442401,,,,45.3,2840.52449068865,,0.0,0.0,0.0,14.0
FSM,2004,11.0178673081514,11.4201474201474,0.0232298414116596,,,,47.1,2758.74590390098,,,,,
FSM,2005,11.88140011,12.650342871504,0.0412881915772089,,,,48.9,2847.48229525537,,,,,
FSM,2006,12.75030041,16.8122172150024,0.0857950491741098,,,,50.8,2853.20713732847,,,,,
FSM,2007,13.62110043,24.9690571532581,0.105569712413542,,,,52.7,2827.53072106163,,0.0,0.0,0.0,23.0
FSM,2008,14.49,25.2441800690314,,,,,54.6,2779.82971113098,,,,,
FSM,2009,15.35,25.4731050325593,,,,,56.5,2841.46745946079,,,,,
FSM,2010,20.0,25.588618188581,0.92802678073275,,,,58.8,2901.24604798215,,0.0,0.0,0.0,23.0
FSM,2011,22.79999924,25.6272168471095,,,,,60.7,3006.53976237006,,,,,
FSM,2012,25.97439957,28.9303920659931,,,,,62.5,2952.58709656817,,,,,
FSM,2013,27.79999924,29.0350625687887,1.90804746533976,,,,64.2,2837.15746729135,,,,,
FSM,2014,29.64999962,,2.8525037824274,,,,66.1,2757.39654878889,60.1697160544803,,,,
FSM,2015,31.50110054,20.7007248243129,3.0142757275838,,,,68.0,2869.86276169101,,,,,
FSM,2016,33.35219955,21.4641301856521,2.90534036213614,,,,69.9,2896.47282245468,,,,,
FSM,2017,35.30410004,21.1123391273372,3.44900028315415,,,,71.8,2945.60147384462,,,,,
FSM,2018,36.61460114,,,,,,73.7,2946.05827846428,,,,,
FSM,2019,37.97370148,20.8556246712972,4.533831450282,,,,75.6,3043.07718989012,,,,,
FSM,2020,39.38330078,19.8348299614122,5.40949908038516,,,,77.5,2963.44360529022,,0.0,2.0,0.0,0.0
FSM,2021,,19.7090231491436,5.37518813158461,,,,79.4,3035.92251779232,,,,,
FSM,2022,39.0279007,19.9885830493962,5.81818506163369,,,,79.6,2928.52464245951,,0.0,1.0,0.0,0.0
FSM,2023,39.39889908,,,,,,83.7,2948.07720975276,,,,,
FSM,2024,39.52360153,,,,,,86.0,3001.79669747008,,,,,
GAB,1990,0.0,0.0,,,,5.09427976608276,,8354.26309000876,,,,,
GAB,1991,,0.0,,,,,,8627.38985737905,,,,,
GAB,1992,,0.026989357,,,,,,8138.86821905371,,,,,
GAB,1993,,0.11263481,,,,,,8237.7433874389,,,,,
GAB,1994,,0.236007136,,,,,,8322.61010843084,,,,,
GAB,1995,,0.356517678,,,,,,8514.94009899596,,,,,
GAB,1996,0.0,0.590995488,,,,,,8603.00813400361,,,,,
GAB,1997,0.048,0.805217129,,,,,,8870.12550864019,,,,,
GAB,1998,0.17,0.801268275,,,,,,8949.1211008365,,,,,
GAB,1999,0.249,0.716574627,,,,6.65822982788086,,7944.64517936466,,,,,
GAB,2000,1.21614061828589,9.40754422329747,,,,,11.6,7596.09970650519,,0.0,0.0,0.0,71.0
GAB,2001,1.34762022159633,11.4539752548319,,,,7.45746994018555,21.5,7556.76995314898,,0.0,0.0,0.0,83.0
GAB,2002,1.93953010616212,20.7628974043498,,,,,21.0,7338.75620613605,,0.0,0.0,0.0,88.0
GAB,2003,2.65958659385985,21.7021738344124,0.012297898506167,,,7.65526008605957,20.6,7301.67154442842,,2.0,4.0,0.0,81.0
GAB,2004,2.97906980035019,34.4234596151262,0.0457228394023955,,,,20.1,7148.98713447497,,0.0,0.0,0.0,120.0
GAB,2005,4.89326474972412,50.3377189536008,0.104544258777789,,,,27.1,7130.22505771754,,0.0,0.0,0.0,123.0
GAB,2006,5.48920080280135,59.534904998021,0.116883693763396,,,,19.2,6724.08148977274,,0.0,0.0,0.0,126.0
GAB,2007,5.767000198,75.1170933476071,0.127422751161937,0.41633,,,18.7,6908.67399162999,,0.0,0.0,0.0,108.0
GAB,2008,7.5,80.887271143466,0.136886151165866,0.5109,,,18.3,6468.38523357609,,0.0,0.0,2.0,121.0
GAB,2009,9.5,87.2675973605464,0.222502280994441,0.57924,,,17.9,6264.83611480154,,0.0,0.0,0.0,172.0
GAB,2010,13.0,93.6112366044355,0.237342278148637,,,,50.0,6481.49612073562,,0.0,1.0,0.0,177.0
GAB,2011,18.0,133.010491109633,0.252527378176584,,,,42.4,6699.23394606512,,0.0,3.0,0.0,242.0
GAB,2012,24.0,138.488452744047,0.270725528171969,,,,32.3,6803.22668079211,,0.0,1.0,0.0,210.0
GAB,2013,30.53800011,143.499442515887,0.465223498072982,,,,32.8,6938.25753862236,,0.0,1.0,0.0,239.0
GAB,2014,38.07120132,148.237590091786,0.545895949199327,,,,19.8,6998.60545439576,,0.0,21.0,0.0,329.0
GAB,2015,45.78450012,138.244498133013,0.542972059134077,,,,18.1,7047.12654634355,,0.0,2.0,0.0,280.0
GAB,2016,48.0522995,141.050208874326,0.715038665794413,,,,18.9,6991.3251446736,,0.0,0.0,0.0,262.0
GAB,2017,51.60490036,123.475497241411,0.683712735870926,,,,,6840.05959347802,,0.0,0.0,0.0,296.0
GAB,2018,55.42020035,132.465314660912,0.953117951397584,,,,21.3,6724.5961429108,,0.0,1.0,0.0,286.0
GAB,2019,59.51760101,131.975264871196,1.07496298020996,,,,22.8,6817.56879468764,,0.0,0.0,0.0,368.0
GAB,2020,63.91790009,131.301562643297,1.9206136043356,,,,24.7,6534.27966529444,,0.0,5.0,0.0,422.0
GAB,2021,65.76809692,132.30865873249,2.65142494578668,,,,26.8,6479.0490069252,,0.0,4.0,0.0,508.0
GAB,2022,67.67169952,123.233187164275,3.3054859267542,,,,29.0,6527.48207901861,,0.0,4.0,0.0,505.0
GAB,2023,68.19789886,122.606627765979,3.97293291301595,,,,29.0,6541.25368618042,,0.0,11.0,1.0,474.0
GAB,2024,68.72090149,125.337107593999,4.6941021334787,,,,51.3,6618.9868586134,,1.0,17.0,0.0,663.0
GBR,1990,0.0874,1.947196982,,,,,100.0,30071.2085616955,,,,,
GBR,1991,0.174,2.196673629,,,,,100.0,29590.9054053428,,,,,
GBR,1992,0.261,2.620448471,,,,,100.0,29893.0776793743,,,,,
GBR,1993,0.52,3.934258199,,,,,100.0,30862.4118121654,,,,,
GBR,1994,1.04,6.818272277,,,,,100.0,32308.7952722115,,,,,
GBR,1995,1.9,9.901172035,,,,,100.0,33362.0161272507,,,,,
GBR,1996,4.12,12.48025391,,1.5754,2485.75438,,100.0,34147.3459054033,,,,,
GBR,1997,7.39,15.17763081,,1.53729,2495.08042,,100.0,35721.6105928791,,,,,
GBR,1998,13.7,25.45932146,,1.54777,2694.02542,,100.0,36773.9287790406,,,,,
GBR,1999,21.3,46.36293399,,1.62268,2853.23907,,100.0,37730.7155591161,,,,,
GBR,2000,26.8217543508578,73.5759542700689,0.0895570335391683,1.60963,2893.37563,57.365119934082,100.0,39297.1366317267,,3.0,644.0,3.0,130407.0
GBR,2001,33.4810948744147,78.064582616846,0.558223413842477,1.59544,3078.40932,57.4873008728027,100.0,40082.1359356822,,6.0,644.0,5.0,130291.0
GBR,2002,56.48,82.6794913595582,2.2782391955575,1.61383,3335.62719,61.1282196044922,100.0,40594.932929345,,1.0,1235.0,9.0,147038.0
GBR,2003,64.82,90.698548663637,5.20508574125693,1.58131,3631.25708,61.4559707641602,100.0,41706.8303930126,,10.0,920.0,12.0,151404.0
GBR,2004,65.61,99.198849485824,10.1776805029659,1.53089,3818.23524,59.4526710510254,100.0,42434.8209023638,,3.0,796.0,1.0,153962.0
GBR,2005,70.0,108.045990346443,16.3354600265746,1.55004,4117.74512,59.2745018005371,100.0,43320.5628684438,,4.0,959.0,4.0,166410.0
GBR,2006,68.82,114.785700646085,21.3149333572958,1.57625,4176.43751,59.1907196044922,100.0,43944.9985799069,,11.0,1132.0,2.0,185732.0
GBR,2007,75.09,119.988923530842,25.3608241894096,1.6183,4122.71329,58.8450889587402,100.0,44882.141312304,,1.0,1010.0,6.0,191715.0
GBR,2008,78.39,120.819267888243,27.9071011080185,1.60901,4077.28663,57.4309883117676,100.0,44508.2874631479,,5.0,1037.0,3.0,201847.0
GBR,2009,83.56,122.357496035675,28.6007077119006,1.66991,4113.41572,59.101131439209,100.0,42146.5095879962,84.6721725463867,4.0,1126.0,9.0,215136.0
GBR,2010,85.0,121.780844361683,30.3960911450969,1.63887,4089.20558,59.8467292785645,100.0,42762.720840223,86.4258270263672,7.0,1129.0,11.0,226234.0
GBR,2011,85.3799985496322,121.49766447536,32.4187258603211,1.64681,3973.02377,59.3426704406738,100.0,42791.0934313474,86.0834426879883,11.0,1244.0,9.0,237284.0
GBR,2012,87.4799984242111,122.465231814068,33.9047903389849,1.57587,4017.98198,59.1535682678223,100.0,43136.7006795996,87.7356567382812,14.0,1373.0,9.0,249287.0
GBR,2013,89.8441,122.184696024755,35.7819878642114,1.62096,4171.80763,56.7794799804688,100.0,43585.8731772281,74.0022735595703,17.0,1441.0,8.0,263335.0
GBR,2014,91.6133009176453,120.958261038047,36.5828488416012,2.26488,4280.79983,56.5240287780762,100.0,44628.5724578217,74.7063903808594,13.0,1678.0,10.0,272357.0
GBR,2015,92.0002998740234,121.211739725133,37.7214944577347,2.27566,4389.5625,56.4461288452148,100.0,45256.040227057,,20.0,1910.0,16.0,286067.0
GBR,2016,94.7758006318882,119.786558760596,38.6588569366885,2.32051,4434.65942,58.083869934082,100.0,45888.7099614563,,25.0,2478.0,18.0,303220.0
GBR,2017,90.4245504868553,119.206737402819,39.2489467665261,2.32602,4472.69458,59.6282081604004,100.0,47019.4510419999,77.1117324829102,44.0,3565.0,39.0,305025.0
GBR,2018,90.692008988783,118.184381927412,39.8293995840604,2.70889,,61.1377716064453,100.0,47516.2099770322,,64.0,5618.0,49.0,321402.0
GBR,2019,92.5166285497138,120.250108782533,40.022769455921,2.6707,,65.5119934082031,100.0,47866.9140354078,,134.0,8226.0,60.0,335070.0
GBR,2020,94.81820132,117.304850715261,40.5775246507294,2.93993,,69.4076614379883,100.0,42985.0392148248,79.9111328125,213.0,11574.0,69.0,381784.0
GBR,2021,96.19650269,117.887430294308,41.1134869970784,2.89968,,76.7543563842773,100.0,46491.5068836685,80.4642028808594,261.0,14307.0,70.0,386290.0
GBR,2022,95.46530151,119.833999505569,41.2867157729584,2.75224,,79.7695083618164,100.0,48410.095170282,,308.0,14950.0,70.0,353430.0
GBR,2023,95.44719696,122.781542240418,41.4367685540411,2.67614,,80.4146499633789,100.0,47911.1540134832,,433.0,18339.0,105.0,366748.0
GBR,2024,95.4720993,121.643331373201,42.1648283773461,,,,100.0,47900.9680144146,,578.0,21725.0,132.0,359002.0
GEO,1990,0.0,0.0,,,,,,3534.03227732782,,,,,
GEO,1991,,0.0,,,,37.0881996154785,,2768.81016089293,,,,,
GEO,1992,,0.0,,,,,,1513.85017404463,,,,,
GEO,1993,,0.0,,,,,,1062.09528080207,,,,,
GEO,1994,,0.0,,,,,,966.419596225484,,,,,
GEO,1995,0.0118,0.003075235,,,,46.4012413024902,,1029.48054628347,,,,,
GEO,1996,0.0401,0.048306419,,0.33088,,43.8229789733887,,1187.123206219,,,,,
GEO,1997,0.0609,0.646547265,,0.3424,,47.1814498901367,,1354.78352202066,,,,,
GEO,1998,0.103,1.327902213,,0.35384,,,,1431.79336069224,,,,,
GEO,1999,0.416,3.03204005,,0.28769,,38.4826202392578,,1503.46298776734,,,,,
GEO,2000,0.484746298540492,4.49918883789188,,0.2153,,40.6597099304199,99.7,1561.19867638847,,0.0,0.0,0.0,309.0
GEO,2001,0.992344436138154,7.15802981540447,0.0102146598898337,0.23848,,41.7714691162109,99.7,1661.83019106421,,0.0,0.0,0.0,315.0
GEO,2002,1.58787562980332,12.2005278297688,0.0222876531731077,0.18574,,44.0944595336914,99.8,1768.5970116888,83.6632766723633,0.0,0.0,0.0,377.0
GEO,2003,2.55881648068489,17.4085658904957,0.0345124432043898,0.2176,,45.2726097106934,100.0,1977.46143338741,,0.0,0.0,0.0,362.0
GEO,2004,3.88622135350273,20.7255885187471,0.0468433383718686,0.2442,,44.4988403320312,99.9,2105.00472843799,,1.0,1.0,0.0,420.0
GEO,2005,6.079500198,29.1671582469622,0.0593622015776437,0.17658,,49.7896995544434,97.5,2321.60084285163,,0.0,0.0,0.0,512.0
GEO,2006,7.52687684487832,42.6335344297177,0.675575759440984,,,42.33203125,100.0,2554.81253503914,,0.0,0.0,0.0,570.0
GEO,2007,8.26,65.5237562348932,1.17791908942204,,,41.5539588928223,100.0,2891.13702331846,,0.0,1.0,0.0,514.0
GEO,2008,10.01000023,69.9048638801176,2.84510154914943,,,38.640739440918,100.0,2970.15858282428,,0.0,0.0,0.0,513.0
GEO,2009,20.06999969,72.3920059015943,3.82756464054958,,,28.6668605804443,100.0,2887.25607935922,,0.0,1.0,0.0,627.0
GEO,2010,26.9,102.112900017326,4.68263634438548,,,32.7360912804725,100.0,3090.06513662318,,0.0,2.0,0.0,578.0
GEO,2011,31.52000046,114.516931163867,6.42340988915208,,,35.9205541584628,100.0,3362.1030031968,,0.0,1.0,0.0,679.0
GEO,2012,36.93999863,122.384147980521,12.0611334421058,,,33.6164699594408,100.0,3609.780798626,90.9254989624023,0.0,1.0,0.0,854.0
GEO,2013,43.3,131.083096511666,13.5708594493486,0.0771,599.63656,40.5870663959566,100.0,3806.50600649051,92.2256460791917,0.0,1.0,0.0,903.0
GEO,2014,49.1024547144647,142.390867606876,15.8407410024372,0.16991,1126.78154,46.3290537874173,100.0,3960.35080091901,92.0671615600586,0.0,2.0,0.0,1033.0
GEO,2015,47.5697596438736,146.396495596946,16.7646515047976,0.29397,1359.02229,51.9050659422441,100.0,4086.6223465965,93.5209496140226,0.0,4.0,0.0,1134.0
GEO,2016,58.4592896118725,145.88058671059,17.9595929069632,0.28025,1383.73676,58.1988080034057,100.0,4225.09154904806,93.4507904052734,2.0,9.0,0.0,1449.0
GEO,2017,59.7055045962571,145.072490171662,20.4644306577176,0.26645,1381.93128,63.535040959252,100.0,4442.50744127374,92.4962997436523,1.0,24.0,0.0,1574.0
GEO,2018,62.7179081974285,143.858127681082,22.5911406351247,0.27573,1544.7177,66.747813990461,100.0,4713.65354845303,92.3965398062412,7.0,29.0,0.0,1556.0
GEO,2019,68.8467135616978,141.755414275788,24.6806060596483,0.28197,1788.43187,69.6463934713126,100.0,4975.81148194814,92.1729507446289,2.0,32.0,0.0,1869.0
GEO,2020,72.53157487,134.366007864735,25.5120429077493,0.29765,1799.17121,71.8064531290391,100.0,4659.60925318234,92.48141173712,6.0,61.0,1.0,3302.0
GEO,2021,76.4427093,146.566472682371,26.6463786914494,0.24875,1702.96062,77.2303110681266,100.0,5175.19865185825,92.5888211045913,5.0,64.0,0.0,3182.0
GEO,2022,78.71127536,154.013561773213,28.3337075311796,0.2347,1808.99963,79.3253367493498,100.0,5736.30449578597,92.8601684570312,3.0,62.0,2.0,3034.0
GEO,2023,81.88425624,155.249965068869,29.3086367614167,0.25084,1768.16486,78.2652247393707,100.0,6180.6206023429,92.5722427368164,3.0,85.0,1.0,3856.0
GEO,2024,83.79855689,161.201784818537,30.4157660721649,0.26435,1895.99928,,100.0,6606.35772271858,93.5000762939453,10.0,141.0,2.0,4796.0
GHA,1990,0.0,0.0,,,,,,855.85250708181,,,,,
GHA,1991,,0.0,,,,0.910929977893829,,878.63570406594,,,,,
GHA,1992,,0.002462819,,,,1.05234003067017,,890.313174799419,,,,,
GHA,1993,,0.010466464,,,,1.25375998020172,2.88737399274898,910.722897752222,,,,,
GHA,1994,,0.019576484,,,,1.28396999835968,1.58188327755997,918.428722656692,,,,,
GHA,1995,0.000348,0.035552754,,,,,3.69449260642638,933.895311664356,,,,,
GHA,1996,0.00565,0.071542215,,,,,5.84076189699466,954.325387944775,,,,,
GHA,1997,0.0275,0.119695381,,,,,8.02875403552628,970.995739362631,,,,,
GHA,1998,0.0322,0.223102599,,,,,13.2811809712728,992.20631798932,,,,,
GHA,1999,0.105,0.365160156,,,,,12.5339851120814,1010.88194916348,,,,,
GHA,2000,0.153615297625799,0.662241808064506,,,,,14.9,1022.27520714566,17.7231680858999,4.0,10.0,2.0,701.0
GHA,2001,0.200008060324831,1.20888662601392,,,,,17.4,1035.22666053257,,0.0,2.0,0.0,662.0
GHA,2002,0.830284033818738,1.86582932404951,,,,,19.8,1052.46591644399,,0.0,3.0,2.0,664.0
GHA,2003,1.19305791098328,3.73545578999193,,,,,24.0,1077.69990866645,,0.0,2.0,0.0,706.0
GHA,2004,1.71679770389504,7.75094614130464,0.0041155466237015,,,,24.7,1108.30475353633,,0.0,7.0,2.0,847.0
GHA,2005,1.83119746104616,12.8045967119533,0.0084812813576892,,,5.35099983215332,7.9,1143.31178934301,,0.0,4.0,0.0,930.0
GHA,2006,2.72317597313987,22.6001881366288,0.055332515476308,,,4.7728099822998,31.4,1185.26570738595,12.3958664391576,0.0,1.0,0.0,1045.0
GHA,2007,3.85,32.1629441899404,0.068508623893661,0.23157,16.80827,5.92381000518799,32.4,1205.31705804209,,0.0,6.0,2.0,1157.0
GHA,2008,4.27,47.7132196500561,0.0947630976167947,,,7.91365003585815,36.8,1282.63416886747,,0.0,14.0,0.0,1223.0
GHA,2009,5.44,60.7694975888344,0.114231524023331,,,8.29780006408691,37.9,1311.63053760125,,4.0,11.0,2.0,1461.0
GHA,2010,7.8,68.4473107845556,0.204455388509399,0.37655,37.36945,,55.4,1381.2279503506,20.5639705657959,2.0,13.0,0.0,1615.0
GHA,2011,9.0,81.1104488323626,0.249660012642992,,,11.2824466895305,42.0,1537.81834019283,,0.0,4.0,2.0,1823.0
GHA,2012,10.6,95.8261770997433,0.254848945181518,,,11.4938894891938,23.6,1640.54072088003,,0.0,11.0,0.0,2234.0
GHA,2013,15.0,102.337999297675,0.251203224924326,,,13.4205396326832,50.8,1718.59704769958,18.847842111156,0.0,9.0,0.0,2799.0
GHA,2014,19.0,108.270496910446,0.250235435990938,,,15.0809451652103,64.0,1726.36930134647,,0.0,13.0,0.0,3455.0
GHA,2015,23.0,121.997156544235,0.254850246382187,,87.47972,15.5618871637579,57.0,1722.77282833606,22.0841406835318,0.0,5.0,0.0,3666.0
GHA,2016,28.0,130.481366086196,0.294978237026438,,,15.606270735823,66.6,1740.81101902928,,0.0,15.0,0.0,4123.0
GHA,2017,37.88420105,122.471765695646,0.189313949042323,,,16.2065694246062,65.3,1841.44636153249,15.5985603332519,3.0,18.0,1.0,4566.0
GHA,2018,43.0,133.609992432498,0.199976597372149,,,15.9045597520982,68.3,1915.4532323781,,1.0,41.0,1.0,5269.0
GHA,2019,22.0732,130.70523333401,0.187204014722826,,,17.3607250095097,70.0,1999.55372220211,,1.0,73.0,1.0,7780.0
GHA,2020,62.51760101,126.887391353856,0.245771040587956,,,18.6139938594155,73.1,1970.19411460398,,2.0,121.0,4.0,9105.0
GHA,2021,68.6,124.402625384529,0.352237707175248,,,19.2005186528071,74.0,2030.04866500967,23.7084903717041,10.0,210.0,5.0,9515.0
GHA,2022,69.91329956,120.803416027053,0.62494509663475,,,20.44559258931,71.6,2067.20895855521,23.1625595092773,22.0,306.0,11.0,11124.0
GHA,2023,70.67430115,98.8059221412722,0.555476730525596,,,22.0958254757285,77.8,2091.81335596465,23.1643104553223,23.0,370.0,15.0,11470.0
GHA,2024,72.17569733,113.647966704673,0.664728986034211,,,21.330810546875,82.6,2173.00329800201,22.6140899658203,49.0,522.0,22.0,12341.0
GIB,1990,0.0,0.0,,,,,100.0,,,,,,
GIB,1991,,0.0,,,,,100.0,,,,,,
GIB,1992,,0.0,,,,,100.0,,,,,,
GIB,1993,,0.0,,,,,100.0,,,,,,
GIB,1994,,0.0,,,,,100.0,,,,,,
GIB,1995,,2.407704655,,,,,100.0,,,,,,
GIB,1996,,3.644829217,,,,,100.0,,,,,,
GIB,1997,2.66,5.877231171,,,,,100.0,,,,,,
GIB,1998,4.18,8.847155884,,,,,100.0,,,,,,
GIB,1999,5.94,13.17205272,,,,,100.0,,,,,,
GIB,2000,19.1316381248919,20.0584647587426,,,,,,,,0.0,0.0,0.0,32.0
GIB,2001,21.171109436031,35.4232201612612,,,,,,,,0.0,0.0,0.0,22.0
GIB,2002,23.670239745714,43.7174373899608,,,,,,,,0.0,0.0,0.0,21.0
GIB,2003,28.3257797920554,56.2354106246021,,,,,,,,0.0,0.0,0.0,23.0
GIB,2004,32.8860826098395,64.0501480062685,,,,,,,,0.0,0.0,0.0,19.0
GIB,2005,39.0701308849385,68.5800500634365,,,,,,,,0.0,0.0,0.0,22.0
GIB,2006,45.29864751181,74.3393931202271,,,,,,,,0.0,0.0,0.0,28.0
GIB,2007,51.61,79.9840031993601,,,,,,,,0.0,0.0,0.0,25.0
GIB,2008,58.0,85.4897576694177,,,,,,,,0.0,0.0,0.0,41.0
GIB,2009,65.07,92.7878532264867,30.162540959673,,,,100.0,,,0.0,0.0,0.0,26.0
GIB,2010,65.0,96.0061443932412,33.3877368151562,,,,100.0,,,,,,
GIB,2011,65.0,102.653190145294,35.641187618446,,,,,,,,,,
GIB,2012,65.017,108.495426020169,37.4004808142621,,,,,,,0.0,0.0,0.0,42.0
GIB,2013,,,,,,,,,,0.0,0.0,0.0,41.0
GIB,2014,,115.807759119861,39.6184439094261,,,,,,,0.0,0.0,0.0,82.0
GIB,2015,,124.848612659296,46.9285692766547,,,,100.0,,,0.0,0.0,0.0,83.0
GIB,2016,94.4444715818151,122.217600570444,48.7372987105592,,,,100.0,,,0.0,0.0,0.0,62.0
GIB,2017,,119.827712074755,50.7314936487078,,,,100.0,,,0.0,0.0,0.0,64.0
GIB,2018,,117.762667125724,54.4528605038159,,,,100.0,,,0.0,0.0,0.0,64.0
GIB,2019,,114.208035160872,54.9304107736519,,,,100.0,,,0.0,2.0,0.0,77.0
GIB,2020,,97.9680977524673,58.0792303651895,,,,100.0,,,0.0,2.0,0.0,114.0
GIB,2021,,92.6501709262575,59.8567475174996,,,,100.0,,,0.0,4.0,0.0,103.0
GIB,2022,,97.6042968438406,60.9747666781887,,,,100.0,,,0.0,1.0,0.0,0.0
GIB,2023,,,,,,,100.0,,,,,,
GIB,2024,,,,,,,100.0,,,0.0,6.0,0.0,92.0
GIN,1990,0.0,0.0,,,,1.04196000099182,,548.371534819426,,,,,
GIN,1991,,0.0,,,,0.905399978160858,,540.622747465388,,,,,
GIN,1992,,0.0,,,,0.847769975662231,,540.768238017649,,,,,
GIN,1993,,0.000596075,,,,1.17282998561859,,551.006742654772,,,,,
GIN,1994,0.000138,0.01118132,,,,1.09438002109528,,555.962782286148,,,,,
GIN,1995,0.000669,0.012720352,,,,1.21478998661041,,565.553359749505,,,,,
GIN,1996,0.00195,0.012364775,,,,1.12723004817963,,574.302865750492,,,,,
GIN,1997,0.0038,0.036568544,,,,1.16131997108459,,591.77353015526,,,,,
GIN,1998,0.0062,0.269838956,,,,1.22133994102478,,601.907993085373,,,,,
GIN,1999,0.0608,0.308040578,,,,,,611.007685844967,,,,,
GIN,2000,0.0954249236063846,0.499618452473605,,,,,,614.137235083638,,2.0,2.0,0.0,25.0
GIN,2001,0.175541868491054,0.6518765895859,,,,,,628.320554864936,,0.0,0.0,0.0,43.0
GIN,2002,0.402022748744397,1.04647578194586,,,,,,650.554963973291,5.36974618740424,0.0,0.0,0.0,57.0
GIN,2003,0.450960370842751,1.2569355505451,,,,,,644.071217908894,,0.0,0.0,0.0,44.0
GIN,2004,0.508819332302937,1.70919875542966,,,,2.29848003387451,,645.182843390689,,0.0,0.0,0.0,43.0
GIN,2005,0.542299986,2.04416167956111,,,,3.08171010017395,,651.359606871604,,0.0,0.0,0.0,36.0
GIN,2006,0.637499988,,,,,5.37415981292725,2.2,645.472001923653,,0.0,0.0,0.0,61.0
GIN,2007,0.780025279059244,20.6990461155083,,,,8.27204990386963,3.1,673.698997420626,,0.0,0.0,0.0,61.0
GIN,2008,0.92,27.7809487345525,,,,9.32559967041016,4.0,684.775780377366,,0.0,0.0,0.0,56.0
GIN,2009,0.94,34.3962962020929,,,,9.34879016876221,5.0,660.756701330284,,0.0,0.0,0.0,48.0
GIN,2010,1.0,38.4760187632153,0.0048095023454019,,,10.5439796447754,5.9,675.736917327708,,0.0,0.0,0.0,52.0
GIN,2011,2.0,45.6101779050204,0.0056302026591447,,,10.6184597015381,6.8,696.199991395571,,0.0,0.0,0.0,58.0
GIN,2012,3.099999905,51.1345381222737,0.0064093284662724,,,10.0085697174072,1.2,719.505916794546,,0.0,0.0,0.0,130.0
GIN,2013,4.5,66.4452768540172,0.0071480439422427,,,10.4364004135132,8.6,729.833143236326,,0.0,0.0,0.0,93.0
GIN,2014,6.400000095,75.686895511554,0.007844556453089,,,10.8547201156616,9.5,738.272274481308,6.74415016174316,0.0,0.0,0.0,99.0
GIN,2015,9.199999809,91.475617974568,0.0084982922681687,,,,10.4,747.356966759448,,0.0,0.0,0.0,136.0
GIN,2016,13.10000038,92.0232948978011,0.0091112173166139,,,,6.7,807.236421043888,11.0605897903442,0.0,0.0,0.0,145.0
GIN,2017,18.70000076,94.4640894763856,0.0090992332341783,,,,8.6,867.907502577607,,0.0,0.0,1.0,158.0
GIN,2018,21.8300230430563,94.5550074326391,0.0095475921098635,,,,21.4,899.907328045175,7.38849020004272,0.0,0.0,0.0,192.0
GIN,2019,23.89049911,98.7621473298315,0.0095900477093365,,,,17.0,926.42221954853,,0.0,0.0,0.0,308.0
GIN,2020,26.14550018,107.776552007403,0.0074787698291168,,,,19.3,945.570903389665,,0.0,0.0,0.0,350.0
GIN,2021,28.61330032,110.185519681138,0.0072936731105539,,,,21.3,973.646890096159,,0.0,1.0,0.0,459.0
GIN,2022,31.31399918,95.3174629318803,0.0062752856838037,,,,21.3,987.502501465337,,0.0,1.0,0.0,376.0
GIN,2023,32.31560135,97.8794996455513,,,,,25.7,1016.88094800324,,1.0,3.0,0.0,481.0
GIN,2024,33.30469894,,,,,,29.4,1045.92207475792,,0.0,4.0,0.0,485.0
GLP,2000,,,,,,,,,,0.0,2.0,0.0,142.0
GLP,2001,,,,,,,,,,0.0,0.0,1.0,141.0
GLP,2002,,,,,,,,,,0.0,1.0,1.0,156.0
GLP,2003,,,,,,,,,,0.0,0.0,1.0,138.0
GLP,2004,,,,,,,,,,0.0,1.0,2.0,199.0
GLP,2005,,,,,,,,,,0.0,2.0,0.0,217.0
GLP,2006,,,,,,,,,,0.0,2.0,0.0,275.0
GLP,2007,,,,,,,,,,0.0,1.0,1.0,262.0
GLP,2008,,,,,,,,,,0.0,0.0,0.0,282.0
GLP,2009,,,,,,,,,,0.0,1.0,0.0,310.0
GLP,2010,,,,,,,,,,0.0,2.0,0.0,361.0
GLP,2011,,,,,,,,,,0.0,1.0,0.0,378.0
GLP,2012,,,,,,,,,,0.0,0.0,2.0,422.0
GLP,2013,,,,,,,,,,0.0,0.0,0.0,472.0
GLP,2014,,,,,,,,,,0.0,0.0,1.0,488.0
GLP,2015,,,,,,,,,,0.0,2.0,1.0,538.0
GLP,2016,,,,,,,,,,1.0,1.0,3.0,526.0
GLP,2017,,,,,,,,,,0.0,0.0,3.0,465.0
GLP,2018,,,,,,,,,,0.0,1.0,2.0,527.0
GLP,2019,,,,,,,,,,0.0,2.0,1.0,537.0
GLP,2020,,,,,,,,,,0.0,2.0,1.0,507.0
GLP,2021,,,,,,,,,,0.0,5.0,1.0,575.0
GLP,2022,,,,,,,,,,0.0,3.0,1.0,579.0
GLP,2023,,,,,,,,,,4.0,8.0,1.0,590.0
GLP,2024,,,,,,,,,,0.0,6.0,0.0,542.0
GMB,1990,0.0,0.0,,,,,,658.711165332156,,,,,
GMB,1991,,0.0,,,,,,651.229615381431,,,,,
GMB,1992,,0.018098713,,,,,,646.421031932611,,,,,
GMB,1993,,0.039116364,,,,,2.62274541955752,641.918738488002,,,,,
GMB,1994,,0.067336605,,,,,1.86518880500333,622.551318791124,,,,,
GMB,1995,0.00922,0.116088572,,,,1.44263994693756,3.01920422809117,609.618491441846,,,,,
GMB,1996,0.0355,0.242050865,,,,,4.16136700862084,605.40992484126,,,,,
GMB,1997,0.0513,0.359452757,,,,,5.29642095876161,617.297597679527,,,,,
GMB,1998,0.206,0.372219506,,,,,6.42344523654364,621.226058231623,,,,,
GMB,1999,0.716,0.380021754,,,,1.00466001033783,7.54491064269973,642.873705091153,,,,,
GMB,2000,0.921794919066406,0.384857506508215,,,,,18.8,659.911237641141,,0.0,0.0,0.0,91.0
GMB,2001,1.33679116648397,3.68458827393243,,,,,9.8,679.539755947951,,0.0,0.0,0.0,88.0
GMB,2002,1.79677988296495,6.51172664292491,,,,,10.8,640.03893213613,,0.0,0.0,0.0,81.0
GMB,2003,2.436781193062,9.46367640692161,,,,,1.0,665.834222326194,,0.0,0.0,0.0,108.0
GMB,2004,3.30800347812937,10.7937275490467,0.0022204239529467,,,1.07393002510071,13.0,693.563314497133,,2.0,2.0,0.0,100.0
GMB,2005,3.799000025,14.8453813562626,0.0042590536382815,,,,4.5,658.676285443081,,0.0,0.0,0.0,105.0
GMB,2006,5.23769115841218,23.573187972774,,,,,15.3,636.596026908866,,0.0,0.0,0.0,123.0
GMB,2007,6.20503741852418,45.3269217918035,0.0152341126327605,,,,16.5,637.20930597537,,0.0,0.0,0.0,130.0
GMB,2008,6.880000114,64.1491166497603,0.0165029936430468,0.01261,86.52267,,17.7,657.675679192228,,0.0,0.0,0.0,154.0
GMB,2009,7.630000114,70.153818860738,0.0160305906417687,0.01086,97.05758,,18.8,681.433469086571,,2.0,2.0,0.0,137.0
GMB,2010,9.2,76.7322734515709,0.0181664356934128,,,1.79782111896994,24.3,701.014524591061,,0.0,1.0,0.0,154.0
GMB,2011,10.87030029,70.6308247268856,0.0220286079532852,0.0848,29.97933,2.79681586845883,25.1,625.464360270983,,0.0,0.0,0.0,149.0
GMB,2012,12.44919968,74.6999893299085,0.0244726870129323,,,1.18089454395552,25.9,639.139881889048,,0.0,0.0,0.0,174.0
GMB,2013,14.0,87.8808072933996,0.0208192716106891,,,,30.3,638.522368532214,,0.0,0.0,0.0,183.0
GMB,2014,15.56000042,105.505264889158,0.126725087409357,,,,27.8,611.879472952196,,0.0,1.0,0.0,219.0
GMB,2015,17.59950066,122.078516396055,0.160618270204614,,,,28.9,619.536364296461,22.7418308258057,0.0,0.0,0.0,202.0
GMB,2016,19.90640068,124.273821038818,0.164202246374305,,,,30.0,615.193365494386,,0.0,1.0,0.0,223.0
GMB,2017,22.5156002,126.633674737607,0.17078041097452,,,,20.5,628.777299272925,,0.0,0.0,0.0,244.0
GMB,2018,28.30900002,132.57837035012,0.184736659621142,0.06933,50.8608,,,658.127833258563,17.5778007507324,0.0,2.0,0.0,245.0
GMB,2019,31.11829948,105.204644657943,0.203513124968455,,,,,682.797642940426,,0.0,1.0,0.0,316.0
GMB,2020,36.01100159,106.448259811355,0.198749231337348,,,,31.0,670.758642891251,20.2596893310547,0.0,0.0,0.0,529.0
GMB,2021,41.67309952,108.847403542688,0.194098625393535,,,,31.2,689.49323955737,,0.0,9.0,0.0,582.0
GMB,2022,48.22539902,106.782250509204,0.215818879031432,,,,31.5,710.686979216316,,0.0,6.0,0.0,538.0
GMB,2023,48.72829819,117.115660832998,0.502141524068284,,,,35.3,735.612384062616,24.8044300079346,2.0,17.0,0.0,595.0
GMB,2024,49.49430084,126.243773523653,0.518552979215852,,,13.4765901565552,39.2,758.965888826955,,0.0,19.0,0.0,690.0
GNB,1990,0.0,0.0,,,,,,569.169670374215,,,,,
GNB,1991,,0.0,,,,,,585.58551396824,,,,,
GNB,1992,,0.0,,,,,,574.852002556155,,,,,
GNB,1993,,0.0,,,,,,567.860072938098,,,,,
GNB,1994,,0.0,,,,,,568.168871993007,,,,,
GNB,1995,,0.0,,,,,,578.381849917403,,,,,
GNB,1996,,0.0,,,,,,632.160906920913,,,,,
GNB,1997,0.0164,0.0,,,,,,660.537774707954,,,,,
GNB,1998,0.0241,0.0,,,,,,502.81554020706,,,,,
GNB,1999,0.118,0.0,,,,,,576.330795296558,,,,,
GNB,2000,0.230103170591588,0.0,,,,,,571.094015178625,,0.0,0.0,0.0,60.0
GNB,2001,0.299569144677667,0.0,,,,,,585.837980688333,,0.0,0.0,0.0,65.0
GNB,2002,1.02299323436117,0.0,,,,,,594.040535151552,,0.0,0.0,0.0,69.0
GNB,2003,1.35419747762901,0.0966783590611508,,,,,,579.092506821836,,0.0,0.0,0.0,81.0
GNB,2004,1.80814220342991,2.92324256074003,,,,,,572.526464627294,,0.0,0.0,0.0,77.0
GNB,2005,1.90139997,7.15301628202391,,,,2.26420998573303,,595.94255560187,,0.0,0.0,0.0,51.0
GNB,2006,2.057199955,11.1163475241697,,,,2.62031006813049,2.1,597.257151722046,,0.0,1.0,0.0,62.0
GNB,2007,2.20630002,20.4152900165818,,,,,,597.482020935948,,0.0,0.0,0.0,70.0
GNB,2008,2.35488871087933,33.6114146395225,,,,,,608.958620496925,,0.0,0.0,0.0,63.0
GNB,2009,2.30328059172582,36.7107863915664,,,,,,608.202131879882,,0.0,0.0,0.0,66.0
GNB,2010,2.450000048,43.2448876270711,0.0510742511078324,,,,2.1,625.904027290582,,0.0,0.0,0.0,73.0
GNB,2011,2.671999931,45.5596626030113,0.0621861155816019,,,,4.0,658.953470528116,,0.0,0.0,0.0,78.0
GNB,2012,2.894000053,63.5328932668127,0.0728465311910922,,,,6.0,630.66862302825,,0.0,0.0,0.0,95.0
GNB,2013,3.099999905,55.420045012509,0.0856145705149787,,,,8.0,634.095456089352,,0.0,1.0,0.0,89.0
GNB,2014,3.319999933,63.654183911294,0.0801207497234542,,,,5.8,623.610159103365,,0.0,0.0,0.0,117.0
GNB,2015,6.099999905,69.3267736083208,0.0588315307897139,,,,8.9,645.066837207039,,0.0,0.0,0.0,117.0
GNB,2016,13.80000019,70.1915996185367,0.0483652702423122,,,,10.5,663.242608032005,,0.0,0.0,0.0,144.0
GNB,2017,14.80000019,76.4393694008541,0.0454431156609869,,,,12.5,677.466131311367,,0.0,0.0,1.0,149.0
GNB,2018,15.69999981,77.0219356476645,0.062637605037645,,,,13.3,686.456819839526,6.93031809235181,0.0,1.0,0.0,189.0
GNB,2019,17.92149925,80.8245277725828,0.0623571933875965,,,,14.3,706.298562874985,6.05600523224202,0.0,0.0,0.0,209.0
GNB,2020,20.45730019,95.0628708236165,0.118365532433795,,,,15.1,710.275830755611,,0.0,0.0,0.0,174.0
GNB,2021,23.3519001,108.62961248586,0.160430067207715,,,,15.8,729.396882757942,,0.0,0.0,0.0,234.0
GNB,2022,27.67379951,125.934670099533,0.219184822436547,,,,17.0,752.149255217249,14.1243696212769,0.0,2.0,0.0,222.0
GNB,2023,28.71240044,128.110529740092,0.310448099439986,,,,20.7,769.504652461795,,0.0,0.0,0.0,253.0
GNB,2024,29.77739906,147.197631273872,0.386080917545218,,,,24.9,785.91021956464,,0.0,0.0,0.0,202.0
GNQ,1990,0.0,0.0,,,,,,366.314404747023,,,,,
GNQ,1991,,0.0,,,,1.39267003536224,,349.352882285968,,,,,
GNQ,1992,,0.0,,,,,,453.637813917068,,,,,
GNQ,1993,,0.0,,,,,,485.392231712925,,,,,
GNQ,1994,,0.0,,,,,,545.595470854948,,,,,
GNQ,1995,,0.0,,,,,,617.294826128754,,,,,
GNQ,1996,,0.010470791,,,,,,989.777266733629,,,,,
GNQ,1997,0.0415,0.049540103,,,,,,2380.32106827232,,,,,
GNQ,1998,0.0944,0.04716277,,,,,,2833.33184629343,,,,,
GNQ,1999,0.0974,0.091599138,,,,,,3423.12126162912,,,,,
GNQ,2000,0.132354665123789,0.710955396080361,,,,1.84452998638153,36.2,3839.08642737128,,,,,
GNQ,2001,0.16526042288306,2.00043742898447,,,,,34.5,5882.85050306586,,0.0,0.0,0.0,10.0
GNQ,2002,0.321197997152044,4.01024115334536,,,,,32.6,6604.0054631081,,2.0,4.0,0.0,18.0
GNQ,2003,0.520524272046806,4.89466446190536,,,,,30.6,7082.65489186921,,,,,
GNQ,2004,0.843930284607049,6.87841212022887,,,,,28.6,9208.60566707162,,0.0,0.0,0.0,15.0
GNQ,2005,1.149799943,10.2283486758563,0.0190000285000428,,,,26.3,10212.4545051498,,,,,
GNQ,2006,1.279199958,12.1170140042389,0.0181755210063584,,,,24.0,10521.9996774827,,,,,
GNQ,2007,1.557100058,14.4781495766589,0.0173737794919907,,,,21.5,11594.9172068456,,0.0,2.0,0.0,18.0
GNQ,2008,1.820000052,16.5970512572266,0.0165970512572266,,,,18.9,13048.0703050168,,0.0,2.0,0.0,19.0
GNQ,2009,2.130000114,17.6107030809045,0.015849632772814,,,,16.2,12627.862381545,,,,,
GNQ,2010,6.0,33.579601121871,0.0997405568146936,,,,13.8,10984.3243932426,,,,,
GNQ,2011,11.5,38.5606783509887,0.108387990352986,,,,10.1,11203.9073679091,,0.0,2.0,0.0,0.0
GNQ,2012,13.94320011,38.7385841174565,0.114419748848651,,,,6.8,11650.7196270884,,,,,
GNQ,2013,16.39999962,37.9420717892644,0.261324688869113,,,,6.2,10731.6455729191,,,,,
GNQ,2014,18.86000061,36.9002477447229,0.27724834765414,,,,5.5,10363.4872473549,,,,,
GNQ,2015,21.31999969,36.6825478378153,0.261293067101903,,,,4.8,9068.91003238645,,,,,
GNQ,2016,23.78000069,38.1683691534068,0.224242898422343,,,,4.1,7971.83401904573,,,,,
GNQ,2017,26.23999977,36.2336437113254,0.121416081454382,,,,3.5,7259.10936454803,,,,,
GNQ,2018,29.39999962,36.5760302693232,0.100221353087251,,,,2.9,6578.90039765711,,,,,
GNQ,2019,49.13370132,36.942192354463,0.0598738936052885,,,,2.4,6018.12066321865,,,,,
GNQ,2020,55.00130081,43.3495410342634,0.107371649223871,,,,1.8,5575.26241511492,,,,,
GNQ,2021,58.71730042,46.434813558898,0.0976810140631094,,,,1.4,5487.92479201992,,,,,
GNQ,2022,63.65950012,49.5380486763568,0.10069058437688,,,,1.4,5524.24312418579,,0.0,1.0,0.0,0.0
GNQ,2023,63.51950073,,,,,,2.4,4992.26076814571,,,,,
GNQ,2024,63.29930115,,,,,,5.1,4892.95310498567,,,,,
GRC,1990,0.0,0.0,,,,,100.0,15438.7937023583,29.3188254583394,,,,
GRC,1991,0.0488,0.0,,,,,100.0,15727.4735434744,30.7000007629394,,,,
GRC,1992,0.0483,0.0,,,,,100.0,15717.04638162,30.6659373424713,,,,
GRC,1993,0.191,0.454397431,,,,,100.0,15374.8626265369,34.2366027315726,,,,
GRC,1994,0.378,1.436968369,,,,,100.0,15604.0339944242,35.1094567287634,,,,
GRC,1995,0.75,2.544760045,,,,,100.0,15857.4161930856,36.3763592723203,,,,
GRC,1996,1.4,4.924190605,,,,,100.0,16005.9511569711,36.6085073983987,,,,
GRC,1997,1.85,8.622311493,,0.44268,1034.83571,,100.0,16501.0316491318,37.0903130356692,,,,
GRC,1998,3.22,18.71204971,,,,,100.0,16973.8293714071,39.5086520266269,,,,
GRC,1999,6.88,35.51072407,,0.59085,1378.09346,,100.0,17358.4346978294,41.281550328903,,,,
GRC,2000,9.13883730776798,55.0181194114426,,,,52.6726303100586,100.0,18002.9064613985,42.5047135841339,1.0,98.0,0.0,7040.0
GRC,2001,10.9350258080278,73.4448173983166,,0.57753,1329.34234,59.9249114990234,100.0,18742.4235780691,42.9300169170428,3.0,111.0,1.0,7954.0
GRC,2002,14.67,85.5281565174832,,,,66.8908386230469,100.0,19548.3677447396,44.2262010712222,0.0,243.0,1.0,10493.0
GRC,2003,17.8,81.8448114209398,0.095947500341394,0.56163,1433.39172,72.9116668701172,100.0,20632.2557041942,45.6992788572316,0.0,177.0,0.0,11184.0
GRC,2004,21.42,85.1742405592579,0.470021781497191,0.54073,,80.4148406982422,100.0,21688.1050959558,48.1460266757448,0.0,161.0,1.0,12179.0
GRC,2005,24.0,93.4348777662167,1.45804690031284,0.59224,1787.19397,90.3474731445312,100.0,21880.5265835801,48.9836807250977,1.0,190.0,3.0,13833.0
GRC,2006,32.25,99.6706911691004,4.43151266831837,0.57051,1809.7524,95.0775375366211,100.0,23220.5324419197,52.9032592773438,3.0,288.0,1.0,16279.0
GRC,2007,35.88,111.309114095329,9.2114722630097,0.58513,1904.75068,90.5404281616211,100.0,23973.6936091313,52.171630859375,5.0,239.0,6.0,17076.0
GRC,2008,38.2,124.577949442767,13.6049238449266,0.67086,,,100.0,23923.8800731311,52.6665382385254,1.0,237.0,2.0,18994.0
GRC,2009,42.4,119.688606543586,17.2543940805553,0.63414,,,100.0,22878.1346644397,52.3791356375708,1.0,246.0,9.0,19363.0
GRC,2010,44.4,110.499601336489,20.2491669415812,0.60491,,101.694053649902,100.0,21547.724178239,53.662281036377,1.0,225.0,7.0,19949.0
GRC,2011,51.6499951676815,109.174140891708,22.183064232426,0.6837,2217.3345,105.812690734863,100.0,19448.255802525,54.7030526654889,3.0,251.0,6.0,21497.0
GRC,2012,55.0699934418411,120.926137220412,24.3424643325153,0.71953,2236.28739,110.122978210449,100.0,17924.6620496886,55.6021568733287,3.0,229.0,5.0,21371.0
GRC,2013,59.8663,114.142688333026,26.5619364050644,0.82288,2655.47213,112.705833435059,100.0,17644.8766635021,56.8320402190321,2.0,248.0,4.0,21650.0
GRC,2014,63.2073404784561,111.488230327161,28.9729450556431,0.84553,2733.92303,119.104209899902,100.0,17903.5252440012,56.2749290466309,3.0,249.0,5.0,23328.0
GRC,2015,66.8349594911035,116.133089816996,31.7813956931321,0.9716,3196.52298,,100.0,17980.7298238137,57.9250907897949,3.0,272.0,13.0,23280.0
GRC,2016,69.0879154723892,116.365109232942,33.5485838991847,1.00556,2726.60076,131.403213500977,100.0,18049.928997892,54.6379585266113,5.0,309.0,13.0,24254.0
GRC,2017,69.8929706543154,120.305633506681,35.1351318678243,1.1492,3250.61522,135.333923339844,100.0,18352.0884461258,59.9743137105094,8.0,445.0,14.0,25710.0
GRC,2018,72.2383733920483,113.418450589721,36.9203391643751,1.2066,3416.08087,140.950317382812,100.0,18769.0389621976,60.8410897947138,12.0,572.0,10.0,26807.0
GRC,2019,75.6712066931757,110.855033355177,38.3565690069278,1.26236,3644.60084,143.96272277832,100.0,19216.6759579785,63.7433566329741,26.0,903.0,31.0,28100.0
GRC,2020,78.11584474,106.669795200072,39.7876360746134,1.48872,4008.18457,143.693344116211,100.0,17486.951333323,65.2687072753906,29.0,1324.0,52.0,31846.0
GRC,2021,78.49426371,108.643525000707,41.9213046741732,1.43353,4244.36826,150.605484008789,100.0,19231.2888803517,67.1153373107718,55.0,1830.0,55.0,35443.0
GRC,2022,83.17066333,109.026956114201,42.923040428409,1.47714,4926.78077,166.389556884766,100.0,20550.5049158297,68.6307355962189,68.0,2149.0,47.0,35228.0
GRC,2023,85.0102229,110.79216956747,43.8539621755853,1.4943,5283.3671,165.113418579102,100.0,21050.8648111581,68.8763094608987,111.0,2615.0,59.0,37217.0
GRC,2024,86.26968886,113.597610306796,44.6759828527928,,,,100.0,21494.6856060599,70.1223130158752,132.0,2851.0,53.0,35950.0
GRD,1990,0.0,0.151443254,,,,,,5102.69172981553,,,,,
GRD,1991,0.0,0.147356603,,,,,,5130.48257478522,,,,,
GRD,1992,0.0,0.179136975,,,,,,5046.3110720505,,,,,
GRD,1993,0.0,0.276002466,,,,,,4909.77076444883,,,,,
GRD,1994,0.0,0.339232752,,,,,,4956.32245138997,,,,,
GRD,1995,0.0,0.384393619,,,,,,5026.24215573734,,,,,
GRD,1996,0.298,0.543654503,,,,,,5213.43103712383,,,,,
GRD,1997,0.991,0.924697768,,,,,,5438.0445822801,,,,,
GRD,1998,1.48,1.327683616,,,,,,6036.15899808614,,,,,
GRD,1999,2.47,1.883471879,,,,,,6409.14591451052,,,,,
GRD,2000,4.06390799146313,4.00182408725838,,,,,,6677.1265230922,,0.0,0.0,0.0,12.0
GRD,2001,5.12810398216998,5.93960384120311,,,,,,6509.51660313374,,0.0,0.0,0.0,11.0
GRD,2002,14.7588405454867,6.96745507545847,0.519353529390059,,,,,6707.36873532777,,0.0,0.0,0.0,18.0
GRD,2003,18.6451821830564,38.8422541420227,,,,,,7309.78547094579,,0.0,0.0,0.0,20.0
GRD,2004,19.5706205843787,39.6192932868655,0.557064844543234,,,,,7233.29494434962,,0.0,0.0,0.0,21.0
GRD,2005,20.4878006,42.7014416680336,2.93619115315217,,,,,8162.91232124727,,0.0,0.0,0.0,25.0
GRD,2006,21.39599991,41.9421618922232,5.03382212738911,,,,,7808.24358323434,,0.0,0.0,0.0,61.0
GRD,2007,22.29,46.4893867284342,6.87645898554134,,,,,8257.36225682689,,0.0,0.0,0.0,89.0
GRD,2008,23.18000031,54.1245851969413,8.07423171259559,,,,,8307.49221491819,,0.0,1.0,0.0,112.0
GRD,2009,24.04999924,102.84933575422,11.1196001941503,,,56.8550796508789,,7733.12990600058,,0.0,0.0,0.0,104.0
GRD,2010,27.0,109.284318821358,12.9380029752836,,,,,7670.71165827663,,0.0,0.0,0.0,121.0
GRD,2011,30.0,107.830191204418,13.0925507900677,,,,,7695.37616017287,,0.0,0.0,0.0,166.0
GRD,2012,32.0,115.19574373753,14.1875415650632,,,,,7559.5628483956,,0.0,0.0,0.0,177.0
GRD,2013,35.0,117.194039845974,15.8608474979513,,,,,7688.75297701343,,0.0,2.0,0.0,189.0
GRD,2014,51.6,102.645182770827,16.4817930116006,,,,,8206.62862112333,,0.0,0.0,0.0,250.0
GRD,2015,52.5,104.439464229656,17.2285395374795,,,96.7931289672852,,8694.12438005692,,0.0,0.0,0.0,243.0
GRD,2016,53.29999924,103.337965777816,18.0847737340398,,,96.7951431274414,,8983.68397337899,,0.0,1.0,0.0,300.0
GRD,2017,54.20000076,98.0413728581576,19.2614217155529,,,98.6993408203125,,9357.40728883583,,0.0,4.0,0.0,398.0
GRD,2018,61.42459869,102.61904556102,23.3267929225264,,,99.9891967773438,,9744.16919577204,44.1853456988204,0.0,2.0,0.0,378.0
GRD,2019,64.31279755,100.175028668489,27.4070752968159,,,,,9785.56040240592,48.2177413427868,0.0,1.0,0.0,381.0
GRD,2020,65.65380096,102.079232600717,27.4640926242683,,,,,8413.28335500372,50.6675103301462,0.0,1.0,0.0,475.0
GRD,2021,67.02279663,86.5710270122035,26.1175099410394,,,,,8782.32193426078,52.2878445991468,0.0,2.0,0.0,496.0
GRD,2022,68.42030334,95.759239776586,29.767433903843,,,,,9406.19337643226,,0.0,3.0,0.0,546.0
GRD,2023,69.4131012,,,,,,,9817.86383583917,53.6190456634767,0.0,7.0,0.0,600.0
GRD,2024,70.16159821,,,,,,,10042.6503142063,,1.0,17.0,0.0,641.0
GRL,1990,0.0,0.0,,,,,100.0,26805.5496974442,,,,,
GRL,1991,,0.0,,,,,100.0,26823.378375534,,,,,
GRL,1992,,0.30706795,,,,,100.0,25544.2992633194,,,,,
GRL,1993,,0.78624255,,,,,100.0,24303.8982888635,,,,,
GRL,1994,0.0647,1.73070018,,,,,100.0,25604.5956883247,,,,,
GRL,1995,0.0539,3.678210368,,,,,100.0,26416.5165028368,,,,,
GRL,1996,1.8,7.365975697,,,,,100.0,26772.6138141762,,,,,
GRL,1997,7.95,11.55835355,,,,,100.0,27117.3732945796,,,,,
GRL,1998,14.7,15.85624432,,,,,100.0,29169.0465812684,,,,,
GRL,1999,21.6,24.09902684,,,,,100.0,29570.9623369365,,,,,
GRL,2000,31.7478112321162,26.8889323773773,,,,,100.0,31623.0591501943,,0.0,0.0,0.0,29.0
GRL,2001,35.4641368915684,28.1540834234458,,0.52741,536.23111,,100.0,31914.1710964481,,0.0,0.0,0.0,29.0
GRL,2002,44.154789028418,35.2063895957026,,0.55628,539.79435,,100.0,31483.6074780094,,0.0,0.0,0.0,43.0
GRL,2003,54.5342598293605,52.4109864167298,0.209650992759113,0.50804,647.48328,,100.0,32787.9680355213,,0.0,0.0,0.0,35.0
GRL,2004,56.0990147610533,68.5908587695714,5.83408016588469,0.64608,701.94574,,100.0,34961.9356097257,,0.0,0.0,0.0,67.0
GRL,2005,57.7034045008656,81.6154521510097,12.5162423178227,,,,100.0,36681.8055890619,,0.0,0.0,0.0,44.0
GRL,2006,59.361687268664,94.7559024664663,16.2016771267338,,,,100.0,38828.8524943222,,0.0,0.0,0.0,68.0
GRL,2007,61.07,116.938466415413,18.5745482723398,,,,100.0,39896.875364094,,0.0,0.0,0.0,63.0
GRL,2008,62.82,98.5086743968514,21.2015319178977,,,,100.0,42527.6668469766,,0.0,0.0,0.0,39.0
GRL,2009,62.83,94.5967941686423,22.1860514489933,,,,100.0,42899.7441985862,,0.0,0.0,0.0,62.0
GRL,2010,63.0,101.298265446709,21.885046101671,,,,100.0,43481.5161087805,,0.0,1.0,0.0,86.0
GRL,2011,64.0,103.357145370729,20.9223352218742,,,,100.0,42994.8790874739,,0.0,0.0,0.0,122.0
GRL,2012,64.8960100995989,104.714854344993,20.0429743914897,,,,100.0,43655.7004664255,,0.0,0.0,0.0,142.0
GRL,2013,65.8,106.878063454426,19.1106471077451,,,,100.0,43338.3839246907,,0.0,0.0,0.0,151.0
GRL,2014,66.7,108.237053388639,18.5142328164777,,,,100.0,45545.1429414917,,0.0,0.0,0.0,175.0
GRL,2015,67.600443481006,108.887738526624,17.8504489387908,,,,100.0,44536.3549705377,,0.0,0.0,0.0,180.0
GRL,2016,68.500873675421,,,,,,100.0,46561.7831434013,,0.0,0.0,0.0,194.0
GRL,2017,69.4824617821988,111.14479855897,21.7278093845303,,,,100.0,46597.9452470348,,0.0,0.0,0.0,181.0
GRL,2018,,109.487462995328,24.0610621678496,,,,100.0,47012.9860350276,,0.0,0.0,0.0,213.0
GRL,2019,,109.935097353969,26.1001355110192,,,,100.0,48170.7896955512,,0.0,0.0,0.0,172.0
GRL,2020,,117.614122681883,27.9190442225392,,,,100.0,48169.9406957389,,0.0,1.0,0.0,235.0
GRL,2021,,118.85048446673,29.9441480344748,,,,100.0,48709.9339758895,,0.0,11.0,0.0,271.0
GRL,2022,,118.637256652974,31.9842829076621,,,,100.0,49679.3365414895,,0.0,3.0,0.0,242.0
GRL,2023,,,,,,,100.0,49929.7755428605,,0.0,2.0,0.0,280.0
GRL,2024,,,,,,,100.0,,,0.0,3.0,0.0,277.0
GTM,1990,0.0,0.003225174,,,,,,2741.53944249398,,,,,
GTM,1991,,0.01308744,,,,,,2765.88345519371,,,,,
GTM,1992,,0.022356507,,,,,,2823.67347786611,,,,,
GTM,1993,,0.030411311,,,,8.24779987335205,,2857.29765344313,,,,,
GTM,1994,,0.103636274,,,,8.60204029083252,,2894.43254991164,,,,,
GTM,1995,0.003,0.289479296,,,,8.65814971923828,39.0295528857567,2958.34981711979,,,,,
GTM,1996,0.0195,0.408387918,,,,,48.3405077897122,2967.99499537336,,,,,
GTM,1997,0.0955,0.588645184,,,,,50.0959800122391,3019.28867475021,,,,,
GTM,1998,0.467,0.996465318,,,,,51.8763756005667,3089.97742727983,,,,,
GTM,1999,0.593,2.946742985,,,,,54.2124597976938,3129.12226621472,,,,,
GTM,2000,0.712332904508925,7.3248494220007,,,,,55.0,3165.933886028,12.7,0.0,1.0,0.0,186.0
GTM,2001,1.7382017815873,9.57808154813156,,,,,57.3,3166.20502444306,,0.0,0.0,0.0,192.0
GTM,2002,3.39174627024502,12.8774062692523,,,,9.50201988220215,64.1,3213.26990763198,13.2824802398682,0.0,0.0,0.0,214.0
GTM,2003,4.54885490848324,16.2446245130667,,,,,63.4,3222.15622111509,11.0400733725271,0.0,0.0,0.0,225.0
GTM,2004,5.1,24.7376946550128,,,,,62.7,3250.20561194529,,0.0,0.0,0.0,257.0
GTM,2005,5.699999809,34.4605352122986,0.207111616626663,0.03556,29.96244,,64.5,3284.81128421658,,0.0,0.0,0.0,303.0
GTM,2006,6.5,53.703138345141,0.291753279362966,0.0501,24.57335,,74.2,3388.15165081967,10.5857400894165,0.0,1.0,0.0,315.0
GTM,2007,7.300000191,87.1486092920912,0.417520018986174,0.06782,34.56902,17.2977504730225,68.3,3527.77995621193,,0.0,0.0,0.0,328.0
GTM,2008,8.300000191,107.272718661425,0.67814007919815,0.0629,39.14498,,70.2,3569.93031541246,,0.0,0.0,0.0,361.0
GTM,2009,9.300000191,121.749666616511,1.09738512118825,0.0562,39.35924,15.0972604751587,72.2,3516.19395579721,,0.0,1.0,0.0,506.0
GTM,2010,10.5,124.605727183349,1.78619309974985,0.04421,25.28604,15.752311204905,74.2,3546.62750929879,12.7658701289654,0.0,2.0,0.0,475.0
GTM,2011,12.30000019,131.685634641025,,0.04894,25.2655,16.4344375204985,74.0,3621.37582644774,,0.0,0.0,0.0,564.0
GTM,2012,16.0,137.757231829214,1.85757824553484,0.04543,27.51046,16.8753678874298,78.3,3655.57490299412,17.6471290588379,0.0,2.0,0.0,617.0
GTM,2013,19.70000076,141.131353657881,2.29296336331621,0.03916,17.78271,19.5737030720879,80.4,3717.30457960279,19.3541507720947,0.0,3.0,0.0,747.0
GTM,2014,23.39999962,107.844073276377,2.76585643479911,0.02949,20.79155,18.255292159465,76.7,3809.61584332802,26.5997295379639,0.0,1.0,0.0,759.0
GTM,2015,28.80590057,113.459063296974,2.87912847082501,0.03064,22.74408,21.9573684260954,84.6,3893.50533299068,15.106499671936,0.0,2.0,0.0,930.0
GTM,2016,34.50930023,112.267437714983,3.11025548351565,0.02311,22.71149,,86.8,3924.7789643024,15.9259261093928,0.0,2.0,0.0,915.0
GTM,2017,37.90000153,120.637721514663,3.20509783183884,0.02955,14.49246,,89.6,3972.74059262672,15.6912419887547,0.0,3.0,0.0,1148.0
GTM,2018,41.5,121.500075538632,,0.02938,13.28356,,91.2,4040.21214374742,,0.0,9.0,0.0,1212.0
GTM,2019,44.401049838502,122.043793418341,3.42029196664625,0.02642,14.95967,22.559501429793,93.5,4139.12206338632,24.0180892944336,0.0,10.0,0.0,1224.0
GTM,2020,47.51229858,117.475884100805,3.52588892585695,0.04887,17.2968,,95.8,4005.83916360689,,0.0,12.0,0.0,1628.0
GTM,2021,50.84164945,125.718955715353,3.4775394703571,0.05835,14.52588,,98.1,4268.62864461492,16.7707811838188,2.0,18.0,1.0,1717.0
GTM,2022,54.40430069,115.156435692604,5.02439029583182,0.00549,4.40398,,98.2,4383.90326160481,18.0763397216797,0.0,17.0,0.0,1784.0
GTM,2023,56.72669983,113.709374947241,5.08082886037381,0.00609,1.44569,27.2948879201171,100.0,4469.05514652918,33.1,1.0,50.0,0.0,1954.0
GTM,2024,60.22140121,112.520863034346,5.33792153027114,,,,80.4,4564.21378502908,17.9367008209229,1.0,57.0,1.0,2001.0
GUF,2000,,,,,,,,,,0.0,0.0,0.0,67.0
GUF,2001,,,,,,,,,,0.0,0.0,0.0,72.0
GUF,2002,,,,,,,,,,0.0,2.0,0.0,68.0
GUF,2003,,,,,,,,,,0.0,1.0,0.0,104.0
GUF,2004,,,,,,,,,,0.0,0.0,0.0,250.0
GUF,2005,,,,,,,,,,0.0,0.0,0.0,281.0
GUF,2006,,,,,,,,,,0.0,2.0,0.0,250.0
GUF,2007,,,,,,,,,,0.0,0.0,0.0,187.0
GUF,2008,,,,,,,,,,0.0,2.0,0.0,131.0
GUF,2009,,,,,,,,,,0.0,0.0,0.0,158.0
GUF,2010,,,,,,,,,,0.0,0.0,0.0,148.0
GUF,2011,,,,,,,,,,0.0,0.0,0.0,168.0
GUF,2012,,,,,,,,,,0.0,0.0,0.0,176.0
GUF,2013,,,,,,,,,,0.0,0.0,0.0,189.0
GUF,2014,,,,,,,,,,0.0,1.0,0.0,223.0
GUF,2015,,,,,,,,,,1.0,2.0,0.0,294.0
GUF,2016,,,,,,,,,,0.0,0.0,0.0,307.0
GUF,2017,,,,,,,,,,0.0,0.0,0.0,310.0
GUF,2018,,,,,,,,,,0.0,0.0,0.0,359.0
GUF,2019,,,,,,,,,,0.0,0.0,0.0,376.0
GUF,2020,,,,,,,,,,0.0,3.0,0.0,417.0
GUF,2021,,,,,,,,,,0.0,3.0,0.0,421.0
GUF,2022,,,,,,,,,,0.0,4.0,0.0,401.0
GUF,2023,,,,,,,,,,0.0,5.0,0.0,437.0
GUF,2024,,,,,,,,,,1.0,6.0,0.0,465.0
GUM,1990,0.0,0.0,,,,,99.6282361960431,,,,,,
GUM,1991,,0.616033935,,,,,99.4434691861363,,,,,,
GUM,1992,,0.908690884,,,,,99.3294353827514,,,,,,
GUM,1993,,1.3102837,,,,,99.381669431548,,,,,,
GUM,1994,0.348,2.771878086,,,,,99.5918937840433,,,,,,
GUM,1995,0.66,3.307927032,,,,,100.0,,,,,,
GUM,1996,1.36,3.811218894,,,,,100.0,,,,,,
GUM,1997,2.34,3.675889328,,,,,100.0,,,,,,
GUM,1998,4.5,8.210057752,,,,,100.0,,,,,,
GUM,1999,8.5,12.6266612,,,,,100.0,,,,,,
GUM,2000,16.1131270423389,16.9930965545247,,,,,100.0,,,0.0,1.0,0.0,46.0
GUM,2001,25.3802275337398,20.207154324393,1.08473987937693,,,,100.0,,,0.0,0.0,0.0,63.0
GUM,2002,31.1922942556271,43.43406339525,,,,,100.0,29576.221681311,,0.0,1.0,0.0,64.0
GUM,2003,33.7166817880876,48.9159418157745,,0.2657,276.47221,,100.0,29685.9531745657,,0.0,0.0,0.0,55.0
GUM,2004,36.1617878387908,59.8254074842806,,0.25518,305.79544,,100.0,31483.8141949558,,0.0,0.0,0.0,40.0
GUM,2005,38.559877557558,,,0.2561,292.48496,,100.0,32520.3729565352,,0.0,0.0,0.0,96.0
GUM,2006,43.8514430048178,,,,,,100.0,31242.462900947,,0.0,0.0,0.0,80.0
GUM,2007,46.1504736192355,,1.63371998039536,,,,100.0,31385.0475162113,,0.0,0.0,0.0,60.0
GUM,2008,48.4187021509296,,1.6295196538176,,,,100.0,31941.2706025874,,0.0,0.0,0.0,73.0
GUM,2009,50.6420283820435,,1.80534743911466,,,,100.0,31988.7229358255,,0.0,0.0,0.0,83.0
GUM,2010,54.04,,1.80156375734137,,,,100.0,32644.1484056205,,0.0,0.0,0.0,85.0
GUM,2011,57.7,,,,,,100.0,32665.3787483379,,0.0,0.0,0.0,136.0
GUM,2012,61.5341593079002,,,,,,100.0,33404.9317636913,,0.0,1.0,0.0,117.0
GUM,2013,65.4,,1.8075991468132,,,,100.0,34044.3190415455,,0.0,0.0,0.0,134.0
GUM,2014,69.27,,1.81284217396033,,,,100.0,34755.2691107298,,0.0,0.0,0.0,126.0
GUM,2015,73.139999947043,,,,,,100.0,35165.7014644795,,0.0,0.0,0.0,98.0
GUM,2016,77.009999893206,,,,,,100.0,35373.8483143417,,0.0,0.0,0.0,144.0
GUM,2017,80.5054655600831,,,,,,100.0,35850.9025520506,,0.0,0.0,0.0,171.0
GUM,2018,,,,,,,100.0,35731.2203743081,,1.0,1.0,0.0,152.0
GUM,2019,,,1.85404924354791,,,,100.0,36830.1264410973,,0.0,2.0,0.0,193.0
GUM,2020,,,1.8500474845521,,,,100.0,32884.8852646787,,0.0,0.0,0.0,209.0
GUM,2021,,,1.83228485921945,,,,100.0,33239.4846327875,,0.0,0.0,0.0,230.0
GUM,2022,,,1.8392057149776,,,,100.0,34627.9862781837,,0.0,1.0,0.0,194.0
GUM,2023,,,,,,,100.0,,,0.0,4.0,0.0,241.0
GUM,2024,,,,,,,100.0,,,0.0,4.0,0.0,201.0
GUY,1990,0.0,0.0,,,,5.64598989486694,,2377.21795364949,,,,,
GUY,1991,,0.0,,,,,,2528.08038811696,,,,,
GUY,1992,,0.112886209,,,,,,2716.75893023455,,,,,
GUY,1993,,0.13771616,,,,,64.9033801184598,2926.93693707006,,,,,
GUY,1994,,0.166901031,,,,9.56210041046143,64.3142044977425,3164.66777875426,,,,,
GUY,1995,,0.16536094,,,,8.95621013641357,65.1576011212601,3312.64996890674,,,,,
GUY,1996,0.0659,0.159242008,,,,10.0417098999023,66.0007009233709,3566.13499360957,,,,,
GUY,1997,0.132,0.185378656,,,,11.9156799316406,66.8438503028856,3778.00652865741,,,,,
GUY,1998,0.264,0.192151141,,,,,67.6870409508764,3708.04637110615,,,,,
GUY,1999,0.4,0.371365173,,,,,68.5302353591329,3813.33057565798,,,,,
GUY,2000,0.6,5.20767959499603,,,,,69.5,3759.60789699989,,0.0,0.0,0.0,14.0
GUY,2001,1.0,9.8524873868017,,,,,70.3,3847.09461851367,,0.0,0.0,0.0,10.0
GUY,2002,1.5,10.3974061483503,,,,,71.0,3894.87107415198,,0.0,0.0,0.0,14.0
GUY,2003,2.4,18.0782098306777,,,,7.17658996582031,71.8,3873.04123684261,,,,,
GUY,2004,3.7,22.5146835462961,,,,10.3284902572632,72.5,3937.11435304522,,0.0,0.0,0.0,14.0
GUY,2005,5.699999809,36.9776347918424,0.262841792896438,,,10.8724203109741,75.9,3867.93308158647,,0.0,0.0,0.0,28.0
GUY,2006,8.899999619,52.7032831510239,,,,10.9942598342896,69.9,4076.77981715707,,0.0,0.0,0.0,16.0
GUY,2007,13.80000019,71.1853299350872,0.312078439766351,,,11.1278600692749,74.9,4382.10449666813,,0.0,0.0,0.0,22.0
GUY,2008,18.2,59.3381181702769,0.673729071860017,,,10.6148700714111,75.7,4472.34517889699,,0.0,0.0,0.0,19.0
GUY,2009,23.9,64.9563751339593,0.907200429733517,,,10.0790901184082,72.7,4649.34144792756,,0.0,0.0,0.0,29.0
GUY,2010,29.9,74.7937954450815,1.49388193087543,,,10.9517002105713,80.1,4860.09110980566,,0.0,1.0,0.0,49.0
GUY,2011,30.0,70.8644205678996,2.75278662687143,,,11.2686901092529,81.1,5133.89539813637,,0.0,0.0,0.0,44.0
GUY,2012,30.5,73.3023980018438,4.01734987029136,,,11.7027597427368,82.1,5403.79899428921,,0.0,0.0,0.0,36.0
GUY,2013,31.0,74.002594594018,4.91986224385717,,,,83.1,5573.3421790463,,0.0,0.0,0.0,48.0
GUY,2014,32.0,75.1635113473494,5.99618948621705,,,,84.2,5635.71704117947,,0.0,0.0,0.0,43.0
GUY,2015,34.0,71.5091706302609,7.075427560785,,,,85.5,5640.41560569466,,0.0,0.0,0.0,62.0
GUY,2016,35.65999985,76.5713484941353,7.49173594849309,,,,86.7,5818.61682204646,,0.0,0.0,0.0,131.0
GUY,2017,42.6753006,83.6990991295793,8.44382214738464,,,,87.9,5997.18271426826,,0.0,1.0,0.0,137.0
GUY,2018,48.59889984,,,,,,88.9,6080.90612132746,30.8294240629096,0.0,0.0,0.0,126.0
GUY,2019,55.31269836,96.327066296051,10.276537921044,,,,89.8,6278.63054079553,35.2261009216309,0.0,1.0,0.0,189.0
GUY,2020,62.95399857,106.008686272494,11.7649827054754,,,,90.5,9010.61000469878,,0.0,2.0,0.0,152.0
GUY,2021,71.65090179,104.968595260226,11.6495520440672,,,,91.2,10711.9973374148,,0.0,1.0,0.0,212.0
GUY,2022,76.56240082,112.56503784518,12.9356394612219,,,,91.6,17365.3336428642,,0.0,2.0,0.0,237.0
GUY,2023,79.3553009,,,,,25.1520757996244,91.6,23101.3538282741,,0.0,5.0,0.0,333.0
GUY,2024,83.00080109,,,,,26.4315792489043,90.5,33034.948872927,,1.0,22.0,0.0,513.0
HKG,1990,0.0,2.293573739,,,,,100.0,21357.2396746971,,,,,
HKG,1991,0.121,3.201919423,,,,,100.0,22388.5913459199,36.162540435791,,,,
HKG,1992,0.85,3.883758885,,,,,100.0,23585.6546636119,,,,,
HKG,1993,1.33,4.775897697,,,,,100.0,24621.6478184223,,,,,
HKG,1994,2.78,7.859394197,,,,,100.0,25526.4330083318,,,,,
HKG,1995,3.22,12.78653153,,,,,100.0,25620.0203685972,,,,,
HKG,1996,4.75,21.50269269,,,,,100.0,25551.3713114257,43.079719543457,,,,
HKG,1997,10.5,34.61854216,,,,,100.0,26631.7761597523,,,,,
HKG,1998,14.5,48.4928334,0.168040063,0.4283,1053.71375,,100.0,24856.7504063002,,,,,
HKG,1999,21.2,64.36421516,1.301828796,0.45767,1205.55046,,100.0,25237.6325695984,,,,,
HKG,2000,27.8277606812581,81.2471139493344,6.62896753662823,0.46493,1160.05084,,100.0,26933.2130754703,,0.0,130.0,0.0,8224.0
HKG,2001,38.6714032309569,85.2695040727084,10.575874279015,0.53645,1355.89935,,100.0,26885.4053275596,,0.0,129.0,0.0,8921.0
HKG,2002,43.0823830278909,93.759602123198,15.2313862475313,0.58147,1564.3458,,100.0,27210.0502364654,,0.0,376.0,0.0,13792.0
HKG,2003,52.2000433497404,107.148296368503,18.4864148179878,0.68027,1972.70024,32.2168502807617,100.0,28097.0971397308,,0.0,241.0,0.0,12787.0
HKG,2004,56.3998803935333,119.247453929299,22.0340459422926,0.72176,2122.33356,32.296459197998,100.0,30304.2901619598,,0.0,217.0,0.0,13245.0
HKG,2005,56.9,123.677676990299,24.0153631345565,0.77343,2612.0206,32.9854888916016,100.0,32401.3558626573,,1.0,215.0,0.0,14100.0
HKG,2006,60.8,136.257644901451,25.9156929141015,0.79469,2649.43577,33.7220993041992,100.0,34458.0032348089,54.1144485473633,0.0,242.0,0.0,15142.0
HKG,2007,64.8,154.225934880572,27.2391339117487,0.75161,2815.15829,42.6142997741699,100.0,36371.6434233987,,0.0,183.0,0.0,14800.0
HKG,2008,66.7,164.943198594896,27.5683056178674,0.71996,2636.81534,55.8018608093262,100.0,36924.0529643897,55.2869300842285,0.0,207.0,0.0,16063.0
HKG,2009,69.4,178.317359257252,29.0662267938968,0.77342,2737.39051,56.5805511474609,100.0,35938.578391742,55.9717102050781,0.0,210.0,0.0,17148.0
HKG,2010,72.0,194.233637212483,30.5242313123898,0.74946,3062.54396,59.0325529542921,100.0,38090.0154420129,57.0574493408203,0.0,200.0,0.0,18760.0
HKG,2011,72.19999695,214.097553258659,32.1854914692348,0.72086,3036.83266,60.2208370436331,100.0,39656.3184510131,59.1782684326172,2.0,224.0,0.0,19703.0
HKG,2012,72.9,227.571131531867,31.3153714431804,0.72733,3137.56656,60.9527896995708,100.0,39887.8192650568,59.9901290164892,0.0,192.0,0.0,19851.0
HKG,2013,74.2,233.650196473593,30.7698227022845,0.73017,3309.70489,68.0858986854034,100.0,40959.9776349249,60.629555588523,0.0,182.0,1.0,21035.0
HKG,2014,79.8662704309064,231.702338725003,31.1670836577521,0.74014,3512.80511,69.6881506285714,100.0,41796.8593150091,61.2203788757324,1.0,246.0,0.0,22414.0
HKG,2015,84.9483529634062,227.03653842734,31.8721510032907,0.76183,3487.89638,68.7008718656545,100.0,42432.1619740441,62.1582908630371,2.0,297.0,1.0,22931.0
HKG,2016,87.47941467087,237.377770818344,35.4484942649915,0.7915,3668.25742,70.3316379391101,100.0,43087.5537128127,62.7083195479809,7.0,399.0,1.0,24331.0
HKG,2017,89.4159446487565,247.078996858382,35.7032493826975,0.83519,3720.22457,72.9228515909643,100.0,44380.8176753147,63.267520904541,10.0,645.0,1.0,25890.0
HKG,2018,90.5073953294283,266.34009236007,36.3352765300968,0.8633,3978.17159,78.2463196011546,100.0,45280.4971892076,63.8737555059777,7.0,980.0,2.0,27561.0
HKG,2019,91.7434003891587,286.618647834243,37.4680746099321,0.92557,4240.38811,83.8542119335773,100.0,44195.2741142906,63.9573402404785,12.0,1514.0,5.0,30460.0
HKG,2020,92.41313602,291.916274990037,38.5246390800823,0.99236,4355.79712,89.9479038224414,100.0,41451.2989586282,64.8349991887004,28.0,2112.0,2.0,35584.0
HKG,2021,93.08715788,319.852066930488,39.2188975738319,0.97026,4591.73346,97.3813269493844,100.0,44530.9213833761,64.8975275400859,26.0,2575.0,4.0,37681.0
HKG,2022,95.61357052,292.80765987826,39.9517808600821,1.07293,4815.20071,100.776315789474,100.0,43281.0067309646,65.0502777099609,43.0,3214.0,4.0,41228.0
HKG,2023,95.97781908,319.493898344345,39.8839727444243,1.10625,5273.74369,105.461738484398,100.0,43518.9311789918,65.7594038385819,62.0,4091.0,9.0,45471.0
HKG,2024,95.75536971,364.848981963231,40.2724025338679,1.12597,5873.74436,120.08978583196,100.0,44734.4365296835,66.3396742462141,75.0,5187.0,7.0,48577.0
HND,1990,0.0,0.0,,,,9.24248027801514,,457.981040092588,,,,,
HND,1991,,0.0,,,,9.16545009613037,31.2570870460106,561.125592319344,,,,,
HND,1992,,0.0,,,,9.41639041900635,37.0125021152347,594.68900114157,,,,,
HND,1993,,0.0,,,,9.12376022338867,38.7171023685949,656.869827849093,,,,,
HND,1994,,0.0,,,,9.96479988098145,44.5228630369777,823.791675562094,,,,,
HND,1995,0.0368,0.0,,,,9.81441974639893,45.6955373106862,998.356564183177,,,,,
HND,1996,0.0437,0.038667793,,,,10.3873300552368,36.9510071695643,1193.38830906175,,,,,
HND,1997,0.171,0.234810173,,,,11.0547504425049,41.0592206357759,1420.73109700244,,,,,
HND,1998,0.301,0.553155193,,,,12.7151498794556,43.5103458927238,1543.75794800689,,,,,
HND,1999,0.574,1.213271137,,,,12.4082698822022,44.5922063902676,1677.77949157084,,,,,
HND,2000,1.20385599891878,2.36054056593318,,0.04453,,12.8694696426392,44.9,1789.47798512637,,0.0,0.0,0.0,75.0
HND,2001,1.41528193123711,3.51626584993503,,0.03834,,,38.3,1789.18816032117,16.8,0.0,0.0,0.0,66.0
HND,2002,2.5974025974026,4.70549985235325,,0.04181,,,37.0,1807.97305547292,,0.0,1.0,0.0,85.0
HND,2003,4.8,5.32870697926864,,0.04215,,15.888970375061,38.8,1842.29750018813,,0.0,0.0,0.0,93.0
HND,2004,5.6,9.68902015812042,,0.04155,,15.9416399002075,40.6,1908.90950050464,15.9,0.0,0.0,0.0,104.0
HND,2005,6.5,17.1356133802153,,,,,43.3,1975.85647913236,16.3,0.0,0.0,0.0,116.0
HND,2006,7.800000191,29.2647925408315,,,,,46.4,2056.53491469231,15.8163289365374,0.0,1.0,0.0,114.0
HND,2007,9.399999619,53.4134255918276,,,,,49.6,2134.19540639485,16.1087398529053,0.0,0.0,0.0,95.0
HND,2008,9.6,77.5119321637319,,,,17.5304298400879,54.3,2175.14709403064,16.9878047887042,0.0,0.0,0.0,131.0
HND,2009,9.800000191,102.452484456768,,,,,57.6,2076.30859895638,17.7,0.0,1.0,0.0,179.0
HND,2010,11.09,113.617136181044,0.0119533179900544,,,19.2757550175649,61.8,2108.47314459603,19.0,0.0,0.0,0.0,186.0
HND,2011,15.9,94.399047465495,0.670797298029889,,,,63.4,2144.56265540491,19.2220497131348,0.0,0.0,0.0,197.0
HND,2012,18.12,84.5664914453988,0.703114924069509,,,18.9442917508647,66.7,2188.39378817891,18.5937309265137,0.0,1.0,0.0,463.0
HND,2013,17.8,87.3775687969259,0.776114775575699,,,19.4476759264062,73.4,2205.40126728067,20.5,0.0,1.0,0.0,302.0
HND,2014,23.0,85.2365443166273,1.74169563203497,,,19.7241865242748,76.5,2229.24772232218,23.014440536499,0.0,0.0,0.0,371.0
HND,2015,27.1395454833776,87.1291789109486,2.13675958518204,0.01497,22.29506,20.3152639116671,79.0,2271.20265980349,22.9173793792725,0.0,0.0,0.0,758.0
HND,2016,29.5282180796457,83.2180808679633,2.34144817782537,,,21.0025442228384,82.1,2315.72983058198,24.6881809234619,0.0,1.0,0.0,401.0
HND,2017,31.7357924661485,85.8717287831828,2.48526903610159,0.03994,34.42048,24.5585599156436,71.8,2383.37398439714,23.0465093392364,0.0,0.0,0.0,413.0
HND,2018,36.0400608231468,77.7100953282111,3.63393106753465,0.06394,201.94053,26.3838242053705,81.9,2430.13503657762,23.0666198730469,0.0,6.0,0.0,533.0
HND,2019,39.3883521850111,76.0268304351136,3.92589911554459,0.05997,187.83669,25.3231382609304,80.3,2447.61649282181,26.1,1.0,11.0,1.0,685.0
HND,2020,45.24829865,68.7836128557933,3.92223438778455,,,,83.4,2189.43168668222,,2.0,41.0,1.0,848.0
HND,2021,51.95159912,73.4771659564055,4.0958409901304,,,,85.7,2423.76634916911,,2.0,15.0,1.0,885.0
HND,2022,56.88069916,75.8551423411907,4.40980164894983,,,,86.8,2482.22384904714,15.7777782135157,1.0,14.0,0.0,864.0
HND,2023,58.0685997,74.4148227156961,4.36212775547539,,,,88.8,2527.27366333188,21.6458797454834,4.0,26.0,0.0,1003.0
HND,2024,58.62269974,70.9397440517258,4.57914834722512,,,23.3177890777588,90.1,2575.32081187859,22.2483692169189,7.0,38.0,1.0,992.0
HPC,1990,,0.0,,,,2.55408000946045,,695.764787063158,,,,,
HPC,1991,,8.02653113613924e-05,,,,2.61220002174377,,683.621803364557,,,,,
HPC,1992,,0.0008807350135362,,,,2.63121008872986,,654.451135071654,,,,,
HPC,1993,,0.001882073561376,,,,2.67179989814758,,636.019868009876,,,,,
HPC,1994,,0.0042123178547797,,,,2.69591999053955,,619.324443849788,,,,,
HPC,1995,,0.01039347956532,,,,2.70195007324219,,633.003222533144,,,,,
HPC,1996,,0.0271214743404188,,,,2.75222992897034,,649.448673504505,,,,,
HPC,1997,,0.0662767675975742,,,,2.84836006164551,,669.216519564763,,,,,
HPC,1998,,0.145324218662089,,,,2.91209006309509,,674.932470432039,,,,,
HPC,1999,,0.285186731034092,,,,2.97796988487244,,678.826293380214,,,,,
HPC,2000,,0.604080719435819,,,,3.24032998085022,,679.661916317719,,,,,
HPC,2001,,1.08529265223088,,,,3.52948999404907,,685.807417274643,,,,,
HPC,2002,,1.70308733228242,,,,3.82609009742737,,692.386060275808,,,,,
HPC,2003,,2.77603078902884,,,,4.06547021865845,7.22754448346314,699.537450245131,,,,,
HPC,2004,,4.28125762508617,,,,4.40012979507446,7.84482888197809,719.286073985495,,,,,
HPC,2005,,6.39214217230166,,,,4.72972011566162,7.53274299560256,737.815494830608,,,,,
HPC,2006,,10.7625195669399,0.0273220288052399,,,5.0988597869873,10.2795763926716,758.076010727433,,,,,
HPC,2007,,16.7191532210902,0.0479623657531338,,,5.42055988311768,9.88000448662132,777.852603441457,,,,,
HPC,2008,,24.7812280685377,0.068925956330304,,,5.94095993041992,11.2104033557666,799.010898073682,,,,,
HPC,2009,,30.8388736618464,0.0823294989967495,,,6.50473022460938,14.1011968480167,803.669382584904,,,,,
HPC,2010,,36.8359881370093,0.08387862854609,,,7.1113600730896,14.9044088767711,830.195436382547,,,,,
HPC,2011,,44.5982205032201,0.135569972100907,,,7.36318016052246,13.6920852756242,840.995109673087,,,,,
HPC,2012,,50.4639096972381,0.154192632383243,,,7.75029993057251,17.0976670901715,850.90537224906,,,,,
HPC,2013,,56.480357263253,0.186993154866272,,,8.12090969085693,17.7705883428194,878.389738901825,,,,,
HPC,2014,,61.7538177854788,0.255446556687736,,,8.39015007019043,19.6332285594586,900.23327280781,,,,,
HPC,2015,,66.5572239977314,0.276195274652414,,,8.46887016296387,17.7053028133061,917.924140878178,,,,,
HPC,2016,,65.09246540567,0.382348529709421,,,8.36925029754639,25.6746581572935,930.303195845621,,,,,
HPC,2017,,65.1418315273652,0.402848721466469,,,8.52756977081299,26.1293774092322,949.269457689577,,,,,
HPC,2018,,72.134817476378,0.54574408758872,,,8.68200016021729,27.7234365866889,961.125858662023,,,,,
HPC,2019,,68.0968402043626,0.514171867332499,,,8.76803016662598,28.8244504732623,974.069965846461,,,,,
HPC,2020,,70.9316903394181,0.627807532948656,,,8.93181037902832,29.3541270753589,947.580161647698,,,,,
HPC,2021,,74.4847568397299,0.671554280983301,,,9.09300994873047,30.889383779111,962.578481916824,,,,,
HPC,2022,,76.7140221946963,0.684833455807485,,,,30.5698718768694,983.847120090035,,,,,
HPC,2023,,,,,,,31.7595404367757,992.174917021435,,,,,
HPC,2024,,,,,,,37.6891708317074,1016.27398761692,,,,,
HRV,1990,0.0,0.004924384,,,,,100.0,9754.76325850554,,,,,
HRV,1991,,0.041675938,,,,,100.0,7842.64431877356,,,,,
HRV,1992,,0.131712739,,,,,100.0,7095.31004903355,,,,,
HRV,1993,0.0972,0.237500944,,,,,100.0,6490.91059131693,,,,,
HRV,1994,0.268,0.449514112,,,,,100.0,6795.79207585721,,,,,
HRV,1995,0.514,0.700796738,,,,,100.0,7304.72692228877,,,,,
HRV,1996,0.859,1.364742106,,,,,100.0,7858.19280544609,,,,,
HRV,1997,1.73,2.555942822,,,,,100.0,8383.47376326709,,,,,
HRV,1998,3.27,3.916366162,,,1058.21383,,100.0,8577.65913376916,,,,,
HRV,1999,4.41,6.405622704,,0.83157,1250.71645,,100.0,8541.53312242717,,,,,
HRV,2000,6.64488254374396,23.8782923669213,,1.04221,1554.71759,,100.0,8880.47789126428,,0.0,13.0,0.0,2403.0
HRV,2001,11.5585731811648,40.8037620371098,,0.91745,1549.19173,36.3740501403809,100.0,9515.92714476421,59.601978302002,0.0,7.0,0.0,2357.0
HRV,2002,17.76,53.709175243893,,0.94088,1990.8424,39.1618309020996,100.0,10062.0602516769,59.42094184218,0.0,23.0,0.0,3023.0
HRV,2003,22.75,58.9153701941586,0.0789470140149526,0.94098,1361.17206,42.3809814453125,100.0,10619.3351874985,59.1926622090778,0.0,20.0,0.0,3207.0
HRV,2004,30.91,65.7880083228617,0.607880732872148,1.02048,1657.56476,44.0762214660645,100.0,11059.1274155158,60.1638253315847,0.0,20.0,0.0,3718.0
HRV,2005,33.13999939,84.6023570995094,2.69358958132531,0.84799,1327.97321,47.2947196960449,100.0,11522.944604729,60.8355118436337,0.0,24.0,0.0,3827.0
HRV,2006,37.97999954,101.839751610362,5.83437601371704,0.73228,1338.95518,48.5975112915039,100.0,12104.2947219361,62.2649365189661,0.0,19.0,0.0,4575.0
HRV,2007,41.44,116.650501835747,8.96788983385829,0.78328,1419.96782,50.530590057373,100.0,12718.2002498979,65.222177794672,0.0,26.0,0.0,5615.0
HRV,2008,44.24,105.56585256074,12.2371762498346,0.87629,1551.807,52.3514518737793,100.0,12970.5143712302,66.2865892220749,1.0,31.0,0.0,7350.0
HRV,2009,50.58,108.455735141618,16.6418978640678,0.82999,1606.76105,51.9583015441895,100.0,12099.7045228367,67.4012668138715,0.0,37.0,0.0,8261.0
HRV,2010,56.55,114.582326334034,19.4799756808943,0.72875,1649.24941,57.0685997009277,100.0,11965.1414956676,67.9429093406412,0.0,53.0,0.0,8638.0
HRV,2011,57.7899789891444,119.489612280253,20.8566154553422,0.73493,1594.22493,59.3388595581055,100.0,11993.1337166457,70.7059707641602,0.0,49.0,0.0,9457.0
HRV,2012,61.9399731527956,116.719313041118,21.581851768721,0.73545,1567.46167,62.0256614685059,100.0,11780.5853491253,71.4543554801919,1.0,43.0,0.0,10030.0
HRV,2013,66.7476,111.281756214292,22.5042534905966,0.79163,1535.62032,66.7111129760742,100.0,11838.4554388595,72.7378831925185,0.0,52.0,1.0,10110.0
HRV,2014,68.5678992528467,105.732295385283,23.3319089868678,0.76744,1445.04267,68.6392517089844,100.0,11862.7815706266,73.2367342524235,0.0,50.0,0.0,10704.0
HRV,2015,69.8450359238281,105.543643003646,23.5726310188829,0.82388,1513.83841,68.4413986206055,100.0,12283.8750299177,73.9317184374003,0.0,66.0,1.0,10913.0
HRV,2016,72.6972696701463,106.718403536951,25.2341141328155,0.84569,1871.39921,69.5889511108398,100.0,12848.473748279,73.7981942734265,0.0,74.0,3.0,11741.0
HRV,2017,67.0961920368478,105.794763679153,26.865096097274,0.84354,1900.86092,71.3775863647461,100.0,13485.3711360576,74.7702240518096,1.0,78.0,1.0,11625.0
HRV,2018,75.2946259897258,109.034035401906,28.0156020023514,0.94608,1973.01528,72.8625411987305,100.0,14061.0597402919,75.9294495069669,1.0,132.0,2.0,12689.0
HRV,2019,79.0797836757554,110.493802074789,28.9682951804841,1.07723,2203.55061,74.0501174926758,100.0,14641.8735578488,76.7432110062647,4.0,187.0,4.0,12481.0
HRV,2020,78.32090004,110.666299439701,26.0744550144438,1.23536,2295.44402,74.738037109375,100.0,13545.7402289427,77.8751961615857,10.0,275.0,4.0,13432.0
HRV,2021,81.25396608,112.169438491978,26.7157501000099,1.24187,2414.42218,78.0067901611328,100.0,15395.2861605128,79.2693838869089,13.0,352.0,4.0,14736.0
HRV,2022,82.07155532,114.677195729643,27.6606739600213,1.41896,2534.42425,80.7626724243164,100.0,16618.3333786183,80.2918126045041,22.0,392.0,5.0,14088.0
HRV,2023,83.24117599,117.112604314708,28.4709561519529,1.38621,2440.27743,81.1775207519531,100.0,17225.4504515697,81.3520408036277,30.0,511.0,10.0,14648.0
HRV,2024,83.63240029,121.732525659138,29.5997367962687,,,,100.0,17854.3262648378,,26.0,534.0,5.0,14368.0
HTI,1990,0.0,0.0,,,,,,1627.31264525633,,,,,
HTI,1991,,0.0,,,,,,1624.49598864977,,,,,
HTI,1992,,0.0,,,,,,1507.81872889823,,,,,
HTI,1993,,0.0,,,,,,1398.25464638175,,,,,
HTI,1994,,0.0,,,,,,1207.6605445003,,,,,
HTI,1995,,0.0,,,,,9.4476278160484,1302.13491168553,,,,,
HTI,1996,0.00748,0.0,,,,,10.717952482281,1330.54039885269,,,,,
HTI,1997,,0.0,,,,,10.9390037410847,1340.99702096807,,,,,
HTI,1998,0.024,0.124055688,,,,,11.1604712538556,1344.9390395747,,,,,
HTI,1999,0.0707,0.304545982,,,,,11.3816629860619,1356.11344556059,,,,,
HTI,2000,0.231270714628821,0.662399130161549,,,,,7.1,1342.89490450523,,0.0,0.0,0.0,16.0
HTI,2001,0.340832326173809,1.08208239483874,,,,,13.2,1314.11419693969,,0.0,0.0,0.0,12.0
HTI,2002,0.893432988337908,1.62646188427236,,,,,9.9,1304.5293810385,,0.0,0.0,0.0,14.0
HTI,2003,1.64735834557778,3.65300473338088,,,,,18.7,1326.47161042212,3.85132002830505,0.0,0.0,0.0,15.0
HTI,2004,5.401261907622,4.48920531301938,,,,,8.5,1286.90282128221,,,,,
HTI,2005,6.376200199,5.52019567228578,,,,,8.3,1304.33303731231,,0.0,0.0,0.0,19.0
HTI,2006,6.796000004,13.020039359579,,,,,6.8,1305.03813815611,,0.0,1.0,0.0,25.0
HTI,2007,7.199999809,26.6715144811388,,,,,7.7,1343.61111422048,,0.0,0.0,0.0,36.0
HTI,2008,7.599999905,33.5754472826656,,,,,7.4,1356.53400140048,,0.0,0.0,0.0,35.0
HTI,2009,8.100000381,37.6486867698407,,,,,7.1,1412.89653523429,,0.0,0.0,0.0,41.0
HTI,2010,8.369999886,40.8026118567902,,,,,6.7,1317.58389339746,,0.0,0.0,0.0,45.0
HTI,2011,9.0,42.360470661138,,,,,6.0,1369.16921255852,,0.0,0.0,0.0,46.0
HTI,2012,9.800000191,60.5271659107243,0.0,,,,3.9,1354.88546124499,11.7493331049769,0.0,0.0,0.0,87.0
HTI,2013,10.60000038,70.044477000521,0.0,,,,3.3,1392.38204736859,,0.0,0.0,0.0,98.0
HTI,2014,11.39999962,65.2574823572396,0.0,,,,2.2,1411.76834802154,,0.0,0.0,0.0,103.0
HTI,2015,14.19999981,69.3702568086907,0.0128097405723445,,,,2.2,1411.12684746796,,0.0,0.0,0.0,115.0
HTI,2016,22.79999924,60.9477225087446,0.0126318271253869,,,,,1416.74881879698,,0.0,0.0,0.0,124.0
HTI,2017,27.20000076,58.2917858919698,0.276397485097184,,,,2.1,1432.67228609541,11.8015699386597,0.0,0.0,0.0,127.0
HTI,2018,32.4736271300557,60.232256515521,0.283697984065843,,,,1.8,1437.35251928349,,0.0,1.0,0.0,133.0
HTI,2019,35.76409912,61.6234088594647,0.280049919123204,,,,1.2,1394.42114071112,,0.0,2.0,0.0,166.0
HTI,2020,39.38809967,65.0933737275708,0.275706324027148,,,,,1331.69778506932,,0.0,1.0,0.0,214.0
HTI,2021,43.37919998,64.3451990252656,0.272537391690564,,,,,1292.71954963551,,0.0,2.0,0.0,230.0
HTI,2022,47.77470016,65.1889329311174,0.306790757611135,,,,,1256.72143592448,,0.0,2.0,0.0,237.0
HTI,2023,47.99269867,,,,,,2.9,1219.11871645847,,0.0,3.0,0.0,256.0
HTI,2024,47.8614006,,,,,,15.0,1154.68841945337,,0.0,4.0,0.0,256.0
HUN,1990,0.0,0.025491543,,,,,100.0,8646.44754423109,40.8641014099121,,,,
HUN,1991,0.00338,0.081708017,,,,,100.0,7618.64029551674,,,,,
HUN,1992,0.0484,0.224608151,,,,,100.0,7388.08229422743,,,,,
HUN,1993,0.193,0.441345432,,,,,100.0,7353.90020686221,,,,,
HUN,1994,0.484,1.382653252,,,,,100.0,7581.00102233039,,,,,
HUN,1995,0.677,2.566046652,,,,,100.0,7704.6409020455,,,,,
HUN,1996,0.969,4.589519791,,0.62791,1009.14592,,100.0,7725.69980358198,,,,,
HUN,1997,1.94,6.861470978,,0.69745,1083.88096,,100.0,7971.80554914825,,,,,
HUN,1998,3.89,10.42936893,,0.65606,1142.65899,,100.0,8297.85419511945,60.9295199915077,,,,
HUN,1999,5.86,15.91507583,,0.67067,1228.7746,,100.0,8578.19506388065,,,,,
HUN,2000,6.99967635062916,30.1874178164191,0.0333640806233195,0.78999,1411.99814,,100.0,8979.73578602949,,2.0,46.0,3.0,6546.0
HUN,2001,14.5285543028277,48.8598550757424,0.308694373488323,0.91225,1440.86103,42.3478889465332,100.0,9365.95393193015,55.0740013122559,0.0,33.0,4.0,7193.0
HUN,2002,16.67,67.9206400652722,1.09935763457707,0.98314,1473.69545,47.357421875,100.0,9836.94065083321,,0.0,123.0,3.0,8275.0
HUN,2003,21.63,78.5895249591872,2.61462031268687,0.91985,1499.67591,54.6346397399902,100.0,10253.723920764,,1.0,64.0,2.0,8574.0
HUN,2004,27.74,86.5295344708214,4.07614038403136,0.86077,1476.26637,61.5071411132812,100.0,10786.4881991495,68.5299549439554,0.0,43.0,0.0,8755.0
HUN,2005,38.97,92.5916175179366,6.4743496382668,0.92043,1575.84829,64.9774017333984,100.0,11272.7345428122,63.5524215698242,0.0,53.0,3.0,9966.0
HUN,2006,47.06,99.1619554459165,11.9323064817383,0.97835,1745.00319,66.3986663818359,100.0,11734.4544729813,71.1935433890503,0.0,62.0,2.0,10342.0
HUN,2007,53.3,109.924654791539,14.4957057357115,0.95488,1731.42684,66.2652969360352,100.0,11791.7074416876,72.4084913359163,1.0,46.0,1.0,10806.0
HUN,2008,61.0,122.038350719207,17.6762965927654,0.97817,1845.99803,63.9738388061523,100.0,11929.7209867703,73.2024025180816,0.0,48.0,2.0,11500.0
HUN,2009,62.0,117.908502208396,19.7645064510111,1.13027,2004.50214,61.9771690368652,100.0,11142.885928524,74.5380096435547,0.0,54.0,1.0,11922.0
HUN,2010,65.0,120.369453085535,21.639373536508,1.13102,2135.63344,60.7487602233887,100.0,11287.3686666108,75.6911087036133,0.0,62.0,4.0,12088.0
HUN,2011,68.0199878861296,117.526065994308,23.2549245597223,1.18116,2309.99213,59.9984893798828,100.0,11536.3578996772,76.6575622558594,0.0,73.0,4.0,13053.0
HUN,2012,70.579998153838,116.767825095297,24.1618038721448,1.25758,2400.89424,60.6758003234863,99.9,11440.7622718825,77.6319808959961,1.0,70.0,8.0,13682.0
HUN,2013,72.6439,117.200126277309,26.2621916555453,1.38449,2527.84945,57.5212211608887,100.0,11729.5720798501,78.487419128418,0.0,57.0,5.0,14294.0
HUN,2014,75.6531974544103,118.895659080821,26.164233392363,1.3437,2654.79529,53.4245910644531,100.0,12287.3779441033,74.1223602294922,0.0,81.0,5.0,16118.0
HUN,2015,72.8347370323805,100.623739037612,27.6322359587573,1.33884,2569.66887,50.9797401428223,100.0,12782.9412577973,75.0991821289062,1.0,80.0,4.0,17283.0
HUN,2016,79.2594121273057,101.442011503556,28.6887907811727,1.17645,2625.94197,50.7361488342285,100.0,13145.6559885563,76.0597763061523,3.0,106.0,0.0,17369.0
HUN,2017,76.7505471201922,101.629260697653,30.2136178819417,1.31498,2902.24254,51.3840599060059,100.0,13734.2442804335,77.2879816467953,2.0,128.0,3.0,17660.0
HUN,2018,76.0743606365063,102.737202940663,31.5062908247816,1.50196,3846.48666,52.5629386901855,100.0,14533.7783144312,78.5578395041174,9.0,209.0,10.0,19106.0
HUN,2019,80.3716936050482,105.141557934591,32.6466329851573,1.46473,4021.15293,54.2122917175293,100.0,15290.8085466331,79.0355701722967,6.0,372.0,5.0,22139.0
HUN,2020,84.77115202,105.981902376717,33.4922037196533,1.58067,4309.61589,56.6071815490723,100.0,14664.2971195385,80.0114974975586,27.0,558.0,19.0,23792.0
HUN,2021,88.64083466,105.137285804787,34.8391868436369,1.63327,4452.48668,58.6536102294922,100.0,15787.9535427563,81.5076989037062,24.0,651.0,11.0,25150.0
HUN,2022,89.14282688,105.793848314995,36.5338104764554,1.39056,4725.1504,60.2746810913086,100.0,16487.7973935944,79.8080673217773,37.0,883.0,31.0,27014.0
HUN,2023,91.4500713,105.054424922699,36.7901885342462,1.37748,4567.0829,56.5924415588379,100.0,16375.0462724192,83.8787312589267,56.0,1036.0,27.0,28239.0
HUN,2024,93.77898628,104.58063059269,37.542262483936,,,60.5168685913086,100.0,16543.1049095203,,64.0,1327.0,35.0,28175.0
IBD,1990,,0.0097222491259206,,,,9.07730960845947,,2199.85579402121,,,,,
IBD,1991,,0.0197115150172481,,,,9.4219799041748,,2190.69429962745,,,,,
IBD,1992,,0.0394136849877246,,,,10.9922199249268,,2192.10191117391,,,,,
IBD,1993,,0.0764793493646392,,,,10.7540302276611,,2239.08845117863,,,,,
IBD,1994,,0.159580431413032,,,,11.6766595840454,,2285.90326475894,,,,,
IBD,1995,,0.316091887827083,,,,12.2933597564697,,2345.0200179345,,,,,
IBD,1996,,0.560301309003997,,,526.376303261553,11.8981704711914,,2438.57026790401,,,,,
IBD,1997,,1.02514795194063,,,,14.2854900360107,,2535.13968073643,,,,,
IBD,1998,,1.67581816315641,,,464.386694697773,14.5565900802612,,2568.12192743974,,,,,
IBD,1999,,3.03259205624373,,0.580956392928416,,15.4099798202515,,2628.91861646535,,,,,
IBD,2000,,5.47467352566496,,0.650023289183398,497.226893331939,16.2139205932617,75.13480227647,2750.17686745674,,,,,
IBD,2001,,8.50558304526989,0.0312675402193409,0.673820416736299,,17.2033996582031,76.2075440993732,2816.85409923483,,,,,
IBD,2002,,11.7587168705392,0.136796975724486,0.721993156476626,,18.6798000335693,76.4416922760946,2910.66880220101,,,,,
IBD,2003,,15.875110967005,0.37978647906023,0.76192435543119,,20.156099319458,77.7238345835608,3048.08979022397,,,,,
IBD,2004,,21.7147191388249,0.869697659939578,0.791453023286595,,21.3158397674561,77.7993389574338,3247.59840290551,,,,,
IBD,2005,8.7,29.2124290748869,1.32574903633345,0.820702993603394,624.05657474121,22.308780670166,79.4027123786552,3445.54326791071,,,,,
IBD,2006,10.5,37.7034124431668,1.91176938385386,0.851756786017962,,24.1985492706299,79.6312575082242,3693.37066538383,,,,,
IBD,2007,13.7,47.111927368264,2.6800702464772,0.879039992116509,,24.9976596832275,81.8534187854812,3983.75786510527,,,,,
IBD,2008,17.1,57.4657355033001,3.52038807315069,0.926059579315417,,26.4676303863525,82.8718992161406,4177.43900963448,,,,,
IBD,2009,20.7,67.6645385076574,4.4343467571501,1.00674702346533,,27.5671901702881,83.5010640865654,4249.82071937767,,,,,
IBD,2010,25.0,78.8034873857696,5.40546728096512,1.07214548766582,682.594592761641,29.3168201446533,85.2027028193764,4533.00914065275,,,,,
IBD,2011,28.5,87.5699733573061,6.43887092303887,1.08697002159114,,31.60080909729,86.8175118376147,4770.82824838185,,,,,
IBD,2012,31.5,91.8022167500843,7.17602021441862,1.17518591669319,,33.3618087768555,87.0092030202125,4977.09090605651,,,,,
IBD,2013,34.0,96.5675975043589,7.73420357194198,1.1716062297587,,34.6321601867676,88.842893142045,5179.63613332378,,,,,
IBD,2014,36.4,99.2665312728336,8.17827220320881,1.2963753622998,,38.5710983276367,90.0143652167781,5370.20489610287,,,,,
IBD,2015,39.1,99.4,10.0,1.34020427008938,785.801670436886,40.3413391113281,91.1532868380512,5546.81934137697,,,,,
IBD,2016,43.2,103.9,11.1,1.35801073355302,,41.3350410461426,92.4933706882817,5738.52582613831,,,,,
IBD,2017,46.6,106.8,13.0,1.33446805150401,,42.1075210571289,93.9833086168185,5978.75957459242,,,,,
IBD,2018,50.3,108.3,13.5,1.38963654884501,848.984699665044,42.8337593078613,95.9302364109512,6215.67638120711,,,,,
IBD,2019,56.3,111.0,14.6,1.43141463649453,,43.9086608886719,96.4399803810137,6412.74148413925,,,,,
IBD,2020,65.4,109.6,15.87,1.58734956120548,959.586951104022,45.7753410339355,97.1084901733352,6287.10346120634,,,,,
IBD,2021,70.3,111.6,17.46,1.77054384540358,,48.078239440918,99.2073269083509,6729.33339266546,,,,,
IBD,2022,74.4,112.2,18.89,1.83450349802395,,50.1821708679199,98.995522633428,6950.42582854395,,,,,
IBD,2023,77.3,113.9,20.1,1.8752807844862,,52.1241912841797,99.1962205969677,7237.59788175414,,,,,
IBD,2024,79.9,114.9,21.16,,,52.829891204834,98.6177116846419,7516.23109692996,,,,,
IBT,1990,,0.0078630831149032,,,,8.12067031860352,,1932.55369448941,,,,,
IBT,1991,,0.0160076290641346,,,,8.38817024230957,,1922.21767480433,,,,,
IBT,1992,,0.0322092801409609,,,,9.62351036071777,,1919.76604607195,,,,,
IBT,1993,,0.0627113109303628,,,,9.40445041656494,,1951.19175848114,,,,,
IBT,1994,,0.130222089656856,,,,10.0930099487305,,1982.74389077096,,,,,
IBT,1995,,0.254356073729482,,,,10.5301303863525,,2028.12068474097,,,,,
IBT,1996,,0.449324840166822,,,,10.1860198974609,,2102.72086582516,,,,,
IBT,1997,,0.820574486718177,,,,12.0109100341797,,2177.73389640408,,,,,
IBT,1998,,1.33972700318959,,,,12.1943702697754,,2202.00849807075,,,,,
IBT,1999,,2.42004596011823,,,,12.8300504684448,,2247.12559032262,,,,,
IBT,2000,,4.36514363519844,,0.633964390130209,,13.4703903198242,63.9483234498759,2340.82875174853,,,,,
IBT,2001,,6.80466935149656,,0.659554737443174,,14.3240900039673,65.9271921068993,2391.86557804998,,,,,
IBT,2002,,9.46100599307691,0.133709627043478,0.704195633275327,,15.4760999679565,66.187198600659,2466.37534927867,,,,,
IBT,2003,,12.8232277717152,0.35874008139947,0.755849389341781,,16.6210899353027,65.0386274056172,2572.95758342267,,,,,
IBT,2004,,17.7449697426582,0.798916371210812,0.782519629939138,,17.5342903137207,64.7625141171387,2731.20917223408,,,,,
IBT,2005,7.2,24.2348780569147,1.09409763501102,0.804681362613175,576.1977540687,18.3835792541504,66.2014483747308,2886.65266109948,,,,,
IBT,2006,8.7,32.2505184683296,1.60760887880417,0.845868501332795,,19.8638801574707,66.9286184059935,3079.20147750429,,,,,
IBT,2007,11.3,41.1614313945032,2.11923910839176,0.849371845962723,,20.5265102386475,67.018084093194,3302.82526069676,,,,,
IBT,2008,14.0,51.2337399589212,2.76960335533862,0.916378319952868,,21.6924991607666,68.9156068654496,3449.8203963698,,,,,
IBT,2009,16.9,60.3834424585558,3.49990204994993,0.993350210659469,,22.640739440918,70.5390184933987,3504.47378188872,,,,,
IBT,2010,20.3,70.2868560097238,4.16222991461336,1.05709931860512,627.51728180266,23.9923896789551,71.2456537520088,3721.63119008758,,,,,
IBT,2011,23.2,78.5672470280886,5.19210532418459,1.07405881316922,,25.6595001220703,72.4684619636763,3898.12924678617,,,,,
IBT,2012,25.7,83.1338102350563,5.59690590057099,1.17030194642158,,26.9026508331299,73.1661388216042,4049.02401734632,,,,,
IBT,2013,27.8,88.1517876718314,5.97398367436259,1.1527806798398,,27.7377204895019,74.3235340847094,4204.1114505155,,,,,
IBT,2014,30.1,91.5568489284904,6.36648239556667,1.28385612898363,,30.4351806640625,74.5396575636303,4349.50164662377,,,,,
IBT,2015,32.8,92.1,7.6,1.30949018439984,719.277677279341,31.5849208831787,75.0486014669856,4477.24409653758,,,,,
IBT,2016,36.4,95.7,8.5,1.34300113319404,,32.1406402587891,77.7739214437624,4614.08685562372,,,,,
IBT,2017,39.5,98.0,9.9,1.30445207761074,,32.534610748291,79.5749977985785,4788.10478996534,,,,,
IBT,2018,42.9,100.0,10.3,1.37742122178945,,32.9231109619141,80.7333592378611,4959.05836315983,,,,,
IBT,2019,47.8,102.9,11.1,1.38371472102598,,33.7504501342773,81.4512061311095,5097.1350886918,,,,,
IBT,2020,55.1,102.5,12.06,1.5739543653088,,34.881721496582,81.812786820815,4975.19205124347,,,,,
IBT,2021,59.3,104.2,13.23,1.74106452597515,,36.371711730957,83.4501565075099,5288.48751677048,,,,,
IBT,2022,63.0,105.2,14.29,1.81332330587806,,37.5708808898926,82.9563300446787,5440.77771363889,,,,,
IBT,2023,65.5,106.7,15.18,1.83676717753263,,38.8012886047363,83.3866144445663,5634.16482692317,,,,,
IBT,2024,67.7,107.0,15.94,,,39.3488082885742,83.9067071854987,5825.50541967732,,,,,
IDA,1990,,0.0003675455163057,,,,3.81779003143311,,878.988181008032,,,,,
IDA,1991,,0.0011857514360601,,,,3.82239007949829,,874.021161524892,,,,,
IDA,1992,,0.0024282299243645,,,,3.76781988143921,,868.113676506683,,,,,
IDA,1993,,0.0064745134812521,,,,3.83015990257263,,852.351569441917,,,,,
IDA,1994,,0.011645419885143,,,,3.83544993400574,,839.084840240397,,,,,
IDA,1995,,0.0186609487769214,,,,3.87375998497009,,846.953376978529,,,,,
IDA,1996,,0.0307040562856258,,,,3.98690009117127,,866.087460638412,,,,,
IDA,1997,,0.055818183378159,,,,4.09068012237549,,877.062061611688,,,,,
IDA,1998,,0.10181904530408,,,,4.22511005401611,,885.37592759161,,,,,
IDA,1999,,0.191862291886696,,,,4.38017988204956,,889.989738156118,,,,,
IDA,2000,,0.379343905158673,,,,4.6884298324585,26.020508245878,902.727878479473,,,,,
IDA,2001,,0.771705285223934,,,,5.11937999725342,29.1496243562258,917.222006498417,,,,,
IDA,2002,,1.41951534368471,,,,5.33851003646851,30.5290268395724,944.764140365419,,,,,
IDA,2003,,2.2916341579838,,,,5.5499701499939,28.1128680659076,966.711421750773,,,,,
IDA,2004,,4.12528385995913,,,,5.78554010391235,27.6190793977345,1007.42076408979,,,,,
IDA,2005,2.2,7.40242836400794,0.0165308717247417,,,6.2495698928833,28.8700590573966,1044.65404144036,,,,,
IDA,2006,2.8,13.912991270452,,,,6.58255004882812,31.8560472336216,1081.58606287181,,,,,
IDA,2007,3.7,21.6422678475188,0.0478680247887243,,,6.94739007949829,29.5369560483246,1118.49861077272,,,,,
IDA,2008,4.2,31.0400857878706,0.0756403273565087,,,7.35834980010986,32.6920004882948,1147.24627389385,,,,,
IDA,2009,4.9,37.0796442317263,0.139391573291298,,,8.02299976348877,35.6057427687912,1176.8794999748,,,,,
IDA,2010,5.9,43.5583347473519,0.186734442343409,,,8.64418029785156,35.2972968886534,1220.95123872251,,,,,
IDA,2011,6.8,50.6339626108806,0.303146612303329,,,9.07277011871338,36.9768551650097,1242.31604652501,,,,,
IDA,2012,7.9,56.5582401749286,0.336074269034754,,,9.49693965911865,39.2524352456944,1256.89332471361,,,,,
IDA,2013,9.4,62.6214216477954,0.447356753282154,,,9.83683967590332,39.9568627795413,1297.88287583466,,,,,
IDA,2014,11.6,68.4201592373232,0.675727391906908,,,10.1054496765137,39.3797436722542,1339.89861488766,,,,,
IDA,2015,14.2,70.7,0.8,,,10.3262100219727,40.2479214573689,1357.9051932623,,,,,
IDA,2016,16.9,71.8,1.1,,,10.4179496765137,45.9923678384661,1372.7296442096,,,,,
IDA,2017,19.2,72.5,1.2,,,10.5911903381348,48.7692226438817,1397.38370461298,,,,,
IDA,2018,22.0,76.5,1.3,,,10.8586797714233,49.0536355548708,1427.14883414215,,,,,
IDA,2019,24.2,80.4,1.4,,,11.6913900375366,50.8099320268944,1451.18305482757,,,,,
IDA,2020,27.0,82.8,1.61,,,11.8063497543335,51.5874324008419,1394.41549981948,,,,,
IDA,2021,29.8,84.4,1.86,,,12.1378402709961,52.9966565963629,1418.97233507819,,,,,
IDA,2022,32.8,86.6,2.09,,,12.0069704055786,53.1860863363786,1452.67025448891,,,,,
IDA,2023,34.5,88.0,2.35,,,12.314169883728,54.6266185152357,1466.40467616719,,,,,
IDA,2024,36.4,86.7,2.51,,,12.7190599441528,57.3989331831117,1498.37807376176,,,,,
IDB,1990,,0.000752992189287,,,,4.26107978820801,,1359.75619429123,,,,,
IDB,1991,,0.0029523704565062,,,,4.17679977416992,,1344.83353604134,,,,,
IDB,1992,,0.0049372261552383,,,,4.06719017028809,,1343.84832109261,,,,,
IDB,1993,,0.0089039884725008,,,,4.05819988250732,,1304.69571472261,,,,,
IDB,1994,,0.0141667637900919,,,,4.1597900390625,,1281.213878396,,,,,
IDB,1995,,0.0209279213648574,,,,4.23231983184815,,1275.39696775819,,,,,
IDB,1996,,0.0328141182217429,,,,4.34964990615845,,1300.13408601131,,,,,
IDB,1997,,0.0584583108140488,,,,4.45048999786377,,1297.16672448107,,,,,
IDB,1998,,0.0875609037084571,,,,4.50826978683472,39.2443779927615,1298.68875523704,,,,,
IDB,1999,,0.167381259696076,,,,4.54576015472412,40.5278930509344,1291.55958367106,,,,,
IDB,2000,,0.296105465093705,,,,4.86374998092651,40.2294490562314,1302.79173205587,,,,,
IDB,2001,,0.749034544271661,,,,5.16861009597778,41.3182654242053,1319.28373984693,,,,,
IDB,2002,,1.58792887364427,,,,5.49699020385742,42.2647614613508,1368.72431947825,,,,,
IDB,2003,,2.44245965143706,,,,5.80453014373779,45.6771786568537,1395.74781049748,,,,,
IDB,2004,,4.94998054930707,,,,6.13330984115601,44.3696601859318,1461.53585071321,,,,,
IDB,2005,4.4,9.76353601605516,0.0169346091467688,,,6.62731981277466,45.6005032556417,1510.78551454883,,,,,
IDB,2006,5.4,19.2141195765538,,,,6.67625999450684,46.7700828085766,1558.19950495576,,,,,
IDB,2007,6.1,29.2929927368177,0.0479759425015455,0.289114982839005,123.802887785302,6.89648008346558,47.4997425392877,1600.87649761883,,,,,
IDB,2008,6.8,42.5434369099523,0.0886369457566009,,,6.84502983093262,49.1793270854738,1625.06360764076,,,,,
IDB,2009,7.7,48.2784440451765,0.154788553905966,,,7.30359983444214,48.6894318959113,1677.01134797999,,,,,
IDB,2010,9.1,54.2239442475053,0.245829615542233,,,7.6446099281311,51.1573823190451,1732.0970274752,,,,,
IDB,2011,10.3,59.015926057032,,,,8.02414035797119,55.1309764793267,1762.43109999793,,,,,
IDB,2012,11.8,64.4032970929657,0.404875145942917,,,8.63274955749512,54.9703040667656,1800.98680407865,,,,,
IDB,2013,13.9,68.7478976405231,0.447386512020384,,,9.06772041320801,57.0867863576231,1864.20094351718,,,,,
IDB,2014,16.1,71.72230796601,0.627234160019739,,,9.27478981018066,55.5520968494263,1932.2366467346,,,,,
IDB,2015,19.0,70.3,0.8,,,9.33965969085693,56.4932157368537,1967.8941145813,,,,,
IDB,2016,20.6,72.2,1.1,,,9.36579990386963,60.5837384844247,1975.50456585507,,,,,
IDB,2017,22.3,71.9,1.2,,,9.59840965270996,58.7978008172553,1991.50582003859,,,,,
IDB,2018,24.1,77.5,1.3,,,9.50831985473633,62.353399527024,2028.14092040239,,,,,
IDB,2019,26.9,83.2,1.2,0.239077012351723,215.922319792477,10.7665796279907,62.5363776232081,2049.30236677741,,,,,
IDB,2020,28.7,90.4,1.6,,,11.1854295730591,63.1492397824999,1943.87243809295,,,,,
IDB,2021,32.4,90.9,2.0,,,11.750789642334,64.3989022960687,1988.14316748151,,,,,
IDB,2022,36.5,95.5,2.25,,,10.9789304733276,65.2728026758115,2043.42372895199,,,,,
IDB,2023,38.3,95.3,2.62,,,11.2455501556397,67.3251152896265,2062.62356419287,,,,,
IDB,2024,41.2,88.2,3.0,,,12.5017795562744,66.6756198482142,2107.6638668718,,,,,
IDN,1990,0.0,0.009934131,,,,8.29506015777588,,1470.91822258528,11.2941625615267,,,,
IDN,1991,,0.013232541,,,,8.55126953125,31.0102974111406,1544.99580894527,12.4113087457218,,,,
IDN,1992,,0.018851452,,,,9.37843990325928,53.9080861122565,1617.10954872218,12.8412041790234,,,,
IDN,1993,,0.027870427,,,,9.33967018127441,36.0552411207731,1693.1074260189,13.8261534544062,,,,
IDN,1994,0.00106,0.040026977,,,,10.4964103698731,45.7272995529469,1790.32729962455,15.1310760647725,,,,
IDN,1995,0.0261,0.106310098,,,,11.301739692688,51.5194961892481,1905.54236111238,,,,,
IDN,1996,0.0566,0.279339729,,,,11.5222902297974,59.3538893436862,2020.99148132509,18.1583229750119,,,,
IDN,1997,0.195,0.447726102,,,,13.3638401031494,69.5752020967187,2081.8416693962,18.8248957881397,,,,
IDN,1998,0.255,0.512769723,,,,13.3347997665405,71.7522400010796,1780.20049544892,19.8637149380185,,,,
IDN,1999,0.444,1.052607358,,,,14.6863803863525,75.8106787190254,1767.51466729756,20.7943911483877,,,,
IDN,2000,0.925563864466858,1.69815092981097,0.0018511851680822,0.06769,209.65817,14.810640335083,79.6,1828.10265968361,21.3958118325454,0.0,13.0,0.0,1759.0
IDN,2001,2.01861385948459,2.97627085447856,0.0068462545113736,0.04756,196.3356,14.1229801177978,79.2,1868.59172307292,20.1508657510649,0.0,11.0,0.0,1935.0
IDN,2002,2.13413573295808,5.26817023997574,0.0172453777941086,,,14.6824598312378,81.1,1926.37435868149,20.9041190123793,0.0,9.0,2.0,2312.0
IDN,2003,2.38701977959476,8.21835801363769,0.0273719374578957,,,15.7722797393799,79.8,1991.91820506473,20.8980608801907,0.0,17.0,1.0,2486.0
IDN,2004,2.60028587633414,13.3098113507561,0.0372488256079262,,,16.1766300201416,82.9,2065.70617470842,20.8877204743369,0.0,25.0,0.0,3253.0
IDN,2005,3.60202476259646,20.3186367836848,0.0468658668138769,,,16.6967105865479,74.7,2155.4478015921,22.2908919089606,0.0,25.0,0.0,3925.0
IDN,2006,4.76481313366657,27.2718805165778,0.0830799861161057,,,16.767240524292,85.1,2244.0802226202,26.4083099365234,0.0,28.0,0.0,4510.0
IDN,2007,5.78627472934199,39.3933857996178,0.328508530648629,,,17.5765991210938,84.7,2355.1528565328,26.007869720459,0.0,49.0,0.0,5848.0
IDN,2008,7.917500019,58.5357555358068,0.408715260975609,,,20.5209503173828,88.2,2464.60193418272,26.2005100250244,0.0,35.0,0.0,6670.0
IDN,2009,6.92,67.2958400448831,0.766310659252124,0.08332,88.33347,22.6933307647705,88.4,2546.21969707767,27.8447093963623,3.0,62.0,1.0,9297.0
IDN,2010,10.92,85.7838690956097,0.925808659546544,,,23.4159086398462,89.4,2670.8129098953,28.0485247975574,0.0,70.0,3.0,11792.0
IDN,2011,12.28,100.134519965107,1.09687683849738,,,25.027444191823,90.2,2799.62468790318,28.9348602294922,2.0,113.0,1.0,15271.0
IDN,2012,14.52,111.581048999,1.18045801810675,,,29.0425391195214,92.6,2930.518445323,29.5142825432068,0.0,113.0,2.0,23814.0
IDN,2013,14.94,122.424816798816,1.27096683417948,0.0847,,29.894529174265,93.0,3055.24246006469,30.4177818759345,5.0,160.0,0.0,33900.0
IDN,2014,17.1431598350566,125.767185647597,1.31336301010966,,,29.9904910473273,94.0,3170.72103011429,31.0928401947021,5.0,209.0,2.0,41377.0
IDN,2015,22.062742603379,129.468797674053,1.52139473860752,,,32.4590200433758,94.9,3288.22269725538,32.262020111084,8.0,320.0,3.0,59975.0
IDN,2016,25.447353701827,145.704251250337,1.9753784545485,0.24535,177.73496,34.8307173410877,95.1,3416.81005170972,33.7317504882812,18.0,471.0,7.0,86053.0
IDN,2017,32.335806250688,162.782511760443,2.32504234259027,0.23805,214.08281,35.967012362631,96.0,3553.51999262321,33.7715682983398,19.0,693.0,14.0,131630.0
IDN,2018,39.9046386385762,118.330216938024,3.28729591276809,0.22632,215.18755,36.1494878042588,96.8,3701.32155461912,34.6013603210449,40.0,1093.0,7.0,182265.0
IDN,2019,47.6906489788375,125.244348145809,3.77422560918071,0.27129,387.17063,37.3230862728703,97.5,3850.90321738979,36.9919811506555,62.0,1737.0,37.0,234501.0
IDN,2020,53.72649449,129.40362112725,3.92993769121646,0.28068,395.34168,38.1650601406923,93.5,3739.44906563161,38.1022605895996,92.0,2398.0,38.0,279703.0
IDN,2021,62.10447842,132.199444256099,4.4874632789818,,,40.6293239880732,98.2,3850.68877253903,39.5576649933508,122.0,3301.0,52.0,335613.0
IDN,2022,66.48461277,122.873012230307,4.82151507878823,,,42.3260385456152,98.3,4024.91225288391,39.5653046324461,174.0,3987.0,98.0,363255.0
IDN,2023,69.20836554,125.238194847046,4.81663955789733,,,44.8813034886441,98.6,4192.64401034181,39.1046221610504,330.0,6608.0,145.0,452791.0
IDN,2024,72.78075544,122.514946500491,4.92196685438436,,,,99.7,4367.94741847938,,461.0,10259.0,245.0,459425.0
IDX,1990,,0.0001758877362723,,,,3.56413006782532,,625.631482445561,,,,,
IDX,1991,,0.0003060384480496,,,,3.61227989196777,,624.445230127598,,,,,
IDX,1992,,0.0010931125853194,,,,3.58607006072998,,615.089966952056,,,,,
IDX,1993,,0.0051833798765383,,,,3.69358992576599,,612.030767592526,,,,,
IDX,1994,,0.0103019325480483,,,,3.66381001472473,,604.089600048112,,,,,
IDX,1995,,0.0175297624776212,,,,3.68244004249573,,619.310506232705,,,,,
IDX,1996,,0.0296484995414232,,,,3.81008005142212,,635.149119754835,,,,,
IDX,1997,,0.0545051901351448,,,,3.93319988250732,,653.539348096436,,,,,
IDX,1998,,0.108986234459752,,,,4.10483980178833,,665.241779630553,,,,,
IDX,1999,,0.204193822898631,,,,4.31957006454468,,676.053438385186,,,,,
IDX,2000,,0.421433318602341,,,,4.62181997299194,17.5161039266804,689.180790229207,,,,,
IDX,2001,,0.78321503414987,,,,5.11661005020142,20.9673930652644,701.950532842353,,,,,
IDX,2002,,1.33400484605617,,,,5.27756977081299,22.7809210410603,717.326546711149,,,,,
IDX,2003,,2.21497292860785,,,,5.43798017501831,19.1179196120415,736.445386593645,,,,,
IDX,2004,,3.70317392699689,,,,5.62271022796631,19.1068307142086,763.028687893496,,,,,
IDX,2005,1.0,6.19644792548703,,,,6.06575012207031,20.2533945839279,793.392553485602,,,,,
IDX,2006,1.5,11.175383830475,,,,6.55491018295288,24.2475991362299,824.39686692688,,,,,
IDX,2007,2.3,17.7595098647056,0.0478047164979873,,,6.99860000610352,21.1989685744338,857.594387123422,,,,,
IDX,2008,2.8,25.1911243170351,0.0680112526762548,,,7.64674997329712,24.5383234752862,888.11196361438,,,,,
IDX,2009,3.4,31.3732022859772,0.129983318709087,,,8.40328025817871,28.4774380252859,904.690055498465,,,,,
IDX,2010,4.2,38.1705993956417,0.154996980769781,,,9.14879989624023,26.9888273169984,941.87311126462,,,,,
IDX,2011,5.0,46.388230615276,0.232855572792234,,,9.50562000274658,27.6401569435539,957.759251305851,,,,,
IDX,2012,5.8,52.5864249659697,0.296013971646199,,,9.869460105896,31.0640111197471,958.993364993698,,,,,
IDX,2013,6.9,59.5214160305245,0.4473406971974,,,10.199330329895,31.2456124623919,987.559506416371,,,,,
IDX,2014,9.0,66.7509255936279,0.702328985079462,,,10.5037803649902,31.4413316263559,1015.3734765589,,,,,
IDX,2015,11.6,70.9,0.9,,,10.8185300827026,32.6890129446928,1024.03892548547,,,,,
IDX,2016,14.9,71.5,1.1,,,10.9488000869751,38.9951269949235,1043.61712928397,,,,,
IDX,2017,17.5,72.9,1.2,,,11.0960502624512,43.9156599194935,1073.84673193105,,,,,
IDX,2018,20.9,75.9,1.4,,,11.5536499023438,42.7339948175416,1100.73857863193,,,,,
IDX,2019,22.8,78.9,1.4,,,12.1506395339966,45.2237243653817,1127.40470768605,,,,,
IDX,2020,26.0,78.6,1.61,,,12.1009197235107,46.2402429835307,1097.9073513853,,,,,
IDX,2021,28.4,80.9,1.77,,,12.3128900527954,47.7570608326256,1112.55281021201,,,,,
IDX,2022,30.7,81.8,2.0,,,12.5317802429199,47.8559068622359,1135.34471641403,,,,,
IDX,2023,32.5,84.1,2.2,,,12.8625402450562,49.105321083245,1147.16316787956,,,,,
IDX,2024,33.9,86.0,2.25,,,12.8071804046631,53.3922283003407,1173.2818683549,,,,,
IMN,1990,,,,,,,100.0,28042.4441205102,,,,,
IMN,1991,,,,,,,100.0,28128.4485818915,,,,,
IMN,1992,,,,,,,100.0,28133.8324364624,,,,,
IMN,1993,,,,,,,100.0,28694.4160940259,,,,,
IMN,1994,,,,,,,100.0,29676.1422111499,,,,,
IMN,1995,,,,,,,100.0,30802.8930909929,,,,,
IMN,1996,,,,,,,100.0,32928.8324560471,,,,,
IMN,1997,,,,,,,100.0,35337.9128286621,,,,,
IMN,1998,,,,,,,100.0,39591.5712572814,,,,,
IMN,1999,,,,,,,100.0,44456.4562710624,,,,,
IMN,2000,,,,,,,100.0,46274.9709691403,,0.0,0.0,0.0,15.0
IMN,2001,,,,,,,100.0,48252.7638498277,,0.0,0.0,0.0,32.0
IMN,2002,,,,,,,100.0,50714.5824703383,,0.0,0.0,0.0,31.0
IMN,2003,,,,,,,100.0,53224.3527757804,,0.0,0.0,0.0,17.0
IMN,2004,,,,,,,100.0,55464.0220993356,,0.0,0.0,0.0,17.0
IMN,2005,,,,,,,100.0,58201.5990838178,,0.0,0.0,0.0,19.0
IMN,2006,,,,,,,100.0,62075.7601604994,,0.0,0.0,0.0,26.0
IMN,2007,,,,,,,100.0,66029.9755907183,,0.0,0.0,0.0,30.0
IMN,2008,,,,,,,100.0,68520.6825624937,,0.0,0.0,0.0,30.0
IMN,2009,,,,,,,100.0,69192.0258221691,,0.0,0.0,0.0,31.0
IMN,2010,,,,,,,100.0,70747.8417587183,,,,,
IMN,2011,,,,,,,100.0,71727.5055082703,,0.0,0.0,0.0,25.0
IMN,2012,,,,,,,100.0,77009.2978612012,,0.0,0.0,0.0,30.0
IMN,2013,,,,,,,100.0,80383.8273088527,,,,,
IMN,2014,,,,,,,100.0,84778.5806639347,,,,,
IMN,2015,,,,,,,100.0,84753.5187422732,,,,,
IMN,2016,,,,,,,100.0,90783.7647245394,,,,,
IMN,2017,,,,,,,100.0,93200.3108083857,,,,,
IMN,2018,,,,,,,100.0,95040.4061748938,,0.0,1.0,0.0,0.0
IMN,2019,,,,,,,100.0,95110.1385990737,,0.0,1.0,0.0,0.0
IMN,2020,,,,,,,100.0,86595.0676099275,,,,,
IMN,2021,,,,,,,100.0,89873.5420093569,,,,,
IMN,2022,,,,,,,100.0,86100.5672917037,,,,,
IMN,2023,,,,,,,100.0,84315.137992954,,,,,
IMN,2024,,,,,,,100.0,,,,,,
IND,1990,0.0,0.0,,,,5.93025016784668,,537.870269536103,,,,,
IND,1991,,0.0,,,,6.00928020477295,,531.898397833351,,,,,
IND,1992,0.000111,0.0,,,,,,549.235069964895,,,,,
IND,1993,0.000218,0.0,,,,,39.5803384393815,563.372872336747,,,,,
IND,1994,0.00107,0.0,,,,,37.1160057221975,588.727892180632,7.63572178656048,,,,
IND,1995,0.0262,0.007952054,,,,5.47798013687134,38.9281807323758,620.699954336366,,,,,
IND,1996,0.0463,0.033354344,,0.63905,153.94902,6.19850015640259,40.7467406400792,654.355928434052,,,,,
IND,1997,0.0708,0.08797845,,0.68669,,6.47068023681641,42.5728005846051,667.598423093399,,,,,
IND,1998,0.139,0.11703148,,0.70378,116.49341,,44.4068679660777,695.293709337082,,,,,
IND,1999,0.273,0.181096675,,0.72413,,,48.2933973590191,742.53920839812,,,,,
IND,2000,0.527532449930946,0.338124410074474,,0.75699,110.62568,9.93826007843018,49.2,756.704109533187,9.76947738527724,3.0,119.0,0.0,24043.0
IND,2001,0.660146377009928,0.606736120789472,0.0046386553577176,0.73591,,10.0273504257202,51.2,778.507377522499,,0.0,116.0,1.0,26446.0
IND,2002,1.53787558175083,1.18440192230983,0.0075081060012023,0.72567,,10.5586500167847,51.3,793.615912901002,,1.0,302.0,1.0,30908.0
IND,2003,1.68648997063625,3.01664660813064,0.0125681968302295,0.71929,,11.0576400756836,55.2,841.278894562408,,6.0,226.0,2.0,33233.0
IND,2004,1.97613649190559,4.59686532886976,0.0206867742681806,0.7569,,11.3926801681519,53.4,892.596614580718,,4.0,331.0,1.0,35399.0
IND,2005,2.388099909,7.80651670797836,0.116742672757431,0.82411,135.14649,11.1277303695679,59.3,947.732565644272,11.8794781412257,3.0,405.0,2.0,41005.0
IND,2006,2.80549986534254,14.1574719620028,0.196098678184923,0.80473,,11.9628095626831,57.3,1008.23275344818,,2.0,494.0,6.0,50783.0
IND,2007,3.95,19.620786501083,0.262875874276131,0.80507,,13.6564798355103,63.5,1069.24696812234,,5.0,540.0,5.0,58205.0
IND,2008,4.38,28.7177007907217,0.437111073178848,0.85876,,15.6485204696655,65.7,1086.50605251005,,4.0,636.0,4.0,62963.0
IND,2009,5.12,42.8461358054675,0.632032113675308,0.83314,,16.6775093078613,65.7,1155.10163273817,,13.0,817.0,4.0,71778.0
IND,2010,7.5,60.4906435106584,0.883808841093522,0.78849,156.19059,18.6971831309683,68.4,1235.15939132939,,18.0,1131.0,5.0,88028.0
IND,2011,10.07,70.8725652125021,1.05858887089543,0.75502,,23.8253684220097,72.3,1281.61054354937,26.8885498046875,26.0,1317.0,22.0,100109.0
IND,2012,11.10000038,67.6263517922249,1.17169600055105,0.74399,,24.9402082606779,72.4,1333.09626557649,,38.0,1767.0,19.0,125508.0
IND,2013,12.30000019,68.3966708179098,1.15197793176359,0.70642,,24.390638443123,76.8,1399.4537980281,,35.0,1743.0,26.0,144501.0
IND,2014,13.5,71.9366825449914,1.20020374567342,0.70158,,25.991324706788,79.4,1484.31640682961,,47.0,2265.0,26.0,166706.0
IND,2015,14.89999962,75.379332347226,1.27578595315943,0.6931,214.34935,27.2845677075978,83.4,1583.99815907985,,71.0,2607.0,47.0,173319.0
IND,2016,16.5,83.917838213735,1.38795276378032,0.66984,,27.3043573857643,85.3,1694.46534973787,,84.0,3338.0,55.0,194613.0
IND,2017,18.20000076,85.9703537817688,1.31327377028949,0.66603,,27.9090519049334,88.3,1788.69770318481,,89.0,4209.0,89.0,220597.0
IND,2018,20.0813000379384,85.5500756367908,1.3217822859385,0.66001,250.00794,28.5316865291946,93.9,1883.35772705055,32.3433494567871,206.0,6768.0,145.0,233727.0
IND,2019,29.52350044,82.898144918237,1.37913181839908,0.65942,,29.0233593907143,93.8,1936.03067741063,,380.0,9410.0,189.0,244605.0
IND,2020,43.40544313,82.2540479927426,1.63622632751685,0.64558,259.26325,29.8196397708424,95.2,1806.50110583865,31.7094497680664,716.0,15341.0,261.0,311289.0
IND,2021,49.2580986,81.603974311212,1.9487996093033,,,31.5741765984501,99.3,1965.30943437472,,1341.0,23736.0,398.0,347814.0
IND,2022,55.9,80.1818007717416,2.35231555917724,,,32.6703053423023,99.1,2098.21124476122,31.6138706207275,2159.0,33465.0,520.0,379133.0
IND,2023,60.25230026,80.5631998772888,2.74534696441771,,,34.2394344991225,99.2,2229.71491223037,41.3380012512207,3402.0,46104.0,888.0,416602.0
IND,2024,64.9434967,79.3526921826412,3.15046250037677,,,34.4184659748952,99.9,2366.8328910323,,4995.0,62070.0,1570.0,462680.0
IRL,1990,0.0,0.717283138,,,,,100.0,23456.999356198,,,,,
IRL,1991,0.0568,0.913032251,,,,,100.0,23772.5663058612,41.6716918945312,,,,
IRL,1992,0.17,1.24703581,,,,,100.0,24400.3064402451,37.1233961741897,,,,
IRL,1993,0.281,1.723214034,,,,,100.0,24932.3770542724,39.0673094798072,,,,
IRL,1994,0.558,2.472328186,,,,,100.0,26263.7091752353,39.7388798026094,,,,
IRL,1995,1.11,4.414046502,,,,,100.0,28646.8176219898,41.7083753140767,,,,
IRL,1996,2.2,8.001712355,,1.27156,1771.6011,,100.0,30518.4039336362,44.3580975828086,,,,
IRL,1997,4.09,14.9719105,,1.24271,1929.23033,,100.0,33543.9942975657,43.7158849409171,,,,
IRL,1998,8.1,25.71583674,,1.20801,2091.11026,,100.0,36105.9184837456,,,,,
IRL,1999,10.9,45.08171161,,1.15141,2111.48773,,100.0,39460.4758655009,,,,,
IRL,2000,17.8504672405807,64.7191318537258,,1.08383,2255.69685,,100.0,42599.4803921319,,0.0,24.0,0.0,5366.0
IRL,2001,23.1388121904053,76.8836295078852,,1.05194,2336.65114,50.6748008728027,100.0,44151.1536032557,,0.0,22.0,0.0,5270.0
IRL,2002,25.85,76.3661328419427,0.269827002708198,1.05575,2406.49548,53.5348014831543,100.0,45974.4881988842,,0.0,46.0,0.0,6492.0
IRL,2003,34.31,87.6548203264015,1.04684899704102,1.12435,2534.61201,55.8461685180664,100.0,46594.8620267616,54.9644147202228,1.0,54.0,0.0,6881.0
IRL,2004,36.99,94.9321014130619,3.74071829661314,1.17778,2735.33169,58.9219093322754,100.0,48856.3238587396,56.3179173029456,0.0,75.0,0.0,8058.0
IRL,2005,41.61,102.760725861337,7.76120236306351,1.19197,2821.26494,58.8693199157715,100.0,50547.2123729763,,0.0,92.0,0.0,9570.0
IRL,2006,54.82,109.870670248019,13.1583324314359,1.19887,2895.65117,58.4411811828613,100.0,51656.8194855887,66.2151718139648,1.0,87.0,0.0,10879.0
IRL,2007,61.158324551,113.137687313091,17.2691420282585,1.23409,2929.08877,58.3019905090332,100.0,52849.6948429458,66.4641189575195,0.0,80.0,0.0,11595.0
IRL,2008,65.34,112.530720581971,19.8672135236767,1.39126,3256.66919,54.0174713134766,100.0,49461.1594281353,62.9029172946846,0.0,62.0,1.0,12794.0
IRL,2009,67.38,103.766086014409,21.5358272794807,1.61371,3139.86576,56.503978729248,100.0,46466.3794269222,64.1364022947619,1.0,80.0,5.0,14206.0
IRL,2010,69.85,103.123305579196,22.3721452573765,1.59425,3116.61747,63.1264381408691,100.0,46991.6464673949,66.5854721069336,0.0,85.0,1.0,15411.0
IRL,2011,74.8899729670944,107.134899495633,23.3814204815178,1.53761,3341.4018,67.7985916137695,100.0,47539.9181739968,66.3703002929688,2.0,74.0,0.0,16711.0
IRL,2012,76.919992540097,108.989828987516,24.1750019347271,1.5455,4873.66344,68.1972503662109,100.0,47147.1604669421,67.7619437749107,2.0,104.0,1.0,16909.0
IRL,2013,78.2477,105.53780299895,25.7144376937159,1.53562,5141.73776,71.6995468139648,100.0,47928.0346487005,69.4219421933157,0.0,83.0,2.0,17383.0
IRL,2014,83.4917223351728,105.460883393918,27.0221858517779,1.47756,5290.95054,73.813232421875,100.0,52044.6201181887,73.1518320316997,3.0,106.0,1.0,17847.0
IRL,2015,83.4947916666667,104.242903808134,27.8462651784045,1.14062,5242.06636,77.2321472167969,100.0,64250.1385181257,73.4491260847135,3.0,103.0,3.0,19166.0
IRL,2016,83.5,102.558386941167,28.6147710435862,1.14954,5143.85544,77.5571365356445,100.0,64205.979777351,73.6150838402534,2.0,166.0,3.0,21783.0
IRL,2017,84.1140070623844,101.842124574945,29.0794615926246,1.20821,5114.19434,77.5191116333008,100.0,69748.6221034014,70.7767715454102,7.0,234.0,7.0,21403.0
IRL,2018,87.0001401148942,102.030494877842,29.3513301848147,1.08244,4656.77702,76.7604675292969,100.0,74029.0550611436,75.2761545483232,5.0,393.0,7.0,22494.0
IRL,2019,87.0000552425146,104.597515228061,29.6453160652366,1.13733,4961.4389,74.444580078125,100.0,76485.635854651,75.9404571887024,21.0,591.0,10.0,24750.0
IRL,2020,91.99989097,105.045612677382,30.4353384554187,1.12466,5196.11055,74.1961975097656,100.0,80927.936475395,77.577917817579,24.0,840.0,6.0,30213.0
IRL,2021,93.50610352,106.86972424373,31.3616427884193,1.0732,5213.43167,78.4613265991211,100.0,92781.2322150786,79.6562273497351,41.0,1125.0,14.0,30296.0
IRL,2022,95.03690338,110.608851322579,31.5362809040128,1.53215,5554.98837,77.5933380126953,100.0,97793.5366671697,80.3261086296084,45.0,1227.0,21.0,28814.0
IRL,2023,96.8660965,110.798344311602,31.8907830651788,1.58829,5752.79698,,100.0,93541.9643678381,82.9957893963692,64.0,1688.0,23.0,31051.0
IRL,2024,97.18769836,112.638817343502,32.3023693358176,,,,100.0,94474.9879707069,,102.0,1992.0,22.0,30382.0
IRN,1990,0.0,0.0,,,,,,3222.20102704479,,,,,
IRN,1991,,0.0,,,,,,3534.65396417255,,,,,
IRN,1992,,0.0,,,,,,3579.73221786246,,,,,
IRN,1993,,0.0,,,,,,3514.51966574661,,,,,
IRN,1994,0.000408,0.015336976,,,,,,3448.25956881527,,,,,
IRN,1995,0.00418,0.026156838,,,,17.3369598388672,,3492.17204969482,,,,,
IRN,1996,0.0158,0.097351589,,,,18.9632396697998,,3674.0326860276,,,,,
IRN,1997,0.0468,0.382426321,,,,,,3679.27534912962,,,,,
IRN,1998,0.0998,0.614505622,,,,,,3704.56563043092,,,,,
IRN,1999,0.379,0.760728883,,,,18.7925605773926,,3725.31745828772,,,,,
IRN,2000,0.934190019959829,1.44928400315941,0.0002649857775659,,,18.780179977417,94.2,3885.30183360649,,0.0,24.0,0.0,2508.0
IRN,2001,1.48422133163363,3.09457517237627,0.0009799560443014,0.50218,,19.4918804168701,94.7,3917.29935489016,,0.0,27.0,0.0,2540.0
IRN,2002,4.62617511492205,3.35112316675179,0.0237769252431915,0.49558,,18.2758693695068,94.9,4198.95356080727,,0.0,94.0,0.0,3964.0
IRN,2003,6.93372195304053,5.01659024210498,0.0271923505445886,0.59484,,19.4057903289795,95.2,4511.43134034458,,0.0,102.0,0.0,5237.0
IRN,2004,7.49,7.22451487493309,,0.50453,,21.3706798553467,95.4,4607.45169088209,,1.0,147.0,0.0,6979.0
IRN,2005,8.100000381,11.8483865482002,,0.62284,,22.6841907501221,95.7,4650.35841490708,,0.0,236.0,1.0,9255.0
IRN,2006,8.760000229,20.9629556446497,0.136253245841854,0.55921,695.93817,25.3070392608643,95.0,4778.7934584732,43.3536605834961,2.0,320.0,0.0,13220.0
IRN,2007,9.470000267,39.9047497616975,0.268086998734951,,,29.8213806152344,96.2,5084.71796043623,,6.0,361.0,0.0,16633.0
IRN,2008,12.02,56.9429295712367,0.397276252822582,0.64647,723.09305,36.1939392089844,96.6,5035.94008533618,39.1346702575684,6.0,495.0,4.0,21419.0
IRN,2009,13.80000019,68.7372417407898,0.52316424120095,0.27258,687.77269,36.4833183288574,99.0,5023.89314362941,,8.0,580.0,2.0,25422.0
IRN,2010,15.9,69.8155207353596,1.27555962256262,0.26442,712.4395,42.5482215881348,98.3,5249.06133369759,42.4855918884277,13.0,758.0,2.0,31973.0
IRN,2011,19.0,71.4983841389879,2.70427494282669,,,48.0596084594727,98.3,5321.75870744453,,23.0,1011.0,6.0,43279.0
IRN,2012,22.73,73.2734207057577,4.79231977390111,0.29435,667.69317,53.9002494812012,98.4,5058.64637811835,44.2371215820312,24.0,1082.0,9.0,49746.0
IRN,2013,29.95,81.1371930246672,6.41817590383926,0.23601,650.49973,56.4632682800293,99.4,4916.97291948475,46.3118515014648,27.0,1117.0,1.0,54618.0
IRN,2014,39.353614505223,84.5268986808859,7.53995804645147,,,64.4999084472656,100.0,5093.20319702187,46.9528312683105,31.0,1126.0,4.0,62996.0
IRN,2015,45.3349761533285,89.8322296412795,7.99892645019457,0.39383,789.46238,70.6858520507812,99.8,4952.73355532178,,40.0,1292.0,6.0,69385.0
IRN,2016,53.2267716709857,96.0721972454902,9.07810254131414,,,67.9112319946289,99.8,5312.61724954192,48.3857688903809,57.0,1352.0,10.0,77023.0
IRN,2017,64.0439736249513,102.375956866471,10.1144035205672,0.75983,1409.14676,66.351448059082,99.8,5395.2398398598,,67.0,1592.0,9.0,82152.0
IRN,2018,70.2005650008363,103.024273741245,11.3875742908004,,,60.8611488342285,100.0,5127.22495367018,,78.0,1768.0,14.0,87070.0
IRN,2019,72.4509047672065,135.622267599115,9.90926903532027,0.78829,1588.4273,58.1169509887695,100.0,4952.45669081078,43.5208768726151,98.0,2359.0,13.0,94136.0
IRN,2020,75.56986637,145.485569917724,10.9026671467968,,,55.6366691589355,100.0,5132.82430762118,43.6943716257169,133.0,3228.0,21.0,106670.0
IRN,2021,78.5957366,153.624638869213,12.068102546673,0.72665,2239.74005,54.3051986694336,100.0,5300.62271961895,44.3300410403442,178.0,3910.0,17.0,106624.0
IRN,2022,81.71649933,162.712943709127,12.2102486068411,,,58.6838607788086,100.0,5465.31447539413,44.9426910756407,205.0,4327.0,31.0,92086.0
IRN,2023,83.71050262,166.279821209677,12.0205942239083,,,,100.0,5687.84396268742,45.6780998222298,208.0,5021.0,32.0,87974.0
IRN,2024,85.3404007,174.066388972063,12.0603874696566,,,,100.0,5834.44296939863,,238.0,6065.0,45.0,89783.0
IRQ,1990,0.0,0.0,,,,,,3526.57925126853,,,,,
IRQ,1991,,0.0,,,,,,1254.63057385597,,,,,
IRQ,1992,,0.0,,,,,,1615.03903542774,,,,,
IRQ,1993,,0.0,,,,,,2005.56353164115,,,,,
IRQ,1994,,0.0,,,,,,1985.79691950682,,,,,
IRQ,1995,,0.0,,,,,,1961.09255088499,,,,,
IRQ,1996,,0.0,,,,,,2108.82328338114,,,,,
IRQ,1997,,0.0,,,,,,2478.84310444349,,,,,
IRQ,1998,,0.0,,,,,,3242.95733892317,,,,,
IRQ,1999,,0.0,,,,11.6204996109009,,3691.74051342189,,,,,
IRQ,2000,,0.0,,,,12.0502004623413,91.3,4172.78025105244,,0.0,0.0,0.0,189.0
IRQ,2001,0.1,0.0,,,,,91.8,4116.09405320279,,0.0,0.0,0.0,131.0
IRQ,2002,0.5,0.076903676491765,,,,12.6159200668335,92.2,3660.92527507177,,0.0,1.0,0.0,207.0
IRQ,2003,0.6,0.298477848783585,,,,,92.6,2250.06990123369,,0.0,0.0,0.0,185.0
IRQ,2004,0.9,2.0813784149745,,,,15.5104904174805,93.0,3354.26588756715,,0.0,7.0,0.0,232.0
IRQ,2005,0.899999976,5.39647208013898,,,,15.5580997467041,93.4,3310.86344473993,,0.0,16.0,0.0,692.0
IRQ,2006,0.95234424383919,32.6572645201556,9.08566259727993e-05,,,,93.4,3471.98744698568,,0.0,17.0,0.0,838.0
IRQ,2007,0.93,49.3851299082859,0.0003451724307116,0.04554,370.8675,,95.3,3565.58054079041,22.1656568198507,0.0,22.0,0.0,996.0
IRQ,2008,1.0,60.5052577339657,0.0001863930582254,0.03435,391.66134,,94.6,3781.78001712762,,0.0,27.0,0.0,1404.0
IRQ,2009,1.06,66.9264027267629,0.0004025523013582,0.04562,407.43142,,95.0,3768.17284328983,,0.0,43.0,0.0,1929.0
IRQ,2010,2.5,74.9368134361824,0.010040145766038,0.03684,420.64715,,95.5,3881.94327045302,,0.0,61.0,0.0,2428.0
IRQ,2011,5.0,79.346611020706,,0.03476,429.8312,,93.5,4030.01686860986,,2.0,55.0,0.0,2613.0
IRQ,2012,7.099999905,79.5011903487766,,,,,98.4,4387.90469058707,,1.0,65.0,0.0,3539.0
IRQ,2013,9.199999809,91.9732728220056,,,,,96.9,4504.82687537354,29.7240600585938,1.0,93.0,0.0,4541.0
IRQ,2014,11.6453267304545,90.2871319578445,,0.03835,66.44057,,97.5,4446.97343234862,,0.0,108.0,0.0,4667.0
IRQ,2015,15.21440029,89.3464376905175,,0.04017,63.15466,,98.2,4440.14189252367,,4.0,88.0,1.0,5221.0
IRQ,2016,19.87719917,86.9439155206782,,0.03737,62.30752,,98.8,4932.9272911439,,2.0,127.0,0.0,6485.0
IRQ,2017,25.96920013,84.9464629712121,10.910523135606,0.04596,102.2908,,99.6,4736.32710809857,,3.0,162.0,1.0,9103.0
IRQ,2018,33.92810059,90.7159740030354,11.1567326014866,0.04279,107.3521,,99.9,4749.00921836896,23.3806190490723,5.0,272.0,2.0,12256.0
IRQ,2019,44.3263465511579,90.3685290100393,11.0677657654898,0.03266,118.26846,,100.0,4898.14897668582,,3.0,448.0,2.0,16550.0
IRQ,2020,53.67779922,88.9799284628949,14.8494851377503,0.04053,136.59963,,100.0,4213.99843766061,,15.0,728.0,5.0,20771.0
IRQ,2021,65.00219727,94.6092832170426,14.8275236561145,0.0407,164.28484,,100.0,4182.50064045825,22.9285941572865,40.0,1201.0,4.0,25985.0
IRQ,2022,78.71560926,99.1323661916548,14.4912960130678,,,,100.0,4412.99733146512,,77.0,1809.0,9.0,32452.0
IRQ,2023,81.80889893,101.388721479182,17.2312565041583,,,,100.0,4337.0870532422,,92.0,2633.0,24.0,39046.0
IRQ,2024,81.47450256,100.080276677726,17.6333290365333,,,,100.0,4180.29619477317,,194.0,3797.0,54.0,39803.0
ISL,1990,0.0,3.92519773,,,,25.3219699859619,100.0,37302.8060599712,,,,,
ISL,1991,0.505,4.99591071,,,,25.3714694976807,100.0,36790.4868486955,,,,,
ISL,1992,1.54,5.837435218,,,,30.0962295532227,100.0,35105.2870333046,,,,,
ISL,1993,2.67,6.596017156,,,,27.5019397735596,100.0,35206.5664833565,,,,,
ISL,1994,6.79,8.205496124,,,,33.6896896362305,100.0,36162.2911509183,,,,,
ISL,1995,11.2,11.53724022,,,,35.5167617797852,100.0,36008.5846495164,,,,,
ISL,1996,14.8,17.39083586,,,3320.88313,35.7354316711426,100.0,37425.5142753793,,,,,
ISL,1997,27.5,24.08938811,,1.79808,4967.78663,37.4768981933594,100.0,38657.2763911898,,,,,
ISL,1998,36.3,38.01884901,,1.95098,5191.01854,39.2137908935547,100.0,40926.715820447,,,,,
ISL,1999,41.3,62.17501243,0.029175942,2.23507,5720.28444,41.3102912902832,100.0,42010.9376256893,54.1742513430811,,,,
ISL,2000,44.470533824288,76.3993174061433,0.838310580204778,2.57201,,45.9174499511719,100.0,43472.3369951306,52.969465710036,0.0,1.0,1.0,439.0
ISL,2001,49.3929953676426,87.0473210245112,3.65686381129123,2.83989,6560.18798,46.9373588562012,100.0,44545.9822738464,53.6950559567751,0.0,0.0,0.0,499.0
ISL,2002,79.12,90.5534288108426,8.43859850420887,2.8212,,52.6091117858887,100.0,44389.5560604909,56.3224374982045,0.0,12.0,0.0,588.0
ISL,2003,83.14,96.5694653061929,14.3543792406899,2.7055,6643.65474,60.0269813537598,100.0,45088.9226082383,57.6748004126848,0.0,5.0,0.0,624.0
ISL,2004,83.88,99.2812354535747,19.0862791270776,,,66.5821762084961,100.0,48101.7116415743,57.2231597681077,0.0,2.0,0.0,662.0
ISL,2005,87.0,95.3758666460042,26.2830403525203,2.67969,7337.75322,69.8324279785156,100.0,50674.4411406649,60.7412605285645,0.0,6.0,0.0,700.0
ISL,2006,89.51,99.357628490756,28.8731513719502,2.85265,7999.30666,72.9682083129883,100.0,52306.128485789,,0.0,2.0,0.0,812.0
ISL,2007,90.6,104.635634090698,32.0955171008596,2.53294,7175.58294,73.1370162963867,100.0,55457.3601614503,61.215638185032,0.0,0.0,0.0,889.0
ISL,2008,91.0,106.112486378553,33.3897088002419,2.46413,7313.20175,73.5754699707031,100.0,55360.8136012406,61.6587814346148,0.0,7.0,0.0,1047.0
ISL,2009,93.0,106.62341656937,33.6057650057123,2.59713,7841.17942,72.4675521850586,100.0,50581.0846167336,63.2554556935402,0.0,14.0,0.0,1197.0
ISL,2010,93.39,107.203653530636,34.3263410003835,,,78.5030899047852,100.0,49528.4864733411,63.7499895581134,0.0,9.0,0.0,1386.0
ISL,2011,94.8196868008949,107.817332368231,34.9642943312747,2.40366,7088.82137,79.9194183349609,100.0,50058.8302665144,67.8225456017772,0.0,8.0,0.0,1478.0
ISL,2012,96.2097995545657,109.747195651429,35.3508435642577,,,79.5824813842773,100.0,50375.4117054195,68.8011019986055,0.0,9.0,0.0,1536.0
ISL,2013,96.5468,109.997066860151,36.2681198573568,1.69237,5739.72216,78.3723907470703,100.0,51696.0876507326,69.7764683538542,0.0,5.0,0.0,1644.0
ISL,2014,98.1580233097118,112.987310388627,36.5320965338675,1.93616,,80.3950881958008,100.0,52102.575810195,71.1443688989934,0.0,7.0,0.0,1797.0
ISL,2015,98.19999695,116.004435688559,37.5994101863714,2.18137,,75.6419982910156,100.0,53505.6964079339,72.3824231405193,0.0,12.0,1.0,1968.0
ISL,2016,98.23999786,119.679414972554,38.150452657238,2.11011,,74.7006301879883,100.0,56049.2928672039,76.0004157666148,0.0,12.0,0.0,2077.0
ISL,2017,98.2552011867973,116.796155223255,39.1883119718453,2.08365,5979.72684,71.3372497558594,100.0,56657.9800322797,74.9651123648725,0.0,11.0,0.0,2236.0
ISL,2018,99.0109539916991,116.581078859812,39.1065426493677,2.00081,5645.66563,69.3402328491211,100.0,57731.6523639512,75.6547422497294,0.0,20.0,0.0,2395.0
ISL,2019,99.5049411693787,114.623232603271,38.6029941779872,2.34018,,70.6093521118164,100.0,57118.8452777198,73.8671493530273,0.0,42.0,0.0,2571.0
ISL,2020,99.5327519,114.939418571031,38.6826471438625,2.4864,,74.5906066894531,100.0,52464.3073240589,74.1449813842773,1.0,57.0,0.0,2831.0
ISL,2021,99.68701957,117.34255750797,38.4077027940877,2.78171,6941.30115,86.5232086181641,100.0,54285.0209203242,79.7339835426261,1.0,69.0,0.0,3129.0
ISL,2022,97.58339691,120.114839781678,37.4212579793667,2.60089,6863.54747,84.985237121582,100.0,57626.2533717585,79.1714880156996,2.0,108.0,0.0,3173.0
ISL,2023,97.94860077,121.475495280706,37.4245919320463,2.64005,5952.52033,76.5200729370117,100.0,59951.7537739692,80.1642544387572,3.0,116.0,0.0,3467.0
ISL,2024,98.209198,120.927513243653,37.5242757933482,,,,100.0,59053.5648370451,,7.0,137.0,1.0,3271.0
ISR,1990,0.111,0.317284907,,,,,100.0,22396.3023419926,,,,,
ISR,1991,0.215,0.465322169,,,,,100.0,22717.7744150266,,,,,
ISR,1992,0.311,0.710794293,,,,,100.0,23649.0394737135,,,,,
ISR,1993,0.399,1.236984936,,,,,100.0,23976.7431106567,,,,,
ISR,1994,0.577,2.495654932,,,,,100.0,25099.3242920961,,,,,
ISR,1995,0.93,8.130637479,,,,,100.0,26052.1113890118,,,,,
ISR,1996,2.17,18.66517808,,2.4753,,,100.0,26861.1743305822,,,,,
ISR,1997,4.4,29.11996501,,2.69533,,,100.0,27144.221603813,,,,,
ISR,1998,10.3,36.57890002,,2.80723,,,100.0,27618.7744807547,,,,,
ISR,1999,13.4,48.04734265,,3.21199,,,100.0,27809.7288829095,,,,,
ISR,2000,20.8737899981674,71.9990705574528,,3.81316,,,100.0,29411.4999428787,,2.0,56.0,3.0,13441.0
ISR,2001,17.3786238639049,87.8695977081084,0.700720864692582,4.05338,,51.1147117614746,100.0,28804.0396341969,,1.0,55.0,1.0,13939.0
ISR,2002,17.7645990630493,98.6268652977901,3.62669309237099,3.99197,,55.8358116149902,100.0,28186.5548167752,,1.0,113.0,4.0,17160.0
ISR,2003,19.5933936579649,101.776875263347,9.73577617095352,3.76142,,55.2073287963867,100.0,28079.3253966943,,0.0,51.0,1.0,17183.0
ISR,2004,22.7704855254035,109.173998769782,14.8146199740079,3.74703,,54.5026702880859,100.0,28870.0080868057,51.7461585998535,1.0,63.0,0.0,17460.0
ISR,2005,25.19400024,115.290762500435,18.2756889429366,3.91123,,55.645191192627,100.0,29600.1467243332,,0.0,57.0,0.0,17476.0
ISR,2006,27.8810997,122.789680118386,20.7626147861378,4.01416,,54.7331390380859,100.0,30707.435814097,,2.0,87.0,3.0,19252.0
ISR,2007,48.1280621948445,127.857199795187,21.9534632539815,4.28533,,57.3098487854004,100.0,32071.3107404162,76.7632522583008,1.0,100.0,1.0,19490.0
ISR,2008,59.39,126.817477148287,23.7765120816873,4.24165,,56.7789001464844,100.0,32519.7624461575,,2.0,81.0,1.0,21218.0
ISR,2009,63.12,125.199553267123,23.9103114918258,4.01799,,59.5300903320312,100.0,32139.1146490917,77.3414306640625,2.0,77.0,1.0,21553.0
ISR,2010,67.5,124.183304971489,24.0161325167121,3.8421,,62.1285705566406,100.0,33307.1044316197,77.5900268554688,1.0,89.0,2.0,21950.0
ISR,2011,68.8738779907441,123.142439797067,25.1508929901568,3.91608,,62.7604484558105,100.0,34499.9509262825,78.5398788452148,1.0,91.0,0.0,22827.0
ISR,2012,70.8,121.257449610793,25.460778308521,4.06028,,64.2354736328125,100.0,34685.0915981013,80.2942428588867,0.0,110.0,3.0,23899.0
ISR,2013,70.250311945,122.590468216873,25.8472324040417,4.10651,,62.6519393920898,100.0,35436.2912873273,80.6550827026367,1.0,121.0,7.0,25721.0
ISR,2014,75.0177531628076,120.296120931284,26.9843193373229,4.19613,,62.6224403381348,100.0,36055.08530225,81.2331619262695,0.0,161.0,2.0,26377.0
ISR,2015,77.3520896572253,131.256932278377,26.9840410445519,4.29761,,61.6271781921387,100.0,36138.13561386,81.4417495727539,2.0,214.0,4.0,27430.0
ISR,2016,79.6531241815281,128.745353991867,27.5030283172787,4.59051,,61.4426498413086,100.0,37044.0118623764,83.4110342871499,3.0,296.0,2.0,29420.0
ISR,2017,81.5811835871611,126.049460421008,28.00833361537,4.74032,,60.3434600830078,100.0,37911.0217281157,83.5603956598591,3.0,406.0,2.0,29429.0
ISR,2018,83.7331569615326,125.733440171505,28.6131707306182,4.91965,,58.6109886169434,100.0,38695.0100079706,83.4947652258031,4.0,633.0,8.0,30930.0
ISR,2019,86.7878776180583,135.143345507015,28.6567652412239,5.35528,,57.4564514160156,100.0,39322.038041422,84.160980699956,17.0,908.0,10.0,33078.0
ISR,2020,90.12734091,139.425860895034,29.5678161933081,5.83209,,57.633861541748,100.0,37938.3809354755,85.1860986605197,22.0,1243.0,16.0,38414.0
ISR,2021,90.29689758,139.775312861878,29.7078785417387,5.75725,,60.2585487365723,100.0,40788.2391785198,85.1933431691201,26.0,1479.0,14.0,38984.0
ISR,2022,91.85079615,151.1379631075,29.1676695245416,6.17831,,58.9500617980957,100.0,42539.2748766689,81.4641723632812,34.0,1405.0,13.0,35969.0
ISR,2023,87.03842615,153.336641345572,29.4357235504327,6.34589,,57.143440246582,100.0,42131.7415675806,85.2285604384473,28.0,1603.0,14.0,38265.0
ISR,2024,88.18242225,177.393104798636,29.1837101461688,,,56.2561111450195,100.0,41882.0474698252,,49.0,1813.0,10.0,35295.0
ITA,1990,0.0175,0.468668283,,,,,100.0,27625.1792306413,,,,,
ITA,1991,0.0351,1.000097034,,,,,100.0,28030.7653841073,,,,,
ITA,1992,0.0701,1.377716182,,,,,100.0,28245.4271054692,27.7028414791568,,,,
ITA,1993,0.122,2.122712485,,,,,100.0,27987.4328969281,27.571764737149,,,,
ITA,1994,0.192,3.937850938,,,,,100.0,28583.6255328648,29.4426758057367,,,,
ITA,1995,0.524,6.896354594,,,,,100.0,29408.3209572297,30.6560823168706,,,,
ITA,1996,1.02,11.2866712,,0.94421,1337.61364,,100.0,29795.6597750915,31.8310086440343,,,,
ITA,1997,2.28,20.61965576,,0.98522,1148.96073,,100.0,30353.3778243995,33.3357524284392,,,,
ITA,1998,4.56,35.98428894,,1.00275,1142.51929,,100.0,30892.1758654455,36.3299776791527,,,,
ITA,1999,14.4,53.20214913,,0.97865,1137.5056,,100.0,31405.2609007683,37.8789184034668,,,,
ITA,2000,23.1108742441037,73.7635413875173,0.20079551341108,1.00104,1154.70198,,100.0,32609.66746283,39.3976534037715,0.0,266.0,1.0,45039.0
ITA,2001,27.2221169788811,89.4255655975944,0.680559859951251,1.03714,1164.25597,53.4531898498535,100.0,33243.599343976,35.4443511962891,2.0,264.0,2.0,47036.0
ITA,2002,28.04,94.3911654884722,1.48030425581552,1.07704,1242.88215,56.3153915405273,100.0,33267.4474482048,36.591332952981,4.0,906.0,2.0,61200.0
ITA,2003,29.04,98.3205679683228,3.89679897707815,1.05539,1222.71837,60.0055885314941,100.0,33110.1698494812,38.7708842111695,3.0,549.0,2.0,62362.0
ITA,2004,33.24,107.860980448921,8.12094346025382,1.04662,1242.48468,63.3327293395996,100.0,33348.9744820456,39.6440979473887,8.0,400.0,2.0,64982.0
ITA,2005,35.0,122.181092098347,11.6579729835562,1.04057,1412.59398,65.3270263671875,100.0,33407.6754716472,40.4973793029785,2.0,440.0,3.0,69316.0
ITA,2006,37.99,136.871374454418,14.4626057407447,1.07903,1507.90404,67.2835083007812,100.0,33873.0493680093,41.4056587219238,3.0,567.0,6.0,77610.0
ITA,2007,40.79,151.925130505279,17.1245900774031,1.12421,1579.89282,68.8725967407227,100.0,34159.9109244074,43.0896492004395,7.0,531.0,5.0,81964.0
ITA,2008,44.53,151.676369660737,18.9320738480128,1.15548,1613.51417,67.5799865722656,100.0,33550.6340800063,43.9995613098145,6.0,533.0,5.0,90500.0
ITA,2009,48.83,150.295257362571,20.1731687077376,1.21261,1703.84695,66.9516296386719,100.0,31587.0638416305,44.7269515991211,3.0,596.0,10.0,96169.0
ITA,2010,53.68,155.684057564253,21.7704634480966,1.21296,1722.66807,65.3790435791016,100.0,31928.5543621096,45.5006904602051,7.0,597.0,7.0,99507.0
ITA,2011,54.3899983018814,159.092737727414,22.393878996579,1.19531,1760.64483,64.2492523193359,100.0,32039.5032494316,46.1607398986816,10.0,643.0,10.0,105779.0
ITA,2012,55.829997993283,160.558717223582,22.7375144996784,1.25559,1831.34278,62.3447418212891,100.0,30953.4147447427,47.2840003967285,11.0,669.0,11.0,114958.0
ITA,2013,58.4593,159.698153133449,23.1031860985354,1.29425,1916.30366,60.8925285339355,100.0,30330.0221599668,47.9796392254295,11.0,731.0,15.0,124575.0
ITA,2014,55.6384602242293,148.21699121216,23.7083714537202,1.33148,1947.34437,60.8831481933594,100.0,30325.0287793923,48.6404800415039,11.0,689.0,7.0,129799.0
ITA,2015,58.1417349568747,144.763979440074,24.5977602494059,1.33213,2075.80841,60.941291809082,100.0,30639.8829751432,49.1525802612305,15.0,900.0,30.0,136037.0
ITA,2016,61.3242527666303,142.127307324616,25.7337403103573,1.35915,2209.59265,61.3571014404297,100.0,31077.6792675211,50.110688132462,14.0,1107.0,31.0,140864.0
ITA,2017,63.0773469984291,138.882433107903,27.4652917045411,1.36393,2322.42382,62.69580078125,100.0,31635.52277108,51.0024600542183,26.0,1515.0,45.0,146456.0
ITA,2018,74.3871829234822,138.264671531909,28.4648521996575,1.41934,2524.31271,64.4753265380859,100.0,31963.6417148824,52.001371763722,33.0,2253.0,60.0,152687.0
ITA,2019,67.8507102874836,132.181234381376,29.0544644701951,1.45558,2670.65345,65.6895065307617,100.0,32180.4341017428,52.6440248259532,76.0,3331.0,117.0,169892.0
ITA,2020,70.48342785,129.49000571147,30.2586365187027,1.49869,2614.68181,68.7231063842773,100.0,29469.7989238626,52.4560317993164,109.0,4987.0,165.0,194267.0
ITA,2021,74.8623274,130.781488497698,31.2852927413407,1.41065,2658.8949,71.2745208740234,100.0,32267.7091050201,52.4379031321488,178.0,6768.0,121.0,198912.0
ITA,2022,85.06074504,131.673965640047,31.19136706407,1.36563,2795.53412,73.8962097167969,100.0,33891.8866526216,52.7956326851944,233.0,8036.0,149.0,195573.0
ITA,2023,87.0278292,131.871674517747,31.8410876819321,1.37935,2855.12509,75.9496536254883,100.0,34221.7182928271,55.2703601822563,318.0,10107.0,192.0,208381.0
ITA,2024,89.2207202,132.575141676252,31.7807732477772,,,,100.0,34508.1235191237,,454.0,11994.0,248.0,199772.0
JAM,1990,0.0,0.0,,,,,58.817856560186,4773.62848195303,,,,,
JAM,1991,,0.101456672,,,,6.82577991485596,68.4606618121506,4960.83040580996,,,,,
JAM,1992,,0.313319702,,,,6.77873992919922,69.4007157837742,5008.12883358686,,,,,
JAM,1993,,0.618975853,,,,,70.3460139806177,5423.3508419918,,,,,
JAM,1994,0.0368,1.050889186,,,,,71.2988874982941,5442.16740407801,,,,,
JAM,1995,0.109,1.798776746,,,,,72.2606688840029,5514.51252836665,,,,,
JAM,1996,0.591,2.157216212,,,,,78.8237429095775,5455.19334658148,,,,,
JAM,1997,0.798,2.583021064,,,,,74.2208000080661,5343.48049225757,,,,,
JAM,1998,1.98,3.051502251,,,,,75.2237729277012,5174.28295609468,,,,,
JAM,1999,2.36,5.561363032,,,,8.55788993835449,80.3531418798195,5187.99579646328,,,,,
JAM,2000,3.11577802729967,14.0711841971052,,,,13.8694095611572,77.4,5197.39692210665,,0.0,1.0,0.0,203.0
JAM,2001,3.8630203874764,22.7795045196946,0.123266129477828,0.0491,,16.0548496246338,82.3,5234.02744397806,,0.0,1.0,0.0,241.0
JAM,2002,6.1,47.1479664254563,0.340835243273048,0.06096,,16.8487892150879,80.2,5305.87658697244,,0.0,0.0,0.0,318.0
JAM,2003,7.8,59.336985338153,0.338775957296161,,,18.8019199371338,80.1,5467.17406988236,,0.0,0.0,0.0,256.0
JAM,2004,10.0,68.7648682277877,1.01039396008944,,,18.9983196258545,81.0,5507.20135110043,,0.0,3.0,0.0,321.0
JAM,2005,12.80000019,73.7408013052154,1.6746890474592,,,17.27659034729,81.9,5525.73577833713,,0.0,1.0,0.0,321.0
JAM,2006,16.39999962,84.2161032637188,2.52661268108323,,,17.2686595916748,82.8,5656.66803579988,,0.0,0.0,0.0,383.0
JAM,2007,21.10000038,98.9141056820694,3.41838013118137,,,,83.8,5710.53878446758,,0.0,3.0,0.0,372.0
JAM,2008,23.6,99.9151757296924,3.57065417783379,,,22.3192901611328,83.4,5639.58974873397,49.1393673456921,0.0,0.0,0.0,396.0
JAM,2009,24.3,108.003887475132,4.09942290723951,,,22.2321395874023,85.7,5372.14234169511,49.6442362490526,0.0,2.0,0.0,514.0
JAM,2010,27.67,115.769193267185,4.24530155339071,,,25.3770890609495,88.0,5271.57221477938,50.5329003781205,0.0,1.0,0.0,486.0
JAM,2011,37.438613414848,106.698112729098,4.28434186055105,,,24.7684625492773,84.5,5339.62170188798,54.7658392927122,0.0,3.0,0.0,527.0
JAM,2012,33.79,97.9262957044903,4.43820042345524,,,27.0686781072538,88.1,5284.00852557589,55.7065467839813,0.0,3.0,0.0,557.0
JAM,2013,37.1,102.24554700295,5.05861470775989,,,25.6212147817614,90.7,5289.88438546111,55.3835526277341,0.0,1.0,0.0,550.0
JAM,2014,40.4027351046672,107.579098909745,5.42475361959861,,,,89.2,5307.19165380801,56.6007359598254,0.0,3.0,0.0,611.0
JAM,2015,42.2212211907441,111.942013905986,8.1672514945403,,,26.2334142821948,91.1,5339.30718256806,,0.0,2.0,0.0,783.0
JAM,2016,44.3668563671334,116.279104528073,10.1806638279094,,,,93.0,5472.28314023034,58.9187738782629,1.0,5.0,0.0,571.0
JAM,2017,55.0720670507751,109.782709062265,8.49218897606476,,,,94.3,5586.1365723133,59.9722940113587,0.0,6.0,0.0,598.0
JAM,2018,68.2145170876072,105.137305560766,10.0973831751177,,,,95.9,5717.87621107532,61.1470448981011,0.0,6.0,0.0,536.0
JAM,2019,70.8410169743356,107.105304450051,11.2602367962551,,,,97.6,5814.79275311692,62.6419679446274,0.0,22.0,0.0,632.0
JAM,2020,76.38400269,101.50208125864,13.6219905826712,,,,99.3,5317.84145033966,,2.0,16.0,0.0,703.0
JAM,2021,82.36071561,102.38666630017,14.5717525783368,,,,100.0,5607.45378253877,63.8942757453239,3.0,18.0,0.0,788.0
JAM,2022,85.84329987,105.762018411183,14.9601781381994,,,,100.0,5965.46127464873,56.3655204772949,1.0,19.0,1.0,712.0
JAM,2023,89.47304282,115.092228780619,15.7852035329423,,,,96.5,6127.90771263434,,1.0,28.0,0.0,728.0
JAM,2024,90.10870361,117.693907561175,15.981614377416,,,,95.7,6096.4327030963,,0.0,29.0,0.0,764.0
JEY,2001,,,,,,,,,,0.0,0.0,0.0,14.0
JEY,2002,,,,,,,,,,0.0,0.0,0.0,11.0
JEY,2003,,,,,,,,,,0.0,0.0,0.0,13.0
JEY,2005,,,,,,,,,,0.0,0.0,0.0,14.0
JEY,2006,,,,,,,,,,0.0,0.0,0.0,25.0
JEY,2008,,,,,,,,,,0.0,0.0,0.0,24.0
JEY,2009,,,,,,,,,,0.0,0.0,0.0,18.0
JEY,2011,,,,,,,,,,0.0,0.0,0.0,40.0
JOR,1990,0.0,0.041343601,,,,19.6618995666504,90.1188668356286,3496.48977109386,,,,,
JOR,1991,,0.039875856,,,,19.5192108154297,93.4891651235119,3286.63559783063,,,,,
JOR,1992,,0.03780819,,,,19.4466094970703,93.4762080825704,3564.73934155579,,,,,
JOR,1993,,0.035723408,,,,19.5052795410156,93.4717608605831,3535.94786061685,,,,,
JOR,1994,,0.03379953,,,,18.2145004272461,93.4850279490451,3538.09885361169,,,,,
JOR,1995,0.0232,0.265578334,,,,18.0741004943848,93.6847271979029,3606.71295243238,,,,,
JOR,1996,0.0449,0.523208835,,,,20.2109298706055,94.0442588285721,3561.74921330419,,,,,
JOR,1997,0.599,0.951419249,,,,23.0235805511475,95.6654890423809,3582.04875443504,,,,,
JOR,1998,1.31,1.701530612,,,1779.75136,,94.8964577125444,3605.63447052895,,,,,
JOR,1999,2.53,2.391888139,,,,,95.3991732441164,3648.60665235433,,,,,
JOR,2000,2.62327542156362,7.22021479706958,,,,28.7968101501465,96.7,3725.49544709257,,0.0,3.0,0.0,605.0
JOR,2001,4.70571958094159,15.7418382678408,0.0074378593222564,,,,96.8,3841.98511846743,,0.0,7.0,0.0,602.0
JOR,2002,6.02553241191204,21.7162155857855,0.056569848003923,0.33689,,32.2784004211426,98.8,3979.40388653953,,0.0,6.0,0.0,828.0
JOR,2003,8.46600501623938,23.0817258893857,0.0870106175245932,,,36.0558204650879,97.1,4054.22612609768,,0.0,5.0,0.0,882.0
JOR,2004,11.6587413706379,27.6112403458584,0.177216795269549,,,40.467830657959,97.9,4296.62367370886,,0.0,17.0,0.0,937.0
JOR,2005,12.93290043,52.0383900257182,0.390590599322972,,,39.7074890136719,97.2,4532.96248258538,,0.0,21.0,0.0,1115.0
JOR,2006,13.86709976,67.5719512690336,0.756483482904597,,,37.8664016723633,100.0,4596.56909353547,,0.0,22.0,0.0,1330.0
JOR,2007,20.0,69.8913482736109,1.30093814077077,,,38.7338409423828,97.9,4681.17006766931,,0.0,21.0,0.0,1457.0
JOR,2008,23.0,76.0181096461649,2.08642054082296,0.42154,,41.3684692382812,100.0,4902.38348073849,41.0493812561035,0.0,30.0,2.0,1689.0
JOR,2009,26.0,84.2141418220428,3.33245913153255,,,42.0630187988281,98.3,5043.62638729303,,0.0,40.0,0.0,1946.0
JOR,2010,27.2,90.7216800010634,4.0191074658598,,,37.7581337455828,100.0,5066.49720027725,41.3547096252441,1.0,47.0,0.0,2265.0
JOR,2011,34.9,100.02856789936,3.96517630551423,,,37.4216386327285,97.7,5085.98005025386,,3.0,43.0,0.0,2539.0
JOR,2012,37.0,118.414414309923,3.95794086483593,,,43.9161464129347,99.5,5135.0327939589,,1.0,40.0,0.0,2959.0
JOR,2013,41.4,129.056838070079,4.10898208403129,,,,97.3,5007.76162067161,,0.0,43.0,0.0,3425.0
JOR,2014,46.2,126.168902295458,4.00130350068417,,,,97.9,4703.39944986815,,0.0,68.0,0.0,3777.0
JOR,2015,54.22000122,144.561128974956,3.24499522197016,,254.19597,36.6284278762539,98.9,4441.61896013754,,1.0,70.0,0.0,3843.0
JOR,2016,56.15000153,98.1219857316846,2.97134814263758,0.69547,572.41702,34.0612635636995,99.5,4326.17261571505,,1.0,64.0,0.0,4185.0
JOR,2017,64.5,94.8121235548248,3.24328385947311,,576.00927,28.6210570991622,100.0,4335.92512689541,48.2837409973145,1.0,80.0,0.0,4749.0
JOR,2018,65.2,83.4592297338656,3.81938742759006,,,31.5562985544301,98.9,4320.029787425,43.7317199707031,2.0,159.0,2.0,5738.0
JOR,2019,70.08470154,72.8902684631993,4.28692534434619,,,30.1108403894558,98.9,4313.80791426608,41.9079741685744,3.0,274.0,2.0,7079.0
JOR,2020,78.4178009,64.3142601333354,5.80332966781737,,,30.2879665605319,98.8,4188.21240095719,50.2436408996582,6.0,372.0,0.0,8656.0
JOR,2021,85.999997,65.7448847660422,6.45876564968631,,,30.451314266821,98.8,4266.3790298994,42.3314729836131,15.0,579.0,0.0,9491.0
JOR,2022,90.4999984,67.7457074341635,7.0736531298176,,,32.5119829829151,98.9,4309.61432856804,42.4711233896905,15.0,818.0,3.0,11684.0
JOR,2023,92.53443944,67.545678186078,7.03749462484875,,,33.0567036969523,100.0,4373.38088482368,42.5563812255859,38.0,1251.0,10.0,13940.0
JOR,2024,95.62244985,69.6426153972396,7.01801006087142,,,35.9184001120427,100.0,4441.03974922351,,65.0,1881.0,18.0,16490.0
JPN,1990,0.0203,0.701838322,,,,,100.0,28904.7658863073,65.6371002197266,,,,
JPN,1991,0.0404,1.110714636,,,,,100.0,29775.391651584,,,,,
JPN,1992,0.0967,1.376149484,,,,,100.0,29916.6529957081,,,,,
JPN,1993,0.401,1.70810566,,,,,100.0,29665.3871017287,,,,,
JPN,1994,0.8,3.461792124,,,,,100.0,29876.454752764,,,,,
JPN,1995,1.59,9.337292835,,,,,100.0,30504.5332529005,,,,,
JPN,1996,4.37,21.40087434,,2.64303,4906.38735,,100.0,31371.432405964,,,,,
JPN,1997,9.16,30.35349093,,2.72177,4959.03285,,100.0,31723.3382538425,,,,,
JPN,1998,13.4,37.45403769,0.025334817,2.82745,5164.5008,,100.0,31076.4386626557,,,,,
JPN,1999,21.4,44.91767666,0.170676696,2.84672,5201.03384,,100.0,30911.9243180534,,,,,
JPN,2000,29.9907403589142,52.5746173540028,0.672809474783506,2.85841,5102.41299,,100.0,31779.3788459032,,3.0,505.0,7.0,117597.0
JPN,2001,38.5320608612719,58.7922921478922,3.01351213264344,2.92348,5136.2064,,100.0,31793.1269485489,,5.0,509.0,12.0,119282.0
JPN,2002,46.5942011179917,63.6299013940492,7.37142066369461,2.96514,4891.16889,,100.0,31746.2430105713,,3.0,1975.0,4.0,157498.0
JPN,2003,48.4352658899653,67.8735418673073,11.6840438886277,2.99319,5113.02549,,100.0,32115.5810785373,,2.0,1236.0,10.0,148123.0
JPN,2004,62.3939296327259,71.5670665187225,15.3010425771079,2.98125,5117.27802,,100.0,32783.1292835489,,6.0,884.0,11.0,144884.0
JPN,2005,66.9210661042901,75.4291988176682,18.2163227241445,3.13092,5322.47485,,100.0,33385.9179590327,,2.0,1096.0,2.0,150985.0
JPN,2006,68.6852703213795,77.9907399102107,20.6558091050193,3.22766,5352.83117,,100.0,33880.6890093456,,5.0,935.0,4.0,158905.0
JPN,2007,74.3,83.8011886263973,22.0965845880481,3.29257,5344.2381,,100.0,34426.6937124867,,7.0,813.0,4.0,154199.0
JPN,2008,75.4,86.1411128734599,23.5007969584566,3.29224,5125.12165,,100.0,34008.5915147362,,3.0,894.0,14.0,161251.0
JPN,2009,78.0,90.7193519244929,25.6358294679867,3.1959,5114.01193,,100.0,31993.8588053706,,4.0,858.0,7.0,161651.0
JPN,2010,78.21,96.1788512760143,26.6035065260031,3.10495,5117.18164,,100.0,33311.2872381879,80.3393630981445,3.0,792.0,7.0,165209.0
JPN,2011,79.0541135244739,103.641547955059,27.8666731326287,3.20537,5123.33234,,100.0,33306.1802259719,,4.0,801.0,7.0,169564.0
JPN,2012,79.4964,110.319058838317,28.2442659182057,3.1737,5048.63399,,100.0,33909.4911855243,,4.0,845.0,10.0,175157.0
JPN,2013,88.219428911,115.787169243408,28.9051021054089,3.27895,5166.83422,62.6422691345215,100.0,34636.6924746166,,5.0,771.0,11.0,175366.0
JPN,2014,89.1068330166075,123.822099584501,29.6414897863191,3.36788,5351.53211,62.8334884643555,100.0,34996.8796756631,,7.0,888.0,8.0,179572.0
JPN,2015,91.0580283929962,126.150959704287,30.5419859940146,3.24071,5198.48902,62.4498481750488,100.0,35664.6446110613,,9.0,1058.0,6.0,180608.0
JPN,2016,93.1827212821617,131.214861037498,31.3035556297124,3.10665,5232.70894,62.4975395202637,100.0,35934.4467886662,,12.0,1502.0,6.0,183142.0
JPN,2017,91.7265472366635,135.985843116605,31.8990791226107,3.16636,5319.83455,63.287540435791,100.0,36547.7357437305,,19.0,2180.0,9.0,184961.0
JPN,2018,88.7463508901772,141.728728918149,32.6965336498031,3.2192,5339.51713,62.6058502197266,100.0,36899.3847079435,,53.0,3517.0,12.0,190222.0
JPN,2019,92.7303978145525,147.209910756974,33.545921250597,3.21824,5376.11987,62.4008407592773,100.0,36837.2583653113,,95.0,4724.0,27.0,193280.0
JPN,2020,90.21945812,154.432206765516,34.8370612448992,3.26556,5450.44287,62.2987403869629,100.0,35363.2996951789,85.1767120361328,124.0,5930.0,28.0,204192.0
JPN,2021,82.91407928,159.516123485628,35.9391724358064,3.27383,5589.76698,62.0412483215332,100.0,36792.556429474,,110.0,6866.0,23.0,203752.0
JPN,2022,84.92343147,168.602943650636,36.8414210393741,3.40053,5629.79566,63.3752288818359,100.0,37448.3504824849,,178.0,7389.0,33.0,195923.0
JPN,2023,85.00990295,178.432441299977,38.6312383711286,3.44125,5608.63075,64.4907608032227,100.0,37902.5492204411,,198.0,8486.0,44.0,198201.0
JPN,2024,85.54153081,,,,,,100.0,37976.6371788298,,211.0,9463.0,41.0,195199.0
KAZ,1990,0.0,0.0,,,,37.2998504638672,,5557.08215736977,,,,,
KAZ,1991,,0.0,,,,36.3714981079102,,4910.15324119135,,,,,
KAZ,1992,,0.0,,,,35.2556304931641,,4635.42154654073,,,,,
KAZ,1993,,0.0,,,,,,4223.1282023154,,,,,
KAZ,1994,0.000521,0.002388466,,,,32.8665618896484,,3740.97810892024,,,,,
KAZ,1995,0.0113,0.027990199,,,,33.1454582214355,99.8911587112477,3498.51454364229,,,,,
KAZ,1996,0.0318,0.060690346,,,,29.1463108062744,98.2360187805538,3583.36908423331,,,,,
KAZ,1997,0.0646,0.070807169,,0.29337,,,98.3946194870872,3728.96386519689,,,,,
KAZ,1998,0.131,0.191931708,,0.22039,,,98.566092853986,3750.56494562659,,,,,
KAZ,1999,0.464,0.324457083,,0.18383,,24.0278301239014,93.9431215680349,3899.65723139778,70.5183181762695,,,,
KAZ,2000,0.668594402621264,1.27281265081588,,0.18104,,30.799259185791,99.1,4269.33016782791,,0.0,0.0,0.0,331.0
KAZ,2001,1.00612421099739,3.73662567292969,,0.22009,,,99.5,4822.52862802669,,0.0,1.0,0.0,399.0
KAZ,2002,1.67477099516366,6.55950173845957,,0.25509,,,99.7,5267.6990320263,,0.0,1.0,0.0,435.0
KAZ,2003,2.00041475265872,8.45048509656845,0.0063375621849475,0.25246,,,99.8,5724.43199248054,,0.0,0.0,0.0,506.0
KAZ,2004,2.6503946570164,15.4383309340935,0.0125992426952941,0.24837,,,99.9,6233.29439373307,,0.0,2.0,0.0,474.0
KAZ,2005,2.961699963,33.8048625269968,0.0187623875751912,0.28361,,,100.0,6787.4115548789,,0.0,1.0,0.0,548.0
KAZ,2006,3.268399954,48.2853584849609,0.189397279485058,0.24281,,54.5240592956543,99.7,7450.39687062615,,0.0,2.0,0.0,608.0
KAZ,2007,4.02,75.7982025702559,1.66307708073474,0.20884,394.65661,,100.0,8036.87599811505,96.3082275390625,0.0,1.0,0.0,705.0
KAZ,2008,11.0,90.7713165139918,2.0533862152829,0.21654,365.52061,,100.0,8216.52181589585,,0.0,2.0,0.0,858.0
KAZ,2009,18.2,102.667617979132,3.4738228019682,0.22924,338.66777,,100.0,8218.39912556048,85.2337417602539,0.0,5.0,0.0,966.0
KAZ,2010,31.6,115.239169415109,5.16487386862476,0.15341,360.06018,46.7229330476587,100.0,8704.70655484556,,1.0,9.0,0.0,1013.0
KAZ,2011,50.6,147.90107255349,6.99285046374658,0.15349,375.48738,50.4275094921369,99.6,9223.3021336315,,0.0,3.0,0.0,1149.0
KAZ,2012,61.9066274652008,174.709434924298,9.46082267148947,0.16525,596.79809,52.1525037230692,100.0,9531.91477617058,,0.0,10.0,0.0,1459.0
KAZ,2013,63.30422443,172.955295992334,11.1572510287072,0.17132,720.18538,45.8669276379862,100.0,9959.72586930534,,0.0,15.0,0.0,2159.0
KAZ,2014,66.0,160.502596360577,12.0563854922617,0.16722,781.43387,51.0877733655657,100.0,10226.7100539683,,0.0,10.0,0.0,2950.0
KAZ,2015,70.82993359566,145.482493555551,12.7238359694604,0.16951,760.84725,48.3464575023644,100.0,10196.1226255982,,0.0,20.0,0.0,3535.0
KAZ,2016,74.5877264735738,139.051166437953,12.7965104881396,0.14179,678.87213,46.0492258820674,100.0,10151.423313302,,0.0,25.0,0.0,3972.0
KAZ,2017,76.4267482325439,143.112796203246,13.8114386119057,0.12667,650.77119,49.9712092283595,100.0,10404.2718646317,,1.0,41.0,1.0,4498.0
KAZ,2018,78.9039190578816,137.674831523214,13.0002402717791,0.11683,650.01155,51.9662639587064,100.0,10670.2120148279,97.399787902832,3.0,78.0,0.0,5785.0
KAZ,2019,81.8776204746284,133.879728083238,13.0799490149564,0.11841,619.64887,57.3421123781351,100.0,10989.6840718388,94.3147125244141,5.0,154.0,5.0,7317.0
KAZ,2020,85.94259898,124.698460644703,13.4502836627046,0.12602,668.82871,62.2921373672319,100.0,10565.0359816235,,3.0,168.0,5.0,9329.0
KAZ,2021,90.9239507,123.943942754522,13.946795830528,0.13023,609.97284,59.3849415869809,100.0,10873.3915275276,,15.0,312.0,6.0,11182.0
KAZ,2022,92.29685266,125.641583521795,14.4739535470844,0.11715,661.69455,57.2459264222925,100.0,11058.3482413407,,11.0,371.0,8.0,12424.0
KAZ,2023,92.87846096,127.114775212168,14.3457210056574,0.14449,693.05803,54.6563982045582,100.0,11453.3952725363,,36.0,583.0,34.0,14557.0
KAZ,2024,93.39167254,127.085151242164,15.3162031103353,0.16242,758.00637,53.4564204414133,100.0,11872.7842626298,,42.0,944.0,7.0,15396.0
KEN,1990,0.0,0.0,,,,,,1329.33312766232,,,,,
KEN,1991,,0.0,,,,,,1305.46415701447,,,,,
KEN,1992,,0.004461439,,,,,,1255.93870622359,,,,,
KEN,1993,,0.004576275,,,,,4.12953124862802,1223.50616725762,,,,,
KEN,1994,,0.007614676,,,,,,1219.7841113305,,,,,
KEN,1995,0.000727,0.008478944,,,,,,1237.88250467675,,,,,
KEN,1996,0.00884,0.010233296,,,,,,1254.21025248674,,,,,
KEN,1997,0.0344,0.023857485,,,,,1.10441838046646,1226.19542113337,,,,,
KEN,1998,0.0503,0.03691479,,,,,6.64729225091167,1232.06658106635,,,,,
KEN,1999,0.114,0.079282155,,,,,4.72589861048926,1224.63404639886,29.8201760901649,,,,
KEN,2000,0.318059713612037,0.415770183556447,,,,2.81501007080078,6.6,1195.41296851656,,0.0,1.0,2.0,1193.0
KEN,2001,0.619782266151425,1.89758301688501,,,,2.88299989700317,8.3,1202.29348759987,,2.0,8.0,0.0,1365.0
KEN,2002,1.20777388492125,3.63815196215681,,,,2.87671995162964,10.0,1171.4262517349,,2.0,4.0,4.0,1444.0
KEN,2003,2.94190286101524,4.72713199362788,,,,,6.9,1169.14433674051,,0.0,2.0,4.0,1538.0
KEN,2004,3.0235280420962,7.33478416366219,,,,2.96267008781433,13.4,1191.25443604556,,2.0,6.0,0.0,1823.0
KEN,2005,3.101900101,12.8838631190706,0.0150824868721744,,,3.00099992752075,15.1,1223.44738472019,23.1419269023706,0.0,1.0,2.0,1795.0
KEN,2006,3.599999905,19.8902975525043,0.0480245939682215,,,,16.9,1263.54164666211,,0.0,5.0,0.0,2024.0
KEN,2007,4.400000095,29.8383317494537,0.0466317101044582,0.35521,56.1911,,18.6,1309.91092948216,,0.0,8.0,4.0,1981.0
KEN,2008,5.199999809,41.5840102028368,0.0083710927344398,,,,20.4,1273.77226103073,,4.0,11.0,2.0,2201.0
KEN,2009,6.1,47.9215304374475,0.0450395928955338,,,3.99230003356934,10.1,1276.73503486074,27.0562896728516,0.0,7.0,2.0,2428.0
KEN,2010,7.2,60.0234402305252,0.016505376254908,0.69222,226.90023,,7.2,1340.16467408856,22.0286102294922,0.0,4.0,3.0,2748.0
KEN,2011,8.800000191,65.6730161546273,0.126627569687319,,,,25.7,1370.58000874482,,1.0,8.0,0.0,3156.0
KEN,2012,10.5,70.0226527327794,0.123832539161972,,,,27.5,1396.30178709756,,4.0,13.0,4.0,3713.0
KEN,2013,13.0,70.7541086893706,0.164812822501609,,,,29.3,1413.94142522583,,1.0,17.0,5.0,4194.0
KEN,2014,16.5,73.0327455558393,0.221085377569084,,,,25.1,1450.59338202277,,1.0,16.0,1.0,5249.0
KEN,2015,16.5878548475992,80.0958263165851,0.286921276745847,,,9.25319496188721,29.0,1489.11959777284,,2.0,12.0,0.0,5808.0
KEN,2016,16.6,80.9772361004341,0.275660288360412,,,11.6347883294504,42.1,1517.97796057742,,6.0,20.0,3.0,6239.0
KEN,2017,17.82710075,87.026530838819,0.586008315906052,,,11.8049232142021,45.8,1542.33773973372,,9.0,29.0,3.0,6995.0
KEN,2018,19.5,98.5944679106884,0.739931101786048,,,,51.6,1596.69045914945,,2.0,42.0,2.0,7939.0
KEN,2019,22.6687733618171,106.547822056778,0.959288829892146,,,10.4975595474243,61.7,1645.70961777862,34.5131301879883,11.0,101.0,7.0,9927.0
KEN,2020,24.7227993,117.602526394779,1.29112489733773,,,,62.7,1609.33414078281,29.3751792907715,16.0,151.0,4.0,11806.0
KEN,2021,26.96290016,122.297519656734,1.48254108303764,,,,68.2,1698.89578271444,36.5923385620117,21.0,162.0,12.0,11914.0
KEN,2022,29.40589905,121.168999135357,1.47646942688922,0.40651,168.60477,,68.4,1747.53198804428,36.5730895996094,42.0,219.0,13.0,11926.0
KEN,2023,32.07040024,120.612416887959,2.38882511128724,0.80427,200.85225,8.67676730066979,67.9,1811.21651838425,,50.0,319.0,17.0,12950.0
KEN,2024,34.97622513,126.477706000949,3.04382666975517,0.81069,384.02423,10.4185962462804,67.1,1858.87650030024,39.2403411865234,53.0,437.0,20.0,12751.0
KGZ,1990,0.0,0.0,,,,26.2876701354981,,1203.47208279448,,,,,
KGZ,1991,,0.0,,,,24.8964099884033,,1089.90005451003,,,,,
KGZ,1992,,0.0,,,,23.9627304077148,,928.31552055094,,,,,
KGZ,1993,,0.0,,,,22.0965995788574,,784.564919201316,,,,,
KGZ,1994,,0.0,,,,21.5608692169189,,627.220989930123,,,,,
KGZ,1995,,0.0,,,,20.6899299621582,,587.298180667228,,,,,
KGZ,1996,,0.0,,,,21.9203300476074,,619.667768615001,,,,,
KGZ,1997,,0.0,,0.1939,,23.8372802734375,99.6885462629564,671.25000816306,,,,,
KGZ,1998,0.0728,0.028064124,,0.21064,,27.4004993438721,99.4349189805484,675.058248147575,,,,,
KGZ,1999,0.205,0.052757675,,0.17992,,28.0213508605957,99.4779770551212,689.414278205464,76.9730377197266,,,,
KGZ,2000,1.04140114469361,0.179099309572162,,0.15637,,33.69287109375,99.5,718.342832397662,,0.0,1.0,0.0,46.0
KGZ,2001,3.00294132719239,0.532339002940877,,0.17189,,39.2672080993652,99.5,749.423779561565,,0.0,0.0,0.0,41.0
KGZ,2002,2.99926518003089,1.03755599311528,0.0007036398114714,0.1981,,42.2281188964844,100.0,742.44300111832,,0.0,0.0,0.0,71.0
KGZ,2003,3.90876626828521,2.68012579703695,0.0026941002306072,0.22272,,39.491138458252,99.4,786.350474964134,,0.0,0.0,0.0,53.0
KGZ,2004,5.09038530732863,5.06194358260871,0.0366516427604549,0.19926,,39.1110000610352,99.3,831.482103944381,,0.0,0.0,0.0,59.0
KGZ,2005,10.53380013,10.3243942625057,0.0436876659731027,0.19861,,40.615779876709,99.3,820.709519437592,,0.0,0.0,0.0,84.0
KGZ,2006,12.30690002,23.8858159268052,0.0522863147102303,0.23014,,41.6426811218262,99.1,837.138026647346,,0.0,0.0,0.0,104.0
KGZ,2007,14.03,40.8089370056808,0.0586257153654706,0.23425,,41.4537391662598,99.5,900.02796489729,,0.0,0.0,0.0,108.0
KGZ,2008,15.69999981,63.5283723785779,0.356236382830574,0.19017,,45.5842208862305,99.6,966.409971184817,,0.0,0.0,0.0,133.0
KGZ,2009,16.0,83.1255498557153,0.32150754898984,0.15997,,43.4328689575195,99.5,981.220904665529,88.3701934814453,0.0,0.0,0.0,109.0
KGZ,2010,16.29999924,96.0616640090492,0.419774276411519,0.15547,,42.2182042645436,98.9,962.764789828724,,0.0,0.0,0.0,122.0
KGZ,2011,17.5,112.200710157323,0.697823858461874,0.15633,,42.4374714139813,97.8,1005.4831781815,,0.0,0.0,0.0,173.0
KGZ,2012,19.79999924,119.333438543784,0.958725846433585,0.1661,,45.2330629115781,99.8,985.8472865972,,0.0,1.0,0.0,185.0
KGZ,2013,23.0,116.217890810688,2.34937399187793,0.14914,,48.5727890390198,98.9,1069.78404438716,,0.0,2.0,0.0,234.0
KGZ,2014,28.29999924,128.230500927468,2.89414662041846,0.12536,,46.360320327803,99.7,1088.58214229508,,0.0,0.0,0.0,251.0
KGZ,2015,30.24699974,126.284372135274,3.52424456195573,0.11903,,46.5495890237956,98.7,1105.65193844261,,0.0,1.0,0.0,287.0
KGZ,2016,40.52619934,124.639033524314,3.94326755245428,0.11121,,44.5886036787376,99.8,1128.3161612818,,0.0,0.0,0.0,384.0
KGZ,2017,50.80530167,136.137649413599,4.14801893845004,0.10707,,41.5760302696793,100.0,1157.18275758067,,0.0,2.0,0.0,504.0
KGZ,2018,62.8,137.74227608483,3.95179108798669,0.10107,,39.5679556504749,100.0,1175.0712778747,,0.0,1.0,0.0,643.0
KGZ,2019,64.1,132.776694304851,4.14366414717506,0.08535,,40.8257000638543,99.9,1201.87701429721,,0.0,5.0,0.0,948.0
KGZ,2020,72.0,109.780106660424,4.33664358791982,0.08356,,45.3327840830343,99.9,1093.32856461422,,1.0,14.0,0.0,1249.0
KGZ,2021,77.11769867,108.171654806063,4.43257724274204,0.07102,,51.6239256637785,99.6,1132.5546781282,,0.0,23.0,1.0,2220.0
KGZ,2022,84.1937027,106.925973017004,5.60484304582026,0.06922,,54.2184527097527,99.6,1212.17812721768,,4.0,38.0,0.0,2008.0
KGZ,2023,91.04440308,108.59118718329,6.44652532064676,0.05414,,53.588822099772,100.0,1298.25724482211,,3.0,38.0,2.0,1594.0
KGZ,2024,92.0286026,107.49229509732,7.79695655822307,0.05269,,53.1743590503791,100.0,1423.58624650541,,4.0,77.0,1.0,2332.0
KHM,1990,0.0,0.0,,,,0.685980021953583,,824.051655825487,,,,,
KHM,1991,,0.0,,,,0.82029002904892,,850.610221173097,,,,,
KHM,1992,,0.0,,,,1.07730996608734,,862.478030887335,,,,,
KHM,1993,,0.046956377,,,,1.30534994602203,,845.382004291868,,,,,
KHM,1994,,0.096264199,,,,1.51787996292114,,513.967147967874,,,,,
KHM,1995,,0.12912646,,,,1.53399002552032,,520.926883186145,,,,,
KHM,1996,,0.206552816,,,,1.79530000686646,,511.670349597704,,,,,
KHM,1997,0.00584,0.293538009,,,,1.22730004787445,,496.770551310941,2.7210850579491,,,,
KHM,1998,0.0163,0.525705675,,,,,10.2821629724107,499.016649050833,,,,,
KHM,1999,0.032,0.748944912,,,,,,552.901492232643,,,,,
KHM,2000,0.047022640068885,1.04753234064625,,,,1.86557996273041,6.6,598.561915252147,5.91235625969463,0.0,1.0,0.0,171.0
KHM,2001,0.0769560555527296,1.76528247774378,,,,1.97913002967834,,632.833573980849,6.59695176052096,0.0,0.0,0.0,159.0
KHM,2002,0.226983237666204,2.95599281258127,0.000388946422708,0.0474,17.47676,2.33661007881165,0.6,662.188341283454,,0.0,1.0,0.0,183.0
KHM,2003,0.260570197574002,3.81878187119913,0.0032104898272679,,,3.01460003852844,7.6,719.333494240509,,0.0,2.0,0.0,195.0
KHM,2004,0.300436644360101,6.50447336378519,0.0058891343282094,,,3.07344007492065,0.8,775.847139030978,,0.0,2.0,0.0,274.0
KHM,2005,0.317321781089656,7.90225491067104,0.0074409179949821,,,3.77035999298096,9.5,866.340290123209,,0.0,1.0,0.0,277.0
KHM,2006,0.468400002,12.6229669738929,0.0212625122552722,,,6.20005989074707,16.1,947.065220050691,,0.0,2.0,0.0,381.0
KHM,2007,0.49,18.6632056449428,0.061047105969829,,,7.67417001724243,6.5,1030.23117620792,6.42405986785889,0.0,4.0,1.0,312.0
KHM,2008,0.51,30.1491182361321,0.118077523722062,,,8.92994976043701,11.7,1090.57475806147,,0.0,3.0,0.0,324.0
KHM,2009,0.53,43.9033649673842,0.210130974636491,,,10.6747398376465,11.8,1117.25834194514,6.26351976394653,0.0,3.0,1.0,411.0
KHM,2010,1.26,56.2093511731757,0.245960098825397,,,12.1998596191406,15.8,1155.85236856699,,0.0,3.0,0.0,412.0
KHM,2011,3.099999905,93.4414773928272,0.149430290226227,,,11.4902860215331,22.8,1221.38839852454,,0.0,6.0,0.0,522.0
KHM,2012,4.94,127.835438875055,0.198955041072031,,,,28.5,1295.25271477893,,0.0,5.0,0.0,673.0
KHM,2013,6.0,133.580989792625,0.215211287808315,,,,38.9,1376.29557595926,,0.0,11.0,0.0,716.0
KHM,2014,14.0,132.832921082419,0.429382210764698,,,,44.7,1464.53115866927,10.0712900161743,0.0,8.0,0.0,888.0
KHM,2015,6.43319107021405,133.45841400103,0.534485428160887,0.08828,30.38923,13.615484963166,53.3,1547.32010444393,9.29681015014648,1.0,7.0,0.0,1025.0
KHM,2016,32.3984517141849,125.627644524442,0.615922622642822,,,,60.7,1645.46671578126,,0.0,2.0,0.0,923.0
KHM,2017,32.9002785437986,115.551192369591,0.831393686402579,,,12.5181529981862,86.1,1753.93530504662,12.1864056881054,0.0,4.0,0.0,1068.0
KHM,2018,65.0,119.309943480982,1.02122815035674,,,13.2671737077763,75.0,1884.28374817086,,0.0,19.0,0.0,1451.0
KHM,2019,52.305878224498,129.957441474291,1.11871609188205,,,12.9409846754696,80.0,2008.32094006706,9.41808986663818,1.0,21.0,0.0,1581.0
KHM,2020,56.37590027,126.075894769858,1.39770029835926,,,13.8767573747135,82.9,1908.63427518336,9.60516360406116,1.0,33.0,1.0,2175.0
KHM,2021,60.76269913,117.234785164989,1.98089406311481,,,13.5005634857238,77.1,1938.76436741728,11.5267601013184,2.0,52.0,0.0,2696.0
KHM,2022,65.49079895,113.391506572248,2.9638308346303,,,14.6069513022825,88.0,2011.27433313262,,2.0,70.0,1.0,3045.0
KHM,2023,68.92549896,120.80911943838,3.64181801068419,,,17.4362364390629,93.4,2085.05748462122,10.4465105139796,7.0,154.0,2.0,3681.0
KHM,2024,68.47530365,116.091961125929,4.14566160137529,,,21.4437426836662,98.6,2183.55682401667,,6.0,208.0,1.0,4253.0
KIR,1990,0.0,0.0,,,,,,1387.65304955701,,,,,
KIR,1991,,0.0,,,,,,1283.34653145552,,,,,
KIR,1992,,0.0,,,,,,1564.72287611506,,,,,
KIR,1993,,0.0,,,,,,1539.30453918434,,,,,
KIR,1994,,0.0,,,,,,1547.62423440117,,,,,
KIR,1995,,0.0,,,,,,1566.47266832462,,,,,
KIR,1996,,0.0,,,,,,1539.33663487683,,,,,
KIR,1997,,0.0,,,,,,1529.24932474439,,,,,
KIR,1998,0.617,0.02563983,,,,,,1569.02691581722,,,,,
KIR,1999,1.21,0.229123945,,,,,,1482.19226993632,,,,,
KIR,2000,1.78522547397736,0.338550776974033,,,,,26.9,1555.58204812097,,,,,
KIR,2001,2.33745894837722,0.437261305141972,,,,,29.7,1477.95177621217,,,,,
KIR,2002,2.5,0.536503945200728,,,,,33.0,1467.99273241655,,,,,
KIR,2003,3.0,0.558534642951951,,,,,36.3,1415.54577869304,,,,,
KIR,2004,3.5,0.640058281729718,,,,,39.6,1378.9583696722,,,,,
KIR,2005,4.0,0.66302851022594,0.328454123527312,,,,51.2,1368.99728765793,,,,,
KIR,2006,4.5,0.699881020226562,0.401931671615825,,,,50.8,1419.38723031361,,,,,
KIR,2007,6.0,0.734804248148293,0.493788454755653,,,,48.7,1433.35747805619,,,,,
KIR,2008,7.0,0.959490318742684,0.657250868338738,,,,51.5,1361.83599775608,,,,,
KIR,2009,8.97,9.30523072877042,0.718532503029108,,,,43.0,1340.27605600221,,,,,
KIR,2010,9.07,9.74665145716809,0.778260229614366,,,,39.4,1328.78776438805,,,,,
KIR,2011,10.0,12.4612506439397,0.768208808191817,,,,60.9,1348.0602369873,,,,,
KIR,2012,10.74680042,16.0307790958641,0.712479070927292,,,,64.2,1405.5029344967,,,,,
KIR,2013,11.5,17.5688258753668,0.614908905637836,,,,68.4,1493.49148676402,,,,,
KIR,2014,12.25,26.0132147130742,0.433553578551237,,,,77.5,1492.8508200481,,,,,
KIR,2015,14.89999962,35.0982322475709,0.100158370072337,,,,93.0,1639.85274740652,,0.0,1.0,0.0,0.0
KIR,2016,19.41939926,43.8900048954236,0.0928442411249346,,,,,1731.43702001694,,,,,
KIR,2017,25.30960083,38.3479526086053,0.0922885055082104,,,,,1768.87874841933,,,,,
KIR,2018,32.9864006,43.6895907735657,0.0712624094885489,,,,,1802.34850714657,8.21125984191895,,,,
KIR,2019,41.79299927,44.1071327700713,0.0847314014573801,,,,90.1,1834.42627824847,,,,,
KIR,2020,52.95090103,43.3476871347116,0.146710124584652,,,,94.3,1779.62973024917,,,,,
KIR,2021,67.08760071,40.9979980837689,0.0864640862459786,,,,,1895.61362957222,,,,,
KIR,2022,84.99849701,49.1120496056535,0.0689819037472503,,,,,1960.15475844976,,,,,
KIR,2023,88.0,51.2540556855052,0.039990945446314,,,,,1990.14605922104,13.9411522361685,,,,
KIR,2024,89.44029999,53.5244353915461,0.0349395619917037,,,4.96087980270386,,2052.81298774256,13.7559499740601,,,,
KNA,1990,0.0,0.0,,,,,87.1571260061179,10136.986550185,,,,,
KNA,1991,,,,,,,87.6959615025481,9966.20374372867,,,,,
KNA,1992,,,,,,6.1207799911499,88.2423722100353,10300.5415354294,,,,,
KNA,1993,,,,,,10.4815101623535,88.786480080367,10860.6034990877,,,,,
KNA,1994,,,,,,,89.3288672179421,11290.2168438156,,,,,
KNA,1995,,,,,,,89.8703681508405,11743.3784162332,,,,,
KNA,1996,1.95,0.696104137,,,,,90.4113387972348,12269.7967435843,,,,,
KNA,1997,2.26,0.469580356,,,,,90.9520645448711,12940.7852855874,,,,,
KNA,1998,3.34,0.99479991,,,,,91.4932337818849,12710.9629751883,,,,,
KNA,1999,4.4,1.561628555,,,,,92.0343306937823,12942.857504219,,,,,
KNA,2000,5.86281024037522,2.65205091937765,,,,,93.4,14039.0281125333,,0.0,0.0,0.0,15.0
KNA,2001,7.71472655580319,4.58906055374664,,,,,90.7,14610.9099610508,,0.0,0.0,0.0,22.0
KNA,2002,21.152381758186,10.8648413733159,1.08648413733159,,,,94.2,14727.3908829316,,0.0,0.0,0.0,16.0
KNA,2003,22.9697842928439,47.6437976437976,4.33125433125433,,,,94.5,14100.3067967234,,0.0,0.0,0.0,17.0
KNA,2004,24.7376775443732,62.6147036597215,9.50016193457843,,,,94.8,14619.795111247,,0.0,0.0,0.0,15.0
KNA,2005,34.0,109.826216163835,13.9974589228417,,,,95.2,16000.5658929826,,0.0,0.0,0.0,35.0
KNA,2006,38.5,109.514913354377,18.8966909317357,,,,95.5,16457.8622372067,,0.0,0.0,0.0,32.0
KNA,2007,43.5,138.097888922194,20.5541043977219,,,,95.9,16508.1437081315,,0.0,0.0,0.0,42.0
KNA,2008,49.20000076,159.069072275008,23.7087648126401,,,19.8842601776123,96.3,18325.7612670282,,0.0,0.0,0.0,39.0
KNA,2009,55.70000076,160.925910137267,27.709097109728,,,,96.7,17671.2547069735,,0.0,0.0,0.0,45.0
KNA,2010,63.0,170.772317807283,31.1659479998292,,,,99.9,17688.0690103409,,0.0,0.0,0.0,74.0
KNA,2011,63.20000076,164.228127799343,26.8736936398925,,,,100.0,17958.6813977053,,0.0,0.0,0.0,48.0
KNA,2012,64.0,161.588671783641,27.6401675419386,,,,100.0,17770.4963640576,,0.0,0.0,0.0,73.0
KNA,2013,64.59999847,163.589623743865,28.2563895557586,,,,100.0,18773.8926898397,,0.0,0.0,0.0,92.0
KNA,2014,65.38179779,138.036484104568,29.7691605258128,,,90.9599990844727,100.0,20187.8061975481,,0.0,0.0,0.0,199.0
KNA,2015,66.17310333,155.051288041285,34.7781765667806,,,93.92236328125,100.0,20328.8003530109,,0.0,0.0,0.0,247.0
KNA,2016,66.97389984,162.682952734997,30.1178969729156,,,,100.0,21133.6575914414,,0.0,0.0,0.0,243.0
KNA,2017,67.78440094,163.396386822529,62.2146652497343,,,,100.0,21191.6047083703,,0.0,2.0,0.0,238.0
KNA,2018,68.60479736,152.301735874745,34.8472600408441,,,,100.0,21635.4972146482,,0.0,0.0,0.0,287.0
KNA,2019,69.43499756,138.916340092009,43.4039018572159,,,,100.0,22297.7644995701,,0.0,1.0,0.0,329.0
KNA,2020,70.27529907,133.400896095584,45.9569020695541,,,,100.0,18918.8263456611,,0.0,4.0,0.0,454.0
KNA,2021,74.37159729,121.256121292475,43.0254688535808,,,,100.0,19031.8211910603,,0.0,6.0,0.0,497.0
KNA,2022,75.76229858,116.923933289088,46.7447387013209,,,,100.0,21050.758653729,,0.0,11.0,0.0,548.0
KNA,2023,76.58950043,118.893023653706,,,,,100.0,21664.0333984701,,0.0,12.0,0.0,633.0
KNA,2024,76.88400269,,,,,,100.0,21692.2406392872,,1.0,35.0,0.0,729.0
KOR,1990,0.0233,0.181334835,,,,,99.8482291747245,9672.57845182894,48.4000015258789,,,,
KOR,1991,0.0461,0.373382025,,,,,99.8172354725825,10618.8431439122,,,,,
KOR,1992,0.0984,0.608287335,,,,,99.8220252801251,11176.560685871,,,,,
KOR,1993,0.25,1.049975406,,,,,99.8797266450095,11837.4692053797,,,,,
KOR,1994,0.311,2.126074209,,,,,99.9517495251186,12817.2447824958,,,,,
KOR,1995,0.82,3.615707017,,,,,100.0,13924.3044000347,56.4612083435059,,,,
KOR,1996,1.62,6.966660745,,2.14233,2186.08907,,100.0,14894.3278834104,,,,,
KOR,1997,3.6,14.96611806,,2.17409,2241.82853,,100.0,15682.2717905189,,,,,
KOR,1998,6.78,30.31034269,0.030270101,2.03608,2007.82828,,100.0,14800.5091573641,,,,,
KOR,1999,23.6,50.39230494,0.59758673,1.9446,2161.01827,,100.0,16402.9168341094,,,,,
KOR,2000,44.7,57.3408437262605,8.27512573540369,2.0494,2324.08478,74.6898574829102,100.0,17763.1353417297,63.714599609375,2.0,143.0,0.0,19546.0
KOR,2001,56.6,61.7420382357865,16.6187152698861,2.19872,2906.71111,77.3433532714844,100.0,18460.4288193829,64.6713995862192,1.0,128.0,0.0,21878.0
KOR,2002,59.4,68.3786357970296,21.9993226089619,2.13042,3007.81714,80.7160491943359,100.0,19775.3800655139,65.6396512686268,2.0,517.0,0.0,33921.0
KOR,2003,65.5,70.6984149567203,23.5266686815046,2.19657,3189.96825,84.4563903808594,100.0,20278.0406421178,67.0009499535693,3.0,315.0,1.0,34187.0
KOR,2004,72.7,76.705022268137,24.994067246262,2.35292,3281.04385,89.8009033203125,100.0,21244.8136800528,67.9920073115219,1.0,319.0,1.0,37148.0
KOR,2005,73.5,80.1274936342835,25.4760546993955,2.42725,3763.23464,95.3700103759766,100.0,22123.7613066851,69.2535018920898,2.0,488.0,1.0,41948.0
KOR,2006,78.1,83.7326193913918,29.2516487032032,2.61516,4173.2456,99.9493103027344,100.0,23162.1860111297,70.1374077712117,8.0,528.0,2.0,49809.0
KOR,2007,78.8,92.0940186995266,30.5325293113359,2.75895,4614.74679,102.949272155762,100.0,24391.7651013448,71.185872868019,1.0,439.0,0.0,53235.0
KOR,2008,81.0,94.314085183969,32.0017644786606,2.86774,4892.49313,103.136177062988,100.0,24934.5396367691,71.842349671389,2.0,433.0,2.0,58307.0
KOR,2009,81.6,98.7589987345583,33.675976694352,3.02145,5037.92837,102.658447265625,100.0,25009.9148311999,66.0361862182617,4.0,433.0,3.0,65208.0
KOR,2010,83.7,104.09665032935,35.2563205089625,3.17913,5429.43919,101.673286437988,100.0,26623.0487122927,72.7248001098633,7.0,403.0,3.0,74505.0
KOR,2011,83.7591201534472,106.878306781378,36.353305205381,3.44409,5908.82443,100.819679260254,100.0,27393.455357272,73.3761603967575,7.0,436.0,2.0,84555.0
KOR,2012,84.07,108.114681779859,36.8000321131758,3.6852,6393.34374,98.286979675293,100.0,27944.0564190045,74.0698271328845,5.0,496.0,6.0,93353.0
KOR,2013,84.77,109.206248930023,37.4217663483917,3.77487,6457.88851,96.3375015258789,100.0,28732.711152033,74.8261566150981,3.0,503.0,5.0,100037.0
KOR,2014,87.5568264944747,113.358579550833,37.9883114555998,3.88983,6867.33385,94.4421691894531,100.0,29470.6732991655,75.9209590034861,7.0,576.0,7.0,103570.0
KOR,2015,89.8962557995106,115.595447050042,39.2759563055891,3.78907,7020.43916,93.9676513671875,100.0,30171.7906545222,76.4498977661133,7.0,685.0,10.0,104938.0
KOR,2016,92.8430256796075,119.489512998783,40.0712454963259,3.78638,7057.16003,93.6577224731445,100.0,31005.4072876388,77.3171786972979,10.0,906.0,6.0,104084.0
KOR,2017,95.0694218761004,123.642066127533,41.1680978249153,4.07341,7453.21918,93.7230224609375,100.0,31979.9027302467,77.6303782354792,19.0,1472.0,13.0,104120.0
KOR,2018,96.0228595797887,128.494634504197,41.2189959375994,4.27155,7918.46916,93.3281784057617,100.0,32852.8887488942,77.9471091670413,28.0,2693.0,10.0,102234.0
KOR,2019,96.157579184239,133.079790493891,42.0373507524342,4.36379,8328.96727,93.9989166259766,100.0,33496.3113815643,78.4517571356137,75.0,4157.0,19.0,108647.0
KOR,2020,96.50506052,135.973274343048,43.0540600860627,4.5214,8620.009,96.8767700195312,100.0,33215.9298928108,78.8234253406257,111.0,5992.0,30.0,124052.0
KOR,2021,97.57132698,140.516382791931,44.2526082339633,4.59673,9071.4503,100.359878540039,100.0,34792.9397214598,79.3377764616616,136.0,7642.0,25.0,121484.0
KOR,2022,97.16855335,148.68360770138,45.4542124182774,4.84753,9434.7613,102.813056945801,100.0,35809.0138105144,79.7711683014088,206.0,8950.0,31.0,123353.0
KOR,2023,97.41597478,162.11365652794,46.5676352036327,4.94352,9471.82543,106.709167480469,100.0,36347.7036392553,80.8621974386382,253.0,10652.0,66.0,129113.0
KOR,2024,97.89563777,172.520241179065,47.8014965507867,,,111.853302001953,100.0,37048.4264001496,81.467907393989,345.0,11639.0,83.0,129153.0
KWT,1990,0.0,1.237956271,,,,12.6500101089478,100.0,20140.7834697754,,,,,
KWT,1991,,3.210153042,,,,,100.0,14812.9200924661,,,,,
KWT,1992,,3.146918519,,,,16.0930099487305,100.0,22382.8420685118,,,,,
KWT,1993,0.0911,3.889045109,,,,15.5384998321533,100.0,29323.8532618275,,,,,
KWT,1994,0.147,5.1913161,,,,17.9414691925049,100.0,31946.4902579278,,,,,
KWT,1995,0.203,7.105330886,,,,22.5260505676269,100.0,33156.8473491495,,,,,
KWT,1996,0.856,8.868749112,,,,23.0858898162842,100.0,32417.9627954317,,,,,
KWT,1997,2.17,11.92187425,,0.20538,189.29425,21.0989608764648,100.0,32152.4367426144,,,,,
KWT,1998,3.05,13.73970621,,0.25796,181.69805,,100.0,32306.668723862,,,,,
KWT,1999,4.76,15.97931637,,0.19763,174.10772,19.7340202331543,100.0,30798.0947114833,,,,,
KWT,2000,6.73139576837536,24.3514507786069,,0.12542,168.07987,,100.0,31341.9780819419,,0.0,15.0,0.0,642.0
KWT,2001,8.55179243431475,43.7184811074631,0.248988980245712,0.17884,169.54601,18.3207397460938,100.0,30573.4284224199,,0.0,12.0,0.0,681.0
KWT,2002,10.2489679289296,59.5638585729723,0.509715171162355,0.18001,170.06803,19.2795295715332,100.0,30702.2162068121,,0.0,17.0,0.0,784.0
KWT,2003,22.4029383804612,67.3023739253541,0.616148493682819,0.14347,171.66419,19.5890598297119,100.0,35169.6335737863,,0.0,20.0,0.0,813.0
KWT,2004,22.9271120360078,82.2579404075427,0.927076187121058,0.1301,174.76497,19.9746398925781,100.0,37918.5405829238,,0.0,13.0,0.0,778.0
KWT,2005,25.92609978,61.7887792674138,1.11767409338748,0.10083,176.11884,,100.0,40451.2551656974,25.3631706237793,0.0,8.0,0.0,911.0
KWT,2006,28.79120064,49.8818682701176,1.26864216805872,0.08479,170.93793,,100.0,41137.969927672,25.561710357666,0.0,8.0,0.0,911.0
KWT,2007,34.79999924,56.8763664391577,1.39559717004793,0.08585,193.74141,,100.0,41113.8693942735,25.6212406158447,0.0,18.0,0.0,1059.0
KWT,2008,42.0,56.570118438377,1.50862499768992,0.08551,156.22965,,100.0,39852.5129115699,26.5335197448731,0.0,10.0,0.0,1229.0
KWT,2009,50.79999924,93.6658195861611,1.60973913640715,0.11213,147.61475,,100.0,35124.0853941026,,0.0,19.0,0.0,1222.0
KWT,2010,61.40000153,135.190013358828,1.56283337614138,0.1014,141.92742,,100.0,32568.4981754501,,0.0,11.0,0.0,1355.0
KWT,2011,65.7690706867398,157.499296159938,1.50024865823506,0.09898,136.13419,,100.0,33545.346271839,,0.0,16.0,0.0,1379.0
KWT,2012,70.44999695,152.830739955499,1.40844015253107,0.09721,135.22051,,100.0,33578.3309651964,32.6966209411621,0.0,10.0,0.0,1401.0
KWT,2013,75.45999908,182.738430889808,1.33989177095491,0.30153,,,100.0,32311.1800008536,28.3367500305176,0.0,18.0,0.0,1586.0
KWT,2014,78.69999695,207.323653501069,1.3094125484278,0.42705,637.96147,55.893130577116,100.0,31073.1537300624,,0.0,13.0,0.0,1748.0
KWT,2015,82.0,199.89137958103,1.43436327571018,0.0966,405.49843,58.9434554973822,100.0,29882.2126495698,29.9012699127197,0.0,25.0,0.0,2001.0
KWT,2016,85.59999847,191.294217665413,2.5322361225893,0.07985,481.99315,59.2213394214596,100.0,29454.4426388829,,0.0,20.0,0.0,2130.0
KWT,2017,97.9999893344615,171.826095119125,2.83340373578262,0.0804,498.31295,54.9159622359267,100.0,27048.3706935958,30.6030693054199,0.0,13.0,0.0,2330.0
KWT,2018,99.5988495907557,164.219580620472,2.40138113937059,0.06329,502.98169,52.1066893601774,100.0,26706.0191660864,31.1964302062988,0.0,49.0,0.0,2736.0
KWT,2019,99.5426764518489,164.941648203568,1.90435176851799,0.18512,175.34012,50.4400595299189,100.0,26580.2264741607,,1.0,74.0,0.0,3024.0
KWT,2020,99.10587017,153.866464370257,1.68058136279176,0.17805,165.97953,53.731878917367,100.0,25541.5378987908,,2.0,101.0,1.0,3671.0
KWT,2021,99.7,158.646854136291,1.61587179429556,,,51.8967176944636,100.0,26203.2617257856,,1.0,171.0,1.0,4055.0
KWT,2022,99.74729919,168.350157565806,1.36328249349441,0.0801,176.25862,,100.0,26579.8321646876,,5.0,259.0,1.0,4239.0
KWT,2023,99.74731125,167.68428501222,1.01366418243269,0.09547,159.38516,,100.0,24722.8143701857,,10.0,350.0,1.0,4840.0
KWT,2024,99.74729919,,,0.08954,144.75416,,100.0,24140.3257964584,,11.0,605.0,3.0,6063.0
LAC,1990,,0.0206507554943874,,,,,,5624.5145128785,,,,,
LAC,1991,,0.0515465095147467,,,,,,5690.33299051553,,,,,
LAC,1992,,0.106152877601153,,,,,64.0972716237554,5711.27355156305,,,,,
LAC,1993,,0.181650595833114,,,,,65.0778114065154,5846.01399915429,,,,,
LAC,1994,,0.382822311313008,,,,,67.2800141108762,6037.07088878282,,,,,
LAC,1995,,0.687972214013343,,,,,63.0813879773308,5966.42046982203,,,,,
LAC,1996,,1.20480546333853,,,,,65.7911363657321,6092.0654413316,,,,,
LAC,1997,,2.39719820775976,,,,,66.608561060095,6315.73345752879,,,,,
LAC,1998,,3.82242495623602,,,,,68.1538854131114,6383.44384485337,,,,,
LAC,1999,,7.05872423970158,,,,21.455680847168,69.6956420761834,6305.85375785725,,,,,
LAC,2000,,11.1965128244591,0.0359726903915318,0.566281961796708,300.388776703493,22.7809104919434,70.5360733756007,6437.96110048513,,,,,
LAC,2001,,14.7265570059036,0.13041261112201,0.534303944226374,309.860214704002,24.0530796051025,73.5567759800669,6362.4321554373,,,,,
LAC,2002,,17.73023972549,0.28501661828252,0.522031882243246,359.695128895513,25.7361106872559,73.9566468982091,6280.19153327588,,,,,
LAC,2003,,22.1723704451345,0.4228599342448,0.559013039778361,388.072806227615,27.2607803344727,74.1388784548542,6328.85389898797,,,,,
LAC,2004,,30.7473070404272,1.16263680663059,0.564507534011108,453.741746590899,28.7352905273438,75.3129020798313,6598.99754541507,,,,,
LAC,2005,16.2,42.1283908796484,1.49330998846854,0.589992541830815,468.213310273452,29.9256992340088,76.3939941403872,6788.80078819268,,,,,
LAC,2006,20.4,52.5047297718977,2.29274091175473,0.591373785826759,463.194818756907,36.9377784729004,78.5660868886639,7067.05640436568,,,,,
LAC,2007,23.3,65.0535400505168,3.47870661156035,0.645585302967232,481.170463389452,33.6932716369629,79.1725542479442,7361.2956717151,,,,,
LAC,2008,25.9,78.2100193459782,4.83178453468216,0.691201264416505,499.431330294091,36.2729682922363,81.6154707185453,7550.46364134656,,,,,
LAC,2009,30.3,86.5155792910076,5.79445884874666,0.725638857108893,524.286380995101,37.243049621582,82.0968373846017,7282.42112731485,,,,,
LAC,2010,34.0,95.8477361945935,6.57837053853375,0.764511449354682,550.850987200602,38.6875381469727,83.6334136391567,7665.02918840407,,,,,
LAC,2011,38.7,104.920564364021,7.98530991783796,0.736272397999331,588.612928010785,40.2218818664551,84.6846651077474,7916.87181279329,,,,,
LAC,2012,42.1,109.554456601308,8.4323392198366,0.708589003230844,597.645992767773,41.3904914855957,86.0153156678785,8023.11594740369,,,,,
LAC,2013,45.1,115.906380620695,9.13024651736421,0.749622792342875,577.667577598751,42.4139709472656,87.0009143875596,8155.35128235007,,,,,
LAC,2014,47.7,115.408389845873,9.83473929764769,0.787574646118715,592.020332826727,44.145320892334,87.6355838023009,8162.13622465638,,,,,
LAC,2015,53.3,111.560790966133,10.5996563579803,0.776243138884855,,45.495979309082,88.8711266280343,8087.33242325425,,,,,
LAC,2016,56.4,110.176580106195,11.2215083403221,0.725578487221862,,47.6427688598633,93.4180413863021,7932.49607746858,,,,,
LAC,2017,59.2,106.979795909807,11.9671034388232,0.679763769120232,,49.1490287780762,90.0949398125764,7986.11604858229,,,,,
LAC,2018,62.6,105.416355456367,13.111119019351,0.6718672554356,,49.9449081420898,90.1690629793822,8010.5932042996,,,,,
LAC,2019,67.9,102.935203569244,13.3669628457872,0.654956262674072,,51.0327110290527,91.0445976714067,7962.19314357083,,,,,
LAC,2020,73.3,103.2,14.97,0.68037634277728,,52.8043212890625,96.109017520992,7368.61318654015,,,,,
LAC,2021,75.3,109.3,16.58,0.65529864902249,,54.614860534668,96.7041341186743,7827.41188417897,,,,,
LAC,2022,76.6,110.4,17.6,0.692892011042687,,56.1285705566406,96.9142269419636,8089.0443057316,,,,,
LAC,2023,79.7,113.0,18.35,0.696974020068996,,58.5862693786621,92.5392233051628,8203.23895137503,,,,,
LAC,2024,81.4,115.3,19.4,,,56.6634292602539,90.8436796303677,8307.70645839353,,,,,
LAO,1990,0.0,0.0,,,,1.11591994762421,,634.525297009385,,,,,
LAO,1991,,0.0,,,,,,643.410259077746,,,,,
LAO,1992,,0.006358107,,,,,,660.633861954064,,,,,
LAO,1993,,0.007256745,,,,1.31793999671936,17.9675439949302,680.964153708638,,,,,
LAO,1994,,0.012999303,,,,1.30735003948212,11.4641151430092,717.509245108717,,,,,
LAO,1995,,0.031233308,,,,1.63365995883942,10.1661515071985,749.234741728538,,,,,
LAO,1996,,0.07514006,,,,2.36982989311218,16.8817407634259,782.683156535545,,,,,
LAO,1997,,0.095426924,,,,2.52199006080627,19.4707121923206,819.205851313643,,,,,
LAO,1998,0.00966,0.122986391,,,,2.00583004951477,22.0834009552285,836.088098507116,,,,,
LAO,1999,0.0378,0.226177403,,,,2.30977010726929,24.7239019576492,881.634129609675,,,,,
LAO,2000,0.111044032290124,0.23348379698675,,,,2.64691996574402,27.5,917.228038617529,,0.0,0.0,0.0,70.0
LAO,2001,0.181664460654566,0.535091846717965,,,,3.04713988304138,30.2,954.123505414634,,0.0,0.0,0.0,69.0
LAO,2002,0.267899241309349,0.983088419678236,,0.0371,15.62884,4.05916023254395,30.5,994.492241963795,,0.0,0.0,0.0,72.0
LAO,2003,0.333912466428616,1.97044724018923,0.0004387546738341,,,4.79725980758667,31.6,1038.71192767783,,0.0,0.0,0.0,83.0
LAO,2004,0.361434490258043,3.53172273682179,0.0008648086195821,,,5.579430103302,38.3,1088.76034728831,,0.0,0.0,0.0,86.0
LAO,2005,0.850399971,11.2024094632562,0.0053496681076128,,,7.60128021240234,44.1,1148.68153852071,,0.0,0.0,0.0,80.0
LAO,2006,1.16989994,16.9299201770861,0.0124262141132278,,,8.78625965118408,42.8,1228.08927619923,,0.0,0.0,0.0,104.0
LAO,2007,1.64,24.4113505484264,0.0187410133951187,,,11.2626600265503,38.2,1301.08597549864,,0.0,0.0,0.0,130.0
LAO,2008,3.55,32.8857244198174,0.0470973263973196,,,13.0783004760742,52.6,1381.73754223953,,0.0,0.0,0.0,137.0
LAO,2009,6.0,51.823574629881,0.0691644922922526,,,16.2123508453369,55.0,1463.3379666846,,0.0,0.0,0.0,150.0
LAO,2010,7.0,63.2029110570342,0.0929084268653597,,,16.6638298034668,58.6,1564.91068311647,17.9590577636255,0.0,0.0,0.0,194.0
LAO,2011,9.0,85.2839686365553,0.10185806158476,,,17.4954696423161,57.8,1666.40086189871,,0.0,0.0,0.0,236.0
LAO,2012,10.74769974,65.961259571669,0.116245215124211,,,17.330766926856,66.8,1774.63585203672,,0.0,0.0,0.0,236.0
LAO,2013,12.5,69.7677113040611,0.136506949754098,,,18.9224448772621,70.6,1890.27861294875,,0.0,0.0,0.0,267.0
LAO,2014,14.26000023,68.9014991708403,0.240468243989562,,,18.4954952643985,75.0,2006.31195444447,,0.0,1.0,0.0,301.0
LAO,2015,18.20000076,54.7979496136596,0.213918838751508,,,18.1574846273063,85.7,2121.01339097363,19.7857751674494,0.0,1.0,0.0,356.0
LAO,2016,21.87000084,57.2966195875928,0.353548994456637,,,17.0880719461771,84.1,2234.76098741846,,0.0,0.0,0.0,347.0
LAO,2017,25.51040077,52.8887895907566,0.387808918792952,,,15.4112577339384,90.5,2351.57441747595,14.6407804489136,0.0,1.0,0.0,356.0
LAO,2018,36.27130127,51.3792491489602,0.636626171692238,,,14.4969749098337,89.3,2459.97874636195,,0.0,0.0,1.0,435.0
LAO,2019,47.03229904,64.0668582946144,1.0539352904733,,,13.7404020217342,97.6,2554.95638019245,,0.0,1.0,0.0,460.0
LAO,2020,54.0,63.1139885984314,1.67210846259045,,,12.561911777868,99.0,2529.74622698761,,0.0,6.0,0.0,605.0
LAO,2021,62.0,64.7101497693472,2.0226898696049,,,12.4396649191011,100.0,2556.58912640405,,0.0,5.0,0.0,663.0
LAO,2022,64.54000092,63.3546046458219,2.38186047453058,,,13.677811550152,100.0,2589.05015191628,23.9881845934688,1.0,8.0,0.0,687.0
LAO,2023,64.39800262,64.7588066942788,2.72021122524182,,,14.8841695785522,95.2,2648.88726608035,20.6181392669678,3.0,13.0,0.0,775.0
LAO,2024,65.59269714,,,,,,94.2,2721.07810663122,,5.0,27.0,1.0,915.0
LBN,1990,0.0,0.0,,,,,,2752.72442253257,,,,,
LBN,1991,,0.0,,,,,,4031.19474543924,,,,,
LBN,1992,,0.0,,,,23.675479888916,,4595.5808332577,,,,,
LBN,1993,,0.0,,,,,,4992.69878232449,,,,,
LBN,1994,,0.0,,,,,,5301.41584672248,,,,,
LBN,1995,0.0716,3.030578537,,,,,,5542.2265103529,,,,,
LBN,1996,0.14,4.907983976,,,,21.6194705963135,,6054.52911921482,,,,,
LBN,1997,1.24,9.102749814,,,,,,6008.75855385657,,,,,
LBN,1998,2.72,12.09203443,,,,,,6120.45672717024,,,,,
LBN,1999,5.38,14.75287175,,,,28.0918598175049,,5982.41788354308,,,,,
LBN,2000,7.95274373635276,17.1619692609035,,,,28.1094799041748,100.0,5958.97836750301,,0.0,0.0,0.0,551.0
LBN,2001,6.78321977527715,17.4186343316709,,,,31.8084697723389,100.0,6085.76041420146,,0.0,3.0,0.0,590.0
LBN,2002,7.0,17.365370345809,0.0,,,33.2399406433105,100.0,6207.24133893746,,0.0,10.0,0.0,713.0
LBN,2003,8.0,17.577253205607,0.0,,,33.0007705688477,100.0,6319.76518298647,,0.0,10.0,2.0,780.0
LBN,2004,9.0,19.2300793233026,0.0,,,34.8977317810059,100.0,6633.75258002393,,0.0,12.0,0.0,954.0
LBN,2005,10.14000034,21.2702912503302,0.0,,,36.9155197143555,98.9,6707.18024635316,,1.0,9.0,0.0,1109.0
LBN,2006,15.0,23.2877147696888,0.0,,,38.105541229248,98.8,6696.37428200596,,1.0,23.0,0.0,1389.0
LBN,2007,18.74,26.0109270665991,1.03217964549997,,,40.4916915893555,86.7,7179.34520092306,32.9284400939941,0.0,10.0,0.0,1341.0
LBN,2008,22.53,28.9725367963399,2.03031091775332,,,41.7746200561523,99.2,7701.29823027979,,0.0,8.0,0.0,1544.0
LBN,2009,30.13999939,47.8801999965146,3.94608723416743,,,41.8963890075684,96.1,8375.48851252821,,0.0,13.0,0.0,1699.0
LBN,2010,43.68000031,56.8042135263845,6.56754781714514,,,42.1777031083244,96.6,8955.54336184707,,0.0,26.0,0.0,1807.0
LBN,2011,52.0,67.8303852810625,7.89496509040388,,,45.5351218323996,99.2,8936.20027462737,,0.0,29.0,0.0,2219.0
LBN,2012,61.24980164,71.7218113497571,9.09489046633696,,,44.9326117621184,96.2,8920.8056984673,,0.0,24.0,0.0,2467.0
LBN,2013,70.5,67.6382047262301,8.35736656593718,,,48.3089213263461,96.8,8443.53856528784,,0.0,28.0,0.0,2962.0
LBN,2014,73.0,69.1237106092809,17.8374158459364,,,42.9353408813477,97.3,7830.4151113336,,0.0,23.0,0.0,3145.0
LBN,2015,74.0,71.9609626558273,,,,39.2905242294107,97.8,7714.1099998804,,1.0,46.0,0.0,3392.0
LBN,2016,76.11000061,67.6419803070033,,,,42.5074771456909,98.3,8019.1416913426,,2.0,41.0,0.0,3900.0
LBN,2017,78.18080139,71.4122336418984,,,,44.1878772500135,98.7,8305.57405425721,,0.0,60.0,0.0,4400.0
LBN,2018,80.90000153,73.9321026202855,,,,47.2296269060678,97.4,8388.7235123835,42.0795707702637,0.0,83.0,1.0,5035.0
LBN,2019,81.48120117,73.1364785867655,7.24813507210341,,,50.1483937104215,99.6,8064.04873416236,42.4420566474187,1.0,135.0,1.0,5479.0
LBN,2020,82.0664978,75.2003104658777,7.57698778654173,,,51.5677337643942,99.8,6440.82843092922,,1.0,182.0,0.0,6706.0
LBN,2021,82.65599823,74.9935205999452,7.55615217723581,,,56.8657861418168,100.0,5973.41933892988,,6.0,226.0,1.0,6612.0
LBN,2022,81.46479797,74.0148340435503,7.29166684799988,,,58.1761149059991,100.0,5909.03651555028,,7.0,359.0,3.0,6712.0
LBN,2023,81.7059021,,,,,54.4012561547071,100.0,5834.63415739394,,33.0,805.0,6.0,9068.0
LBN,2024,80.63400269,,,,,,100.0,5391.22914209501,,24.0,875.0,7.0,9623.0
LBR,1990,0.0,0.0,,,,,,754.134009462384,,,,,
LBR,1991,,0.0,,,,,,735.180658658157,,,,,
LBR,1992,,0.0,,,,,,450.538677691808,,,,,
LBR,1993,,0.0,,,,,,290.388920233659,,,,,
LBR,1994,,0.0,,,,,,227.742776021788,,,,,
LBR,1995,,0.0,,,,,,216.093554614513,,,,,
LBR,1996,,0.0,,,,,,235.435058248512,,,,,
LBR,1997,0.00449,0.0,,,,,,449.286058616964,,,,,
LBR,1998,0.0041,0.0,,,,,,528.670341826706,,,,,
LBR,1999,0.0113,0.0,,,,7.76494979858398,,609.040903258705,,,,,
LBR,2000,0.0177027057169472,0.0512274611977595,,,,18.5271492004394,,754.850917360951,,0.0,2.0,0.0,18.0
LBR,2001,0.033812227177592,0.0663275559821154,,,,,,754.422355762017,,0.0,0.0,0.0,27.0
LBR,2002,0.0327133071190699,0.161562268360098,,,,,,762.716393927064,,0.0,0.0,0.0,30.0
LBR,2003,0.0318689345450327,1.51465027446425,,,,,,528.567395543421,,0.0,0.0,0.0,18.0
LBR,2004,0.0310111848040233,2.98933254606113,,,,,,535.995882066218,,0.0,2.0,0.0,27.0
LBR,2005,0.551400006,4.84699403062391,,,,,,539.665378841936,,0.0,0.0,0.0,32.0
LBR,2006,0.529999971,8.02111386343538,,,,,,551.377446611852,,0.0,0.0,0.0,31.0
LBR,2007,0.551400006,15.3445714830815,,,,,,574.609394348543,,0.0,2.0,0.0,27.0
LBR,2008,0.529999971,22.3665618687031,0.0028788252717938,,,,,591.185378141907,,0.0,0.0,0.0,46.0
LBR,2009,2.0,27.5184959376398,0.0038041829781579,,,,,603.256211077605,,0.0,0.0,0.0,39.0
LBR,2010,2.3,38.7127515158085,0.0045825336483619,,,9.00753004752703,1.0,621.783295071575,21.7452255269655,0.0,0.0,0.0,47.0
LBR,2011,2.5,47.8690308724247,0.0014924743756363,,,,1.2,646.908727016597,,0.0,0.0,0.0,44.0
LBR,2012,2.599999905,54.4220580497379,0.0119825028018247,,,10.838520055325,2.8,674.360011422232,,0.0,1.0,0.0,36.0
LBR,2013,3.200000048,57.0612667465878,0.113640456360387,,,,3.5,717.007280358975,,0.0,0.0,0.0,58.0
LBR,2014,5.409999847,70.6628167823582,0.131455189226459,,,,4.1,707.157694930142,,0.0,0.0,0.0,57.0
LBR,2015,10.0,78.3786689834016,0.150232936167528,,,,5.2,692.590082351257,,0.0,0.0,0.0,78.0
LBR,2016,15.69999981,65.5437117609357,0.168222443902021,,,,4.1,668.031513175601,21.631290435791,0.0,0.0,0.0,95.0
LBR,2017,16.29999924,54.8575199657656,0.185608150260109,,,,7.4,671.260899835355,25.7939576468879,0.0,0.0,0.0,106.0
LBR,2018,17.27770042,,,,,,7.7,665.875439637137,,0.0,0.0,0.0,109.0
LBR,2019,19.89579964,38.4041861157665,0.21809295161251,,,,8.3,636.699384824869,26.1559391021729,0.0,0.0,0.0,123.0
LBR,2020,22.91069984,32.1004345501657,0.252453508259017,,,,8.1,605.025475431411,,0.0,1.0,0.0,130.0
LBR,2021,26.38229942,31.429900768597,0.247180102838331,,,,8.1,621.927983063426,,0.0,5.0,0.0,175.0
LBR,2022,30.38010025,32.0638885570006,0.274673226516174,,,,14.9,638.005183858289,,0.0,18.0,0.0,207.0
LBR,2023,31.22410011,,,,,,9.3,653.329188343162,,0.0,11.0,1.0,237.0
LBR,2024,32.23360062,,,,,,9.2,665.101337624192,,0.0,10.0,0.0,274.0
LBY,1990,0.0,0.0,,,,11.2165002822876,,11085.9439949716,,,,,
LBY,1991,,0.0,,,,,,12541.6926152482,,,,,
LBY,1992,,0.0,,,,14.9024696350098,,11949.2275026865,,,,,
LBY,1993,,0.0,,,,,,11274.3452230872,,,,,
LBY,1994,,0.0,,,,,,11280.3829303475,,,,,
LBY,1995,,0.0,,,,,,10839.2802241884,,,,,
LBY,1996,,0.0,,,,,,10891.8055687803,,,,,
LBY,1997,,0.20398397,,,,,,11284.7780739062,,,,,
LBY,1998,,0.401528861,,,,,,10722.8700734717,,,,,
LBY,1999,0.134,0.593120045,,,,50.3618698120117,,10643.1452796026,,,,,
LBY,2000,0.187042622337565,0.754002670300457,,,,46.5393905639648,99.2,10853.8059516526,,0.0,0.0,0.0,85.0
LBY,2001,0.366533175284228,0.925302374936594,,,,51.0642204284668,87.3,10467.8776146012,,0.0,2.0,0.0,74.0
LBY,2002,2.24441822165946,1.27078412826932,,,,56.240291595459,79.8,10170.3095776338,,0.0,0.0,0.0,74.0
LBY,2003,2.81451798740855,2.26002856533743,,,,58.543701171875,72.2,11267.0627623548,,0.0,1.0,0.0,74.0
LBY,2004,3.53283816154549,8.71582286170796,,,,,64.5,11529.1086646221,,0.0,2.0,0.0,92.0
LBY,2005,3.91779995,34.136694932988,,,,,56.9,12628.896152656,,0.0,0.0,0.0,124.0
LBY,2006,4.301099777,65.6759769847586,,,,,49.2,13176.7758911904,,0.0,1.0,0.0,172.0
LBY,2007,4.72199937850513,73.7175601781016,,,,,41.4,13712.9602583972,,0.0,1.0,0.0,200.0
LBY,2008,9.0,118.341718213499,0.741600819831191,,,,33.6,13403.0004645911,,0.0,2.0,0.0,309.0
LBY,2009,10.80000019,149.749665681643,0.989525790968802,,,,25.6,12549.0854345521,,0.0,3.0,0.0,273.0
LBY,2010,14.0,167.748077476219,1.1203724807586,,,,17.5,12913.9334939386,,1.0,4.0,0.0,382.0
LBY,2011,14.0,157.649061523019,1.10354343066113,,,,9.3,6569.59477578957,,0.0,8.0,0.0,272.0
LBY,2012,15.19999981,155.146320117657,1.08911519181374,,,,0.8,12599.258882136,,0.0,6.0,0.0,379.0
LBY,2013,16.5,162.34581961061,1.02623025498094,,,,,10126.314927806,,0.0,4.0,0.0,547.0
LBY,2014,17.76000023,132.203934123012,0.977089431066341,,,,,7644.24843947404,,0.0,6.0,0.0,670.0
LBY,2015,25.0,149.224588127748,0.933889931732646,,,,,7458.48917756374,,0.0,6.0,0.0,712.0
LBY,2016,35.0,115.499434118109,2.54699624223062,,,,,7236.16409923502,,0.0,8.0,0.0,728.0
LBY,2017,47.5,89.333810176041,4.71896206577758,,,,,9435.60060040046,,0.0,15.0,0.0,868.0
LBY,2018,47.5,,,,,,,10020.9165751361,,1.0,12.0,0.0,1036.0
LBY,2019,71.40409851,164.00440049702,4.5748595928116,,,,,8768.4104874586,,0.0,20.0,0.0,1162.0
LBY,2020,74.35810089,164.987107188677,4.71229521564357,,,,,6102.79864032512,,3.0,36.0,0.0,1631.0
LBY,2021,77.438797,195.117849246865,4.65300430613124,,,,,7731.35448152581,,2.0,76.0,1.0,2131.0
LBY,2022,80.64720154,192.97309381967,4.51840823499527,,,,,7002.68189296358,,3.0,83.0,0.0,1942.0
LBY,2023,82.10469818,,,,,,,7630.49664928174,,2.0,114.0,1.0,2202.0
LBY,2024,81.95449829,,,,,,,7696.0807819319,,4.0,152.0,0.0,2561.0
LCA,1990,0.0,0.0,,,,,,8418.43121970586,,,,,
LCA,1991,,,,,,,,8349.33748060159,,,,,
LCA,1992,,,,,,,,8879.90075764079,,,,,
LCA,1993,,,,,,5.70678997039795,,8800.62691819002,,,,,
LCA,1994,,0.348031695,,,,,,8808.68294405759,,,,,
LCA,1995,0.306,0.656391945,,,,,,8822.50069854295,,,,,
LCA,1996,0.67,0.909273945,,,,17.3051605224609,,8945.86353079673,,,,,
LCA,1997,0.992,1.029243377,,,,,,8759.56755308065,,,,,
LCA,1998,1.3,1.211309808,,0.57395,,,,9183.3516374622,,,,,
LCA,1999,1.93,1.453341421,,0.27374,,,,9306.76032489833,,,,,
LCA,2000,5.09048334139327,1.57613355525294,,,,,82.4,9198.93894352203,,,,,
LCA,2001,8.18186395448366,1.6850040876951,,,,,87.6,8795.54582090658,,,,,
LCA,2002,14.6418357746777,8.85480787671445,,,,,84.9,8755.45939353129,,,,,
LCA,2003,20.9824734633424,60.7451403887689,0.859022187315924,,,,86.2,9054.06778374517,,,,,
LCA,2004,21.395212362765,61.4957470515529,2.31370137421684,,,13.3422899246216,87.4,9637.37801390276,,,,,
LCA,2005,21.5675829464215,63.8597763674826,4.23088546388637,,,12.7918500900269,88.6,9527.58469430542,,,,,
LCA,2006,24.5,63.370519506238,4.30631484826481,,,9.52157974243164,89.8,10045.6504032593,,,,,
LCA,2007,27.89999962,87.6262234885967,6.60355988984132,,,8.46230983734131,91.0,10147.4432459936,,,,,
LCA,2008,30.0,103.694730107578,9.19802379034169,,,15.7249202728272,92.1,10583.4310172598,,,,,
LCA,2009,31.0,111.696660367695,10.9413724693735,,,17.469539642334,93.2,10219.8024011561,,,,,
LCA,2010,32.5,115.977203843048,11.9896317273823,,,12.4684000015259,94.1,10191.3146827694,38.2970504760742,,,,
LCA,2011,34.0,126.035354858237,12.4213479549013,,,16.2693996429443,95.5,10576.8979743596,,,,,
LCA,2012,45.865,125.154270020338,14.2380364685637,,,10.2734699249268,95.6,10517.2777635533,,,,,
LCA,2013,49.3871994,122.318869001955,14.2493756092496,,,14.0192003250122,97.7,10279.4155096001,40.430118560791,,,,
LCA,2014,53.17969894,108.161917559637,16.1934787352559,,,17.0831794738769,98.7,10369.9382566513,,,,,
LCA,2015,57.26330185,107.338841085161,16.252251222092,,,17.0301094055176,99.7,10334.9860823918,,,,,
LCA,2016,58.22259903,100.570465595573,16.9579722851645,,,19.7992000579834,100.0,10644.1612913407,,,,,
LCA,2017,59.16009903,100.199612117363,18.0490183847297,,,20.7471294403076,100.0,10960.4843512477,34.1257628615391,,,,
LCA,2018,60.11259842,104.478100973353,18.227062937458,,,14.6563596725464,100.0,11233.8883578457,,,,,
LCA,2019,61.08050156,83.1865181441059,8.88489876787815,,,15.9467096328735,100.0,11077.9479823807,41.2525405883789,1.0,1.0,0.0,0.0
LCA,2020,62.06399918,81.8687237026648,19.9725105189341,,,16.8199691772461,100.0,8512.8183987353,51.2580490112305,0.0,1.0,0.0,0.0
LCA,2021,63.06330109,96.2374385229832,10.675434960397,,,,100.0,9447.30059244639,,,,,
LCA,2022,66.95159912,98.6676436534083,13.571912004072,,,16.1808795928955,100.0,11258.6110790564,,0.0,0.0,1.0,0.0
LCA,2023,67.44390106,,,,,15.0396404266357,100.0,11665.6826047818,,0.0,2.0,0.0,0.0
LCA,2024,68.20500183,,,,,,100.0,12190.7970890156,,0.0,20.0,0.0,101.0
LCN,1990,,0.0284268789862236,,,,,,5780.34172313624,,,,,
LCN,1991,,0.0662605272303517,,,,,,5855.46409921569,,,,,
LCN,1992,,0.141538066911201,,,,,64.3677105544178,5905.37490595971,,,,,
LCN,1993,,0.243919059790263,,,,,65.3342760862398,6050.45227340859,,,,,
LCN,1994,,0.476246930924313,,,,,67.4374976460426,6247.9278373966,,,,,
LCN,1995,,0.814980566970223,,,,,63.3913194169251,6202.56295451153,,,,,
LCN,1996,,1.35658184198452,,,,,65.9446744994885,6339.81804281942,,,,,
LCN,1997,,2.56076799911413,,,,,66.8143825712799,6580.43309160395,,,,,
LCN,1998,,4.20004444350747,,,,,68.4108136068152,6667.95349314381,,,,,
LCN,1999,,7.81102751940706,,,,22.5913906097412,69.8435012828185,6601.9586547179,,,,,
LCN,2000,,12.2337609230264,0.0354192642601538,0.557752059828362,298.460538992096,23.8176708221436,71.1242369366262,6741.98165315129,,,,,
LCN,2001,,16.0278080762725,0.143381190220996,0.531209415360542,308.037555218886,25.2762908935547,74.0066005096669,6684.04487881254,,,,,
LCN,2002,,18.9571871492113,0.320275697380234,0.515535076561601,357.673708656542,27.1014404296875,74.4251175273558,6609.4435978908,,,,,
LCN,2003,,23.2658491501529,0.49636348672951,0.551266324225007,382.764632435085,28.6692295074463,74.9082446198302,6668.85196382399,,,,,
LCN,2004,,31.7954444641513,1.21018530268062,0.55592990194665,,30.1274299621582,75.7902922261376,6962.74810727734,,,,,
LCN,2005,16.6,43.2504190012727,1.58663061469678,0.582452907203088,461.238916110719,31.8272495269775,76.8378502815453,7160.6891743433,,,,,
LCN,2006,20.7,54.4247414285209,2.42976319750778,0.582094975874306,460.120148480415,38.6138916015625,79.1066404657976,7448.5139089453,,,,,
LCN,2007,23.7,67.1288562830228,3.62188775754555,0.619133423938285,472.649084503284,36.3547286987305,79.5781322110912,7751.39723773622,,,,,
LCN,2008,26.4,79.9377842650537,4.97758158138963,0.666022153469657,487.923131125271,39.265079498291,81.9224919876128,7945.57320353123,,,,,
LCN,2009,31.0,88.246738255931,5.96751937430196,0.692091567954177,510.263368127076,40.250301361084,82.5269000706947,7676.11101980124,,,,,
LCN,2010,34.6,97.2901114505863,6.76186277117971,0.732677520135218,540.766374471365,41.7594985961914,83.9924700599218,8060.06410621954,,,,,
LCN,2011,39.3,105.949680024152,8.10448516865759,0.707866275754934,573.99606836999,43.2492713928223,85.0266785188795,8324.64861785153,,,,,
LCN,2012,43.0,110.522665838666,8.59639155092021,0.680454956322769,582.631882365115,44.429859161377,86.3620128424881,8454.76965680889,,,,,
LCN,2013,46.1,116.169353512972,9.30419678648964,0.712916414074282,561.112998511686,45.4711112976074,87.3004270919339,8594.86059532881,,,,,
LCN,2014,48.7,115.733159375779,10.0141096131576,0.753258371465564,582.691393644504,47.1078109741211,87.9362594491458,8610.20897998125,,,,,
LCN,2015,54.4,112.2,10.8,0.728873328202675,,48.3956489562988,89.1221495529808,8546.91790238019,,,,,
LCN,2016,57.5,110.6,11.5,0.687370788747671,,50.3843383789062,93.4581981318334,8404.73192746461,,,,,
LCN,2017,60.2,107.3,12.2,0.647229574033165,,51.7569198608398,90.5588723814664,8458.43713679231,,,,,
LCN,2018,63.5,105.7,13.0,0.638182174027151,,52.4460487365723,90.5280853416719,8489.65331062758,,,,,
LCN,2019,67.8,103.3,13.5,0.626038248103588,,53.3577194213867,91.3705864293127,8447.71177421698,,,,,
LCN,2020,73.8,102.8,15.03,0.644615222117082,,54.8686599731445,96.1038464505585,7812.95729980292,,,,,
LCN,2021,75.8,108.7,16.59,0.617603270264567,,56.7638816833496,96.8068548997881,8317.64330039219,,,,,
LCN,2022,77.1,109.9,17.57,0.657401382768952,,58.2350807189941,97.0461230526243,8606.55427761644,,,,,
LCN,2023,80.0,112.6,18.32,0.682681546543488,,60.6225090026855,92.7784269633809,8736.17680385723,,,,,
LCN,2024,81.7,114.6,19.39,,,58.9027099609375,91.0260439229498,8871.53601669473,,,,,
LDC,1990,,0.0,,,,2.76378011703491,,609.61031629094,,,,,
LDC,1991,,0.0,,,,2.82580995559692,,605.730854051385,,,,,
LDC,1992,,0.0004624996410974,,,,2.80761003494263,,591.416200084222,,,,,
LDC,1993,,0.0026303477415439,,,,2.92497992515564,,571.901701870106,,,,,
LDC,1994,,0.0051288301122634,,,,2.90509009361267,,560.31326209722,,,,,
LDC,1995,,0.0090725773539587,,,,2.91950011253357,,577.248136712146,,,,,
LDC,1996,,0.0159409388286057,,,,3.00693011283875,,593.934210542038,,,,,
LDC,1997,,0.0297435937615641,,,,3.07293009757996,,609.774180333513,,,,,
LDC,1998,,0.0652185860563945,,,,3.19510006904602,,618.447646923654,,,,,
LDC,1999,,0.120081997872591,,,,3.40175008773804,,627.454384518701,,,,,
LDC,2000,,0.267839667566092,,,,3.65261006355286,11.3222770948457,638.717166705897,,,,,
LDC,2001,,0.536673573470082,,,,4.12803983688354,,654.239496984006,,,,,
LDC,2002,,1.00587512324063,,,,4.23750019073486,,672.754876647406,,,,,
LDC,2003,,1.69112640775055,,,,4.41347980499268,13.7319549598724,690.027993459742,,,,,
LDC,2004,,2.83955735513526,,,,4.49539995193481,13.7069430916317,717.770654491983,,,,,
LDC,2005,0.7,5.00410616536379,,,,4.85500001907349,15.2372162236644,752.662444138539,,,,,
LDC,2006,1.0,9.15105115648205,,,,5.29082012176514,18.6021960124522,785.207477962037,,,,,
LDC,2007,1.8,15.1148302667501,0.0333996731442917,,,5.69760990142822,16.4002047957683,822.870375237203,,,,,
LDC,2008,2.2,21.698199568607,0.0441326036681504,,,6.30137014389038,19.320654830566,855.844899163499,,,,,
LDC,2009,2.6,26.5257668707917,0.0937198379432672,,,7.15224981307983,23.2283482284394,871.259636862048,,,,,
LDC,2010,3.3,33.1545800353652,0.110512323432548,,,7.9300799369812,21.3512381060265,905.393997038056,,,,,
LDC,2011,4.0,41.7915222727001,0.152086435560021,,,8.46016979217529,22.5876805292565,911.315681048424,,,,,
LDC,2012,4.8,48.0521941787212,0.204487983179129,,,8.69954013824463,26.9616547377237,919.308093708723,,,,,
LDC,2013,6.0,55.17906224701,0.34469506522949,,,8.92932033538818,26.7633703520094,952.21846887207,,,,,
LDC,2014,8.2,62.2774141922594,0.578569684787293,,,9.0360803604126,26.8277562973246,979.669421273234,,,,,
LDC,2015,10.7,66.729249904803,0.755090926043476,,,9.34146976470947,28.1547872875731,983.414934367096,,,,,
LDC,2016,13.8,66.7254164006605,0.920524709733674,,,9.60595035552979,34.9078717789724,997.08869308831,,,,,
LDC,2017,16.2,67.4699596052071,1.05085377256333,,,9.68212985992432,40.321798681682,1017.69408591328,,,,,
LDC,2018,19.5,75.3630550960803,1.37187700797035,,,10.154990196228,38.4365889963587,1040.23273178411,,,,,
LDC,2019,21.2,73.8109656936553,1.18796183070503,,,10.6823301315308,41.5652864404257,1064.77726218382,,,,,
LDC,2020,24.1,75.0,1.31,,,10.5179395675659,42.694626425334,1037.73611237248,,,,,
LDC,2021,26.1,77.4,1.43,,,10.6617698669434,44.3314580691082,1041.81864393151,,,,,
LDC,2022,28.2,78.7,1.67,,,10.8424100875854,44.6180974033944,1066.56260269683,,,,,
LDC,2023,29.9,82.2,1.9,,,11.1316499710083,45.8874791441244,1074.29165043316,,,,,
LDC,2024,31.4,83.9,1.95,,,11.0492496490478,49.8100859002347,1090.57292521647,,,,,
LIE,1990,0.0,0.0,,,,,100.0,,,,,,
LIE,1991,,,,,,,100.0,,,,,,
LIE,1992,,,,,,,100.0,,,,,,
LIE,1993,,,,,,,100.0,,,,,,
LIE,1994,,,,,,,100.0,,,,,,
LIE,1995,,,,,,,100.0,,,,,,
LIE,1996,,,,,,,100.0,,,,,,
LIE,1997,,,,,,,100.0,,,,,,
LIE,1998,,23.29916123,,,,,100.0,,,,,,
LIE,1999,,27.59466503,,,,,100.0,,,,,,
LIE,2000,36.5152298938015,30.1996194847945,,,,,100.0,,71.4940567016602,0.0,0.0,0.0,44.0
LIE,2001,45.1168526483592,32.8908025355819,,,,,100.0,,,0.0,0.0,0.0,29.0
LIE,2002,59.4707106749926,33.7917135913698,4.25878726809318,,,,100.0,,,0.0,0.0,0.0,41.0
LIE,2003,58.8096918372148,73.3998825601879,4.40399295361127,,,20.7547206878662,100.0,,,0.0,1.0,0.0,31.0
LIE,2004,64.0074481394199,74.1516182500218,13.786385181308,,,24.6068496704102,100.0,,,0.0,0.0,0.0,61.0
LIE,2005,63.37139893,79.2799285117177,24.8392954945087,,,24.4774703979492,100.0,,,0.0,1.0,0.0,57.0
LIE,2006,64.21420288,82.2158684774839,28.5918513223731,,,29.81715965271,100.0,,,0.0,0.0,0.0,80.0
LIE,2007,65.0802002,90.8788962698007,40.311133821609,,,31.5962390899658,100.0,,,0.0,1.0,0.0,84.0
LIE,2008,70.0,95.9259677237332,43.8720234736486,,,36.7309494018555,100.0,,,0.0,0.0,0.0,98.0
LIE,2009,75.0,97.992552566005,44.7489990760702,,,34.4922218322754,100.0,,,0.0,1.0,0.0,140.0
LIE,2010,80.0,98.6138503847329,42.3622878413289,,,36.018310546875,100.0,,,0.0,1.0,0.0,128.0
LIE,2011,85.0,101.929969671905,37.4827681279294,,,43.6750984191895,100.0,,,0.0,3.0,0.0,135.0
LIE,2012,89.40769958,98.5900098371407,39.3922833096513,,,42.4966812133789,100.0,,,0.0,0.0,0.0,155.0
LIE,2013,93.80000305,104.109997290707,40.6827418043891,,,,100.0,,,0.0,1.0,0.0,188.0
LIE,2014,95.20999908,109.388370153109,42.0041439065737,,,37.4887084960938,100.0,,,0.0,0.0,0.0,188.0
LIE,2015,96.6411972,109.491978609626,41.9679144385027,,,33.5420417785645,100.0,167187.15730982,,0.0,1.0,0.0,211.0
LIE,2016,98.09390259,117.766848331783,42.3634188488635,,,35.0226211547852,100.0,,,0.0,0.0,0.0,237.0
LIE,2017,99.54660034,122.594451783355,42.9405548216645,,,35.6219291687012,100.0,,,0.0,1.0,0.0,263.0
LIE,2018,,123.979123501797,43.8301555246663,,,38.3002700805664,100.0,,,0.0,3.0,0.0,241.0
LIE,2019,93.14610291,124.214360041623,44.6748178980229,5.86833,20047.04652,41.1658401489258,100.0,,,0.0,1.0,0.0,219.0
LIE,2020,94.34999847,126.104676657982,46.5602187427451,,,42.5986099243164,100.0,,,0.0,6.0,0.0,241.0
LIE,2021,95.56939697,126.070587030017,47.5207458252228,,,46.0189590454102,100.0,,,0.0,16.0,0.0,260.0
LIE,2022,97.88069916,126.306686674975,48.9304880840349,,,,100.0,,,0.0,19.0,0.0,319.0
LIE,2023,98.13230133,127.059447446841,49.4065356836204,6.00984,18129.75165,,100.0,,,0.0,16.0,0.0,326.0
LIE,2024,98.2641983,128.901429646351,50.0050163029847,,,,100.0,,,0.0,24.0,0.0,316.0
LKA,1990,0.0,0.005870696,,,,,,1388.58951567963,,,,,
LKA,1991,,0.01033497,,,,,,1441.62996544401,,,,,
LKA,1992,,0.015001881,,,,,,1481.33109855023,,,,,
LKA,1993,,0.082392688,,,,,,1556.88467169768,,,,,
LKA,1994,0.00277,0.162016515,,,,4.75038003921509,,1620.29120747596,,,,,
LKA,1995,0.00548,0.282303929,,,,,,1681.35052898879,,,,,
LKA,1996,0.0545,0.387659854,,0.18356,194.43149,,,1712.0081548794,,,,,
LKA,1997,0.162,0.622728788,,,,,,1787.41017656806,,,,,
LKA,1998,0.296,0.938548009,,,,,,1836.3894592448,,,,,
LKA,1999,0.348,1.374661758,,,,,,1880.10677681974,,,,,
LKA,2000,0.647410010940963,2.22982841389445,,0.14392,132.70514,,66.2,1956.93310021177,,0.0,1.0,0.0,465.0
LKA,2001,0.793821864362622,3.40637586183357,0.0016683365337844,,,,58.7,1896.48251385291,56.1040382385254,0.0,1.0,0.0,503.0
LKA,2002,1.05042270585318,4.70268940053374,0.0029890306613957,,,,78.3,1951.22522418199,,0.0,7.0,0.0,534.0
LKA,2003,1.45858022842408,6.98394373040532,0.0171265138131574,,,,71.5,2052.03044701403,,0.0,4.0,0.0,691.0
LKA,2004,1.44615998041486,11.0075740736638,0.10180407271051,0.1821,133.79126,,73.2,2149.10628192765,,0.0,1.0,0.0,736.0
LKA,2005,1.792000055,16.6288477682909,0.103875423885926,,,,75.0,2268.6880085282,,0.0,10.0,0.0,896.0
LKA,2006,2.53756612897332,26.593881186853,0.11249281473335,0.1742,90.37763,,79.3,2426.34872826822,,0.0,11.0,0.0,1028.0
LKA,2007,3.88,38.9580161956458,0.308712265850825,,,,76.6,2573.54361719411,,0.0,16.0,1.0,1155.0
LKA,2008,4.824500084,53.721706975363,0.494062399748553,0.11444,95.90583,,80.3,2708.58593724377,,0.0,12.0,0.0,1390.0
LKA,2009,5.868500233,78.5559610790581,0.817095999385251,,,,85.2,2787.27350463737,74.0255737304688,0.0,10.0,0.0,2016.0
LKA,2010,6.912399769,83.1420949448513,1.09351514330917,0.13241,102.80578,15.8440563450578,83.0,2993.01410960302,,0.0,14.0,0.0,2000.0
LKA,2011,7.956399918,87.1978920701214,1.70878756619529,,,14.6727189156336,85.7,3232.37349786435,,0.0,18.0,0.0,2311.0
LKA,2012,9.00039959,91.3242275735165,1.67222042245956,,,16.322805343317,84.7,3484.79048392653,,1.0,17.0,2.0,2747.0
LKA,2013,10.04440022,95.1136033828075,1.98679918143445,0.0973,107.04016,17.7655041707891,88.5,3728.93585962083,,0.0,28.0,0.0,3083.0
LKA,2014,10.5000026214106,102.671053139637,2.63419031926553,0.09605,95.87685,17.8701919678234,91.3,3929.92061307909,,1.0,23.0,1.0,3088.0
LKA,2015,15.26249981,109.984693490847,2.88043182386208,0.10291,102.40151,18.1726459197686,93.2,4057.71582716521,,0.0,16.0,1.0,3553.0
LKA,2016,22.19,117.737517418373,4.07189669081491,0.12034,102.9348,17.1510485178135,97.2,4214.74117217382,61.678638458252,0.0,34.0,2.0,3743.0
LKA,2017,25.07550049,127.669744935625,5.5257624644358,0.11818,102.17296,17.1941300290821,96.9,4436.00789131029,62.5039100646973,0.0,50.0,0.0,4097.0
LKA,2018,28.33620071,136.084228735946,6.93976008216017,0.11949,101.11335,17.8869756778112,99.5,4493.03574617534,63.0344696044922,5.0,98.0,1.0,4832.0
LKA,2019,32.02090073,126.514451763616,7.43541256815093,,,19.4563160693078,99.7,4455.78188788143,62.3045883178711,8.0,203.0,3.0,5419.0
LKA,2020,36.18473435,131.773421339878,7.8962203692284,0.11616,100.80931,20.1614879343022,100.0,4227.23314530167,64.8265609741211,19.0,291.0,2.0,6603.0
LKA,2021,44.45308724,135.522602889503,10.5401488574725,,,20.7824292013914,100.0,4357.97224978578,63.6817207336426,26.0,459.0,7.0,8689.0
LKA,2022,48.3,151.72675762805,9.63609972688813,0.10506,94.4866,22.3679922774735,100.0,4033.14560306744,64.0733032226562,68.0,547.0,12.0,7877.0
LKA,2023,51.2,142.277402587724,8.76545173115153,,,20.7412633848006,100.0,3977.13564995085,65.2356262207031,61.0,608.0,12.0,7960.0
LKA,2024,54.59,132.548743018664,8.4682688580745,,,,100.0,4198.74513727898,65.3014984130859,68.0,739.0,21.0,7537.0
LMY,1990,,0.0077770461858922,,,,8.02661037445068,,1633.44000577146,,,,,
LMY,1991,,0.0155585711118874,,,,8.31497001647949,,1649.20626301724,,,,,
LMY,1992,,0.0301322548798565,,,,9.54493999481201,,1687.35610436952,,,,,
LMY,1993,,0.058734853084983,,,,9.27371025085449,,1738.78861227653,,,,,
LMY,1994,,0.124630500391068,,,,9.92378044128418,,1794.63152593627,,,,,
LMY,1995,,0.248016878233275,,,,10.3202295303345,,1844.78915360747,,,,,
LMY,1996,,0.438320356183157,,,,9.90573978424072,,1925.38250705496,,,,,
LMY,1997,,0.790290731432606,,,,11.7060899734497,,2000.38706289156,,,,,
LMY,1998,,1.25997235656281,,,,11.8792400360107,,2031.96358933766,,,,,
LMY,1999,,2.24508124954104,,,,12.4727802276611,,2071.12473717276,,,,,
LMY,2000,,4.07324952174489,,0.614258093754642,,13.0773096084595,63.1623501693098,2151.76974084658,,,,,
LMY,2001,,6.35651855840677,0.0279964112446571,0.630984373335038,,13.8656902313232,65.1790621194721,2196.36804936148,,,,,
LMY,2002,,8.78365580382975,0.131177353236365,0.676603828231056,,14.9703702926636,65.4451545677981,2264.73090350902,,,,,
LMY,2003,,11.7769109027589,0.350250476318397,0.728115638665939,,16.0999202728271,64.2898290360977,2360.95764512632,,,,,
LMY,2004,,15.9182818810684,0.790111365679097,0.76454827164179,,17.0338306427002,64.0181554484242,2507.18197955636,,,,,
LMY,2005,,21.4836481536106,1.06248201263954,0.796415662279293,,17.8279209136963,65.4872828605935,2653.8201446199,,,,,
LMY,2006,,28.860015511121,1.50084874548267,0.842409965995132,,19.3010101318359,66.2250632126413,2831.5291839446,,,,,
LMY,2007,,37.4662544034357,1.94230019548775,0.847593553498541,,19.9281501770019,66.3326811502882,3039.02649139576,,,,,
LMY,2008,,47.2679641379077,2.51210952526808,0.932516592047564,,21.0461902618408,68.2694295721543,3174.81724219519,,,,,
LMY,2009,,56.193657931565,3.16690750110137,1.00210102110607,,21.9846591949463,69.9100548049876,3254.91684838707,,,,,
LMY,2010,,66.3634019887003,3.79258586624627,1.08390858589689,523.57752638455,23.3099193572998,70.6177476691195,3469.80590095764,,,,,
LMY,2011,,75.5408547565946,4.78749096607608,1.11193797777656,,24.9900798797607,71.8740163912738,3638.55326608162,,,,,
LMY,2012,,80.1722559632734,5.15870101275405,1.2195605341089,,26.2386302947998,72.5795120051037,3784.75096839907,,,,,
LMY,2013,,85.2345860142252,5.49761230053293,1.19477569666069,,27.0639896392822,73.7659995471564,3942.47943622101,,,,,
LMY,2014,,88.8003798817614,5.87487648276245,1.3398030879602,,29.786039352417,73.9891618267932,4089.19933719999,,,,,
LMY,2015,,90.0920125062044,7.28468906913775,1.35323895626264,623.492438242978,30.9507808685303,74.556242359573,4223.77742891002,,,,,
LMY,2016,,93.8812825625047,8.23950443451547,1.39111979423271,,31.5065193176269,77.2941018932589,4363.46432262705,,,,,
LMY,2017,,96.6111318192515,9.63954661940624,1.3466308945359,,31.9152908325195,79.1205619727483,4534.54734531501,,,,,
LMY,2018,,100.365686483195,10.3639176131794,1.43391120594534,,32.3189010620117,80.317818930576,4699.02853867183,,,,,
LMY,2019,,101.585315512496,10.7683743061326,1.42946991299371,,33.1788482666016,81.0503721746754,4833.03178169414,,,,,
LMY,2020,,101.296663699881,11.7696105635362,1.63624813052416,,34.3418502807617,81.4222248373689,4723.43743275583,,,,,
LMY,2021,,103.023535265877,12.9370224740086,1.84896536423247,,35.8265914916992,83.0992393659217,5019.23390795338,,,,,
LMY,2022,,104.401559003568,14.5372793849357,1.94940550009888,,37.0190887451172,82.5929190379547,5170.6906311666,,,,,
LMY,2023,,,,1.94660854100118,,38.2484283447266,83.041191354128,5358.98340901979,,,,,
LMY,2024,,,,,,38.7901611328125,83.5823967914712,5539.32895443457,,,,,
LSO,1990,0.0,0.0,,,,1.20950996875763,,533.824964193999,,,,,
LSO,1991,,0.0,,,,1.24198997020721,,560.884905718596,,,,,
LSO,1992,,0.0,,,,2.1456298828125,,590.008212092485,,,,,
LSO,1993,,0.0,,,,2.27322006225586,,601.55791413154,,,,,
LSO,1994,,0.0,,,,2.42086005210877,,628.960051227201,,,,,
LSO,1995,,0.0,,,,2.36249995231628,,641.758711944969,,,,,
LSO,1996,0.00285,0.064549194,,,,2.40869998931885,,670.469581774155,,,,,
LSO,1997,0.00558,0.177432691,,,,,,689.806218455005,,,,,
LSO,1998,0.011,0.495105102,,,,,,696.935973937753,,,,,
LSO,1999,0.0538,0.601732086,,,,1.93276000022888,,698.441087182066,,,,,
LSO,2000,0.211806070361977,1.07789110605101,,,,2.08551001548767,2.0,725.263668707773,,0.0,0.0,0.0,22.0
LSO,2001,0.261150063093855,2.8487849932004,,,,2.27312994003296,,752.243212493971,,0.0,0.0,0.0,23.0
LSO,2002,1.08394313737534,6.91605015142787,,0.04185,6.0045,2.2450098991394,,760.033443180306,,0.0,0.0,0.0,28.0
LSO,2003,1.53249659019509,6.34489957225453,,0.04295,7.53445,2.70279002189636,,798.540500554454,,0.0,0.0,0.0,22.0
LSO,2004,2.17552433931097,9.95434596112177,0.0011161116294265,0.05532,10.10478,,1.4,817.793597897186,,0.0,0.0,0.0,32.0
LSO,2005,2.580199957,12.7893640595655,0.0023040578042021,,,3.44801998138428,3.7,853.960500629797,,0.0,0.0,0.0,29.0
LSO,2006,2.97970818724486,18.4011006327301,,,,3.67536997795105,2.6,893.750686627156,,0.0,0.0,0.0,35.0
LSO,2007,3.44543125970873,24.6998875730315,0.0056315876776765,,,,6.9,927.26863327342,,0.0,0.0,0.0,48.0
LSO,2008,3.58,30.1654529450441,0.0071190989661542,,,,8.6,971.881366821351,13.8099298477173,0.0,0.0,0.0,57.0
LSO,2009,3.72,33.3689571771781,0.0201930149332394,0.0291,23.20733,,8.6,952.747929746529,,0.0,0.0,0.0,63.0
LSO,2010,3.859999895,49.4651223718861,0.0200375604069829,,,,4.4,995.233432451681,,0.0,0.0,0.0,73.0
LSO,2011,7.0,61.1891009424486,0.0664843106460795,0.01255,5.93738,,10.8,1031.99721564343,,0.0,0.0,0.0,64.0
LSO,2012,10.0,75.9363906183486,0.0804186488683877,,,10.8528418132462,7.2,1086.39034816283,,0.0,0.0,0.0,60.0
LSO,2013,15.0,87.055264662748,0.110624632872098,,,10.4558385996916,14.8,1093.95323489272,,0.0,0.0,0.0,71.0
LSO,2014,22.0,102.821994635806,0.0722084487731054,,,10.4168970963646,15.6,1100.04993684215,,0.0,2.0,0.0,81.0
LSO,2015,25.0,101.688197961524,0.0979753503141436,0.05101,23.73201,9.72517754374624,19.7,1121.19851342518,,0.0,0.0,0.0,100.0
LSO,2016,32.4538569477365,107.157971519258,0.10467409743234,,,,23.3,1147.58748801671,,0.0,1.0,0.0,89.0
LSO,2017,39.0,110.370078484639,0.223493470430344,,,10.3130654092878,20.2,1097.82166812752,,0.0,1.0,0.0,70.0
LSO,2018,40.79999924,72.4555241955612,0.263921601133539,,,9.93844298033582,,1068.44462913373,20.4669094085693,0.0,0.0,0.0,95.0
LSO,2019,42.301733569273,76.1124827725111,0.209015549435255,,,,32.6,1040.99351014117,,0.0,3.0,0.0,109.0
LSO,2020,43.65750122,69.8944012395073,0.226324591508713,,,,35.2,944.834128375429,,0.0,3.0,1.0,140.0
LSO,2021,45.05670166,80.5368195682415,0.353652507890634,,,,37.7,955.221236301503,,0.0,3.0,0.0,200.0
LSO,2022,48.06959915,68.1001351640997,0.39753117741491,,,,38.0,967.51928598325,,0.0,9.0,0.0,219.0
LSO,2023,48.98590088,69.3513051423509,0.383738154734299,0.09453,32.23847,,45.2,973.116561960912,,0.0,9.0,0.0,258.0
LSO,2024,51.79660034,70.328049309004,0.379434958926989,,,,41.4,1012.59379523386,26.399040222168,1.0,12.0,0.0,238.0
LTE,1990,,0.0167130316201986,,,,8.55105972290039,,2570.27051786487,,,,,
LTE,1991,,0.0285303810139472,,,,8.89568996429443,,2550.86719421418,,,,,
LTE,1992,,0.0529418199195055,,,,8.91987991333008,,2541.28556724785,,,,,
LTE,1993,,0.109229938746224,,,,8.56987953186035,,2622.24399599026,,,,,
LTE,1994,,0.225318093674009,,,,9.90587997436523,,2710.13792594915,,,,,
LTE,1995,,0.464740452483221,,,,13.2426204681397,,2834.79718591863,,,,,
LTE,1996,,0.806181030640707,,,794.291270282939,11.2503595352173,,2950.25039508082,,,,,
LTE,1997,,1.42690636136611,,,811.401335797457,15.5510902404785,,3086.94333971063,,,,,
LTE,1998,,2.32949374868865,,,731.774754207582,13.6268196105957,,3146.28317366963,,,,,
LTE,1999,,4.11274892358881,,,740.670264468225,14.7308702468872,,3264.69765097606,,,,,
LTE,2000,,7.39086634625613,0.0095853415065192,0.822240063648511,798.922494713577,16.1450004577637,91.8630251063422,3466.77132065183,,,,,
LTE,2001,,11.8494383497384,0.0488701087762869,0.86978252302268,822.300987440523,18.0309791564941,93.0102265594619,3620.40152506982,,,,,
LTE,2002,,16.7972734323324,0.2357083478041,0.893069196446551,834.863699198013,20.4317893981934,93.553057768876,3813.47993525517,,,,,
LTE,2003,,22.3483377423998,0.679010299768693,0.948138357587538,879.102512791911,22.8418598175049,93.8652082891322,4049.32719801138,,,,,
LTE,2004,,29.9209292609991,1.54239192670467,0.959151291112737,922.803408116131,24.6795501708984,94.1849839759149,4353.94772044713,,,,,
LTE,2005,,38.1112955188625,2.27010073004998,1.0155841204369,1017.37101732098,26.4337997436523,94.9748902772738,4664.00553113974,,,,,
LTE,2006,,45.9252875612226,3.29837337493288,1.02256832302327,1074.16953254162,29.2601299285889,96.1354983467094,5065.16601889118,,,,,
LTE,2007,,55.4748933121573,4.52467167653439,1.05433130799235,1162.3329109467,29.1174507141113,95.4993110414506,5546.15574148121,,,,,
LTE,2008,,65.6164325396086,5.82106371018412,1.0897775068919,1249.30221324151,29.939790725708,96.1454502575825,5893.64125969097,,,,,
LTE,2009,,74.7709324228179,7.2701138063218,1.26336412549039,1010.45439396375,30.9654293060303,97.1425168736928,6076.71969051382,,,,,
LTE,2010,,83.3696823012748,8.71573497180319,1.30584151297195,1060.07120252662,32.7734413146973,98.3713043613792,6526.90643063144,,,,,
LTE,2011,,91.0566056827835,10.550263746893,1.27965214501074,1112.98299847332,34.3755798339844,98.8690494992161,6951.29551622392,,,,,
LTE,2012,,98.6995505578557,11.7573255896485,1.41694330377263,1186.53715204691,36.1907615661621,98.9285760281892,7306.62850181868,,,,,
LTE,2013,,105.492296388357,12.7025750357293,1.45865029570522,1152.67991669261,38.6981582641602,99.1799367132243,7663.56295285725,,,,,
LTE,2014,,109.212583160761,13.503130484455,1.5185508624373,1217.31708671735,46.0270004272461,99.3314741901217,8010.17156732513,,,,,
LTE,2015,,107.639948940905,17.1872504809095,1.58029436811179,1276.25293586402,48.2025108337402,99.2630530032204,8331.63288950883,,,,,
LTE,2016,,110.460057411029,19.3691748113145,1.64436355816066,1346.2342924802,49.5272407531738,99.5588304954404,8645.98435648163,,,,,
LTE,2017,,113.603401335573,22.970432346049,1.64865821073684,1324.37576012497,50.7083702087402,99.7641146447861,9041.12377451984,,,,,
LTE,2018,,122.711163672734,23.8100103502832,1.6710773045223,1481.64459790679,52.2510185241699,99.7267522792263,9481.1203747958,,,,,
LTE,2019,,125.404898376046,25.7970369402879,1.76617643616171,1577.45846986011,54.3362693786621,99.7868843602428,9886.1162980852,,,,,
LTE,2020,,123.572144960936,27.7227364611525,1.9287748714655,1682.85359967376,57.8864784240723,99.8952645548586,9878.26644474708,,,,,
LTE,2021,,125.812134493348,30.5466806297646,1.96116789365958,1726.64228193515,61.8659400939941,99.8887278884733,10610.2084233095,,,,,
LTE,2022,,126.745828074436,34.579321506941,2.02080468716553,1877.97922875464,65.5056533813477,99.8907265662936,10941.9407766362,,,,,
LTE,2023,,,,2.09034358877655,2060.37929621427,68.1330413818359,99.8568501281192,11414.6924038042,,,,,
LTE,2024,,,,,,69.3638916015625,99.8521386671831,11918.0405122553,,,,,
LTU,1990,0.0,0.0,,,,,100.0,8333.35060476781,,,,,
LTU,1991,,0.0,,,,,100.0,7847.01714085874,,,,,
LTU,1992,,0.007034198,,,,,100.0,6185.53516623455,,,,,
LTU,1993,,0.032783181,,,,,100.0,5206.44260647022,,,,,
LTU,1994,,0.119667223,,,,,100.0,4730.69620782245,,,,,
LTU,1995,,0.394820974,,,,,100.0,4924.09667530707,,,,,
LTU,1996,0.277,1.369497547,,0.48892,2084.56665,,100.0,5211.10025197912,,,,,
LTU,1997,0.978,4.47474029,,0.53405,2175.00297,,100.0,5685.44901491024,,,,,
LTU,1998,1.97,7.300894009,,0.54142,2369.25296,,100.0,6154.17245640636,70.9542741659075,,,,
LTU,1999,2.92,9.136079147,,0.49976,2415.60995,,100.0,6129.99843995634,72.2638157205046,,,,
LTU,2000,6.42706749477765,14.9697091934012,,0.58422,2215.11542,,100.0,6384.30865426374,72.5560885754545,0.0,8.0,0.0,839.0
LTU,2001,7.17935699381369,29.3117715960016,0.0698818659581158,0.66634,2313.80264,57.3476104736328,100.0,6854.52512826671,71.5984053653866,0.0,16.0,0.0,1005.0
LTU,2002,17.69,47.7800264223806,0.580711662141955,0.65651,1830.39639,63.0700798034668,100.0,7374.0979710116,72.1603189196853,0.0,12.0,0.0,1425.0
LTU,2003,25.91,61.5530273084651,1.95562411024813,0.66316,1924.81452,69.6304168701172,100.0,8218.69336289848,73.5727726726504,0.0,14.0,0.0,1634.0
LTU,2004,31.23,90.3592532233403,3.82180940616857,0.74758,2164.46077,74.9013824462891,100.0,8851.92598922347,74.2240488903674,0.0,26.0,0.0,2013.0
LTU,2005,36.22,131.038602302106,7.04582990569982,0.74799,2276.39834,79.7298126220703,99.9,9692.86853763267,74.1768188476562,0.0,21.0,0.0,2123.0
LTU,2006,43.9,144.296392938056,11.2763501710192,0.79381,2425.77892,82.4531784057617,99.8,10577.2145522871,75.8550567626953,0.0,23.0,0.0,2442.0
LTU,2007,49.9,152.012023368388,17.3002567947876,0.80111,2605.27005,82.5158309936523,99.8,11889.3545234657,76.5351486206055,0.0,25.0,0.0,2304.0
LTU,2008,55.22,157.03197861735,18.4494764858694,0.78876,2624.8157,85.7450866699219,99.7,12324.5197331387,78.350471496582,0.0,24.0,1.0,2443.0
LTU,2009,59.76,156.847948346861,20.0356658048958,0.82848,2666.31995,89.2521667480469,99.7,10612.9204044582,79.4271011352539,0.0,20.0,0.0,2607.0
LTU,2010,62.12,157.889641413685,21.9297095928618,0.79379,2736.49225,86.5725708007812,100.0,10884.1161852582,80.5496215820312,0.0,17.0,0.0,2931.0
LTU,2011,63.6399774002179,163.043370593157,24.0272372898481,0.90998,2748.0311,84.0555877685547,99.7,11836.7200384033,81.6657791137695,0.0,12.0,0.0,3292.0
LTU,2012,67.2299893276414,167.226065135398,25.7287935833036,0.8976,2670.60517,79.7516326904297,100.0,12516.6184065667,81.5528717041016,0.0,28.0,0.0,4167.0
LTU,2013,68.4529,154.341459457267,28.2656607039035,0.95322,2878.7497,74.3968200683594,100.0,13145.8069309969,82.3100891113281,0.0,27.0,0.0,4326.0
LTU,2014,72.1335378644566,145.49429149643,27.337779493026,1.03495,3082.27902,72.034538269043,100.0,13753.1895982305,83.3288726806641,0.0,29.0,0.0,5677.0
LTU,2015,71.3780590101754,143.991494147494,28.6774149586821,1.04077,2794.92116,72.1163330078125,100.0,14269.8039878287,84.3143005371094,0.0,19.0,0.0,5506.0
LTU,2016,74.3766455618662,146.550393676088,29.8964138705034,0.84391,2950.39665,74.0858306884766,100.0,14823.107153522,86.2218475341797,0.0,29.0,1.0,5150.0
LTU,2017,77.6152565124514,154.147985747777,28.2319064734089,0.8963,3068.33424,76.5389785766602,100.0,15695.9993288456,87.3072128295898,1.0,45.0,0.0,5729.0
LTU,2018,79.7225827680518,134.333614750945,28.1444849879285,0.92781,3180.95498,77.3577728271484,100.0,16604.9021440809,88.5540465271884,0.0,72.0,3.0,6345.0
LTU,2019,81.5818683764046,132.528841977519,28.2791627222047,0.98701,3445.30515,75.0942306518555,100.0,17431.7239081591,89.6794919346865,2.0,94.0,1.0,6715.0
LTU,2020,83.05554724,131.341332336588,28.4988545174577,1.12379,3643.24539,73.5892868041992,100.0,17443.65526328,89.8658065795898,3.0,140.0,0.0,7589.0
LTU,2021,86.93054425,133.357273318046,28.712701575387,1.10044,3946.51068,75.0314712524414,100.0,18572.2895051093,84.7919082641602,6.0,222.0,3.0,7837.0
LTU,2022,87.72420219,135.834150715729,28.4400438919259,1.05289,4153.6584,76.9154586791992,100.0,18873.8427527274,91.9949045446213,5.0,239.0,6.0,7960.0
LTU,2023,88.50287484,137.203719983084,27.9638162516437,1.04977,3703.86273,77.0064163208008,100.0,18748.9302647191,92.4704079528139,9.0,350.0,3.0,8233.0
LTU,2024,89.16116293,138.728835196967,27.8460080234758,,,75.6177368164062,100.0,19205.4152293136,,12.0,382.0,6.0,8169.0
LUX,1990,0.0,0.216122077,,,,,100.0,66030.6478306937,,,,,
LUX,1991,,0.294773782,,,,,100.0,70783.8040436531,,,,,
LUX,1992,0.153,0.286067491,,,,,100.0,71120.7911006759,,,,,
LUX,1993,0.302,1.281075276,,,,,100.0,73120.1504309245,34.5840215817606,,,,
LUX,1994,0.496,3.207360388,,,,,100.0,74887.1941112367,,,,,
LUX,1995,1.59,6.583831123,,,,,100.0,74900.1497246575,,,,,
LUX,1996,5.55,10.89055716,,,,,100.0,74920.5623621812,40.4791202997888,,,,
LUX,1997,7.14,16.06263683,,,,,100.0,77997.2016345512,41.2419912122618,,,,
LUX,1998,11.7,30.80925647,,,,,100.0,82174.3606082355,,,,,
LUX,1999,17.4,48.72271444,,,,,100.0,87700.5125529005,,,,,
LUX,2000,22.8873279731211,69.5372043326332,,1.58314,3800.20738,,100.0,92533.1393756479,,0.0,0.0,0.0,364.0
LUX,2001,36.163422506306,92.6003730599975,0.275041199587099,,,9.9181604385376,100.0,94249.1625853478,39.947639465332,0.0,0.0,0.0,541.0
LUX,2002,39.84,105.961392417824,1.30536370743903,,,11.6310997009277,100.0,96275.0321314871,,0.0,0.0,0.0,598.0
LUX,2003,54.55,119.290542185474,3.39745661055511,1.6235,4345.49954,12.0609903335571,100.0,97603.4028137275,50.5293502807617,0.0,0.0,0.0,611.0
LUX,2004,65.88,102.553808019271,7.96428509085831,1.58819,4461.66893,,100.0,100296.956996628,57.9036088763613,0.0,4.0,0.0,839.0
LUX,2005,70.0,109.591866994153,15.0635095613532,1.55873,4826.35315,,100.0,101226.109631791,60.5850448676279,0.0,1.0,0.0,1037.0
LUX,2006,72.51,150.78267416139,20.9213603853946,1.64886,4377.13881,9.85431003570557,100.0,105618.332853323,60.4663559578401,0.0,1.0,0.0,1349.0
LUX,2007,78.92,142.5239969184,26.7932621233889,1.57165,4618.93667,,100.0,112422.146493735,61.7216415405273,0.0,3.0,0.0,1594.0
LUX,2008,82.23,144.583733818688,29.2848524509704,1.54663,4725.37233,10.6716299057007,100.0,110096.656683086,62.6925761242745,1.0,9.0,0.0,1898.0
LUX,2009,87.31,144.524044184212,31.3376302472766,1.58839,4852.27924,,100.0,104576.122195434,75.2600784301758,0.0,6.0,0.0,2378.0
LUX,2010,90.62,143.276640192349,33.1818450562661,1.42373,5200.13851,18.2021293640137,100.0,106545.854916218,75.5208282470703,0.0,10.0,1.0,2773.0
LUX,2011,90.0298585646936,147.511878499915,32.7339447418355,1.42453,5525.72816,,100.0,105292.012346074,74.9149398803711,0.0,19.0,0.0,3276.0
LUX,2012,91.9499237417387,143.387946442865,31.9617588949556,1.20664,4401.98152,19.117790222168,100.0,104489.298083328,76.2488784790039,1.0,22.0,0.0,3691.0
LUX,2013,93.7765,145.093438163702,32.4834270107517,1.23381,4661.60191,,100.0,105340.41498623,78.2979965209961,0.0,17.0,0.0,4481.0
LUX,2014,94.6702052774766,144.244165248014,33.580271770101,1.217,4782.93933,,100.0,105585.401767492,79.5658493041992,0.0,24.0,0.0,4782.0
LUX,2015,96.3767141704759,141.659175188223,34.2910720305652,1.25226,4636.38043,20.2907104492188,100.0,105462.012584423,69.071662902832,0.0,34.0,0.0,4857.0
LUX,2016,98.1366986657616,130.932672500368,34.8068400324932,1.2669,4802.1785,19.9203605651856,100.0,108351.452194449,,1.0,33.0,0.0,4671.0
LUX,2017,97.3629603241751,133.110922975046,35.9768313229784,1.23898,4969.23004,19.5990200042725,100.0,107142.05542835,,1.0,55.0,0.0,4981.0
LUX,2018,97.061298705829,131.326868398506,36.8853200372964,1.17039,4754.92191,19.3915195465088,100.0,106788.661202756,73.0939711225684,1.0,89.0,0.0,5127.0
LUX,2019,97.120635693272,131.870169616698,37.3611453762962,1.18209,5090.81552,19.3969497680664,100.0,107591.899505248,74.2218570973786,1.0,149.0,0.0,4771.0
LUX,2020,98.45962893,132.908973559976,37.2960860898482,1.09627,4920.65038,19.961389541626,100.0,105274.182260744,73.6529926130647,1.0,186.0,0.0,4764.0
LUX,2021,98.66086333,136.87108956478,38.0399641403524,1.03153,4939.08633,20.7341499328613,100.0,110873.115269021,77.0716476137358,5.0,288.0,2.0,5108.0
LUX,2022,98.24203749,139.651285065505,38.3269581349215,1.0653,5311.53147,21.032600402832,100.0,107467.123965307,77.2889265155403,10.0,310.0,2.0,4707.0
LUX,2023,99.34785707,144.474949556306,38.3793065082138,1.07045,5359.06637,21.5371704101562,100.0,105422.764660192,77.2197850510892,6.0,373.0,3.0,5369.0
LUX,2024,98.7606147,,40.3174570156723,,,22.4103698730469,100.0,104147.111291588,,6.0,459.0,4.0,5397.0
LVA,1990,0.0,0.0,,,,,100.0,7622.69859894915,,,,,
LVA,1991,,0.0,,,,,100.0,6694.19920788241,,,,,
LVA,1992,,0.038567208,,,,,100.0,4607.11398959129,,,,,
LVA,1993,,0.144000049,,,,,100.0,4464.72137528124,,,,,
LVA,1994,,0.320895746,,,,,100.0,4639.50575611837,,,,,
LVA,1995,,0.583740022,,,,,100.0,4661.66840092451,,,,,
LVA,1996,0.813,1.124576212,,0.40892,1149.21172,,100.0,4822.90414861125,,,,,
LVA,1997,2.05,3.085383486,,0.37657,1067.30045,,100.0,5317.97997604979,,,,,
LVA,1998,3.32,6.80085626,,0.38967,1056.15768,,100.0,5719.98918281481,73.1946981401288,,,,
LVA,1999,4.39,11.3068601,,0.3619,1094.45031,,100.0,5929.26767237825,74.1630209207679,,,,
LVA,2000,6.31906208267861,16.9433685496807,0.0119916581972062,0.4459,1600.9967,,100.0,6336.38296707987,73.400746261489,0.0,0.0,0.0,772.0
LVA,2001,7.21934580836289,28.090267249597,0.138348313583238,0.41106,1485.32998,63.4917602539062,100.0,6833.4354323157,,0.0,3.0,0.0,849.0
LVA,2002,21.94,39.6822464437465,0.43264739972423,0.42203,1486.06326,67.8093032836914,100.0,7443.22944659059,,0.0,3.0,0.0,909.0
LVA,2003,26.98,53.2790967520961,0.853348035635024,0.37616,1392.33083,71.0342407226562,100.0,8149.00183600084,77.0435385879083,0.0,1.0,0.0,1030.0
LVA,2004,38.58,67.8707555161397,2.17063706234592,0.41593,1459.48929,74.6085586547852,100.0,8957.23393555082,79.054931640625,0.0,3.0,0.0,1044.0
LVA,2005,46.0,83.5617184514221,2.71320805934858,0.54958,1458.12295,75.4191970825195,100.0,10106.2626157732,80.0776062011719,0.0,7.0,0.0,1286.0
LVA,2006,53.63,98.4075939418629,4.94242534582647,0.68285,1765.58108,74.5965118408203,100.0,11507.4648265658,86.0154418945312,0.0,11.0,0.0,1408.0
LVA,2007,59.17,100.737558024988,15.3836192324889,0.58167,1881.56079,73.0432968139648,100.0,12810.0409502542,80.3266220092773,0.0,7.0,0.0,1584.0
LVA,2008,63.41,105.551654925745,18.9239067993871,0.60627,1993.41671,72.3635406494141,99.9,12506.6945041012,82.1596908569336,1.0,10.0,0.0,1838.0
LVA,2009,66.84,107.542192196889,21.2280519111895,0.46114,1673.90361,73.0548934936523,100.0,10675.425174228,83.6827926635742,0.0,9.0,0.0,1988.0
LVA,2010,68.42,109.927825454005,20.7297918659797,0.6183,1836.97506,69.0510406494141,99.8,10500.8666223014,85.2115631103516,0.0,10.0,1.0,2278.0
LVA,2011,69.7499545592245,112.090589002306,22.2055874415821,0.73982,1902.3667,67.9534683227539,99.8,11018.5152421583,84.8115615844727,0.0,7.0,0.0,2740.0
LVA,2012,73.1199437663748,129.304547798055,23.4018125136081,0.68884,1908.95404,66.6435470581055,100.0,11971.0107466522,86.0879516601562,0.0,8.0,3.0,3127.0
LVA,2013,75.2344,127.073387613574,24.6397186303098,0.63536,1790.85926,69.0765991210938,100.0,12353.5386135301,86.8599090576172,0.0,14.0,1.0,3104.0
LVA,2014,75.8261041383556,119.549742772481,25.3240856124593,0.71433,1872.26628,70.8979415893555,100.0,12731.6771959342,87.7997283935547,0.0,16.0,3.0,3596.0
LVA,2015,79.2005829239344,130.949148754694,25.4568684345307,0.641,1818.82619,74.2998809814453,100.0,13321.9753140616,88.2903366088867,2.0,21.0,2.0,4210.0
LVA,2016,79.8420977843089,135.227462327724,26.4893005276389,0.45065,1600.57848,80.6048126220703,100.0,13787.3367440023,88.7302703857422,0.0,21.0,0.0,3644.0
LVA,2017,80.1140770037369,126.846989128969,27.0886247975645,0.53004,1785.24003,88.0574264526367,100.0,14382.8612727134,,1.0,30.0,5.0,4140.0
LVA,2018,83.5771748630956,107.397431401316,27.2877295355647,0.66138,1786.2773,93.0244827270508,100.0,15120.0698171804,90.3030319213867,2.0,31.0,1.0,4271.0
LVA,2019,86.13545644343,108.221910991332,26.5858975490829,0.6602,1891.24705,94.8645324707031,100.0,15328.3859933295,90.9270706176758,1.0,57.0,0.0,5376.0
LVA,2020,88.89796078,107.902487108935,25.804169430384,0.75663,2134.06006,94.5108337402344,100.0,14900.7295718866,,3.0,114.0,1.0,5148.0
LVA,2021,91.17964988,114.644670333429,25.9761549056076,0.77085,2395.27344,93.4839324951172,100.0,16070.1680032322,89.2987290021353,2.0,143.0,1.0,5694.0
LVA,2022,91.03009059,115.202627450543,25.989241189689,0.8122,2270.07923,91.3303680419922,100.0,16421.3748596,89.8385781340585,8.0,165.0,7.0,5517.0
LVA,2023,92.18791291,119.909944560018,25.9948491178264,0.8236,2190.86637,85.7360610961914,100.0,16229.3844520245,89.2361244240762,8.0,195.0,3.0,5901.0
LVA,2024,92.70757011,121.262202363304,25.7542854181725,,,82.917350769043,100.0,16376.2565245797,,10.0,265.0,4.0,5387.0
MAC,1990,0.0,0.637300951,,,,,,31378.8304183133,,,,,
MAC,1991,,1.337509313,,,,,,30982.3788289054,25.8611106872559,,,,
MAC,1992,,2.82326718,,,,,,33280.8531405232,,,,,
MAC,1993,,3.975446006,,,,,,33812.6326064638,,,,,
MAC,1994,0.037,5.515973044,,,,,100.0,34113.7531646476,,,,,
MAC,1995,0.28,9.046215595,,,,,100.0,34162.0125862687,,,,,
MAC,1996,0.727,11.07799464,,,,,100.0,33543.2536281767,,,,,
MAC,1997,2.36,12.83580277,,,,,100.0,33273.3263570517,,,,,
MAC,1998,7.0,19.60809597,,,,,100.0,31376.4225649646,,,,,
MAC,1999,9.21,27.75464258,,,,,100.0,30270.8085696141,,,,,
MAC,2000,13.6085897418451,32.2545385528311,0.853172470724362,,,,100.0,31772.6302531656,,0.0,0.0,0.0,32.0
MAC,2001,22.5212167700561,43.6899747262005,2.19893288402134,0.06224,259.35069,50.4305801391602,100.0,32441.6760183581,28.330020904541,0.0,1.0,0.0,47.0
MAC,2002,25.1718801643395,60.5547198112339,3.71786831106062,0.06957,233.57521,66.0375518798828,100.0,34967.8914561813,,0.0,2.0,0.0,134.0
MAC,2003,25.7421239826498,77.6097797050653,5.92129247654316,0.06244,317.62574,80.2272033691406,100.0,38581.6976189322,,0.0,4.0,0.0,125.0
MAC,2004,31.4840973824121,89.6827042720863,9.37743674823725,0.05344,513.86424,69.0725402832031,100.0,47665.9330386643,,0.0,6.0,0.0,161.0
MAC,2005,34.86289978,107.538589171415,13.7320325951584,0.0876,608.64833,57.060718536377,100.0,49470.940295748,,0.0,12.0,0.0,227.0
MAC,2006,46.4,125.08122898022,18.1262985334557,0.0829,546.976,49.7756004333496,100.0,53240.2045750276,35.6989288330078,0.0,9.0,0.0,355.0
MAC,2007,47.32699966,152.089033555119,21.1570532765306,0.05684,379.66089,46.4321784973145,100.0,58376.1176047275,,0.0,5.0,0.0,361.0
MAC,2008,49.24,174.014516821227,22.683746011606,0.10106,378.38481,48.17041015625,100.0,58146.3285846714,,0.0,9.0,0.0,466.0
MAC,2009,54.0,188.792009943893,22.9564881898075,0.05407,552.53708,56.2147483825684,100.0,59528.8350159491,,0.0,14.0,0.0,640.0
MAC,2010,55.198,199.404590569397,23.4682999115148,0.05012,628.84194,63.4042461657596,100.0,74195.0577762344,,0.0,10.0,0.0,791.0
MAC,2011,60.2036967182195,235.079295314897,23.914716494711,0.04427,590.60719,70.3462105845473,100.0,88168.9713699088,44.8749618530273,0.0,23.0,0.0,1013.0
MAC,2012,61.31,274.656223720989,24.6143475315178,0.04789,714.10035,53.9347408829175,100.0,93192.885853941,,0.0,29.0,0.0,1127.0
MAC,2013,65.8,287.643446353444,25.3524467091891,0.05117,889.14744,61.8619153674833,100.0,99054.4980289716,,0.0,33.0,0.0,1459.0
MAC,2014,69.7809492200465,304.184963559144,26.4618944001678,0.08776,1007.1702,69.2981220657277,100.0,92383.8434915276,,0.0,45.0,0.0,1772.0
MAC,2015,77.6001318608868,304.751044313614,27.3135223143179,0.13649,1247.7184,76.1658415841584,100.0,69902.9605741233,,1.0,53.0,0.0,2146.0
MAC,2016,81.6429854646415,310.568300773121,28.0554364413727,0.23492,2583.54081,79.925,100.0,68391.3415491921,51.9776382446289,0.0,69.0,0.0,2453.0
MAC,2017,83.1740890688259,316.601552229203,28.7678987369964,0.1721,3137.49004,81.2655086848635,100.0,75650.1261840452,,0.0,78.0,0.0,2729.0
MAC,2018,83.7940896091516,331.099986034622,29.3055867583929,0.20113,3428.95417,76.7935034802784,100.0,79178.6506290559,,0.0,129.0,0.0,3140.0
MAC,2019,86.4679257062588,416.260540646881,29.807414296232,0.24721,3587.54147,80.0911214953271,100.0,75724.6078280261,,4.0,197.0,0.0,3532.0
MAC,2020,87.46230316,237.343774476003,30.4508928113933,0.45327,3826.01324,86.7956730769231,100.0,33853.7761550109,,5.0,320.0,1.0,4569.0
MAC,2021,88.46810492,183.574788091048,29.6158421202704,0.37318,4092.52683,98.9696202531646,100.0,41634.2386139903,,7.0,481.0,0.0,5543.0
MAC,2022,89.48549652,172.244717160072,29.6066193799726,0.42754,3498.4859,116.232189973615,100.0,34000.7134128308,,8.0,677.0,1.0,7263.0
MAC,2023,89.82640076,192.478344669931,29.6759264447159,0.27103,3826.96528,129.151041666667,100.0,59474.3964251614,,17.0,900.0,3.0,8291.0
MAC,2024,89.82640076,201.136947388589,29.8553859567768,0.31097,4634.11262,141.864795918367,100.0,63377.2932129214,,25.0,1340.0,6.0,10115.0
MAF,1990,,,,,,,,,,,,,
MAF,1991,,,,,,,,,,,,,
MAF,1992,,,,,,,,,,,,,
MAF,1993,,,,,,,,,,,,,
MAF,1994,,,,,,,,,,,,,
MAF,1995,,,,,,,,,,,,,
MAF,1996,,,,,,,,,,,,,
MAF,1997,,,,,,,,,,,,,
MAF,1998,,,,,,,,,,,,,
MAF,1999,,,,,,,,,,,,,
MAF,2000,,,,,,,,,,,,,
MAF,2001,,,,,,,,,,,,,
MAF,2002,,,,,,,,,,,,,
MAF,2003,,,,,,,,,,,,,
MAF,2004,,,,,,,,,,,,,
MAF,2005,,,,,,,,,,,,,
MAF,2006,,,,,,,,,,,,,
MAF,2007,,,,,,,,,,,,,
MAF,2008,,,,,,,,,,,,,
MAF,2009,,,,,,,,,,,,,
MAF,2010,,,,,,,100.0,,,,,,
MAF,2011,,,,,,,100.0,,,,,,
MAF,2012,,,,,,,100.0,,,,,,
MAF,2013,,,,,,,100.0,,,,,,
MAF,2014,,,,,,,100.0,,,,,,
MAF,2015,,,,,,,100.0,,,,,,
MAF,2016,,,,,,,100.0,,,,,,
MAF,2017,,,,,,,100.0,,,,,,
MAF,2018,,,,,,,100.0,,,,,,
MAF,2019,,,,,,,100.0,,,,,,
MAF,2020,,,,,,,100.0,,,0.0,1.0,0.0,0.0
MAF,2021,,,,,,,100.0,,,,,,
MAF,2022,,,,,,,100.0,,,,,,
MAF,2023,,,,,,,100.0,,,0.0,3.0,0.0,0.0
MAF,2024,,,,,,,100.0,,,,,,
MAR,1990,0.0,0.003644065,,,,10.6727600097656,,1695.63647460938,,,,,
MAR,1991,,0.005938147,,,,10.5482597351074,,1786.76281738281,,,,,
MAR,1992,,0.012511957,,,,10.2783403396606,13.920832141409,1720.42248535156,,,,,
MAR,1993,,0.025711901,,,,10.6426095962524,22.6456890719688,1680.71044921875,,,,,
MAR,1994,,0.051887421,,,,10.7795495986938,24.9365087135882,1830.88061523438,8.16587410213937,,,,
MAR,1995,0.00371,0.109323282,,,,11.2644500732422,20.0112760653791,1705.4482421875,,,,,
MAR,1996,0.00568,0.156817216,,,,,30.6417157031725,1886.67224121094,,,,,
MAR,1997,0.0216,0.268323369,,,,11.5530099868774,33.6074911572575,1828.96862792969,,,,,
MAR,1998,0.142,0.41495255,,0.24582,,9.10352039337158,36.6211401680601,1931.74047851563,,,,,
MAR,1999,0.176,1.297372681,,,,9.54483032226562,39.6830082847103,1935.47875976563,,,,,
MAR,2000,0.693791244805455,8.23967968684995,,,,10.1461200714111,44.4,1957.14135742188,,0.0,7.0,0.0,2002.0
MAR,2001,1.37143810096418,16.5601184092407,,0.5463,,10.5071296691894,47.3,2078.96606445313,,0.0,8.0,0.0,2003.0
MAR,2002,2.37325319241544,21.2296727647944,0.0068497509190824,0.47179,,10.6168403625488,50.3,2127.50708007813,,1.0,15.0,1.0,2206.0
MAR,2003,3.35336668122363,24.8884606976027,0.0091710187016752,0.56588,,11.0415000915527,53.4,2229.576171875,,2.0,18.0,4.0,2144.0
MAR,2004,11.6079347729582,31.1717436954099,0.215871402340826,,,11.1358003616333,58.4,2301.08178710938,11.2642783769183,0.0,14.0,1.0,2348.0
MAR,2005,15.0844445240204,40.8220113851492,0.820662817858694,,,11.69873046875,59.3,2342.15478515625,,1.0,14.0,0.0,2584.0
MAR,2006,19.7711915653115,52.0120841652536,1.27345465942188,0.54987,653.41079,12.1653699874878,93.0,2489.99291992188,,2.0,10.0,2.0,2930.0
MAR,2007,21.5,64.2243296034678,1.53066387639665,,644.48667,11.6039199829102,65.4,2540.615234375,,0.0,13.0,1.0,3341.0
MAR,2008,33.1,72.1861049565747,1.56051392412264,,659.40797,12.6373701095581,68.5,2648.58569335938,,1.0,12.0,0.0,3439.0
MAR,2009,41.3,79.0201255804651,1.49700703492122,,,13.0986795425415,71.7,2710.66650390625,,0.0,17.0,0.0,3837.0
MAR,2010,52.0,98.5069862903323,1.55388163790599,0.66036,721.98655,13.9896441158412,92.9,2767.04223632813,,4.0,25.0,1.0,4149.0
MAR,2011,46.107482597,111.063715196143,1.80844788018493,,847.79094,15.8539977340994,93.2,2879.53930664063,,1.0,37.0,3.0,5255.0
MAR,2012,55.4160531914894,116.972130406733,2.06726433186317,,853.0081,19.0472282489073,93.6,2927.45043945313,,1.0,45.0,1.0,6132.0
MAR,2013,56.0,125.560354723339,2.49778239459711,,,22.4068908691406,95.0,3008.185546875,,2.0,45.0,0.0,7098.0
MAR,2014,56.7746379160074,128.971839608382,2.90442154576056,,1030.14364,25.3112415031422,94.4,3051.458984375,14.7362383090171,0.0,62.0,1.0,8455.0
MAR,2015,57.0799993486116,124.480492544005,3.31584217888863,,,28.5519130573154,93.6,3146.24780273438,,0.0,83.0,1.0,8199.0
MAR,2016,58.271236420398,118.531797132419,3.58453478764246,,1083.42555,32.0952579243239,95.4,3124.42504882813,,0.0,133.0,2.0,8927.0
MAR,2017,61.7622120123071,123.894319060738,3.89000663311516,,,33.4735433090703,100.0,3242.64428710938,16.6879100799561,2.0,176.0,2.0,10099.0
MAR,2018,64.8038651924043,124.827523956634,4.33205746913484,,,35.319186358341,96.1,3304.7119140625,,4.0,312.0,4.0,11469.0
MAR,2019,84.1203630467602,128.874798962456,4.83650253578356,,,37.7212021382481,98.9,3364.73950195313,,15.0,423.0,4.0,12273.0
MAR,2020,84.12036305,135.088404811169,5.74683480916137,,,39.6858047574445,100.0,3090.89428710938,,24.0,705.0,16.0,16111.0
MAR,2021,88.13031937,138.911268095998,6.14617858388986,,,42.531967383806,100.0,3309.130859375,,65.0,937.0,23.0,17263.0
MAR,2022,89.9,141.870002419562,6.47150166958379,,,45.9400219155138,100.0,3334.91162109375,,69.0,1248.0,34.0,18498.0
MAR,2023,91.0,148.155101338402,7.02184328513844,,,47.4687039298036,100.0,3421.21704101563,,143.0,1813.0,49.0,21413.0
MAR,2024,91.2,153.057260079672,7.30282126551091,,,48.1839617510572,100.0,3516.15405273438,,203.0,2572.0,70.0,23780.0
MCO,1990,0.0,0.0,,,,,100.0,105878.32303218,,,,,
MCO,1991,,0.0,,,,,100.0,106020.668083439,,,,,
MCO,1992,,0.0,,,,,100.0,106557.974098359,,,,,
MCO,1993,,3.706807633,,,,,100.0,104739.74521362,,,,,
MCO,1994,,8.188013951,,,,,100.0,106244.848706403,,,,,
MCO,1995,,9.545136904,,,,,100.0,107691.036957759,,,,,
MCO,1996,,17.02449636,,,,,100.0,108107.402207478,,,,,
MCO,1997,,22.52252252,,,,,100.0,109746.977932279,,,,,
MCO,1998,,35.62358347,,,,,100.0,112873.551469376,,,,,
MCO,1999,,40.37784775,,,,,100.0,116084.526849631,,,,,
MCO,2000,42.1848634460346,42.9117239254352,2.46495147126791,,,,100.0,120456.449755199,,0.0,0.0,0.0,39.0
MCO,2001,46.6461423640265,44.0780349493019,8.19182050728881,,,,100.0,123122.065080301,,0.0,0.0,0.0,55.0
MCO,2002,48.0471171729696,45.8762568626241,15.1255320461415,,,,100.0,124481.821747795,,0.0,0.0,0.0,55.0
MCO,2003,49.4911689195459,46.5836782603324,20.1859516896275,,,,100.0,126022.179894764,,0.0,0.0,0.0,62.0
MCO,2004,52.4901966838546,48.7510446652428,23.5428854427833,0.03787,278.23291,,100.0,129403.344170518,,0.0,0.0,0.0,87.0
MCO,2005,55.46480179,53.3716237193418,29.4939459795095,0.03821,309.90455,,100.0,132253.156279139,,0.0,0.0,0.0,91.0
MCO,2006,61.47600174,57.1076519948841,34.3138784040927,,,,100.0,140615.112736683,,0.0,0.0,0.0,94.0
MCO,2007,64.37770081,64.0763891070139,38.6342934321701,,,,100.0,162028.404533603,,0.0,0.0,0.0,99.0
MCO,2008,67.25,69.1041588139213,40.8342756627717,,,,100.0,163243.675530457,,0.0,0.0,0.0,103.0
MCO,2009,70.1,71.0666172290199,41.4040291682116,,,,100.0,142375.465128834,,0.0,0.0,0.0,134.0
MCO,2010,75.0,70.602780206857,41.6126405934324,,,,100.0,141814.720026733,,0.0,0.0,0.0,128.0
MCO,2011,80.30000305,93.6457903729453,46.8980144936075,,,,100.0,148272.642343465,,0.0,0.0,0.0,148.0
MCO,2012,87.0,95.6325084267235,46.8381780991616,,,,100.0,146472.609057682,,0.0,0.0,0.0,161.0
MCO,2013,90.69999695,100.047958924592,47.6655288176715,,,,100.0,157167.901201149,,0.0,0.0,0.0,160.0
MCO,2014,92.40000153,93.2102524357839,49.2692648361382,,,,100.0,165288.122704322,,0.0,0.0,0.0,164.0
MCO,2015,93.36329651,92.5537992763283,49.9333460293277,,,,100.0,170437.021128628,,0.0,0.0,0.0,216.0
MCO,2016,95.20819855,89.3255714132418,49.9356154093787,,,53.5667991638184,100.0,173120.108465128,,0.0,0.0,0.0,203.0
MCO,2017,97.0530014,87.5258771697011,51.1120547799777,,,,100.0,165781.701248644,,0.0,0.0,0.0,246.0
MCO,2018,,85.6764690464958,51.5909210043508,,,,100.0,173041.679774743,,0.0,4.0,0.0,226.0
MCO,2019,98.0,88.6483507832795,53.7300900049857,,,,100.0,185582.66851648,,0.0,5.0,0.0,321.0
MCO,2020,98.57080078,93.2588699080158,54.8672798948752,,,,100.0,161262.850134167,,0.0,3.0,0.0,370.0
MCO,2021,99.07759857,97.1422638668985,54.9173307031433,,,,100.0,194674.686164262,,0.0,7.0,0.0,349.0
MCO,2022,98.75189972,100.061647530246,55.2284811589736,,,,100.0,214359.505134575,,0.0,5.0,0.0,352.0
MCO,2023,98.87049866,104.060991888284,55.8835609405483,,,,100.0,225884.077199125,,0.0,9.0,0.0,366.0
MCO,2024,99.04489899,107.400792109963,55.6780823690818,,,77.4806900024414,100.0,247170.10380708,,0.0,6.0,0.0,334.0
MDA,1990,0.0,0.0,,,,,100.0,3740.10149814887,,,,,
MDA,1991,,0.0,,,,,100.0,3137.8350172715,,,,,
MDA,1992,,0.0,,,,,100.0,2225.17356234959,,,,,
MDA,1993,,0.0,,,,,100.0,2202.16445303219,,,,,
MDA,1994,0.000825,0.0,,,,,100.0,1526.42524496526,,,,,
MDA,1995,0.00346,0.000313815,,,,,100.0,1511.95831765054,,,,,
MDA,1996,0.00464,0.02076658,,0.87296,,,100.0,1425.9518091471,,,,,
MDA,1997,0.0281,0.050070668,,0.80679,,,100.0,1454.80861555923,,,,,
MDA,1998,0.261,0.160788913,,,,,100.0,1360.18161095544,,,,,
MDA,1999,0.601,0.418221638,,,,,100.0,1316.43254916007,,,,,
MDA,2000,1.28284641670022,3.2821979486499,,,,,98.4,1346.91567176561,,0.0,1.0,0.0,224.0
MDA,2001,1.48781295215565,5.37022318647563,0.0057043704069674,,,,98.5,1432.2768928234,,0.0,2.0,0.0,237.0
MDA,2002,3.78724279887342,8.16390815196009,0.0100894777367708,,,,98.9,1547.57421231612,70.3120535261619,0.0,0.0,0.0,380.0
MDA,2003,7.40754458415897,11.6213261695568,0.0145772630346248,0.32405,756.43007,,98.6,1654.36629303195,71.182451478807,0.0,1.0,0.0,327.0
MDA,2004,10.629390841654,19.4480942226804,0.0600246770862653,0.34903,755.38437,,99.1,1781.19145323724,72.2367203711735,0.0,2.0,0.0,296.0
MDA,2005,14.6302704551796,27.3223975215793,0.260613252190142,0.39865,717.41311,,98.0,1919.44550763748,72.1138337398681,0.0,3.0,0.0,410.0
MDA,2006,19.6206477051634,34.6351071936054,0.555731800242572,0.40622,698.34114,,98.7,2017.17730062908,73.339625241872,0.0,3.0,0.0,410.0
MDA,2007,20.45,48.8869490439311,1.37108726290415,0.54557,723.79793,,98.8,2082.51260097669,72.9183197021484,0.0,2.0,0.0,431.0
MDA,2008,23.39,64.1199480143426,3.04873337877139,0.53463,820.94705,,98.9,2249.22589719372,74.1997299194336,0.0,2.0,0.0,515.0
MDA,2009,27.5,57.6440352813251,5.06352851025711,0.52557,801.95946,,99.0,2116.94357544097,75.1913070678711,0.0,3.0,0.0,527.0
MDA,2010,29.68000031,70.2257053429633,7.4547521029782,0.3665,760.16606,38.1453631147397,99.1,2269.51116145996,74.4027328491211,0.0,3.0,0.0,521.0
MDA,2011,32.06999969,90.4419573908726,10.0167937961344,0.33764,777.15332,39.4480430115419,99.2,2402.94446306051,74.4365768432617,0.0,2.0,1.0,599.0
MDA,2012,34.65000153,102.918975508711,12.0173397889983,0.34907,768.63843,40.1086414991241,99.3,2389.08666147529,74.5464477539062,0.0,4.0,0.0,620.0
MDA,2013,37.43999863,108.451690919044,13.7695240878002,0.29783,736.90187,41.2771708905345,99.5,2605.85029986142,74.1077575683594,0.0,3.0,0.0,779.0
MDA,2014,66.9999982002077,111.829207986696,15.2330041292856,0.31463,925.31215,52.151516238366,99.6,2737.80185056647,74.7207870483398,0.0,5.0,0.0,841.0
MDA,2015,69.0000044661932,112.958678058046,16.2569619282762,0.30735,946.48296,52.1000519119307,99.8,2749.55137054338,74.7263031005859,0.0,5.0,0.0,1272.0
MDA,2016,70.9999991066624,117.008370513998,17.2155177259579,0.28005,912.00965,52.8435823784374,99.9,2910.95486872376,72.6785163222252,0.0,8.0,0.0,1220.0
MDA,2017,71.76709747,117.321043357799,18.2974964435539,0.25789,923.49386,51.9490291393525,100.0,3085.33305844263,74.0071317255579,0.0,6.0,0.0,1332.0
MDA,2018,72.54239655,115.31999925169,19.7583973228257,0.25626,903.41782,52.8423092059456,100.0,3267.9961042872,75.2385177612305,0.0,13.0,0.0,1526.0
MDA,2019,73.32610321,116.105189229966,21.54270340639,0.24145,823.53362,54.7812048030675,100.0,3438.67732670712,74.5440521240234,0.0,17.0,1.0,1837.0
MDA,2020,74.11830139,111.444672775453,23.4268592640718,0.23511,774.67919,56.2498196612517,100.0,3188.91691602699,74.7597198486328,1.0,23.0,0.0,2068.0
MDA,2021,74.91899872,128.983642317657,25.2112754309344,0.23154,781.24167,61.3014036981023,100.0,3688.16729442144,74.7581329345703,3.0,29.0,0.0,2659.0
MDA,2022,74.91899872,137.182551887592,26.317794331222,0.22959,768.02221,68.0572346521372,100.0,3610.14315344719,74.7459030151367,0.0,59.0,0.0,3072.0
MDA,2023,76.50330353,129.546081439289,27.3086365814931,0.22111,717.41595,71.1679028753075,100.0,3758.3688194082,75.4246356217162,0.0,69.0,1.0,3394.0
MDA,2024,77.3687973,120.083487069521,29.6324400873685,0.21589,649.94365,74.7109378669046,100.0,3855.56940382925,75.2912216186523,1.0,78.0,0.0,2223.0
MDG,1990,0.0,0.0,,,,3.23319005966186,,538.536275056569,,,,,
MDG,1991,,0.0,,,,3.00562000274658,,489.716098120013,,,,,
MDG,1992,,0.0,,,,,,480.810932444988,,,,,
MDG,1993,,0.0,,,,3.32564997673035,,476.159733326381,,,,,
MDG,1994,,0.002232787,,,,2.7063000202179,,461.397665709464,,,,,
MDG,1995,,0.009373329,,,,2.18760991096497,,454.537946632781,,,,,
MDG,1996,0.0037,0.016064309,,,,2.03707003593445,,449.6280870806,,,,,
MDG,1997,0.0143,0.02774225,,0.18325,,1.83174002170563,1.18310251618643,451.303199370831,,,,,
MDG,1998,0.0626,0.083824374,,0.0938,13.98026,2.0486900806427,,453.886174768872,,,,,
MDG,1999,0.169,0.227272669,,0.08342,14.41915,1.99398005008698,,460.034389996571,,,,,
MDG,2000,0.196394691006341,0.382009619807974,,0.10032,14.76191,2.02373003959656,,465.529509827021,,0.0,0.0,0.0,123.0
MDG,2001,0.222511586178292,0.865969167153126,,0.18175,49.00259,1.89465999603272,4.5,478.40561494987,20.1356030868336,0.0,0.0,2.0,108.0
MDG,2002,0.339720154596142,0.928836513320607,,0.20173,45.57217,1.92859995365143,,406.70122213637,,0.0,0.0,0.0,117.0
MDG,2003,0.423252419277809,1.56965632856485,,0.2907,45.70833,2.0998899936676,7.7,433.601040301214,,0.0,2.0,0.0,145.0
MDG,2004,0.525353654946669,1.79445925877516,,0.1926,46.25,2.44068002700806,0.9,443.278654985967,,2.0,2.0,0.0,140.0
MDG,2005,0.567700028,2.66324010069674,,0.15096,46.56194,2.54628992080689,1.0,450.955230911228,,0.0,0.0,0.0,172.0
MDG,2006,0.607599974,5.30075933146314,0.0068978068876603,0.14119,46.24168,2.74632000923157,1.2,461.540337897729,,0.0,0.0,0.0,204.0
MDG,2007,0.649999976,10.9142059758793,0.0115854535722299,0.12091,46.80207,3.13453006744385,1.3,473.785462328449,,0.0,1.0,0.0,228.0
MDG,2008,1.649999976,23.1087553718629,0.0166699802713078,0.11764,45.1091,3.23572993278503,1.4,490.963935389518,,0.0,0.0,0.0,283.0
MDG,2009,1.629999995,29.162840971111,0.0212370192432641,0.13054,43.80387,3.44889998435974,,457.789754866068,,0.0,0.0,2.0,287.0
MDG,2010,1.700000048,34.7635703189871,0.0243020212465751,0.09903,50.26629,3.61032855425362,,447.417143030687,,0.0,0.0,0.0,298.0
MDG,2011,1.899999976,38.0363591750174,0.030023266717202,0.09067,49.14874,3.99246757065153,,441.755158414121,,0.0,0.0,0.0,356.0
MDG,2012,2.299999952,37.4155490576043,0.13245426583546,,,4.04987583552392,,442.641500123543,15.1158032004379,0.0,1.0,2.0,355.0
MDG,2013,3.0,35.0948534776429,0.157565817989663,,,4.186720053214,,440.674658903628,,0.0,0.0,0.0,433.0
MDG,2014,3.700000048,39.2252725571455,0.100285297234557,0.01321,,4.68533144082284,1.7,443.343869908205,,0.0,3.0,0.0,502.0
MDG,2015,4.173999786,42.0572239372609,0.0931855023903611,,,4.65904652237845,1.7,445.320069480568,19.6609597807676,0.0,0.0,0.0,469.0
MDG,2016,4.713699818,30.6447038676546,0.101092139939568,0.01264,23.87432,4.6583858057243,,451.15659433146,,0.0,0.0,0.0,554.0
MDG,2017,6.406000137,32.5906255978573,0.0935555068196559,0.01275,29.61421,5.07525058069797,,456.851859574031,,0.0,1.0,0.0,541.0
MDG,2018,7.747799873,38.7515500132643,0.0989673512851062,,32.94427,5.11877849200791,16.0,459.330367799543,9.7143497467041,0.0,2.0,0.0,642.0
MDG,2019,9.379400253,46.077978411707,0.106309263427764,,,5.28586006164551,13.0,467.27741349648,,1.0,13.0,0.0,755.0
MDG,2020,11.35470009,54.8084663590199,0.110521830202826,,,5.17336117275841,6.7,422.924255422319,,1.0,11.0,0.0,849.0
MDG,2021,13.74590015,53.9177233784298,0.104182794544746,,,5.3135678666922,10.9,431.599103077746,8.87337017059326,2.0,18.0,0.0,1024.0
MDG,2022,17.81170082,64.7494924066919,0.10748996107107,,,5.87562673022926,11.1,438.438112102315,,1.0,20.0,1.0,962.0
MDG,2023,18.24080086,75.4562966735535,0.124487385085979,,,6.1466638463036,14.6,445.874102052267,,1.0,26.0,0.0,1046.0
MDG,2024,18.67790031,,,,,,26.5,453.957809653992,,1.0,28.0,0.0,1018.0
MDV,1990,0.0,0.0,,,,,,4582.26127944099,,,,,
MDV,1991,0.0,0.0,,,,,,4507.19492955077,,,,,
MDV,1992,0.0,0.0,,,,,,4671.99639313801,,,,,
MDV,1993,0.0,0.0,,,,,,4803.909904607,,,,,
MDV,1994,0.0,0.0,,,,,,5053.64633599107,,,,,
MDV,1995,0.0,0.0,,,,,,5580.26342049427,,,,,
MDV,1996,0.227,0.007580294,,,,,,5888.07241870662,,,,,
MDV,1997,0.309,0.479482605,,,,,,6254.75856992657,,,,,
MDV,1998,0.57,0.586568102,,,,,,6599.87173747822,,,,,
MDV,1999,1.12,1.052097903,,,,,,6889.01246088686,,,,,
MDV,2000,2.2038729393788,2.70832816228694,,,,,77.9,7037.08546104613,,0.0,0.0,0.0,12.0
MDV,2001,3.61729064930367,6.58862421408321,,,,,82.7,6647.6503820039,,0.0,0.0,0.0,28.0
MDV,2002,5.3477651689359,14.3678673323823,0.0651541753538901,,,,83.6,7012.25568873173,,0.0,0.0,0.0,17.0
MDV,2003,5.97659284988557,22.4175438714834,0.169651018074748,,,0.21356999874115,84.6,7845.29307409315,,0.0,0.0,0.0,66.0
MDV,2004,6.58825487530861,37.5717039411041,0.237879587144549,,,,85.6,8174.41607301248,,0.0,0.0,0.0,97.0
MDV,2005,6.86960506696215,66.4493243132993,1.06386797594222,,,,86.6,7141.88377049891,,0.0,0.0,0.0,95.0
MDV,2006,11.0363527828647,86.3635929151094,1.99903775995616,,,,87.7,8620.72814678183,5.2349100112915,0.0,0.0,0.0,116.0
MDV,2007,16.3,96.6284412858767,3.20667901466659,,,10.3270502090454,89.0,8933.17166363858,,0.0,0.0,0.0,115.0
MDV,2008,23.2,129.585328851474,4.56881934735402,,,11.3926296234131,90.3,9396.49733610486,,0.0,0.0,0.0,137.0
MDV,2009,24.8,131.439236235733,4.41605053477855,,,,99.9,8313.4098369723,,0.0,1.0,0.0,119.0
MDV,2010,26.53,137.018282001818,4.31079403090978,,,,98.7,8569.52494600725,,0.0,0.0,0.0,100.0
MDV,2011,34.0,141.955019616029,4.72015714232192,,,,98.7,9005.81391375104,,0.0,1.0,0.0,161.0
MDV,2012,38.93009949,144.912336034,4.66860383953177,,,,98.9,8907.66134868182,,0.0,0.0,0.0,149.0
MDV,2013,44.09999847,156.262903991801,5.08685979953508,,,,99.0,9213.32791442475,,0.0,0.0,0.0,132.0
MDV,2014,49.27999878,160.974524741488,4.79719160479381,,,13.6843761236965,100.0,9612.07861806739,17.3506367206136,0.0,0.0,0.0,106.0
MDV,2015,54.4620018,172.785960191894,5.41277203996693,,,,99.6,9644.90655028145,,0.0,0.0,0.0,131.0
MDV,2016,59.47750092,183.197235330741,6.61143042760338,,,,100.0,9909.07669723415,22.884943205447,0.0,0.0,0.0,130.0
MDV,2017,64.95500183,196.409673414258,7.97186042807237,,,33.3294981245829,99.9,10263.2991147672,16.0966701507568,0.0,1.0,0.0,166.0
MDV,2018,70.93689728,181.34343974517,10.0179877784565,,,,100.0,10793.8941325367,,0.0,2.0,1.0,222.0
MDV,2019,77.46970367,169.774322321116,10.9012960012794,,,24.6480059688561,100.0,11194.9253748064,,0.0,4.0,0.0,228.0
MDV,2020,79.09780121,142.936122584731,12.6832736528067,,,27.0805812417437,100.0,7295.60220956454,,0.0,4.0,0.0,392.0
MDV,2021,81.95760345,136.789214071769,14.8246453577808,,,23.794640430505,100.0,9759.2219360708,,0.0,3.0,0.0,378.0
MDV,2022,83.91189054,136.458655310185,17.3997244832152,,,48.4968654322788,100.0,10939.9963271738,,0.0,9.0,0.0,393.0
MDV,2023,84.55290222,141.601234995076,18.6292999539919,,,,100.0,11439.5364342871,,0.0,17.0,0.0,440.0
MDV,2024,85.23999786,148.137074909198,19.6489572735075,,,,100.0,11798.791369146,,2.0,23.0,0.0,555.0
MEA,1990,,0.0404548106318131,,,,8.68671989440918,,3508.19424718403,,,,,
MEA,1991,,0.0593105579989865,,,,8.4927396774292,,3486.08882647333,,,,,
MEA,1992,,0.0707943220502847,,,,9.11003017425537,,3599.34906942608,,,,,
MEA,1993,,0.0970443481359544,,,,9.45423030853271,,3588.00367022595,,,,,
MEA,1994,,0.145922187073382,,,,10.302080154419,,3604.01285467755,,,,,
MEA,1995,,0.339214813591054,,,,10.6883602142334,,3627.72667977763,,,,,
MEA,1996,,0.695657607503096,,,,11.4784202575684,,3720.32161027136,,,,,
MEA,1997,,1.18357279449292,,,,12.165060043335,,3782.11560039676,,,,,
MEA,1998,,1.66123941968926,,,,12.690770149231,65.6240529502642,3846.59377659244,,,,,
MEA,1999,,2.40615900569384,,,,13.4846296310425,65.7925212128402,3860.77788027913,,,,,
MEA,2000,,4.47937021994042,,,,13.556619644165,74.2375287278854,4011.77398465932,,,,,
MEA,2001,,7.38199948087313,,,,13.9357404708862,74.9621717004452,3997.88013509715,,,,,
MEA,2002,,10.0539497443612,0.16860549883069,,,14.1848001480103,75.3116096705543,3990.90379834447,,,,,
MEA,2003,,13.0443129197875,0.322726293447876,,,14.3840999603272,71.7765610458488,4079.82924310156,,,,,
MEA,2004,,18.0481605090392,,,,15.3665399551392,72.2994086219616,4300.88224696943,,,,,
MEA,2005,8.3,27.7429051333543,0.857207976190833,0.723768521489148,,16.4484596252441,74.2019594167419,4421.56714645457,,,,,
MEA,2006,9.6,39.6410396985552,0.873695632282964,,,17.0407199859619,76.9077376116547,4574.7429671738,,,,,
MEA,2007,11.7,54.7290717240626,1.25335227478828,,,18.2272891998291,76.0418181307591,4700.75513970204,,,,,
MEA,2008,14.1,66.1603833132913,1.66467600476855,,,19.4375705718994,77.4111676515129,4792.09091697074,,,,,
MEA,2009,16.1,79.3522647067203,2.09512478973516,,,20.1668605804443,78.7024528644359,4733.21861400545,,,,,
MEA,2010,18.3,88.9876337825002,2.53315926407445,,,21.461669921875,82.0776985102548,4856.62716897561,,,,,
MEA,2011,20.1,95.4179191054657,3.39285106709915,,,21.9487991333008,82.2462248397789,4930.78647700097,,,,,
MEA,2012,22.4,100.330061035009,4.24337869378996,,,23.6090698242188,84.2003913963922,5027.92406494544,,,,,
MEA,2013,25.2,105.500544173396,4.52528798240488,,,24.6868095397949,87.0879853422926,5037.81336990196,,,,,
MEA,2014,28.7,105.791394455761,5.27459980318512,,,26.2296390533447,88.7022130412753,5091.0962863676,,,,,
MEA,2015,31.8,105.2,6.1,,471.02234051523,27.3493404388428,87.5527834579971,5130.25978607342,,,,,
MEA,2016,35.0,104.0,6.6,,,27.0987300872803,90.9403184281545,5264.32028463837,,,,,
MEA,2017,39.7,103.1,8.5,,623.546991469878,27.2971000671387,92.7342812736466,5284.96625263466,,,,,
MEA,2018,42.3,102.2,9.2,,,27.1299304962158,93.889502946357,5326.92749664004,,,,,
MEA,2019,46.0,107.8,9.3,,719.045710484371,27.9685897827148,92.5713693138768,5321.15148636731,,,,,
MEA,2020,50.6,95.4,7.09,,,28.3051891326904,93.027815340131,5038.99715364181,,,,,
MEA,2021,54.2,98.3,7.92,1.32887737497567,857.699525713411,28.3076190948486,93.2399423604293,5215.44015006661,,,,,
MEA,2022,57.8,101.5,8.53,,,28.0563106536865,92.3581435686276,5446.99294793607,,,,,
MEA,2023,59.5,102.4,8.94,,,28.7123298645019,93.0068660669032,5463.85312225795,,,,,
MEA,2024,61.5,104.6,9.29,,,29.6833095550537,93.979239181816,5485.38728777077,,,,,
MEX,1990,0.0,0.078225239,,,,,,8036.86114405886,19.9112205505371,,,,
MEX,1991,0.00588,0.193035298,,,,,,8197.01179488111,,,,,
MEX,1992,0.0173,0.367849584,,,,,79.0146324735511,8330.26426795593,,,,,
MEX,1993,0.0283,0.445630607,,,,,85.8106653188079,8411.79621331335,,,,,
MEX,1994,0.0433,0.644573077,,,,,84.3841666023351,8623.48043000831,,,,,
MEX,1995,0.103,0.765273175,,,,,86.7071459689176,7970.64038489585,,,,,
MEX,1996,0.2,1.115775127,,0.23838,217.03384,,87.7470313854535,8320.65295687947,,,,,
MEX,1997,0.627,1.868165056,,0.26404,229.69194,,87.8440915677976,8770.8448154628,,,,,
MEX,1998,1.27,3.534421225,,0.28519,219.74652,,87.2345921078742,9161.89527775798,,,,,
MEX,1999,1.86,8.02579566,,0.32719,227.07752,,89.1986483983401,9264.977292523,,,,,
MEX,2000,5.08138415338066,14.2740696650296,0.0152090403509224,0.29205,227.09051,20.5259704589844,93.8,9581.96970202823,18.5773105621338,0.0,61.0,0.0,11524.0
MEX,2001,7.0380231165045,21.7360188227069,0.0499504995544465,0.30815,235.3859,21.3776397705078,90.7,9398.35074347946,,0.0,59.0,0.0,12299.0
MEX,2002,11.9,25.5328580326209,0.227955821439786,0.33745,308.76297,22.3153591156006,92.9,9242.27886122367,23.0,1.0,119.0,0.0,14786.0
MEX,2003,12.9,29.227164520677,0.41598094515152,0.37454,328.13432,23.0477905273438,91.6,9221.99666685464,20.948407447291,0.0,113.0,0.0,15626.0
MEX,2004,14.1,36.8326596827555,1.01277915709648,0.37053,383.11111,23.7031497955322,96.1,9421.28976132695,22.4114398956299,2.0,127.0,0.0,16962.0
MEX,2005,17.20999908,44.5402855250975,1.81677032017237,0.38103,417.90546,24.130989074707,96.8,9491.51730268004,25.8786392211914,0.0,139.0,1.0,18357.0
MEX,2006,19.52000046,51.6490140299726,2.81575456824012,0.35298,340.43454,24.5689697265625,97.2,9813.82804186659,30.2607498168945,1.0,234.0,1.0,20819.0
MEX,2007,20.81,61.1903963397257,4.14106964177955,0.38039,351.25363,25.1474304199219,93.3,9877.69532636562,30.2054595947266,1.0,231.0,0.0,21981.0
MEX,2008,21.71,68.225553581827,6.82462658332165,0.42416,343.53328,25.7789402008057,96.2,9826.34218448486,30.3455104827881,3.0,231.0,1.0,23108.0
MEX,2009,26.34,74.2801618229031,8.60820715794462,0.45748,386.49816,26.2105903625488,94.3,9074.11881448129,31.3502693176269,2.0,255.0,1.0,26660.0
MEX,2010,31.05,80.4262985351805,9.31394316309963,0.47353,341.23898,27.1670207977295,97.6,9389.06722076504,29.2044105529785,2.0,252.0,1.0,27157.0
MEX,2011,37.1762954125184,82.0725244522242,10.0362003918243,0.45268,348.02663,28.0361595153809,96.8,9575.93437734618,31.2047459662045,1.0,254.0,4.0,31509.0
MEX,2012,39.75,86.2256233206385,11.1945528217656,0.40284,250.69335,29.3496494293213,97.2,9782.51776251839,33.7975082397461,4.0,273.0,1.0,33083.0
MEX,2013,43.46,90.2012422761648,10.7719183026526,0.40806,254.46546,30.3301601409912,96.8,9738.71059661101,31.6299304962158,1.0,264.0,2.0,36207.0
MEX,2014,44.3856962723411,87.6144646415609,10.8799928230972,0.41962,262.92059,31.2052898406982,97.4,9862.4812534745,31.7997303009033,4.0,307.0,3.0,39881.0
MEX,2015,57.4310429923633,88.9454290232153,12.1891508368561,0.41477,284.58114,31.9718608856201,97.9,10021.2386113616,33.3462181091309,4.0,290.0,3.0,42723.0
MEX,2016,59.5404459967255,91.3941924453661,13.0255992017626,0.37601,319.5511,38.589771270752,98.3,10100.5021195819,33.2946891784668,4.0,347.0,7.0,45419.0
MEX,2017,53.0317886110982,92.6493518556478,13.7767213511093,0.31955,330.64996,40.3390693664551,100.0,10193.7727188313,34.1090507507324,14.0,456.0,5.0,48087.0
MEX,2018,56.6595667981289,96.4612204576614,14.7373951154108,0.29816,342.55971,41.6382789611816,98.3,10296.8690940459,35.6546287536621,14.0,617.0,10.0,53634.0
MEX,2019,69.6321092705209,97.0358606795758,15.3885155172291,0.27629,355.30353,43.0441398620605,98.3,10159.4448367696,36.7302002654603,16.0,798.0,18.0,55170.0
MEX,2020,71.49017499,96.9237451881936,17.7520559419946,0.29185,369.04189,45.1654510498047,97.7,9234.64362226594,38.5605812072754,41.0,1086.0,25.0,59873.0
MEX,2021,75.62650476,99.09481491263,19.2796725887476,0.27305,384.76538,45.6506195068359,100.0,9728.05680024504,39.3577259193158,43.0,1298.0,22.0,61213.0
MEX,2022,78.63217894,105.720624125765,20.6070256426489,0.25727,401.92849,46.4061317443848,100.0,10013.2479227064,38.9017181396484,80.0,1492.0,22.0,61060.0
MEX,2023,81.18318755,111.735420288549,20.752917384408,0.26746,419.44361,47.474681854248,99.1,10234.6840265651,40.8621500693844,82.0,1831.0,22.0,66427.0
MEX,2024,83.12233799,116.486713265167,21.7367225364543,0.25372,438.24497,48.203441619873,99.2,10284.0336925726,40.8518714904785,113.0,2341.0,46.0,66413.0
MHL,1990,0.0,0.0,,,,,,3148.09977817114,,,,,
MHL,1991,0.0,0.0,,,,,,3085.93530547753,,,,,
MHL,1992,0.0,0.0,,,,,,3247.85289298957,,,,,
MHL,1993,0.0,0.0,,,,,,3391.38513154821,,,,,
MHL,1994,0.0,0.561797753,,,,,,3544.13564721663,,,,,
MHL,1995,0.0,0.520689519,,,,,,3791.20498901919,,,,,
MHL,1996,0.0371,0.708215297,,,,,,3365.11122501281,,,,,
MHL,1997,,0.890026357,,,,,,3117.27400069023,,,,,
MHL,1998,,0.64893537,,,,,,3067.73739364805,,,,,
MHL,1999,0.966,0.822900026,,,,,25.0955932098475,2997.54989841042,,,,,
MHL,2000,1.53427179624871,0.881552478996569,,,,,23.6,3040.59677355737,,,,,
MHL,2001,1.7066140776699,0.956516636347632,,,,,26.5,3224.7911898754,,,,,
MHL,2002,2.33544457522934,1.07340787554691,,,,16.0476303100586,29.5,3322.41127856101,,,,,
MHL,2003,2.5697503671072,1.15803946629485,,,,,32.6,3256.97244330835,,,,,
MHL,2004,3.59977681383754,1.24345928829333,,,,,35.8,3234.15265200518,,,,,
MHL,2005,3.8787023977433,1.27152930297075,,,,,39.1,3284.78403267445,,,,,
MHL,2006,3.79559021427832,,,,,,42.5,3285.12078781351,,,,,
MHL,2007,3.950000048,,,,,,22.4,3403.47842798117,,,,,
MHL,2008,4.599999905,,,,,,49.8,3146.26177205458,,,,,
MHL,2009,5.599999905,,,,,,53.6,3262.26955535477,,,,,
MHL,2010,7.0,,,,,,81.1,3441.31888402121,,,,,
MHL,2011,10.0,,,,,,82.6,3433.06297801838,69.8148422241211,,,,
MHL,2012,12.5,,,,,29.3663060278207,82.3,3420.91444796671,,,,,
MHL,2013,14.0,,2.53349381424992,,,,83.1,3602.92811901896,,,,,
MHL,2014,16.79999924,31.126998152462,2.75524138485019,,,,84.2,3620.77275283155,,,,,
MHL,2015,19.28240013,31.7622950819672,2.04918032786885,,,34.320987654321,85.5,3764.34426229508,,,,,
MHL,2016,29.78779984,,2.09604057934562,,,36.6609294320138,86.9,3946.8444109078,,,,,
MHL,2017,38.70119858,34.3871563970857,2.14919727481786,,,,90.5,4190.93468589482,72.4493789672852,,,,
MHL,2018,43.88249969,,2.2082367229767,,,,95.8,4542.34293916308,,,,,
MHL,2019,49.75749969,36.3578521598836,2.27236575999273,,,37.3626373626374,100.0,5162.81500670348,64.7409683839203,,,,
MHL,2020,56.41910172,37.4654615276542,2.34159134547839,,,,100.0,5172.57528216176,,,,,
MHL,2021,63.97259903,38.6781734232601,2.27717746029444,,,,100.0,5455.31704015278,,,,,
MHL,2022,64.26719666,39.7060658232902,2.35047533498016,,,41.3350449293967,100.0,5591.46393193103,,,,,
MHL,2023,64.07589722,,,,,,100.0,5460.11795915213,,,,,
MHL,2024,65.915802,,,,,37.6853055916775,96.3,5832.53435602429,,,,,
MIC,1990,,0.0083564145667867,,,,8.22194004058838,,1713.14651508456,,,,,
MIC,1991,,0.0167255200513101,,,,8.53505039215088,,1731.12776931164,,,,,
MIC,1992,,0.0320825018822811,,,,9.86660003662109,,1774.32204583698,,,,,
MIC,1993,,0.0625319472074724,,,,9.59543037414551,,1831.77113701958,,,,,
MIC,1994,,0.132847015082941,,,,10.3195600509644,,1893.68453683785,,,,,
MIC,1995,,0.267075516247927,,,,10.7753896713257,,1948.22812061808,,,,,
MIC,1996,,0.472604028761523,,,,10.3503799438477,,2035.52196353461,,,,,
MIC,1997,,0.853097025118021,,,,12.3088703155518,,2116.67073164934,,,,,
MIC,1998,,1.36063198727476,,,,12.5035200119019,,2151.74900036644,,,,,
MIC,1999,,2.42642037534633,,,,13.1548299789429,,2195.88391047029,,,,,
MIC,2000,,4.40122990387145,,0.615159732427844,334.568405696769,13.8052501678467,66.0994461433317,2284.57379722884,,,,,
MIC,2001,,6.85891239700669,0.0279964112446571,0.632647148894026,,14.6393899917603,67.4205979514584,2333.7499198409,,,,,
MIC,2002,,9.46863528069071,0.131632100470618,0.679555082246219,,15.8292303085327,67.7170310139998,2409.04026387917,,,,,
MIC,2003,,12.6594646708362,0.359175115585037,0.731516454091264,,17.0537300109863,69.1494896743668,2515.39133887836,,,,,
MIC,2004,,17.0516455066934,0.8300870395634,0.769236873281497,,18.051290512085,68.9669638101958,2675.18961309519,,,,,
MIC,2005,,23.0047769614903,1.12213182487282,0.803099127284449,465.960284483864,18.8964004516602,70.5461582915461,2835.73705982702,,,,,
MIC,2006,,30.8177145265412,1.59959877958342,0.845437491030121,,20.488639831543,71.2016451768013,3031.32395605497,,,,,
MIC,2007,,39.883402063001,2.07123622876195,0.852283745800425,,21.1776008605957,72.6440556838,3259.67210709256,,,,,
MIC,2008,,50.1013228653286,2.6885946103649,0.936928270016734,,22.3852806091309,74.0464649272976,3410.31647387697,,,,,
MIC,2009,,59.5126235816307,3.37966547827528,1.00607620070576,,23.3845500946045,75.4406451495539,3501.39817047288,,,,,
MIC,2010,,70.3029330421758,4.13981013981384,1.0885069817118,551.934592041307,24.841100692749,76.0000971029066,3738.48355881277,,,,,
MIC,2011,,79.7622794036567,5.15191812831054,1.11264628762222,,26.7389297485352,77.9184149456821,3930.18409635282,,,,,
MIC,2012,,84.432304165103,5.58300413059272,1.2196944641189,,28.1563606262207,78.2598287114974,4099.73864141949,,,,,
MIC,2013,,89.4312868231915,6.02079337141335,1.19603404780204,,29.1475200653076,79.9492802187128,4276.70136715966,,,,,
MIC,2014,,92.8185660062634,6.41478576013341,1.34310508196159,,32.2277793884277,80.7977160692703,4441.95318528448,,,,,
MIC,2015,,94.00161271887,7.98971509110299,1.35746626069656,644.698070725452,33.6232795715332,82.5728596295746,4597.60474958281,,,,,
MIC,2016,,98.4606788890971,9.05089004752004,1.39282727750303,,34.3544692993164,84.3541760169486,4758.47326248274,,,,,
MIC,2017,,101.573546820726,10.537514321789,1.35178304718127,,34.9058494567871,86.0088559648609,4954.25658592079,,,,,
MIC,2018,,103.839322872039,11.0675663752677,1.43413395493281,739.215644912317,35.4456214904785,87.9670726556386,5143.80804206815,,,,,
MIC,2019,,107.095305221948,11.9037395950011,1.43186858175855,,36.4931297302246,88.6358779769106,5300.45479347584,,,,,
MIC,2020,,106.600308165132,13.0020850242212,1.63718773615774,857.125935189163,37.891170501709,89.6942594629839,5189.15700851441,,,,,
MIC,2021,,108.170552432744,14.3596258479531,1.85162871790729,,39.6747283935547,91.5972728289242,5529.07594077267,,,,,
MIC,2022,,108.260864694504,15.825640378637,1.95110266746545,,41.134651184082,91.8021868808629,5707.56983867332,,,,,
MIC,2023,,,,1.95286788905516,,42.6316795349121,92.0798803240211,5930.65300014784,,,,,
MIC,2024,,,,,,43.2768402099609,91.8721594540407,6143.92793992414,,,,,
MKD,1990,0.0,0.0,,,,17.0110492706299,100.0,3534.32265095546,,,,,
MKD,1991,,0.0,,,,15.4305000305176,100.0,3328.63950847977,,,,,
MKD,1992,,0.0,,,,15.9333200454712,100.0,3146.02235459166,,,,,
MKD,1993,,0.0,,,,15.9066295623779,100.0,2948.27151752275,,,,,
MKD,1994,,0.0,,,,16.9034595489502,100.0,2917.05894611342,,,,,
MKD,1995,0.0407,0.0,,,,18.1758499145508,100.0,2876.0722287817,,,,,
MKD,1996,0.076,0.053053164,,,,18.3413791656494,100.0,2889.88516353778,,,,,
MKD,1997,0.504,0.616794247,,0.35911,606.0126,18.9666194915771,100.0,2954.5238308875,,,,,
MKD,1998,1.0,1.494750711,,0.40842,676.75616,19.633279800415,100.0,3038.13983382569,,,,,
MKD,1999,1.5,2.408021038,,0.32809,663.60475,21.3615303039551,100.0,3154.84918240006,,,,,
MKD,2000,2.48556631640066,5.62633764539413,,0.41888,645.46332,22.4084796905518,99.2,3283.37934095351,,0.0,0.0,0.0,155.0
MKD,2001,3.46818460849398,10.8055409158685,,0.2931,601.44074,24.3628692626953,99.2,3169.32514368931,,0.0,3.0,0.0,230.0
MKD,2002,17.33,17.6114156580624,,0.24461,562.07826,26.8072891235352,99.2,3240.11064526089,,0.0,3.0,0.0,233.0
MKD,2003,19.07,37.2824012172512,,0.21064,537.99609,27.8220596313477,99.2,3307.92040834712,,0.0,5.0,0.0,256.0
MKD,2004,24.44,47.2351660443568,,0.23237,512.77378,28.2504692077637,98.9,3473.76544811451,,0.0,4.0,0.0,254.0
MKD,2005,26.45000076,54.1201173122685,0.59507887570479,0.22825,532.93852,29.7906494140625,99.2,3657.56307699216,51.8649178218968,0.0,7.0,0.0,274.0
MKD,2006,28.62,60.4930613292055,1.7463346596574,0.19373,507.84433,29.2525997161865,100.0,3866.74650622977,51.8113922949686,0.0,9.0,0.0,367.0
MKD,2007,36.29999924,86.1891034077308,4.82749047537623,0.17093,497.29935,35.2432899475098,99.3,4140.63354809364,54.7300570868853,0.0,5.0,0.0,393.0
MKD,2008,46.04,95.0115267568525,8.74101931878654,0.22358,466.13087,39.6388511657715,99.2,4392.5507164151,53.4685962037339,0.0,5.0,0.0,479.0
MKD,2009,51.77,94.3034525397712,11.2968607671847,0.19679,432.44594,39.837718963623,99.1,4405.20045750867,55.5553109520438,0.0,8.0,0.0,521.0
MKD,2010,51.9,104.968060033975,12.6122529557569,0.21634,535.89171,38.147590637207,99.6,4582.36517512347,57.1032136769685,0.0,13.0,0.0,648.0
MKD,2011,56.7,108.467609532426,13.7991890008361,0.22276,450.8086,,99.6,4711.13027870081,58.3066093666083,0.0,12.0,0.0,913.0
MKD,2012,57.449947312961,110.268442239858,15.4034279276413,0.32676,623.86927,39.7961082458496,99.4,4708.05168535923,59.645118714887,1.0,18.0,0.0,1017.0
MKD,2013,65.24,111.124632440594,16.8126639116268,0.43894,693.84909,38.9499015808105,99.5,4863.68088666968,60.6467546769108,0.0,6.0,0.0,1297.0
MKD,2014,68.0584815397496,111.342589695936,17.7239038498213,0.51646,867.52011,39.3214912414551,99.7,5053.75001236367,61.4638086717181,0.0,15.0,1.0,1428.0
MKD,2015,70.3802030766689,105.212016364652,18.4016994838328,0.44412,897.16346,42.0811805725098,99.9,5262.68671928674,62.277834657197,0.0,18.0,0.0,1661.0
MKD,2016,72.1568144676058,104.549883518699,19.4533715332855,0.43585,901.84402,,100.0,5429.94678358359,63.7399607674655,1.0,25.0,0.0,1572.0
MKD,2017,74.5168241807954,103.458690624197,20.4183259234605,0.35439,778.17311,43.5097694396973,100.0,5510.81862920922,,0.0,35.0,0.0,1809.0
MKD,2018,79.1677551850871,102.572291491295,22.2929498345599,0.36367,862.45303,43.8547897338867,99.8,5698.39334484489,53.4467811584473,0.0,62.0,3.0,1674.0
MKD,2019,81.4128827618364,101.231634434543,23.9402500262168,0.36783,858.75424,43.1991004943848,100.0,5961.58475399191,,1.0,40.0,0.0,1905.0
MKD,2020,81.40553811,99.4723867063031,25.4041233643961,0.37264,868.87807,43.782169342041,100.0,5743.72649424581,68.3028182983398,2.0,87.0,0.0,2303.0
MKD,2021,81.873703,104.875134243923,26.9448892231031,0.37252,843.87245,44.3020210266113,100.0,6064.92315120022,69.5329199114654,0.0,83.0,1.0,2290.0
MKD,2022,83.85030365,111.303079555687,28.0035734605346,0.37372,730.898,53.1601181030273,100.0,6250.62720952063,70.5153081423898,2.0,120.0,0.0,2508.0
MKD,2023,88.5,106.458776658176,29.1771708951077,0.3699,922.47062,55.0082015991211,100.0,6423.99221393369,,6.0,124.0,3.0,2610.0
MKD,2024,93.6,108.38712260883,29.8921727758887,0.37363,888.07078,,100.0,6628.84686594032,68.6925323282867,10.0,173.0,5.0,2365.0
MLI,1990,0.0,0.0,,,,0.615209996700287,,589.775405883668,,,,,
MLI,1991,,0.0,,,,0.595889985561371,,651.363081547235,,,,,
MLI,1992,,0.0,,,,0.759490013122559,,606.068363319514,,,,,
MLI,1993,,0.0,,,,0.879809975624084,,619.374429343318,,,,,
MLI,1994,,0.0,,,,,,640.081008921427,,,,,
MLI,1995,,0.0,,,,0.900170028209686,,630.924447490876,,,,,
MLI,1996,0.00206,0.011715466,,,,1.00970995426178,0.831307181752044,656.777675999074,,,,,
MLI,1997,0.0101,0.027434281,,,,1.38881003856659,,668.480326665269,,,,,
MLI,1998,0.0198,0.042116764,,,,1.35441994667053,,695.126372030565,,,,,
MLI,1999,0.0609,0.058505121,,,,1.75006997585297,,707.881746305403,,,,,
MLI,2000,0.142545755049184,0.089953621718981,,,,1.77691996097565,,682.497420451512,,0.0,0.0,0.0,171.0
MLI,2001,0.185897413256084,0.201449644976166,,,,1.89023995399475,,766.960343250964,,0.0,0.0,1.0,209.0
MLI,2002,0.2270455784917,0.374135847429006,,,,1.88522005081177,1.7,766.073669039402,,0.0,0.0,0.0,251.0
MLI,2003,0.310364443230575,1.94894660643258,,,,,2.5,814.808466518784,,0.0,0.0,0.0,215.0
MLI,2004,0.432819639900985,3.10523812834724,,,,,3.2,800.501816705242,,0.0,0.0,0.0,273.0
MLI,2005,0.507099986,5.62822858148233,,,,,3.8,794.373328212082,,0.0,0.0,0.0,314.0
MLI,2006,0.729600012,10.8143886204419,0.0220512462385113,,37.28082,,1.5,797.10053288464,5.49085998535156,0.0,1.0,0.0,397.0
MLI,2007,0.81,17.5053976147782,0.022133419561447,0.17325,,,5.0,784.893915013531,,0.0,0.0,0.0,412.0
MLI,2008,1.57,23.0146454181582,0.0352859709752809,,,4.79010009765625,5.5,787.156518982091,,0.0,0.0,0.0,423.0
MLI,2009,1.799999952,28.8978765173021,0.0534092136335505,,,5.29625988006592,5.7,803.486738930068,3.91251665055211,0.0,1.0,0.0,471.0
MLI,2010,2.0,46.6622176783255,0.0502910029715529,0.47271,28.21129,5.50589495885227,,821.181286586904,,0.0,1.0,0.0,479.0
MLI,2011,2.2,65.7107159010821,0.0515026702513302,,,4.96896888641169,1.4,818.399030997125,7.96400022506714,1.0,1.0,0.0,529.0
MLI,2012,2.799999952,86.1756593856956,0.02547615493819,,,6.41861745428738,,786.323471337187,,0.0,0.0,0.0,590.0
MLI,2013,3.5,113.114584714497,0.0166613066782973,,,5.94123501789155,3.4,788.819448208696,,0.0,0.0,0.0,639.0
MLI,2014,7.0,130.439571178385,,,,5.53504882678079,4.5,813.97566128646,5.63864113364767,0.0,2.0,0.0,704.0
MLI,2015,10.32999992,122.082978226993,0.018818888075322,0.26458,29.38677,5.12750941173932,7.3,838.11986940103,7.51278018951416,0.0,0.0,0.0,687.0
MLI,2016,14.0,105.348301513254,0.111738195386459,,,,8.4,860.75307554569,5.64105987548828,0.0,2.0,0.0,983.0
MLI,2017,18.89999962,111.210305187838,0.0777267019132024,0.24505,31.19803,,,878.561348378099,6.03483400784169,2.0,9.0,2.0,1176.0
MLI,2018,21.39999962,107.404034726492,0.591594866067607,,,,25.4,892.978322787306,7.11877012252808,1.0,7.0,0.0,1526.0
MLI,2019,24.96030045,108.814511587375,0.676472661314418,0.13306,55.22467,,15.2,909.751069706998,7.12937021255493,0.0,11.0,0.0,1490.0
MLI,2020,29.11300087,116.587405376001,1.12281404354348,,,,16.8,872.389426815267,5.408860206604,1.0,6.0,0.0,1189.0
MLI,2021,33.95650101,108.693122357196,0.648338018002888,0.14596,28.66941,,18.3,872.332509422409,,0.0,10.0,0.0,1248.0
MLI,2022,35.19919968,112.119852778009,0.774220028570636,,,,19.7,877.817842434642,7.23940992355347,3.0,21.0,1.0,1351.0
MLI,2023,36.03879929,,,0.14743,26.03785,,22.7,892.689219532429,,1.0,4.0,1.0,1329.0
MLI,2024,36.80149841,,,,,,31.4,910.300376300627,,2.0,13.0,1.0,1070.0
MLT,1990,0.0,0.0,,,,,100.0,10067.7473125276,,,,,
MLT,1991,,0.618439255,,,,,100.0,10413.1745543774,,,,,
MLT,1992,,0.941163816,,,,,100.0,10789.7618108966,,,,,
MLT,1993,,1.412425614,,,,,100.0,11161.1923768418,,,,,
MLT,1994,,1.981176185,,,,,100.0,11682.1516222446,,,,,
MLT,1995,0.225,2.825993589,,,,,100.0,12336.7855166478,,,,,
MLT,1996,1.05,3.24448632,,,,,100.0,12719.0092297471,,,,,
MLT,1997,3.92,4.549709648,,,,,100.0,13286.7107759756,,,,,
MLT,1998,6.5,5.740645431,,,,,100.0,13877.2477535633,,,,,
MLT,1999,7.76,9.480481436,,,,,100.0,14446.3492424862,,,,,
MLT,2000,13.1137087111024,28.6185123594944,0.414108703534678,,,,100.0,17178.3693621174,20.3984394073486,0.0,0.0,0.0,172.0
MLT,2001,17.8778483243348,59.4402955430206,2.27342694843887,,,24.9949493408203,100.0,16920.7229743513,,0.0,3.0,0.0,189.0
MLT,2002,28.92,68.2650130065464,4.35910396607202,0.25107,672.92087,24.2556896209717,100.0,17255.4217709726,,0.0,7.0,0.0,194.0
MLT,2003,31.64,71.0371215944109,5.56946397338729,0.23874,678.26433,30.0867691040039,100.0,17775.4180936551,,0.0,1.0,0.0,219.0
MLT,2004,34.62,74.5054747101982,9.16314100847619,0.4892,1064.62987,26.6235694885254,100.0,17728.3576050982,,0.0,0.0,0.0,195.0
MLT,2005,41.24,78.3847866060195,12.4380625181457,0.53008,1162.44361,32.2053604125977,100.0,18123.2601873346,22.7670402526856,0.0,4.0,0.0,294.0
MLT,2006,40.41,83.4679651658186,12.7446119185277,0.58085,1256.70565,31.2252807617188,100.0,18479.2043785147,,0.0,3.0,0.0,262.0
MLT,2007,46.9,88.3347675079159,20.1300584615901,0.54654,1181.74634,34.6690711975098,100.0,19342.3162783941,23.0604000091553,0.0,4.0,0.0,297.0
MLT,2008,50.08,92.0440414445937,23.440636419401,0.52409,1294.07262,33.3216094970703,100.0,20064.4517895547,26.7146173391839,0.0,8.0,0.0,398.0
MLT,2009,58.86,100.306087287159,27.0098266376739,0.50513,1176.53223,35.7878684997559,100.0,19635.9067186725,28.5354493571736,0.0,6.0,0.0,397.0
MLT,2010,63.0,107.790825054241,29.7855677615811,0.58346,1391.94851,36.8344192504883,100.0,20750.6382477568,25.8695793151856,0.0,4.0,0.0,472.0
MLT,2011,68.0198237885462,122.871784244091,30.3037011219232,0.65483,1761.13695,39.4486618041992,100.0,20867.9213022084,27.3733997344971,0.0,3.0,0.0,544.0
MLT,2012,68.1998742928975,124.757214417819,31.8224330830663,0.79196,1968.67504,42.5473289489746,100.0,21529.3882643778,32.4356994628906,0.0,5.0,0.0,718.0
MLT,2013,68.9138,129.921671505793,33.3783014199957,0.72644,1880.46422,44.4813919067383,100.0,22626.4876843887,34.4804992675781,0.0,6.0,0.0,766.0
MLT,2014,73.1141157845193,125.718724466898,34.8819867199098,0.67653,1835.3282,45.4103507995605,100.0,23866.0555833557,35.774730682373,0.0,6.0,0.0,941.0
MLT,2015,75.9600189752747,117.794018171562,36.6768468766082,0.69942,1865.25574,48.0389709472656,100.0,25529.6693210673,36.9077987670898,0.0,5.0,0.0,1023.0
MLT,2016,78.0751488032182,128.59869659476,37.6179796999137,0.54032,1989.5946,49.2171897888184,100.0,25969.4999809345,38.0723686218262,0.0,11.0,0.0,1156.0
MLT,2017,81.0119110762945,129.249073523943,38.7512769768028,0.52592,2027.40143,54.0890197753906,100.0,28546.6464943104,,0.0,30.0,0.0,1324.0
MLT,2018,81.6580442928014,127.093763801237,39.5892751744889,0.54557,1904.9221,57.8407592773438,100.0,29536.7913868949,45.2157211303711,0.0,38.0,0.0,1472.0
MLT,2019,85.7785963798031,125.866492068688,40.1799549616579,0.54851,1902.71628,58.4985084533691,100.0,29522.6480165028,51.975994340011,2.0,40.0,1.0,1509.0
MLT,2020,86.85876183,122.175694268893,41.1094408219109,0.60002,1964.91528,61.4767112731934,100.0,27861.80732148,48.2728614807129,0.0,66.0,0.0,1761.0
MLT,2021,87.46977742,123.941408455002,42.1830899964911,0.59682,2082.82636,70.2313537597656,100.0,31419.5031714693,56.1607146317587,2.0,93.0,1.0,2009.0
MLT,2022,91.54062209,132.861156549134,43.4449972737186,0.5745,2313.68128,74.5901336669922,100.0,31447.3917315418,,0.0,116.0,0.0,2026.0
MLT,2023,92.07266941,140.59359496844,44.282454836797,0.64792,2354.97188,80.5250091552734,100.0,33429.8172092336,,1.0,109.0,2.0,2071.0
MLT,2024,93.86029816,142.070062100751,44.5068355303026,,,,100.0,34501.7892727094,,4.0,127.0,0.0,2058.0
MMR,1990,0.0,0.0,,,,5.35702991485596,,170.233436726449,,,,,
MMR,1991,,0.0,,,,,,166.710439947526,,,,,
MMR,1992,,0.0,,,,4.6560001373291,,180.333227417253,,,,,
MMR,1993,,0.001538708,,,,5.73016977310181,,188.680525344668,,,,,
MMR,1994,,0.004535028,,,,5.46826982498169,,200.124788541397,,,,,
MMR,1995,,0.006450532,,,,5.63515996932983,,211.265635944507,,,,,
MMR,1996,,0.016719108,,,,,,222.013359775898,,,,,
MMR,1997,,0.019312269,,0.05985,7.57511,,,231.587954116039,,,,,
MMR,1998,,0.019130121,,0.03417,7.63882,7.36062002182007,,242.132148131424,,,,,
MMR,1999,0.000152,0.025285494,,0.04406,11.45303,,,265.455335144782,,,,,
MMR,2000,,0.0295799320661765,,0.11306,,,26.9,298.590464506047,,0.0,3.0,0.0,390.0
MMR,2001,0.0002892773808485,0.04953121223398,,0.07144,12.60543,11.6847896575928,28.1,328.973872708996,,0.0,3.0,0.0,402.0
MMR,2002,0.0004264935063618,0.103783791079435,,0.16216,18.19315,,33.3,364.855800192477,,0.0,2.0,0.0,414.0
MMR,2003,0.0240641491408465,0.142534824036552,,,,,30.4,411.498764121919,,0.0,2.0,0.0,384.0
MMR,2004,0.024337392002823,0.196418976046369,,,,,31.5,463.330135715332,,0.0,1.0,0.0,389.0
MMR,2005,0.065200001,0.27129940081198,0.0005122436239107,,,,32.7,522.099544784661,,0.0,3.0,0.0,493.0
MMR,2006,0.18204833106115,0.448285852912208,0.0082891886776086,,,,33.9,586.085579927418,,0.0,3.0,1.0,498.0
MMR,2007,0.217128445069958,0.514578241519701,0.0134358321508409,,,11.0508098602295,35.1,651.729730890268,,0.0,3.0,0.0,474.0
MMR,2008,0.22,0.759210538252597,0.020654755544097,,,,36.4,714.620419017338,,0.0,1.0,0.0,480.0
MMR,2009,0.219999999,1.03164871502753,0.0477595166128622,,,,37.6,785.634853157894,,0.0,2.0,0.0,592.0
MMR,2010,0.25,1.21164199479353,0.0468134407079318,,,,32.5,854.932478016035,,0.0,6.0,0.0,620.0
MMR,2011,0.98,2.51643773692417,0.0443101573417305,,,14.3246002197266,40.2,895.512538750361,,0.0,2.0,0.0,684.0
MMR,2012,1.399999976,7.48356366415727,,,,13.7377004623413,41.4,953.123081923425,,0.0,4.0,0.0,778.0
MMR,2013,1.799999952,13.5933519472846,,,,,42.7,1024.69060473254,,0.0,5.0,1.0,790.0
MMR,2014,7.400000095,57.2778336231227,,,,,37.9,1099.24387750099,,0.0,8.0,0.0,898.0
MMR,2015,10.89999962,80.2397229653255,0.0644384582091319,,,,47.6,1166.73305546337,6.88046381134435,0.0,13.0,0.0,1186.0
MMR,2016,16.0,98.2342601991436,0.174162128034933,,,,39.8,1225.37913970989,9.86802959442139,0.0,7.0,0.0,1061.0
MMR,2017,23.621081950267,92.3917955157784,0.214986286331048,0.03218,30.01847,,59.9,1290.5640902569,15.3319144075,0.0,13.0,1.0,1209.0
MMR,2018,29.37899971,116.972136284863,0.246880529164931,0.05881,34.1151,20.3723297119141,54.6,1361.5683126412,15.4172948309892,1.0,33.0,0.0,1411.0
MMR,2019,36.54050064,155.669416939698,0.92296052297012,0.08341,30.40636,,57.5,1440.98988236734,22.7649192810059,2.0,50.0,0.0,1621.0
MMR,2020,45.4477005,148.158208114821,1.29924592186564,0.15568,32.80625,,60.1,1301.31386350667,,1.0,93.0,0.0,1996.0
MMR,2021,,127.240645128106,1.67276170937317,0.12402,19.11376,,62.8,1136.9956605414,,6.0,50.0,3.0,1675.0
MMR,2022,,107.535089476237,2.09694638185872,0.03519,26.39711,,62.9,1174.76697945755,,5.0,54.0,0.0,1705.0
MMR,2023,,121.027626770248,2.79829802446154,0.02307,28.00891,,68.8,1177.76649645563,,8.0,98.0,1.0,1705.0
MMR,2024,,114.329042129489,2.86965759378273,,,,73.9,1158.47928097728,,7.0,149.0,2.0,2075.0
MNA,1990,,0.0033882154730078,,,,,,2058.34555190921,,,,,
MNA,1991,,0.0057751818144923,,,,,,2025.6458674478,,,,,
MNA,1992,,0.0074087034994799,,,,,,2068.6810843001,,,,,
MNA,1993,,0.011048761135788,,,,,,2045.06783370892,,,,,
MNA,1994,,0.017477962731423,,,,,,2039.87153116602,,,,,
MNA,1995,,0.0787631533872729,,,,,,2049.57795043634,,,,,
MNA,1996,,0.138256232121304,,,,,,2120.58983432008,,,,,
MNA,1997,,0.318694154195762,,,,,,2143.40248593198,,,,,
MNA,1998,,0.472675847413921,,,,,64.6189421058441,2207.69815279066,,,,,
MNA,1999,,0.825005702984421,,,,,64.7869964703848,2248.28257970597,,,,,
MNA,2000,,2.14841520495747,,,,,73.6483902465676,2325.17423873793,,,,,
MNA,2001,,4.25828473878993,,,,,74.379707972865,2340.6562424534,,,,,
MNA,2002,,5.83701689486437,,,,,74.7276377873514,2365.65618222895,,,,,
MNA,2003,,8.13505195189074,0.0440630215990572,,,,71.1472275196004,2376.11302385758,,,,,
MNA,2004,,12.5856423255361,,,,,71.6763032928122,2501.78844532817,,,,,
MNA,2005,7.5,21.579764144396,,0.399556830861665,,,73.6184148680399,2566.78208916082,,,,,
MNA,2006,8.4,32.9875617191202,0.335705727556169,,,,76.3809319339725,2644.58495698406,,,,,
MNA,2007,9.7,46.7278196138014,0.550437114713748,,,,75.4866377353159,2738.10877611324,,,,,
MNA,2008,11.7,57.2877757760399,0.798198070019449,,,,76.8799527713237,2772.41082301408,,,,,
MNA,2009,13.5,69.4903241554121,1.12353588160181,0.323783283861287,359.054998084986,,78.1985170784904,2788.71696885337,,,,,
MNA,2010,15.5,78.5496557277396,1.52856511750859,,,,81.6661586054879,2860.92140660337,,,,,
MNA,2011,16.9,85.2055262103891,2.28848381570387,,,,81.8295558810287,2791.2438124294,,,,,
MNA,2012,18.7,90.8142555262051,3.07527585187156,,,,83.8185993679797,2833.14222876831,,,,,
MNA,2013,21.3,96.0326262638413,3.71592590923645,,,,86.7647294877876,2810.83533998643,,,,,
MNA,2014,24.7,96.3740334245713,4.49328001394771,,,,88.4169730081564,2825.61617270762,,,,,
MNA,2015,27.6,96.2206990904959,4.85292499666622,0.39337321029174,441.343705069749,,87.2302387984106,2808.6233441937,,,,,
MNA,2016,30.8,96.0686374623559,5.56134691284344,,,,90.7016863719616,2916.70744518601,,,,,
MNA,2017,34.8,97.6525656662388,6.82735230454902,0.493582619748358,626.559035302757,,92.5451271270769,2965.75725456964,,,,,
MNA,2018,37.6,95.8594616996784,7.52217616933334,,,,93.7247125081557,2975.07985684262,,,,,
MNA,2019,41.5,103.172035341985,7.57816991391546,0.493250414559265,691.375466041428,,92.3892192756616,2963.20718256898,,,,,
MNA,2020,46.4,90.6,5.57,,,,92.855881145876,2835.4044930412,,,,,
MNA,2021,50.2,93.7,6.06,0.538755837378145,830.795069047066,,93.0785315895444,2908.15343616643,,,,,
MNA,2022,54.1,96.4,6.33,,,,92.1711277153803,2982.78335555639,,,,,
MNA,2023,55.9,96.9,6.67,,,,92.8308945113705,3016.25210020449,,,,,
MNA,2024,58.0,98.8,6.97,,,,93.8242026204684,3032.00524250795,,,,,
MNE,1990,,,,,,,100.0,,,,,,
MNE,1991,,,,,,,100.0,,,,,,
MNE,1992,,,,,,,100.0,,,,,,
MNE,1993,,,,,,,100.0,,,,,,
MNE,1994,,,,,,,100.0,,,,,,
MNE,1995,,,,,,,100.0,,,,,,
MNE,1996,,,,,,,100.0,,,,,,
MNE,1997,,,,,,,100.0,4448.0424963957,,,,,
MNE,1998,,,,,,,100.0,4680.26362026027,,,,,
MNE,1999,,,,,,,100.0,4251.94145360234,,,,,
MNE,2000,,,,,,18.111270904541,98.2,4391.36753581801,,0.0,0.0,0.0,48.0
MNE,2001,,,,,,18.9315395355225,98.2,4421.83790075206,,0.0,1.0,0.0,51.0
MNE,2002,,,,,,17.7185001373291,98.2,4488.00506787032,,0.0,2.0,0.0,106.0
MNE,2003,,,,0.79772,,18.6800899505615,98.1,4581.10485010973,64.5542526245117,0.0,3.0,0.0,152.0
MNE,2004,25.3500686036232,76.3334038128359,,1.01874,,22.1096992492676,98.1,4775.39661599401,,0.0,2.0,0.0,207.0
MNE,2005,27.10000038,85.6746313382225,1.20889519753963,0.92443,,24.9292507171631,99.5,4967.68285096118,,0.0,5.0,0.0,200.0
MNE,2006,28.89999962,101.547633509026,,1.22991,,29.1942901611328,98.1,5386.53580727982,,0.0,3.0,0.0,244.0
MNE,2007,30.79999924,142.095017359275,2.81853361099752,1.14521,,36.3274917602539,98.1,5763.03765244158,,0.0,2.0,0.0,227.0
MNE,2008,32.90000153,182.988251467579,6.281000876992,,,43.55712890625,98.1,6149.68269228913,,0.0,1.0,0.0,245.0
MNE,2009,35.09999847,204.631442133458,9.38099861172162,,,51.6601409912109,98.1,5768.65438505628,,0.0,2.0,0.0,282.0
MNE,2010,37.5,185.100808748149,10.2303793142727,,,55.2963485717773,98.2,5917.91510729977,,0.0,3.0,0.0,328.0
MNE,2011,35.6115412460109,183.204359810839,10.2281061123334,0.31485,642.96419,59.0115089416504,97.6,6110.65726880215,72.5558395385742,0.0,1.0,0.0,372.0
MNE,2012,56.8387825490631,156.401963569782,13.8535846197557,,,60.3092498779297,98.3,5948.37632539014,76.8832666061057,0.0,4.0,0.0,512.0
MNE,2013,60.31,156.964444205798,15.1169768888917,0.37431,637.60412,60.4347686767578,99.9,6138.24865275199,77.297325524433,0.0,2.0,0.0,532.0
MNE,2014,63.8868840056697,160.490358344882,16.450287071867,0.3632,665.31497,63.2196388244629,94.1,6272.08821761355,77.8178956894038,0.0,4.0,0.0,662.0
MNE,2015,68.1197860085679,160.454990487865,17.8930024118635,0.374,830.62949,63.9372711181641,98.6,6421.00005731419,78.6588176413347,1.0,4.0,0.0,707.0
MNE,2016,69.8816468416779,166.719850572448,18.3977867805956,0.32454,716.88365,59.1839218139648,98.9,6634.38197201003,79.2000317363869,0.0,9.0,1.0,759.0
MNE,2017,71.2723325399382,168.464830660169,22.1614090312426,0.34898,708.80379,60.9102210998535,100.0,6840.90834101224,79.9969960781922,0.0,6.0,1.0,811.0
MNE,2018,71.5171004874886,184.219098888429,25.8249904594873,0.50374,775.01569,58.1831512451172,100.0,7159.46778433252,80.6169743609381,0.0,12.0,0.0,1017.0
MNE,2019,73.4766657478691,188.173957398388,29.2284854340679,0.36328,764.41883,56.2633209228516,99.9,7470.29237568568,81.8239956037765,0.0,14.0,1.0,1039.0
MNE,2020,77.60879306,177.66521091893,30.2953440746132,,,58.0944709777832,99.5,6351.95187949313,81.9217723455169,1.0,33.0,0.0,1835.0
MNE,2021,82.21969752,185.488473149833,31.180870777725,,,57.9613914489746,99.4,7198.3012265441,,0.0,43.0,4.0,1299.0
MNE,2022,88.22192026,207.278149444886,31.8922375082974,,,57.4317893981934,100.0,7773.59958791074,,2.0,58.0,0.0,1274.0
MNE,2023,88.5515976,207.237922064803,32.0155251660479,,,55.1743011474609,100.0,8278.02461006262,,5.0,66.0,2.0,1320.0
MNE,2024,88.88258428,221.687322527444,32.305369479654,,,,100.0,8540.00427762252,,6.0,128.0,1.0,1716.0
MNG,1990,0.0,0.0,,,,18.5528602600098,,1823.45623781461,,,,,
MNG,1991,,0.0,,,,16.260929107666,,1613.69985423318,,,,,
MNG,1992,,0.0,,,,14.4373903274536,,1462.6746723198,,,,,
MNG,1993,,0.0,,,,12.4017696380615,,1418.0656069858,,,,,
MNG,1994,,0.0,,,,12.822790145874,,1432.28072706305,,,,,
MNG,1995,0.00881,0.0,,,,14.1376399993897,,1499.26495210763,,,,,
MNG,1996,0.0182,0.038183598,,,,15.7019596099853,,1509.32921132514,,,,,
MNG,1997,0.113,0.083971129,,0.16786,,17.720329284668,,1546.08098489924,,,,,
MNG,1998,0.146,0.375527826,,0.16643,,20.3455009460449,,1575.67716165836,,,,,
MNG,1999,0.508,1.423190067,,0.15016,,25.9451408386231,,1601.31353865438,,,,,
MNG,2000,1.25565200358112,6.29688552620539,,0.18757,,29.2760200500488,27.0,1598.31282040605,53.3722610473633,0.0,0.0,0.0,194.0
MNG,2001,1.65323823906982,7.87020220365662,0.0019776405537393,0.26749,,33.2865905761719,35.8,1625.46152259484,,0.0,0.0,0.0,181.0
MNG,2002,2.0395726034818,8.63974080777577,0.0035998920032399,0.25173,,34.7981109619141,36.8,1680.65335337555,,0.0,0.0,0.0,220.0
MNG,2003,,12.6496695819066,0.0198270683101985,0.2518,,36.878849029541,40.9,1775.64906676137,59.0489661503616,0.0,0.0,0.0,258.0
MNG,2004,,16.8592174038547,0.035394151234489,0.26777,,39.5999908447266,39.0,1942.36263694017,,0.0,1.0,0.0,379.0
MNG,2005,9.0,21.7365116925906,0.070217569137974,0.23775,,43.4830207824707,66.7,2060.26168223171,,0.0,0.0,0.0,393.0
MNG,2006,9.0,29.9796189659682,0.135409299755954,0.19121,,46.8148307800293,41.5,2209.74321787628,61.4679501199372,0.0,0.0,0.0,478.0
MNG,2007,9.0,45.8051776001595,0.283554418866818,0.23827,,46.9772300720215,42.9,2403.72416258662,,0.0,3.0,0.0,586.0
MNG,2008,9.800000191,66.9284063613147,1.23381809458159,0.33667,,49.1745986938477,44.4,2576.71295838607,64.8961140298818,0.0,1.0,0.0,647.0
MNG,2009,10.0,84.3807849396284,1.50364345674788,0.30478,,53.1806716918945,46.1,2498.72967493254,65.4980364819218,0.0,0.0,0.0,737.0
MNG,2010,10.2,92.9207634213904,2.84091834423251,0.24438,,56.0776786804199,41.9,2611.67326563924,67.5730590820312,0.0,7.0,0.0,868.0
MNG,2011,12.4999911084745,107.181059165519,3.42607770710846,0.23054,,56.7482133834947,25.2,3010.81642672623,67.31556720823,0.0,9.0,0.0,1319.0
MNG,2012,16.4,120.738848253543,3.94085550888065,0.23913,,61.3067016601562,54.0,3318.16496597089,67.2392642746782,0.0,10.0,0.0,1390.0
MNG,2013,17.699984237,100.901264814345,4.89953823458973,0.23246,,64.8171691894531,45.8,3628.90708069575,,0.0,15.0,1.0,2004.0
MNG,2014,19.9424474349209,103.920441847843,6.77117608106174,0.2234,,66.6792297363281,60.8,3830.35892049593,77.6869231922225,0.0,22.0,0.0,2723.0
MNG,2015,22.5000041337688,103.078420951136,6.98959122144406,0.1564,,70.3587265014648,66.3,3838.92126989984,78.0789137260274,0.0,8.0,1.0,2147.0
MNG,2016,22.2657705007562,110.745846833017,7.43705957487671,0.18346,,65.2477111816406,74.1,3817.91962716702,79.135149095672,1.0,10.0,0.0,1456.0
MNG,2017,23.71430016,125.18399904135,9.18362021979381,0.1342,,64.4055709838867,81.7,3956.2049437134,79.5541693832898,1.0,5.0,0.0,1445.0
MNG,2018,47.1300018848989,133.283865358717,9.66655365112798,0.10161,,65.1030502319336,94.6,4183.85566447661,80.4049911993309,0.0,12.0,0.0,1713.0
MNG,2019,51.079994082603,136.719198864644,9.83638257697054,0.0927,,67.970817565918,96.9,4337.8167085432,78.461540222168,1.0,24.0,2.0,1862.0
MNG,2020,62.50002848,132.610273840436,9.3475568899214,0.13301,332.37478,66.2557467107749,98.5,4066.03410882791,77.0733413696289,0.0,35.0,1.0,2327.0
MNG,2021,81.60682285,140.352142155192,11.3929982387502,0.10008,681.35643,67.4261046440448,100.0,4063.53669849245,79.8019787591645,2.0,58.0,0.0,2678.0
MNG,2022,81.07720184,142.808581769425,12.9008288504333,0.08365,535.37392,67.6998728025335,100.0,4205.88554513551,79.1496887207031,4.0,82.0,1.0,3122.0
MNG,2023,83.74320221,141.08481753135,14.5529107220073,,,67.941399950927,100.0,4456.53627552726,80.4743728637695,3.0,116.0,2.0,3235.0
MNG,2024,85.12349701,140.670025377351,15.7837343261767,,,69.044059753418,98.4,4626.79609644243,84.0449371337891,8.0,175.0,2.0,3684.0
MNP,1990,0.0,0.0,,,,,100.0,,,,,,
MNP,1991,,,,,,,100.0,,,,,,
MNP,1992,,,,,,,100.0,,,,,,
MNP,1993,,1.526653875,,,,,99.9120910007945,,,,,,
MNP,1994,,1.601088321,,,,,99.8787024816551,,,,,,
MNP,1995,,2.463205862,,,,,100.0,,,,,,
MNP,1996,,,,,,,100.0,,,,,,
MNP,1997,,,,,,,100.0,,,,,,
MNP,1998,,,,,,,100.0,,,,,,
MNP,1999,,3.810485722,,,,,100.0,,,,,,
MNP,2000,,4.38878810931008,,,,,100.0,,,,,,
MNP,2001,,19.4163332548835,,,,,100.0,,,,,,
MNP,2002,,25.6626433855461,,,,,100.0,24066.5361573445,,,,,
MNP,2003,,28.4602803381177,,,,,100.0,24650.0405531909,,,,,
MNP,2004,,32.021645969533,,,,,100.0,24445.4618441919,,,,,
MNP,2005,,,,,,,100.0,21882.2927935415,,,,,
MNP,2006,,,,,,,100.0,20940.1619770428,,,,,
MNP,2007,,,,,,,100.0,20117.7037335229,,,,,
MNP,2008,,,,,,,100.0,18451.3905458787,,,,,
MNP,2009,,,,,,,100.0,15710.5807282039,,,,,
MNP,2010,,,,,,,100.0,16293.3059496259,,,,,
MNP,2011,,,,,,,100.0,15226.1308805108,,,,,
MNP,2012,,,,,,,100.0,15457.4258192247,,,,,
MNP,2013,,,,,,,100.0,16015.0349164338,,,,,
MNP,2014,,,,,,,100.0,16869.5270385638,,,,,
MNP,2015,,,,,,,100.0,17665.1007493109,,,,,
MNP,2016,,,,,,,100.0,23158.5744988538,,,,,
MNP,2017,,,,,,,100.0,28989.3470221339,,,,,
MNP,2018,,,,,,,100.0,23756.6075820248,,,,,
MNP,2019,,,,,,,100.0,21451.4401636511,,,,,
MNP,2020,,,,,,,100.0,15410.1186923944,,,,,
MNP,2021,,,,,,,100.0,16365.016735395,,,,,
MNP,2022,,,,,,,100.0,19461.8611129744,,,,,
MNP,2023,,,,,,,100.0,,,,,,
MNP,2024,,,,,,,100.0,,,,,,
MOZ,1990,0.0,0.0,,,,,,221.048981086396,,,,,
MOZ,1991,,0.0,,,,,,227.4627362365,,,,,
MOZ,1992,,0.0,,,,0.368429988622665,,206.194607588583,,,,,
MOZ,1993,,0.0,,,,0.408349990844727,,221.624579964898,,,,,
MOZ,1994,,0.0,,,,0.453289985656738,,220.478583291331,,,,,
MOZ,1995,,0.0,,,,0.450109988451004,,212.086249862904,,,,,
MOZ,1996,0.00304,0.0,,,,0.470349997282028,,227.198486695187,,,,,
MOZ,1997,0.0118,0.015131593,,,,,,247.184945629196,,,,,
MOZ,1998,0.0202,0.039738359,,,,,,266.672705397492,,,,,
MOZ,1999,0.0563,0.070614117,,,,0.602349996566772,,291.560018665606,,,,,
MOZ,2000,0.109592530041641,0.281665622612854,,,,0.613489985466003,,287.390630344484,,0.0,2.0,0.0,257.0
MOZ,2001,0.160031946644069,0.823466563784593,,,,0.602580010890961,,317.185703581034,,0.0,0.0,0.0,262.0
MOZ,2002,0.259612611253739,1.34378340548628,,0.35598,,0.682079970836639,,340.13537022259,,0.0,2.0,2.0,263.0
MOZ,2003,0.419538843913707,2.2470417004534,,,,0.928529977798462,1.0,356.521157404125,,0.0,5.0,0.0,277.0
MOZ,2004,0.679447835392438,3.56849208981733,,,,1.15550994873047,1.0,377.064958084878,,0.0,2.0,2.0,295.0
MOZ,2005,0.854399979,7.40691910278913,,,,1.43202996253967,1.5,391.699758163976,,0.0,2.0,2.0,323.0
MOZ,2006,0.842954488044236,11.2537028396523,0.0105883041717197,0.3977,16.40562,2.12770009040833,2.0,420.526462764726,,0.0,0.0,0.0,431.0
MOZ,2007,0.91,14.4674737235959,0.0299093816668691,,,3.03946995735169,1.5,442.049574057751,,0.0,1.0,0.0,436.0
MOZ,2008,1.56,20.1888204410131,0.0510334187083242,0.13607,20.60081,3.51939988136292,2.3,460.94729485679,,0.0,0.0,2.0,597.0
MOZ,2009,2.68,26.6650991246997,0.0613976266700072,,12.3366,3.82146000862122,2.2,475.788178051193,5.9777398109436,0.0,5.0,0.0,556.0
MOZ,2010,4.17,31.4105056102953,0.0753198965096013,0.37595,40.21198,4.6029332896014,1.4,494.162859074785,,2.0,6.0,2.0,628.0
MOZ,2011,4.599999905,33.216339150187,0.119979505298291,,,4.903703492415,3.8,514.869957191994,4.72476005554199,1.0,2.0,0.0,682.0
MOZ,2012,5.0,36.1781646576283,0.120955650717816,,,5.19951373358179,2.3,540.2945177803,,0.0,0.0,0.0,729.0
MOZ,2013,5.5,49.5029641007918,0.115170237953958,,,5.59344755668074,2.8,559.393953685688,,0.0,3.0,0.0,748.0
MOZ,2014,6.0,71.6701472266196,0.143416778231361,,,6.25049132527997,2.7,585.266716133984,,0.0,3.0,0.0,1007.0
MOZ,2015,6.5,75.8447213176406,0.160353647407002,0.30814,44.41136,6.73181717702859,0.9,610.563774706589,9.44804954528809,0.0,3.0,0.0,988.0
MOZ,2016,7.0,54.9641156223382,0.170460624854022,,,7.34197304077013,4.7,620.779714954555,,0.0,5.0,0.0,1047.0
MOZ,2017,7.7963266079129,42.1619694080105,0.218845913283962,,,7.24573099191356,4.4,618.397694360334,8.68706035614014,1.0,3.0,1.0,1237.0
MOZ,2018,10.89999962,48.5007087167822,0.241713568697421,,,7.4630510423433,8.0,621.153734194787,,1.0,8.0,0.0,1494.0
MOZ,2019,12.47929955,49.4350694242276,0.234152423439938,,,,5.2,617.13932000195,,0.0,7.0,1.0,1763.0
MOZ,2020,14.28740025,50.2318825476662,0.227393157051228,,,,4.6,591.804059985932,14.0377902984619,1.0,13.0,0.0,2207.0
MOZ,2021,16.35759926,43.1636190464176,0.206558007808804,,,,3.8,588.215854695416,,1.0,24.0,0.0,2858.0
MOZ,2022,18.96220016,45.8178199662019,0.197784521833894,,,,5.0,596.086630918965,11.6364402770996,2.0,33.0,1.0,2792.0
MOZ,2023,19.94560051,47.5003032540948,0.149001818335337,,,,8.9,610.591041611538,,2.0,42.0,1.0,3123.0
MOZ,2024,20.52729988,49.5047696961223,0.141999688956087,,,,12.3,605.763481416969,,3.0,53.0,0.0,2626.0
MRT,1990,0.0,0.0,,,,3.07737994194031,,1441.35013214637,,,,,
MRT,1991,,0.0,,,,2.74047994613648,,1424.8845274987,,,,,
MRT,1992,,0.0,,,,2.9126501083374,,1397.09016927143,,,,,
MRT,1993,,0.0,,,,3.51754999160767,,1420.51487247759,,,,,
MRT,1994,,0.0,,,,3.48554992675781,,1331.04721876353,,,,,
MRT,1995,,0.0,,,,3.42460989952087,,1422.1984656624,,,,,
MRT,1996,,0.0,,,,3.70655989646912,,1475.48821595821,,,,,
MRT,1997,0.00417,0.0,,,,3.99486994743347,,1384.62072172965,,,,,
MRT,1998,0.0406,0.0,,,,3.90360999107361,,1386.65535143801,,,,,
MRT,1999,0.118,0.0,,,,4.19634008407593,,1399.6677525752,,,,,
MRT,2000,0.192031462434805,0.585435064346201,,,,,3.0,1307.91078676112,,0.0,0.0,0.0,20.0
MRT,2001,0.261448551967195,4.12366169421673,,,,3.47914004325867,4.9,1265.81694335882,,0.0,0.0,0.0,15.0
MRT,2002,0.363229414608579,9.02771615993982,,,,3.0836501121521,3.7,1255.23785465583,,0.0,0.0,0.0,13.0
MRT,2003,0.424004895843197,12.524919291118,,,,3.29281997680664,3.8,1311.83928290699,,0.0,0.0,0.0,25.0
MRT,2004,0.481470438230954,18.2105677067792,,,,3.34153008460998,3.8,1342.01926086998,,0.0,0.0,0.0,30.0
MRT,2005,0.670000017,25.3691742833335,0.0055800172776388,,,3.07908010482788,1.2,1422.08355395812,,0.0,0.0,0.0,42.0
MRT,2006,0.979700029,35.1772263626288,0.0322863229428668,,,3.48698997497559,3.8,1641.14052210995,,0.0,0.0,0.0,31.0
MRT,2007,1.433599949,45.7141942652888,0.129321813777235,,,3.95002007484436,3.8,1567.52103874761,,0.0,0.0,0.0,27.0
MRT,2008,1.870000005,65.7183543081028,0.184590117894529,,,4.07179021835327,4.0,1518.05671993749,,0.0,0.0,0.0,24.0
MRT,2009,2.279999971,66.4418800358538,0.206275148822572,,,4.12409019470215,3.2,1472.73229282851,,0.0,0.0,0.0,34.0
MRT,2010,4.0,81.8660764708571,0.171308167439062,,,4.66769636853479,2.1,1463.84763242531,,0.0,0.0,0.0,32.0
MRT,2011,4.5,94.6316258570616,0.174716820290903,,,5.06647175812938,1.5,1476.23923867862,,0.0,0.0,0.0,44.0
MRT,2012,5.0,111.230731736701,0.185049380580564,,,5.49335070425997,0.8,1492.69966692583,,0.0,1.0,0.0,63.0
MRT,2013,6.199999809,106.798483685642,0.201696802468349,,,5.79601450584933,,1506.66419033006,9.47274971008301,0.0,0.0,0.0,53.0
MRT,2014,11.80000019,97.5267336951353,0.20787244115521,,,,,1524.45340969502,,0.0,0.0,0.0,55.0
MRT,2015,17.60000038,91.8941169084199,0.243018145169932,,,5.88425001273035,,1558.84205473416,7.47353982925415,0.0,0.0,0.0,58.0
MRT,2016,19.23279953,88.4383494871236,0.272618915656489,,,5.56245834327609,,1531.87725661699,,0.0,0.0,0.0,86.0
MRT,2017,21.01720047,96.7595354581295,0.300123497838788,,,5.15614020144375,,1580.01453100123,,0.0,0.0,0.0,85.0
MRT,2018,22.96699905,105.275094895088,0.304863077886015,0.01019,,5.13275480775448,,1606.91539159026,,0.0,1.0,0.0,123.0
MRT,2019,25.0977993,105.441089704161,0.242070430744355,,,5.88823986461851,,1609.15396170643,,0.0,1.0,0.0,115.0
MRT,2020,29.90649986,126.277034284458,0.401227704167555,,,5.97194330025359,,1557.19511875153,,0.0,3.0,0.0,122.0
MRT,2021,35.63660049,137.540323142707,0.405903092669414,,,,,1524.11753502309,,1.0,2.0,0.0,139.0
MRT,2022,42.46450043,109.883898247552,0.415227794850191,,,,,1580.70391528747,,3.0,6.0,2.0,153.0
MRT,2023,44.95629883,90.7724948884417,0.59041012129361,,,,,1638.99221583023,,2.0,10.0,0.0,170.0
MRT,2024,45.77939987,92.0748946443443,0.946513083252489,,,,,1692.84166088843,,3.0,20.0,1.0,184.0
MSR,2000,,,,,,,,,,0.0,0.0,0.0,12.0
MSR,2002,,,,,,,,,,0.0,0.0,0.0,17.0
MSR,2003,,,,,,,,,,0.0,1.0,0.0,0.0
MSR,2004,,,,,,,,,,0.0,0.0,0.0,17.0
MSR,2006,,,,,,,,,,0.0,1.0,0.0,0.0
MSR,2010,,,,,,,,,,0.0,0.0,0.0,22.0
MSR,2014,,,,,,,,,,0.0,0.0,0.0,43.0
MSR,2015,,,,,,,,,,0.0,1.0,0.0,0.0
MSR,2019,,,,,,,,,,0.0,1.0,0.0,0.0
MTQ,2000,,,,,,,,,,0.0,0.0,0.0,63.0
MTQ,2001,,,,,,,,,,0.0,0.0,0.0,45.0
MTQ,2002,,,,,,,,,,0.0,0.0,0.0,36.0
MTQ,2003,,,,,,,,,,0.0,0.0,0.0,31.0
MTQ,2004,,,,,,,,,,0.0,0.0,0.0,61.0
MTQ,2005,,,,,,,,,,0.0,0.0,0.0,84.0
MTQ,2006,,,,,,,,,,0.0,0.0,0.0,65.0
MTQ,2007,,,,,,,,,,0.0,1.0,0.0,72.0
MTQ,2008,,,,,,,,,,0.0,0.0,0.0,87.0
MTQ,2009,,,,,,,,,,0.0,0.0,0.0,111.0
MTQ,2010,,,,,,,,,,0.0,0.0,0.0,110.0
MTQ,2011,,,,,,,,,,0.0,1.0,0.0,145.0
MTQ,2012,,,,,,,,,,0.0,0.0,0.0,147.0
MTQ,2013,,,,,,,,,,0.0,0.0,0.0,160.0
MTQ,2014,,,,,,,,,,0.0,0.0,0.0,203.0
MTQ,2015,,,,,,,,,,0.0,0.0,0.0,238.0
MTQ,2016,,,,,,,,,,0.0,0.0,0.0,259.0
MTQ,2017,,,,,,,,,,0.0,0.0,0.0,262.0
MTQ,2018,,,,,,,,,,0.0,0.0,0.0,282.0
MTQ,2019,,,,,,,,,,0.0,1.0,0.0,311.0
MTQ,2020,,,,,,,,,,0.0,3.0,0.0,335.0
MTQ,2021,,,,,,,,,,0.0,3.0,0.0,324.0
MTQ,2022,,,,,,,,,,0.0,1.0,0.0,349.0
MTQ,2023,,,,,,,,,,0.0,2.0,0.0,340.0
MTQ,2024,,,,,,,,,,0.0,6.0,0.0,410.0
MUS,1990,0.0,0.201781177,,,,3.39674997329712,98.2915602575158,3846.40593009531,25.7999992370606,,,,
MUS,1991,,0.226396162,,,,4.01713991165161,98.3470808149092,3973.88222302181,,,,,
MUS,1992,,0.260298879,,,,,98.4021830503044,4177.36265335488,,,,,
MUS,1993,,0.356231447,,,,5.99556016921997,98.4558275966457,4337.92493399566,,,,,
MUS,1994,,0.497401847,,,,5.4636402130127,98.5068265448817,4454.5426070274,,,,,
MUS,1995,,1.011457438,,,,5.95722007751465,98.553999286124,4605.76436655081,,,,,
MUS,1996,0.184,1.777590909,,,,6.69427013397217,98.5962016371233,4813.64243758838,,,,,
MUS,1997,0.476,3.590014667,,0.27529,,6.51308012008667,98.6322362578915,5024.11496458349,,,,,
MUS,1998,2.57,5.05891805,,0.25831,,,98.6609538753575,5273.4376456861,,,,,
MUS,1999,4.65,8.47170223,,0.30596,,9.55496025085449,98.6840613137051,5342.7700968418,,,,,
MUS,2000,7.28153511499385,14.7949785842685,,0.28025,,10.6760301589966,98.3,5724.49584395791,20.3984394073486,0.0,4.0,0.0,67.0
MUS,2001,8.78090401892036,22.2235093624495,,0.35775,,16.4485702514648,98.7,5869.56961565396,,0.0,2.0,0.0,74.0
MUS,2002,10.252624671916,28.161107217088,0.0230940332310983,0.36317,,15.1241102218628,99.0,5923.09482066607,,0.0,3.0,0.0,88.0
MUS,2003,12.1871062041308,37.2277089024305,0.0953225145499674,0.32171,,15.7577295303345,98.6,6228.82545560651,,0.0,5.0,0.0,92.0
MUS,2004,13.6890885885342,43.8266122579613,0.205152824451912,0.36329,,17.2851009368896,98.6,6457.90977761094,,0.0,2.0,1.0,105.0
MUS,2005,15.1722002,52.2446836857658,0.429361724128331,0.35574,,21.0529594421387,98.6,6533.89994300683,,0.0,0.0,0.0,104.0
MUS,2006,16.7,61.1177886041965,2.2072653410678,,,23.6054592132568,98.6,6819.92708580325,,0.0,1.0,0.0,174.0
MUS,2007,20.22,73.1476040513014,2.76734949799845,,,24.5238494873047,98.6,7180.23173197486,40.3380333081653,1.0,3.0,0.0,116.0
MUS,2008,21.81,81.0663444829304,4.11968916591809,,,27.0272006988525,98.6,7545.15683789094,39.5240105785597,0.0,2.0,0.0,150.0
MUS,2009,22.51,84.9704293760927,5.69793552947211,,,31.3993797302246,98.7,7778.25811331163,,0.0,0.0,0.0,158.0
MUS,2010,28.33,92.8425699047874,7.32215958568935,,,33.0799908955061,99.3,8100.95282599507,42.0400852512234,0.0,2.0,0.0,202.0
MUS,2011,34.95000076,100.608971543233,9.1921039721924,,,34.2265053809565,99.5,8423.28220250903,43.5839004516602,0.0,7.0,0.0,220.0
MUS,2012,35.42,115.252449250293,10.9217558584205,0.17773,176.93358,40.3749497386409,99.1,8694.84560747968,44.096645435703,0.0,4.0,0.0,278.0
MUS,2013,40.116825135,118.793106653529,12.5795517217874,,,41.4023953525386,99.1,8968.51243536773,45.3317058447176,0.0,1.0,0.0,343.0
MUS,2014,44.8032753683379,127.86328226284,14.0866327916688,,,40.0382004235695,99.3,9297.64820128968,47.0619648931112,0.0,2.0,1.0,319.0
MUS,2015,50.1393184766711,136.371902265385,15.2753864309067,,,37.760738643162,99.5,9630.5437837507,48.3445768595436,1.0,5.0,0.0,357.0
MUS,2016,52.19129944,140.423888162514,16.4576177636993,,,38.4107692617261,99.8,9997.89198315532,48.6779245349184,0.0,5.0,0.0,399.0
MUS,2017,55.4032403002657,142.524532117413,19.0600896444054,0.35423,,39.6618786560902,99.6,10383.8832682578,49.0464475976792,1.0,10.0,0.0,563.0
MUS,2018,58.596169704299,148.816797831837,21.3138552473439,0.33387,465.4988,40.4078098261963,100.0,10805.4615213739,49.847090351973,0.0,12.0,0.0,534.0
MUS,2019,61.7299551453346,145.117277088014,23.8830105654334,0.35699,543.55651,42.9878710798151,100.0,11111.3423669526,,1.0,32.0,2.0,580.0
MUS,2020,67.73290684,149.06995900167,25.1865809761826,0.40299,558.19237,42.5378418595105,99.5,9533.5982796049,,2.0,25.0,0.0,649.0
MUS,2021,71.59999847,154.053185977432,25.7028828022003,0.36784,564.33636,43.9577226373808,99.8,9849.34891121846,,1.0,31.0,1.0,682.0
MUS,2022,75.5,164.309278835228,26.1963906498554,0.30879,578.6005,44.2026816403629,100.0,10703.2364271462,51.1174122247077,5.0,74.0,1.0,765.0
MUS,2023,79.5,165.257524411348,26.9082309192612,0.23892,852.67511,43.3386887794765,100.0,11330.7335655767,,7.0,76.0,1.0,664.0
MUS,2024,73.30793533,172.68356921857,27.9742504733832,0.26181,688.52747,45.7771156388358,100.0,11918.8045212095,,10.0,111.0,4.0,750.0
MWI,1990,0.0,0.0,,,,0.516950011253357,,353.771303717595,,,,,
MWI,1991,,0.0,,,,0.53711998462677,,372.997561772469,,,,,
MWI,1992,,0.0,,,,0.540430009365082,0.889517615969156,335.726543539643,,,,,
MWI,1993,,0.0,,,,0.539810001850128,,362.930995399017,,,,,
MWI,1994,,0.0,,,,0.574460029602051,,329.584099900642,,,,,
MWI,1995,,0.003777385,,,,0.589349985122681,,385.279714072363,,,,,
MWI,1996,,0.03588565,,,,0.597699999809265,,405.397063690478,,,,,
MWI,1997,0.00467,0.066586269,,,,,,412.4131068375,,,,,
MWI,1998,0.0181,0.097834084,,,,,,419.313245170577,5.2124400138855,,,,
MWI,1999,0.0873,0.205030893,,,,0.309139996767044,0.621764843884561,422.099909963762,,,,,
MWI,2000,0.126780944756387,0.43301741914195,,,,0.331539988517761,0.7,418.592985038462,,0.0,0.0,0.0,180.0
MWI,2001,0.164020725330811,0.480718719771781,,,,0.364780008792877,1.3,388.260039763569,,0.0,8.0,0.0,233.0
MWI,2002,0.21509472652259,0.724274521819057,,,,0.385289996862411,1.5,385.308980237095,,0.0,4.0,2.0,230.0
MWI,2003,0.278815116302304,1.10916700912378,0.0005664292643955,,,0.391519993543625,0.8,397.224846758815,,0.0,2.0,0.0,222.0
MWI,2004,0.347505334967577,1.77697522954047,0.0011039349119975,,,0.462709993124008,2.8,408.064916052765,,0.0,6.0,0.0,243.0
MWI,2005,0.384499997,3.2800777505911,0.0031464098490104,,,0.45329999923706,2.1,410.267979592536,7.95230058759058,0.0,7.0,0.0,275.0
MWI,2006,0.425099999,4.6986669369963,,,,0.479409992694855,,417.877689776503,,0.0,3.0,0.0,305.0
MWI,2007,0.965864736553132,7.74031710895931,0.0068796140462862,,30.31564,0.477120012044907,2.6,445.254305419586,,0.0,4.0,2.0,379.0
MWI,2008,0.7,10.787342707362,0.0070547408538254,,,,2.8,465.55147298007,,0.0,6.0,0.0,415.0
MWI,2009,1.07,17.2664810012484,0.0071826564825767,,,,3.1,489.631418790158,,0.0,3.0,0.0,443.0
MWI,2010,2.26,21.025675510066,0.0073179962071871,,50.11331,1.26225889832108,3.9,508.088650552846,,0.0,4.0,0.0,450.0
MWI,2011,3.33,25.8864481164849,0.0113330986355604,,,1.55183037174754,3.0,517.833736624232,10.4817046496756,1.0,2.0,1.0,520.0
MWI,2012,4.350599766,29.5800071510519,0.0078805431871271,,,0.838820281170415,1.8,512.74031797451,,2.0,14.0,3.0,607.0
MWI,2013,5.050000191,32.7317425220037,0.0543070159937472,,,,3.8,525.357645516557,11.7435632893741,0.0,7.0,1.0,686.0
MWI,2014,5.829999924,33.8868400746068,0.05150546237057,,,0.827777867221161,5.3,539.562601918057,,0.0,0.0,0.0,794.0
MWI,2015,6.0,38.4341901744435,0.034268649944541,,,0.809801002249246,3.4,539.605363240686,12.3711099624634,0.0,1.0,0.0,849.0
MWI,2016,6.300000191,40.8844441758703,0.0495052352697577,,,,4.9,538.221990810959,,0.0,0.0,0.0,904.0
MWI,2017,7.0,43.0855088342582,0.0599566013099431,,,,3.7,544.795729220349,12.9716259885367,0.0,3.0,0.0,1019.0
MWI,2018,8.798299789,38.1955692011493,0.0613015454757565,,,1.6942403485732,11.7,553.528790902088,,1.0,4.0,0.0,1149.0
MWI,2019,11.05860043,46.7841008334388,0.0596980345376099,0.17752,25.16829,,4.1,569.866249371948,,0.0,7.0,0.0,1236.0
MWI,2020,13.89949989,51.2170439392301,0.0627371263723842,,,2.40217380732134,3.5,559.447086086067,12.1476697921753,3.0,9.0,0.0,1826.0
MWI,2021,15.30300045,59.5599408158462,0.0670814931398598,,,2.39798041885226,5.6,569.968967322435,,2.0,20.0,0.0,1810.0
MWI,2022,16.84830093,59.6495709408963,0.0724060330808983,,,2.70813684546823,5.8,560.635759714941,,5.0,32.0,6.0,1829.0
MWI,2023,17.98810346,61.0866071008045,0.079556560544817,,,,6.1,557.03523965791,,3.0,49.0,2.0,2017.0
MWI,2024,18.96159935,69.260530662121,0.0863853749149284,,,,6.4,551.95152347056,,11.0,98.0,5.0,2296.0
MYS,1990,0.0,0.494489541,,,,7.25777006149292,,4184.76072928976,,,,,
MYS,1991,,0.721522185,,,,8.06015014648438,,4456.93133148159,,,,,
MYS,1992,0.00105,1.082615433,,,,9.16376972198486,,4726.13789172987,,,,,
MYS,1993,0.0255,1.784885174,,,,9.45715999603271,,5062.5911043705,,,,,
MYS,1994,0.0996,2.918621003,,,,10.3980398178101,,5390.10167606966,,,,,
MYS,1995,0.146,4.991168447,,,,11.2613296508789,,5771.35211956083,,,,,
MYS,1996,0.852,7.34842792,,0.21645,91.99322,,,6190.46429134886,30.3713207244873,,,,
MYS,1997,2.31,9.412128789,,,,,,6480.55649455855,,,,,
MYS,1998,6.75,10.08686533,,0.39789,157.86504,22.9279899597168,,5857.96702940857,,,,,
MYS,1999,12.3,13.36691902,,,,24.1853408813477,,6070.95621987091,,,,,
MYS,2000,21.3847311644538,22.2996735954346,,0.46899,282.98354,27.5522994995117,97.6,6455.61419792583,36.4070892333984,0.0,21.0,0.0,1934.0
MYS,2001,26.6959725007084,31.3900838278883,0.0170020765486193,,,26.960880279541,97.6,6334.92795651698,,0.0,33.0,0.0,1926.0
MYS,2002,32.3382043389359,37.5604548860269,0.0800830553639777,0.65254,300.56079,28.92991065979,97.7,6516.90671560155,,0.0,99.0,0.0,2766.0
MYS,2003,34.9711523397291,45.0736604261284,0.447341087591283,,,31.2641696929932,97.7,6732.92049458099,,0.0,68.0,2.0,2972.0
MYS,2004,42.2522656295248,57.8498313244464,0.999731873891089,0.5999,507.42811,29.779899597168,97.8,7025.34558004381,,1.0,80.0,1.0,3975.0
MYS,2005,48.6291702459839,75.6500475633466,1.86986635854964,,,27.1163005828857,97.8,7234.02442689141,27.6015205383301,0.0,91.0,0.0,4371.0
MYS,2006,51.6379889864403,73.6762398568335,2.84276851737206,0.61106,371.05001,27.6703605651856,97.8,7469.8106921211,,1.0,116.0,1.0,5715.0
MYS,2007,55.7,86.4755300769983,3.83430285414437,,,29.375789642334,97.9,7769.59693350488,,1.0,134.0,1.0,6127.0
MYS,2008,55.8,100.518464614095,4.82153483966066,0.78847,598.97222,32.9037017822266,98.0,7976.11785374773,,3.0,230.0,5.0,9013.0
MYS,2009,55.9,107.179512670287,5.52395471352698,1.01001,1063.03522,35.0602111816406,97.9,7700.46111294033,49.4180183410645,2.0,331.0,5.0,11993.0
MYS,2010,56.3,118.156632715164,7.32068815724969,1.03608,1452.73369,36.6774305573553,99.0,8118.92270511981,50.9024085998535,3.0,366.0,6.0,16351.0
MYS,2011,61.0,125.715832147402,8.59576382844835,1.03342,1633.85555,35.5661790570975,98.8,8400.32248683558,,5.0,476.0,9.0,21349.0
MYS,2012,65.8,139.314753874976,9.84700347717991,1.09269,1769.90749,36.825516807355,99.5,8710.52671359902,,8.0,484.0,4.0,25849.0
MYS,2013,57.05751226,142.522112800428,9.73942530166021,,,38.0700970900265,98.7,8964.80724896203,,6.0,566.0,8.0,28975.0
MYS,2014,63.6654258813225,146.3656485505,9.97193881432051,1.26275,2015.97275,38.3919142029325,99.0,9341.73055971278,,12.0,653.0,14.0,33913.0
MYS,2015,71.0640678111957,141.210531313909,9.80955980953099,1.27945,2256.60241,44.289909239243,99.5,9648.6797937523,,16.0,639.0,11.0,34931.0
MYS,2016,78.7883099275229,136.725167298764,8.55245970508987,1.41517,2334.07987,45.4034659569972,99.6,9901.47960179812,58.3323707580566,9.0,669.0,5.0,34921.0
MYS,2017,80.1404790103961,130.853522804244,8.30705146836206,,,42.293211695146,99.9,10293.7629205362,,16.0,745.0,4.0,39685.0
MYS,2018,81.2010486181174,128.873150399987,8.19179819298533,1.04026,2110.44315,43.3100279300797,100.0,10610.1950240479,,31.0,1069.0,19.0,44824.0
MYS,2019,84.1871450078281,133.372921941941,8.86497357882019,,,40.8082966813944,100.0,10902.9834855856,62.6133613586426,31.0,1392.0,24.0,45201.0
MYS,2020,89.55501192,129.017911652905,9.91101742902637,0.95055,711.51035,39.7445667367633,100.0,10171.4657842762,,70.0,1783.0,35.0,52328.0
MYS,2021,96.7514278,137.684938559871,10.8921782282506,,,38.1899993008367,100.0,10388.2667120857,,129.0,3087.0,51.0,61186.0
MYS,2022,97.3986404,138.208441079076,12.1753566089982,1.0121,1218.32989,36.9853099297291,100.0,11191.6511756943,69.8045806884766,173.0,3804.0,68.0,61905.0
MYS,2023,97.69272633,142.7320920639,13.0287000355119,,,37.2745812491757,100.0,11445.3925275079,,209.0,4528.0,93.0,67251.0
MYS,2024,98.0206059,139.664651283564,13.5464432669708,,,38.5013945445142,100.0,11883.79127749,,320.0,6318.0,108.0,70714.0
NAC,1990,,2.12761672045196,,,,,100.0,38461.7145230764,,,,,
NAC,1991,,2.98047599606759,,,,,100.0,37851.115056234,,,,,
NAC,1992,,4.25320707523175,,,,,100.0,38572.5957430744,,,,,
NAC,1993,,6.03319693496568,,,,,100.0,39120.6377006062,,,,,
NAC,1994,,8.92690938965478,,,,,100.0,40219.6506550885,,,,,
NAC,1995,,12.3324068916648,,,,,100.0,40817.0475938031,,,,,
NAC,1996,,15.9218670279086,,2.38902998565091,3191.72271067406,,100.0,41805.246710235,,,,,
NAC,1997,,19.6857447330568,,2.41514747889346,3291.44071222236,,100.0,43145.5200914419,,,,,
NAC,1998,,24.3653729858947,0.276456131256809,2.44483919399198,3441.00634654573,,100.0,44552.5012179726,,,,,
NAC,1999,,30.0252352437993,1.07767664382983,2.4913859311694,3516.79057810766,69.5722122192383,100.0,46179.801663087,,,,,
NAC,2000,,37.7520626465879,2.70881418615269,2.56825283882575,3551.88869905498,66.9040679931641,100.0,47578.0098430294,,,,,
NAC,2001,,43.9642771370256,4.9384305638202,2.59694074452381,3607.39803590609,71.4756927490234,100.0,47590.3058980687,,,,,
NAC,2002,,48.0717160867342,7.31890857648733,2.50999539452395,3650.62343141381,76.0470504760742,100.0,47992.7531590537,,,,,
NAC,2003,,53.8948118936585,9.99517087428742,2.50792073225329,3855.10504073079,77.6200637817383,100.0,48872.9887267576,,,,,
NAC,2004,,61.3299563400262,13.1248323450248,2.44890304019706,3746.19561527182,79.1845626831055,100.0,50256.4478409679,,,,,
NAC,2005,68.3,67.0783557060801,17.6770065858045,2.45811888028042,3694.22365988006,78.8173599243164,100.0,51517.6950673225,,,,,
NAC,2006,69.3,74.7436922653599,20.5523531797775,2.49293854653873,3737.2737131437,81.1328964233398,100.0,52436.4017613233,,,,,
NAC,2007,74.8,80.331037287783,24.0737505907232,2.54858897664181,3719.79536589472,82.1136093139648,100.0,52982.1116719497,,,,,
NAC,2008,74.3,83.6256570102379,25.6673263079159,2.65916060407432,3847.50735571795,83.0399475097656,100.0,52571.5603822929,,,,,
NAC,2009,71.9,87.1439649192966,26.3968738311499,2.71491693311385,3936.00823666868,85.34716796875,100.0,50741.9965051822,,,,,
NAC,2010,72.5,90.0993211931461,27.6293516320631,2.62714699305689,3744.95495180027,85.4238433837891,100.0,51671.5125292842,,,,,
NAC,2011,71.0,93.1200087736564,28.6041181060444,2.63912442423792,3858.82250423412,85.7931976318359,100.0,52118.7246769571,,,,,
NAC,2012,75.5,94.6620949888782,29.6587252251039,2.58092161099971,3825.93039698419,86.0814895629883,100.0,52849.308994613,,,,,
NAC,2013,72.8,95.6699687771596,30.5122256730078,2.59749552332333,3898.21397597259,86.5340118408203,100.0,53554.2762571962,,,,,
NAC,2014,74.4,98.3059011964548,30.8845135252027,2.61556360368098,3979.88831624249,86.5686874389648,100.0,54473.0949224699,,,,,
NAC,2015,76.1,99.9,31.9,2.68778930567554,4009.21504921775,86.8131408691406,100.0,55534.4614029189,,,,,
NAC,2016,86.1,100.9,32.6,2.75352453100094,3947.53825884323,86.9502792358398,100.0,56048.8982873869,,,,,
NAC,2017,87.8,100.8,33.1,2.79036479453057,4061.69720692796,86.4250564575195,100.0,57026.2780816387,,,,,
NAC,2018,89.1,102.4,33.6,2.89216041080928,4362.6522766706,86.4270935058594,100.0,58314.2046320345,,,,,
NAC,2019,89.7,103.9,34.5,3.03819831011577,4416.67919376275,86.4167633056641,100.0,59425.2842320485,,,,,
NAC,2020,90.5,101.9,36.23,3.31029130044039,4628.27701469366,86.3354034423828,100.0,57774.414970072,,,,,
NAC,2021,91.5,104.4,37.48,3.34336470006787,4963.42904942203,84.3603820800781,100.0,61198.2512363301,,,,,
NAC,2022,92.6,107.0,37.97,3.3569508936103,5009.22040529339,79.3105697631836,100.0,62404.6210602795,,,,,
NAC,2023,93.3,110.5,38.55,3.32735501728451,,82.2317199707031,100.0,63532.0076871763,,,,,
NAC,2024,94.4,111.2,39.24,,,79.0441970825195,100.0,64506.5636066642,,,,,
NAM,1990,0.0,0.0,,,,,,2857.33777498196,,,,,
NAM,1991,,0.0,,,,2.84932994842529,,2989.40001637296,,,,,
NAM,1992,,0.0,,,,,10.7421410653722,3104.24536078011,,,,,
NAM,1993,,0.0,,,,,9.18226464800872,2959.27503800966,,,,,
NAM,1994,,0.0,,,,6.21911001205444,11.6155478859417,2918.37740296161,39.4598039945578,,,,
NAM,1995,0.00617,0.218018276,,,,7.09803009033203,12.5701003305813,2945.36226956201,,,,,
NAM,1996,0.00903,0.402650561,,,,,13.5321490263266,2958.24060697383,,,,,
NAM,1997,0.0588,0.738228794,,,,5.32100009918213,14.5045539712598,3004.30804359997,,,,,
NAM,1998,0.287,1.123302301,,,,6.53711986541748,15.4875548587814,3025.32668011049,,,,,
NAM,1999,0.336,1.687026262,,,,,16.4824266799682,3050.46098873323,,,,,
NAM,2000,1.64473954726899,4.50884641164558,,,,,18.9,3083.59657884697,,,,,
NAM,2001,2.41697944170998,5.74029319651404,,,,7.40269994735718,18.5,3055.40444831936,17.5516109466553,,,,
NAM,2002,2.63369976876116,7.93663391482404,,,,6.05016994476318,19.1,3145.94566281247,,,,,
NAM,2003,3.35983988553801,11.6649386898528,,,,6.39102983474731,19.7,3232.30589658857,,,,,
NAM,2004,3.8047156152631,14.7313553186735,,,,,20.2,3582.89503259701,,,,,
NAM,2005,4.010000229,22.8242198901444,0.0068138526641655,,,7.1070499420166,20.8,3627.75059772278,,,,,
NAM,2006,4.39887064732726,30.566276818777,0.0099403179295221,,,6.75277996063232,21.4,3834.99894666178,,,,,
NAM,2007,4.83561077833704,39.6448033290399,0.0126820568710988,,,,22.4,3987.61796106565,,,,,
NAM,2008,5.32900377208954,51.3908754816673,0.0156322054697087,,,9.49368953704834,22.7,4036.38187484707,,,,,
NAM,2009,6.5,78.5395548461197,0.0229614603681343,,,,20.7,3989.20711387651,,,,,
NAM,2010,11.6,92.4287530968414,0.447196455037916,0.13963,,,24.0,4165.12990200988,,,,,
NAM,2011,12.0,102.24430130572,0.820472202485644,,,,21.6,4302.72451368462,,,,,
NAM,2012,12.94139957,97.8210232683603,1.09598141666067,,,16.9048603106683,25.4,4420.96741373862,7.63892287099215,,,,
NAM,2013,13.89999962,121.105585418565,1.58667582978618,,,17.4603999838663,27.3,4549.26759093897,8.31469409023598,,,,
NAM,2014,14.84000015,115.5200011764,1.78241879056579,0.34986,148.91896,18.4653069281067,26.9,4701.95694189098,7.76275023066809,,,,
NAM,2015,25.68790054,107.392368276966,2.96542138735627,,,19.6551504993361,31.3,4774.10650865775,,,,,
NAM,2016,31.0333004,109.049558197665,2.63785901436242,,,21.4367036193,31.6,4648.62713460213,,,,,
NAM,2017,36.83739853,106.914765245509,2.623967181163,,,22.4801755471009,31.6,4476.73324402105,,,,,
NAM,2018,42.8207016,107.060260494691,2.43865058644091,,,23.7001690404035,30.2,4400.47537705743,,,,,
NAM,2019,49.77590179,106.53315947895,2.60177914003955,,,25.8966511201824,31.2,4243.09274481966,,,,,
NAM,2020,57.8608017,106.206587456143,2.88695019939445,,,25.9870484145026,,3787.49943973286,,,,,
NAM,2021,60.25999832,103.727351391971,3.1781346555903,,,26.6057345682932,33.2,3809.80753359714,,,,,
NAM,2022,62.99720001,100.557816104444,3.29190749644768,0.64636,224.81068,26.1092654658031,33.4,3905.55135268164,,,,,
NAM,2023,63.69549942,87.6760954339972,3.52006938690795,,,,34.1,3973.49010579998,37.4720001220703,,,,
NAM,2024,64.87460327,85.1648988113055,2.83462992194067,,,,41.1,4032.40150676649,,,,,
NCL,1990,0.0,0.0,,,,,99.8120243752864,,,,,,
NCL,1991,,0.0,,,,,99.812893701513,,,,,,
NCL,1992,,0.0,,,,,99.8250114731429,,,,,,
NCL,1993,,0.0,,,,,99.8605332908915,,,,,,
NCL,1994,,0.0,,,,,99.9148792008411,,,,,,
NCL,1995,0.00518,0.413117611,,,,,100.0,,,,,,
NCL,1996,0.253,1.009378399,,,,,100.0,,,,,,
NCL,1997,0.989,2.493990529,,,,,100.0,,,,,,
NCL,1998,1.94,6.129086841,,,,,100.0,,,,,,
NCL,1999,5.69,11.72173657,,,,,100.0,,,,,,
NCL,2000,13.9395488232698,22.3883674439036,,,,,100.0,,,0.0,0.0,0.0,67.0
NCL,2001,18.2371097828416,29.8264875475941,0.0579692323907478,,,,100.0,,,0.0,0.0,0.0,45.0
NCL,2002,22.389797417113,34.4477169775573,0.301417523553626,,,,100.0,,,0.0,0.0,0.0,55.0
NCL,2003,26.4083344703588,41.0316970736613,0.704754983564167,,,,100.0,,,0.0,0.0,0.0,83.0
NCL,2004,30.2980462088488,48.3462873465863,2.13658180127215,,,,100.0,,,0.0,0.0,0.0,89.0
NCL,2005,32.3590147531561,54.9408505571219,3.92829229768272,,,,100.0,,,0.0,0.0,0.0,113.0
NCL,2006,33.5157146807209,62.6143722202248,6.30223755488857,,,,100.0,,,0.0,1.0,0.0,144.0
NCL,2007,35.05,70.3360255259747,8.10250274204806,,,,100.0,,,0.0,2.0,0.0,130.0
NCL,2008,34.51,77.4052989264257,10.0285629863095,,,,100.0,,,0.0,0.0,0.0,169.0
NCL,2009,33.99,81.4752186588921,12.8750242954325,,,,100.0,,,0.0,0.0,0.0,168.0
NCL,2010,42.0,84.4136828986704,14.6019221506067,,,,100.0,,,0.0,1.0,0.0,216.0
NCL,2011,50.0,85.2807989705226,16.0450658993108,,,,100.0,,,0.0,1.0,0.0,147.0
NCL,2012,58.0,85.0412136964213,17.6340871690848,,,,100.0,,,0.0,0.0,0.0,181.0
NCL,2013,66.0,86.8789330327792,19.3626229129188,,,,100.0,,,0.0,0.0,0.0,190.0
NCL,2014,70.0,86.4435467812136,20.7308053366711,,,,100.0,,,0.0,0.0,0.0,317.0
NCL,2015,74.00175279141,91.9161063396994,19.5541162843259,,,,100.0,30858.7237060533,,0.0,0.0,0.0,237.0
NCL,2016,,,,,,,100.0,,,0.0,0.0,0.0,265.0
NCL,2017,82.0058408035186,,,,,,100.0,,,0.0,0.0,0.0,314.0
NCL,2018,,,,,,,100.0,,,0.0,0.0,0.0,381.0
NCL,2019,,91.6764807514651,19.3931016974253,,,,100.0,,62.7930297851562,0.0,3.0,0.0,308.0
NCL,2020,,91.4925961376049,19.3542030291087,,,,100.0,,,0.0,6.0,0.0,354.0
NCL,2021,,91.1596204954876,19.2837658740455,,,,100.0,,,0.0,11.0,0.0,386.0
NCL,2022,,91.6763895612682,19.372882005273,,,,100.0,,,0.0,16.0,0.0,418.0
NCL,2023,,,,,,,100.0,,,0.0,6.0,0.0,485.0
NCL,2024,,,,,,,100.0,,,0.0,6.0,0.0,409.0
NER,1990,0.0,0.0,,,,0.630980014801025,,465.923889536505,,,,,
NER,1991,,0.0,,,,,,449.719266854731,,,,,
NER,1992,,0.0,,,,0.599449992179871,,444.632775312455,,,,,
NER,1993,,0.0,,,,,,432.184449587188,,,,,
NER,1994,,0.0,,,,,,426.267506763664,,,,,
NER,1995,,0.0,,,,,0.95044150019798,422.523153898523,,,,,
NER,1996,0.00104,0.0,,,,,1.64365136147956,409.039358698404,,,,,
NER,1997,0.00201,0.000933849,,,,,,401.724988110363,,,,,
NER,1998,0.00291,0.012427544,,,,,1.01535961099747,427.086030331896,,,,,
NER,1999,0.0281,0.01951659,,,,,1.26439430496694,411.735699209485,,,,,
NER,2000,0.0362612938065891,0.017863302295556,,,,,,392.898616941042,,0.0,3.0,2.0,220.0
NER,2001,0.10518543139701,0.0178346024339115,,,9.30768,,2.0,406.923493665264,,0.0,0.0,0.0,251.0
NER,2002,0.127152468779619,0.465951324237534,,,8.57341,,2.3,412.123793192578,,0.0,0.0,0.0,210.0
NER,2003,0.155698703668983,0.643628217398725,,,7.95687,0.827859997749329,2.7,406.333757497876,,0.0,2.0,0.0,256.0
NER,2004,0.189933733703092,1.29973715942214,0.0005804383530747,,8.13744,0.796029984951019,3.0,393.398781453199,,0.0,2.0,2.0,295.0
NER,2005,0.221300006,2.35423436951156,0.001541124171573,,7.47846,0.951579988002777,,407.190931059924,,0.0,1.0,1.0,317.0
NER,2006,0.294,3.38505980377446,0.0024319166706205,,,0.960169970989227,2.0,415.852022114801,,0.0,2.0,3.0,328.0
NER,2007,0.390399992,6.07959815207237,0.0032559625658876,,,0.905510008335114,4.1,413.419126261066,,0.0,0.0,0.0,341.0
NER,2008,0.7,12.3528088783202,0.0040164263374716,,,1.03770005702972,4.5,429.195542798877,,2.0,3.0,0.0,357.0
NER,2009,0.76,16.3011350896202,0.0062720796805002,,,1.25635004043579,4.9,421.650901333136,,0.0,0.0,0.0,388.0
NER,2010,0.829999983,22.1684789291814,0.0090640821544235,,,1.30152108043912,4.8,441.079166112039,,0.0,0.0,0.0,403.0
NER,2011,0.9,27.612953279822,0.012307668661491,,,1.34816649944538,5.5,434.986264873953,2.47877175297484,0.0,0.0,0.0,414.0
NER,2012,1.049999952,30.2495367855019,0.0205698689039478,,,1.54284142561837,5.2,463.066265496402,3.27811002731323,0.0,0.0,0.0,499.0
NER,2013,1.149999976,37.8312018781097,0.0345574257482412,,26.93895,,6.6,469.690214200878,,0.0,0.0,0.0,480.0
NER,2014,1.24867568902241,42.8624011489646,0.155881254433501,,,,7.3,482.74524741946,2.02615553743375,0.0,1.0,0.0,516.0
NER,2015,2.476200104,44.9309205276883,0.136352479886906,,,3.24257822413642,8.1,485.662574175279,,0.0,1.0,0.0,619.0
NER,2016,4.322800159,36.120522177752,0.0372575269558715,,,3.45043638449437,8.8,488.184823801581,,1.0,3.0,1.0,585.0
NER,2017,10.2243115586561,40.9549864276209,0.0403537206550309,,,3.66741981878978,9.2,497.172608329608,2.08943520186499,0.0,0.0,1.0,678.0
NER,2018,10.74180031,,,,,4.33801956751366,11.7,513.423699765289,1.94676005840301,0.0,3.0,0.0,671.0
NER,2019,11.28549957,52.8112616845298,0.0479349681103909,,,4.15170730347346,9.7,526.60361746086,3.14264233515823,0.0,2.0,1.0,718.0
NER,2020,11.85680008,60.0355524816093,0.0505953107507067,,,,9.7,532.208221196997,,0.0,5.0,1.0,721.0
NER,2021,12.45689964,61.5063092448251,,,,,9.1,520.912751008043,,0.0,5.0,0.0,748.0
NER,2022,13.08749962,63.3770548032743,,,,,7.7,565.873385794358,1.72214996814728,4.0,9.0,1.0,759.0
NER,2023,12.98079967,65.735032215569,0.107619048674827,,,,10.4,561.960694711722,,4.0,11.0,1.0,795.0
NER,2024,15.55760002,60.5939862118112,0.111273829357144,,,,10.8,589.085643279512,,5.0,22.0,0.0,865.0
NGA,1990,0.0,0.0,,,,,4.04391372536075,1577.19616627771,,,,,
NGA,1991,,0.0,,,,,14.2529109017222,1541.59066261007,,,,,
NGA,1992,,0.0,,,,,14.9700471628511,1571.1902261785,,,,,
NGA,1993,,0.008804631,,,,,15.6931901780981,1498.958950378,,,,,
NGA,1994,,0.01213775,,,,,16.4231206189389,1433.38861092416,,,,,
NGA,1995,,0.012016163,,,,,17.1597683755411,1395.07488456803,,,,,
NGA,1996,0.00883,0.012617593,,,,,17.9032057830542,1416.10189471248,,,,,
NGA,1997,0.0172,0.013182041,,,,,18.6585470745314,1420.23877961219,,,,,
NGA,1998,0.0252,0.017139352,,,,,19.4251489051188,1419.31770917937,,,,,
NGA,1999,0.041,0.020886321,,,,5.80225992202759,24.3267900721401,1390.4692113901,,,,,
NGA,2000,0.0640808079494101,0.0237374647789432,,,,,21.5,1421.67987952016,,2.0,4.0,4.0,1945.0
NGA,2001,0.089901370457273,0.205186874634686,,,,,21.8,1465.45720342369,,0.0,5.0,0.0,1938.0
NGA,2002,0.320461975542327,1.17556500937436,,,,,22.1,1644.39518877708,,0.0,4.0,2.0,2505.0
NGA,2003,0.558576244860521,2.29549001985705,,,,9.28291988372803,32.7,1717.21451111739,,0.0,4.0,0.0,2614.0
NGA,2004,1.28613764134527,6.48475870170114,,,,9.52007961273193,22.8,1824.80269456838,,0.0,2.0,0.0,3658.0
NGA,2005,3.54915571796492,12.8170956320625,0.0003447865613617,,,10.0968999862671,23.1,1889.25175325842,,3.0,13.0,0.0,4208.0
NGA,2006,5.54503608300536,21.6814998851536,,,,,23.5,1949.15856804582,44.858341217041,0.0,8.0,0.0,4368.0
NGA,2007,6.769999981,26.3563208061766,0.0349676764955042,0.13223,37.55812,,25.3,2020.83316299437,,2.0,20.0,4.0,4306.0
NGA,2008,8.0,39.9685817471357,0.0430064367391725,,,,25.6,2098.2833922073,,2.0,10.0,0.0,4408.0
NGA,2009,9.300000191,45.9848876760246,0.0505759155118218,,,,24.6,2204.60725603823,,1.0,21.0,0.0,5464.0
NGA,2010,11.5,52.3861480651505,0.0594732858863234,,,9.21187548100134,23.5,2315.46676509642,,0.0,18.0,0.0,7404.0
NGA,2011,13.80000019,55.5301267540609,,,,9.74153350922586,31.0,2370.97657091881,,1.0,23.0,4.0,8839.0
NGA,2012,16.10000038,64.0053263148187,0.008103830505709,,,,27.0,2403.65387896987,,0.0,31.0,0.0,10249.0
NGA,2013,19.10000038,70.282509513161,0.008309884720275,,,,31.6,2495.34106573862,,0.0,57.0,0.0,13675.0
NGA,2014,21.0,74.7512781478918,0.0084670582080396,,,,27.1,2583.61556958171,,2.0,73.0,3.0,16879.0
NGA,2015,22.51420021,79.1045279367312,0.0082277471458061,,,,25.9,2585.73360671797,,2.0,72.0,2.0,16574.0
NGA,2016,24.13750076,78.970142296733,0.0552235758942345,,,,34.0,2481.81490350403,38.8324203491211,1.0,102.0,2.0,18071.0
NGA,2017,25.87789917,72.3679681751497,0.0553465496536786,,,,22.6,2441.71236404537,,9.0,148.0,12.0,21165.0
NGA,2018,27.74370003,84.2840110939485,0.0360912702919465,,,,31.0,2431.77857832597,40.0925788879395,11.0,221.0,6.0,25371.0
NGA,2019,29.74410057,88.1169010528984,0.0397927035008571,0.28444,22.12011,,25.5,2431.53528475874,39.2685203552246,11.0,391.0,9.0,31049.0
NGA,2020,31.88879967,95.4356648074949,0.0305206381229766,,,,24.6,2228.68631426529,,22.0,613.0,13.0,40133.0
NGA,2021,35.50979996,89.2915858426408,0.0301639204550369,,,,26.3,2206.66406255564,43.9315299987793,47.0,922.0,23.0,42970.0
NGA,2022,39.14720154,99.5852151989567,0.0433814077089791,,,,27.0,2254.29080414598,,83.0,1306.0,26.0,42590.0
NGA,2023,40.06399918,98.4772822731425,0.051283785190682,,,,32.9,2280.67777167162,,107.0,1607.0,37.0,45418.0
NGA,2024,41.21139908,70.7619057835431,0.0787379280608494,,,,23.5,2324.59702394542,48.0727996826172,148.0,2660.0,75.0,46542.0
NIC,1990,0.0,0.0,,,,7.32009983062744,,1260.87382799969,,,,,
NIC,1991,,0.0,,,,7.24826002120972,,1229.80604541878,,,,,
NIC,1992,,0.0,,,,7.94035005569458,,1206.96231902297,,,,,
NIC,1993,,0.007157551,,,,,46.9414056753948,1176.11536055025,,,,,
NIC,1994,0.0132,0.047197347,,,,,42.9204401126761,1189.83516111818,,,,,
NIC,1995,0.03,0.093182257,,,,10.2333698272705,43.5050888734957,1234.76828254706,,,,,
NIC,1996,0.0841,0.105976404,,,,,44.2115980584033,1288.94097201516,,,,,
NIC,1997,0.206,0.154412963,,0.0651,71.26696,10.4613103866577,44.9319388938515,1317.89046510399,,,,,
NIC,1998,0.304,0.368073346,,,,,42.6951497621714,1346.07276130615,,,,,
NIC,1999,0.498,0.875842941,,,,,46.4236168061403,1420.31830106942,,,,,
NIC,2000,0.980216486692385,1.7977423395259,0.0139369131688499,,,,47.5,1458.37490084556,,0.0,0.0,0.0,134.0
NIC,2001,1.44879942820716,3.23338558224782,0.0315262415668778,,,,47.9,1482.31517247279,14.9,0.0,0.0,0.0,128.0
NIC,2002,1.71472958428668,4.60683868394568,0.0450299218879402,0.03493,,17.9654998779297,48.9,1475.48635411179,,0.0,1.0,0.0,152.0
NIC,2003,1.88041253242301,8.95623323366526,0.0844949388433577,,,,49.6,1494.95618752566,,0.0,1.0,0.0,139.0
NIC,2004,2.32066460863941,14.007895447525,0.0948432289406688,,,,50.3,1555.87425694816,,0.0,0.0,0.0,187.0
NIC,2005,2.566400051,20.9538936430489,0.197188187053605,,,,46.4,1601.48770707458,18.2,0.0,0.0,0.0,197.0
NIC,2006,2.8055730627337,33.7750318102256,0.351402648714535,,,,51.7,1644.37193565251,,0.0,0.0,0.0,235.0
NIC,2007,3.900000095,45.5188355326479,0.501160308903936,,,,52.4,1703.20780299405,,0.0,0.0,0.0,273.0
NIC,2008,5.300000191,55.7329896587397,0.774881724379025,,,,53.1,1736.65740610408,,0.0,0.0,0.0,314.0
NIC,2009,7.300000191,59.1267264564002,1.3909059521787,,,,51.7,1655.72028962416,21.6,0.0,2.0,0.0,275.0
NIC,2010,10.0,69.0593730664319,1.27720503010919,,,,56.6,1704.37875049059,,0.0,0.0,0.0,336.0
NIC,2011,10.6,82.8921073212797,1.46230029604484,0.08344,,,58.2,1786.62863418308,,0.0,0.0,0.0,533.0
NIC,2012,13.5,99.1601154121126,1.71677805197409,0.10449,,,58.2,1876.1759720149,25.8626731748979,0.0,1.0,0.0,478.0
NIC,2013,15.5,113.788542316855,2.20070874162015,0.10284,,,59.3,1941.45628552626,,0.0,2.0,0.0,549.0
NIC,2014,17.60000038,116.506541177339,1.83646496195825,0.08935,,,59.3,2006.64869646533,26.7,0.0,0.0,0.0,684.0
NIC,2015,19.70429993,118.127474523195,1.89136628724316,0.10742,,,61.3,2074.45620634731,,0.0,1.0,1.0,805.0
NIC,2016,24.57180023,124.272855307825,2.84026129428402,,,,62.3,2140.14405941606,,0.0,1.0,1.0,887.0
NIC,2017,30.39999962,129.505649809198,3.32673076712995,,,,63.3,2209.63273423213,,0.0,6.0,0.0,1032.0
NIC,2018,33.9129982,116.272405969925,3.00641554480569,,,,64.4,2107.3396261623,,0.0,1.0,0.0,1064.0
NIC,2019,39.01079941,89.2772705280369,3.35640827391085,,,,65.2,2019.91518620044,,0.0,13.0,0.0,1214.0
NIC,2020,44.87490082,90.8140674248283,4.42253148272568,,,,65.9,1950.19181218473,,0.0,11.0,0.0,1276.0
NIC,2021,51.62039948,93.8165084237294,4.51379519532816,,,,66.3,2128.30880041334,,0.0,4.0,0.0,1227.0
NIC,2022,59.38000107,104.278484676229,5.00781944815467,,,,66.4,2175.73845893874,,0.0,15.0,1.0,1180.0
NIC,2023,60.30120087,105.843136180202,5.43030503048751,,,30.3635101318359,71.0,2241.1228811163,,2.0,20.0,3.0,1308.0
NIC,2024,61.39550018,105.961143065351,5.77624223916809,,,,72.2,2290.31991989418,,2.0,32.0,1.0,1346.0
NLD,1990,0.334,0.528620872,,,,,100.0,31308.9023923163,,,,,
NLD,1991,0.531,0.764293078,,,,,100.0,31820.8200188143,,,,,
NLD,1992,1.32,1.095660031,,,,,100.0,32119.9405340091,,,,,
NLD,1993,1.97,1.416292584,,,,,100.0,32297.9651797151,,,,,
NLD,1994,3.26,2.091276329,,,,,100.0,33054.4378569838,,,,,
NLD,1995,6.47,3.489425681,,,,,100.0,33916.4887954068,,,,,
NLD,1996,9.65,6.538548864,,1.83733,2277.62765,,100.0,34915.1788311903,58.2912604223553,,,,
NLD,1997,14.1,10.98535148,,1.84171,2427.11356,,100.0,36211.6548633578,59.6995997729778,,,,
NLD,1998,22.2,21.31327693,0.480200659,1.73966,2478.35144,,100.0,37661.7102516626,59.647363785775,,,,
NLD,1999,39.2,42.65907064,,1.81986,2631.55841,,100.0,39298.7167162926,59.9802968762286,,,,
NLD,2000,43.984351373138,66.9727924198381,1.61905402409651,1.78907,2637.93221,,100.0,40665.3000211594,60.598141369672,0.0,136.0,5.0,29038.0
NLD,2001,49.3730621073123,75.3891268486943,2.88085335548043,1.79214,2828.29837,52.9789810180664,100.0,41297.284710124,61.3469195261992,0.0,116.0,7.0,30477.0
NLD,2002,61.29,74.287586648642,7.18911059401766,1.73931,2701.16441,54.2512283325195,100.0,41135.4020353856,62.1719312178887,1.0,211.0,3.0,36269.0
NLD,2003,64.35,80.6505222243512,12.1464574380311,1.77665,2681.97594,54.9959297180176,100.0,40981.839972092,63.9171015152637,1.0,158.0,3.0,37462.0
NLD,2004,68.52,90.1034399666958,19.5183532792721,1.78132,2951.21244,56.7709884643555,100.0,41663.1290344572,64.7281494140625,3.0,123.0,3.0,39124.0
NLD,2005,81.0,96.1634815625928,24.9002320580163,1.7667,2908.98454,58.7895011901855,100.0,42411.3480862811,64.9544906616211,0.0,180.0,2.0,43589.0
NLD,2006,83.7,104.863315130995,31.4796082807097,1.73208,3224.9245,59.8265113830566,100.0,43841.0915818567,64.708899175946,1.0,203.0,5.0,47305.0
NLD,2007,85.82,116.657089917059,33.3124497886048,1.66063,3093.10821,60.3940391540527,100.0,45445.542186196,67.44873046875,2.0,165.0,7.0,49172.0
NLD,2008,87.42,124.279564732922,34.9756568223498,1.61247,3063.96158,61.0170593261719,100.0,46227.1987545514,66.2211532592773,0.0,178.0,6.0,53843.0
NLD,2009,89.63,120.767315086474,36.7354644977419,1.65161,2822.24977,61.4280090332031,100.0,44304.4041948677,66.3446197509766,2.0,203.0,4.0,59440.0
NLD,2010,90.72,114.356515784318,37.7372328275169,1.69388,3210.02025,63.7049789428711,100.0,44659.2793901474,66.7723236083984,2.0,194.0,8.0,63344.0
NLD,2011,91.4199957622284,117.673977365337,38.5614208058284,1.8651,3648.13368,75.518798828125,100.0,45239.7198745589,66.4095993041992,3.0,212.0,2.0,67941.0
NLD,2012,92.859992359525,116.563841951798,39.3374146344405,1.90094,4336.14629,75.8141632080078,100.0,44631.8855633239,67.0986328125,3.0,229.0,9.0,70912.0
NLD,2013,93.9564,114.73405856983,40.030499091092,2.13953,4887.39056,,100.0,44487.0378593394,69.5296936035156,2.0,290.0,6.0,74267.0
NLD,2014,91.6666666666667,114.867279906758,40.2287973950107,2.15067,4926.09272,,100.0,45042.0515907444,69.4222030639648,3.0,324.0,6.0,76849.0
NLD,2015,91.7241379310345,121.637501079209,41.0879703576802,2.11792,4891.78146,80.1601486206055,100.0,45793.8135434697,69.570442199707,4.0,374.0,6.0,78911.0
NLD,2016,90.4109589041096,121.420358968335,41.9813942626003,2.11546,5109.20509,79.8454895019531,100.0,46655.0340264754,69.9871978759766,3.0,517.0,9.0,82690.0
NLD,2017,93.1972789115646,118.57673269471,42.0988982620643,2.14167,5273.17623,83.2009887695312,100.0,47670.0858101833,72.7198793783845,19.0,768.0,19.0,85165.0
NLD,2018,91.8918918918919,121.162164892591,42.5152457224727,2.1027,5496.79039,83.652473449707,100.0,48463.0055608731,71.1049575805664,22.0,1322.0,23.0,91260.0
NLD,2019,93.2885906040269,124.08833250929,42.5292659897442,2.14036,5592.12175,,100.0,49254.024789064,73.8042606493922,45.0,2161.0,23.0,100784.0
NLD,2020,91.33333333,121.422728509042,42.6667277513049,2.26514,5799.27532,85.3370819091797,100.0,47086.5674755497,72.9593505859375,64.0,2786.0,36.0,106481.0
NLD,2021,92.05298013,123.447849713072,42.9460563127039,2.21542,6003.86605,89.3898620605469,100.0,49780.8328352542,73.8152267342655,112.0,3781.0,36.0,107078.0
NLD,2022,92.51968504,115.8205562749,43.5643185557355,2.17529,6319.17518,,100.0,51777.5314828276,74.2670364991331,133.0,4131.0,44.0,104448.0
NLD,2023,97.00680272,125.272736960305,43.2644444744139,2.26719,6563.33599,86.5938262939453,100.0,50960.7810305308,74.1197872066975,167.0,4825.0,59.0,108029.0
NLD,2024,97.00679779,128.538765867661,42.9782483069868,,,,100.0,51174.8997297902,,178.0,5160.0,47.0,102351.0
NOR,1990,0.707,4.640379325,,,,,100.0,49851.0329994152,66.0345230102539,,,,
NOR,1991,1.41,5.500452147,,,,,100.0,51032.3512657967,,,,,
NOR,1992,2.22,6.600122196,,,,,100.0,52547.0912157066,,,,,
NOR,1993,2.78,8.612970463,,,,,100.0,53735.9945035246,,,,,
NOR,1994,4.15,13.56959375,,,,,100.0,56123.4582597097,,,,,
NOR,1995,6.42,22.5104391,,,,,100.0,58151.5422795873,,,,,
NOR,1996,18.3,28.79018877,,,,,100.0,60732.7551542334,76.7515519836166,,,,
NOR,1997,20.4,38.06210834,,1.5935,3981.76176,,100.0,63480.1841751685,78.3389757825026,,,,
NOR,1998,22.6,46.75432049,,,,,100.0,64823.4786672121,79.9169896064418,,,,
NOR,1999,40.0,59.70226855,,1.60437,4115.69293,,100.0,65786.3001204135,81.0878868339477,,,,
NOR,2000,52.0,71.7901465351791,0.518763971411311,,,,100.0,67611.3411021859,81.9282271717542,1.0,30.0,0.0,7916.0
NOR,2001,64.0,79.6028586133151,1.96162446548331,1.56019,4371.19907,69.9630813598633,100.0,68725.4043162798,82.3717786931781,0.0,23.0,0.0,8438.0
NOR,2002,72.84,83.5167101732168,4.52415968747562,1.62644,,72.3173294067383,100.0,69352.0430510008,,0.0,40.0,0.0,9634.0
NOR,2003,78.13,88.9621788567802,8.73574841899818,1.67572,4513.7416,77.970588684082,100.0,69702.361157641,,0.0,30.0,0.0,10002.0
NOR,2004,77.69,98.5410115505158,14.6276914888311,1.53976,4514.09712,78.612548828125,100.0,72292.1208978835,70.6149597167969,0.0,27.0,1.0,10643.0
NOR,2005,81.99,102.840698194554,21.4432708272588,1.47715,4602.55542,78.4450302124023,100.0,73933.7446235264,71.2688980102539,0.0,42.0,0.0,12187.0
NOR,2006,82.55,104.4721010262,26.703950267933,1.44972,4866.24486,77.9310684204102,100.0,75428.8816534082,73.2487030029297,0.0,46.0,0.0,13248.0
NOR,2007,86.93,106.978961607642,30.9463135563526,1.55795,5202.07257,77.0373611450195,100.0,77205.7545984008,73.7688369750977,0.0,56.0,0.0,14556.0
NOR,2008,90.57,109.293133681522,33.0829820928709,1.54556,5399.5311,73.5914688110352,100.0,76876.8705028009,74.9272384643555,0.0,57.0,0.0,16066.0
NOR,2009,92.08,110.89194579904,34.5487937244221,1.71678,5474.54077,73.0674514770508,100.0,74688.7531445371,74.8919067382812,1.0,65.0,1.0,18451.0
NOR,2010,93.39,114.524452247645,35.2484740738801,1.6412,5444.69765,72.1170806884766,100.0,74505.4313586335,75.414192199707,0.0,67.0,0.0,19810.0
NOR,2011,93.4899826515194,115.596284894229,36.0526456056247,1.61714,5533.91801,71.0614166259766,100.0,74563.8349085669,75.9920196533203,1.0,50.0,1.0,21783.0
NOR,2012,94.6499780533304,115.523573177259,37.0178249972402,1.61053,5584.13377,71.7047576904297,100.0,75669.0612719716,80.9221100868499,2.0,78.0,0.0,23172.0
NOR,2013,95.0534,112.045532746838,37.6116803448105,1.64216,5605.02472,75.8635787963867,100.0,75711.2410395262,81.4295679783411,2.0,73.0,4.0,23941.0
NOR,2014,96.3005098242892,111.690088069926,38.4850493294753,1.70369,5722.57126,78.109977722168,100.0,76430.7374974687,77.0060577392578,2.0,102.0,3.0,25892.0
NOR,2015,96.810325691365,110.118346262292,39.5096431037131,1.92351,5929.85725,79.206428527832,100.0,77220.9524311414,77.4857177734375,1.0,85.0,0.0,27267.0
NOR,2016,97.2982036675068,109.426806771527,40.2402948978253,2.03286,6120.84923,81.8827285766602,100.0,77532.2750022669,77.8364028930664,2.0,146.0,2.0,29814.0
NOR,2017,96.3576012951191,108.392640087689,41.0328263217001,2.08168,6396.1696,83.7353363037109,100.0,78961.7757906168,78.2241363525391,2.0,291.0,3.0,32116.0
NOR,2018,96.4916579887094,107.702543341632,41.5279365452303,2.03482,6484.23611,85.3883514404297,100.0,79313.2889434042,82.1633464745519,6.0,490.0,8.0,33656.0
NOR,2019,98.0000043853142,108.00526578567,42.2722351352817,2.13599,6737.55318,85.7633819580078,100.0,79937.5097885912,78.7484436035156,11.0,807.0,9.0,36554.0
NOR,2020,94.60755647,108.296844518424,44.3863056613216,2.24436,6766.01432,87.1685333251953,100.0,78387.0435023102,,28.0,1176.0,4.0,41754.0
NOR,2021,99.0000036,109.585637519783,44.9392216218255,1.88764,7228.72168,93.9243011474609,100.0,81199.3391492139,81.8810132531688,43.0,1636.0,7.0,44399.0
NOR,2022,98.99997764,111.657196221742,45.6644653158508,1.55081,7394.77328,97.6419830322266,100.0,83756.7383805061,80.0042561695029,57.0,2061.0,20.0,42833.0
NOR,2023,99.00000258,109.654228618195,45.4377082628592,1.85142,7450.59492,95.0573806762695,100.0,83100.7944645872,81.9146077307582,62.0,2398.0,14.0,46425.0
NOR,2024,99.0,109.348606513576,45.1633056345554,,,95.4987564086914,100.0,83487.1332276928,,79.0,2599.0,14.0,44481.0
NPL,1990,0.0,0.0,,,,4.94331979751587,,422.724738575869,,,,,
NPL,1991,0.0,0.0,,,,5.65020990371704,,438.15619419594,,,,,
NPL,1992,0.0,0.0,,,,5.17172002792358,,443.462044821677,,,,,
NPL,1993,0.0,0.0,,,,4.9591498374939,,448.13094087379,,,,,
NPL,1994,0.0,0.0,,,,4.64684009552002,,472.951082824345,,,,,
NPL,1995,0.000925,0.0,,,,4.26433992385864,,477.741099613336,,,,,
NPL,1996,0.00451,0.0,,,,4.72988986968994,10.1540889472181,492.212428031946,,,,,
NPL,1997,0.022,0.0,,,,,9.43067951253751,506.426874424217,,,,,
NPL,1998,0.0644,0.0,,,,,13.021173371935,511.54871132025,,,,,
NPL,1999,0.147,0.022780782,,,,,16.6279821869797,524.27256909301,,,,,
NPL,2000,0.204651683653029,0.0416596918119803,,,,4.12185001373291,21.3,547.221082273632,,0.0,2.0,0.0,382.0
NPL,2001,0.240015303375743,0.0692915966441798,,,,4.40957021713257,14.7,564.28622920391,16.9418601989746,0.0,3.0,0.0,420.0
NPL,2002,0.312956060108532,0.0863872099710604,,,59.65797,4.98775005340576,28.0,556.438454538796,,0.0,2.0,0.0,414.0
NPL,2003,0.382810917017044,0.31868804245032,,,,4.91134977340698,31.5,570.28967363428,,0.0,2.0,0.0,763.0
NPL,2004,0.449843651215974,0.448858608116278,,,,5.69477987289429,28.5,589.46992868617,,0.0,4.0,1.0,570.0
NPL,2005,0.82655126590551,0.864008677031659,,,,7.15422010421753,38.6,603.190108570995,,0.0,7.0,0.0,622.0
NPL,2006,1.14138916388191,4.35566906985301,0.0036250125868492,,,7.62671995162964,44.1,617.477638588722,,0.0,4.0,0.0,788.0
NPL,2007,1.41,12.2026092398184,0.0409018917526227,,,9.50374031066895,45.8,633.226129136597,,0.0,7.0,0.0,962.0
NPL,2008,1.73,15.5612976743974,0.0444608504982783,0.05439,,10.4749002456665,49.5,666.865095417138,19.8068646945664,0.0,4.0,0.0,1145.0
NPL,2009,1.97,20.6008640551193,0.062849070779175,0.25924,,10.4467401504517,53.2,692.400000816919,,0.0,2.0,0.0,1017.0
NPL,2010,7.93,33.6316953522558,0.220090357850091,0.30221,,13.3236488235053,63.2,721.265221364302,,1.0,10.0,0.0,1398.0
NPL,2011,9.0,48.6245149828721,0.34464862159849,,,13.2867385971183,61.7,742.617252662576,16.5839405059814,1.0,8.0,1.0,1678.0
NPL,2012,11.14929962,60.3184066484316,0.837547528292715,,,,70.9,775.310578479839,,1.0,19.0,1.0,2460.0
NPL,2013,13.30000019,77.4276625484107,1.12887656815898,,,15.4719563352624,73.5,801.039060847856,,1.0,29.0,0.0,3367.0
NPL,2014,15.43999958,83.1925129650984,0.905603676157843,,,13.2380540463977,82.1,846.665541773599,,0.0,30.0,0.0,3461.0
NPL,2015,17.58160019,98.8945582907248,1.0879421947439,,,12.282886814704,79.0,875.543635474862,,1.0,21.0,1.0,3819.0
NPL,2016,20.70000076,114.89813690076,0.801932731428298,,,11.0932748536215,89.8,875.188943730855,,0.0,33.0,1.0,3727.0
NPL,2017,24.3,128.863887512657,1.79644198771794,,,11.4357824790838,84.6,951.857298563641,,1.0,40.0,0.0,4765.0
NPL,2018,28.60000038,139.525943467536,2.82040516901736,,,12.613695863565,93.5,1021.91492204011,,0.0,68.0,1.0,5730.0
NPL,2019,33.33660126,136.186080245332,3.62848482357188,,,13.8072821953912,,1077.11796498188,12.2010698318481,5.0,116.0,5.0,6919.0
NPL,2020,36.96530151,131.921020414772,4.38436385331589,,,14.2002391888535,,1031.53618783934,,15.0,196.0,13.0,9608.0
NPL,2021,40.98910141,129.645418271275,4.30873475530627,,,15.243139284484,,1062.7888430629,12.8491897583008,28.0,315.0,7.0,10319.0
NPL,2022,45.45080185,121.1144874334,8.51809813593178,,,14.8435874359729,93.7,1113.55462341223,,34.0,456.0,9.0,10400.0
NPL,2023,45.80680084,117.759577544938,10.6751345547041,,,19.0357612047581,93.4,1136.4276931197,,58.0,697.0,23.0,12413.0
NPL,2024,46.32189941,99.8471420273964,10.0656152054494,,,21.2915596292014,94.2,1179.95499311034,,84.0,976.0,29.0,14220.0
NRU,1990,0.0,0.0,,,,,,20706.6309011684,,,,,
NRU,1991,,0.0,,,,,,16385.3907599423,,,,,
NRU,1992,,0.0,,,,,,13486.9440398913,,,,,
NRU,1993,,1.466849208,,,,,,11222.4924165458,,,,,
NRU,1994,,4.37998832,,,,,,10751.3677180067,,,,,
NRU,1995,,4.84683986,,,,,,9872.21990191669,,,,,
NRU,1996,,5.799903335,,,,,,8686.03582792511,,,,,
NRU,1997,,7.2372865,,,,,,7897.46665184584,,,,,
NRU,1998,,8.191981496,,,,,,6965.8305020692,,,,,
NRU,1999,,9.631127805,,,,,,6515.32854617119,,,,,
NRU,2000,,11.801730920535,,,,,,6079.9670062498,,,,,
NRU,2001,2.98715523250025,14.8075024679171,,,,,,5690.157298319,,,,,
NRU,2002,,,,,,,,5147.16201696177,,,,,
NRU,2003,,,,,,,,5173.61228781975,,,,,
NRU,2004,,,,,,,,4949.8909692212,,,,,
NRU,2005,,,,,,,,4955.30929946913,,,,,
NRU,2006,,,,,,,,5382.10161869099,,,,,
NRU,2007,,,,,,,,4199.70508141733,,,,,
NRU,2008,,,,,,,,5045.18472364491,,,,,
NRU,2009,,,,,,,,4761.56658392323,,,,,
NRU,2010,,61.7345414716718,9.45932490291746,,,,,4748.76539924078,,,,,
NRU,2011,54.0,66.3497722321252,,,,,,5417.44487923767,,,,,
NRU,2012,,66.231615856628,,,,,,6626.18317072945,,,,,
NRU,2013,,,,,,,,6735.42128061862,,,,,
NRU,2014,,,,,,,,7638.99065218892,,,,,
NRU,2015,,85.81340149717,,,,,100.0,7747.25584993607,,,,,
NRU,2016,,88.7892376681614,,,,,,7925.5779662048,,,,,
NRU,2017,62.38510132,88.3080183680678,,,,,,7308.31758516515,,,,,
NRU,2018,,,,,,,,7149.78109138393,,,,,
NRU,2019,74.73789978,86.3036161215155,,,,,100.0,7687.19643322519,,,,,
NRU,2020,77.46659851,85.8885167053165,,,,,100.0,7770.69883784016,,,,,
NRU,2021,80.29499817,85.404389785635,,,,,100.0,8325.88214663427,,,,,
NRU,2022,83.22660065,87.1705787645115,9.95678332344717,,,,100.0,8260.97398991108,,,,,
NRU,2023,83.03970337,,,,,,100.0,8150.43396263948,39.5313682556152,,,,
NRU,2024,83.01170349,,,,,,100.0,8218.72476802021,,,,,
NZL,1990,0.0,1.592399808,,,,,100.0,26383.7472178844,,,,,
NZL,1991,,2.07663203,,,,,100.0,24865.5042514483,46.8799705505371,,,,
NZL,1992,0.286,2.836468263,,,,,100.0,24878.7289857361,,,,,
NZL,1993,0.631,4.023793547,,,,,100.0,26166.825450812,,,,,
NZL,1994,3.17,6.606110652,,,,,100.0,27141.2086609657,,,,,
NZL,1995,4.88,9.934965444,,,,,100.0,28013.5837412609,,,,,
NZL,1996,8.04,13.21726033,,,,,100.0,28563.8412321497,,,,,
NZL,1997,14.6,14.99529113,,1.05649,2200.13553,,100.0,28776.5479198966,,,,,
NZL,1998,31.6,20.73466868,,,,,100.0,28766.2686680046,,,,,
NZL,1999,41.5,36.38977914,,0.96387,2292.23305,,100.0,30155.9191339983,,,,,
NZL,2000,47.3795565432096,39.9733096500547,0.120749465856002,,,,100.0,30839.2953866092,,0.0,38.0,0.0,6484.0
NZL,2001,53.2410152941279,58.7908510335421,0.443680780068257,1.10029,2669.46316,,100.0,31705.2483531253,71.189208984375,1.0,34.0,0.0,6814.0
NZL,2002,59.0807532812931,61.9824409236978,1.10095393229108,,,,100.0,32628.4322594563,,2.0,105.0,2.0,7980.0
NZL,2003,60.9625398663824,64.6101786263861,2.06334929818778,1.14891,3100.17298,,100.0,33502.6490755696,,0.0,53.0,0.0,8200.0
NZL,2004,61.8476278106481,74.120144665284,4.6939085337336,,,,100.0,34358.6289046143,,0.0,64.0,0.0,8768.0
NZL,2005,62.72019958,85.3686583843752,7.7629856491174,1.12043,3159.23406,,100.0,35112.0769481474,,3.0,64.0,0.0,10047.0
NZL,2006,69.0,90.9216774989598,11.2435855129438,,,,100.0,35649.0258495224,72.772331237793,1.0,65.0,2.0,10809.0
NZL,2007,69.76000214,100.66159697258,20.1981120772407,1.15764,3472.58808,,100.0,36400.0153308952,,1.0,65.0,1.0,11901.0
NZL,2008,72.02999878,108.404288867865,21.468765486327,,,,100.0,35722.2274262581,,2.0,76.0,2.0,13235.0
NZL,2009,79.7,109.193030975507,23.7514590047543,1.24916,3760.38719,,100.0,35352.6428453692,,4.0,88.0,3.0,13839.0
NZL,2010,80.45999908,108.331397475027,25.1163240005796,,,,100.0,35476.3713609154,,2.0,74.0,2.0,15060.0
NZL,2011,81.23000336,109.977867524585,26.8784082871289,1.23083,3731.3373,,100.0,35961.911959259,67.992919921875,2.0,115.0,1.0,17375.0
NZL,2012,81.644470179502,111.567576585407,28.8325797270697,,,,100.0,36588.819747177,68.7553405761719,2.0,108.0,2.0,16912.0
NZL,2013,82.77999878,107.008519144444,29.5474635321209,1.15275,4043.95577,80.388542175293,100.0,37240.0279166822,,0.0,99.0,0.0,18041.0
NZL,2014,84.0,112.757443483648,31.1741167278321,,,80.7100067138672,100.0,38025.4674998632,69.4948272705078,5.0,103.0,2.0,19050.0
NZL,2015,85.19999695,121.368981425995,31.4454027055313,1.22707,5476.90357,82.1818466186523,100.0,38648.7302562109,69.6625366210938,5.0,113.0,6.0,19549.0
NZL,2016,86.5,129.380648472778,32.4618168012438,,,81.8633575439453,100.0,39205.0341298225,70.0286712646484,4.0,169.0,3.0,21216.0
NZL,2017,87.69999695,132.980049668049,32.8917841600814,1.34788,5035.55839,81.2698593139648,100.0,39667.6884236272,,7.0,213.0,12.0,22761.0
NZL,2018,89.0,128.936896010016,33.6193927294608,,,81.2513122558594,100.0,40257.9139260803,,6.0,307.0,10.0,22180.0
NZL,2019,89.86370087,120.475335425902,34.0227878966682,1.4642,5665.38305,77.5843734741211,100.0,40615.7266946543,,13.0,490.0,5.0,23762.0
NZL,2020,90.92099762,123.000574962598,34.8130286721914,,,75.7348327636719,100.0,39702.3112090418,75.1135864257812,18.0,674.0,2.0,26351.0
NZL,2021,91.99060059,114.454714130458,35.262820014578,1.48604,5094.76159,79.4128875732422,100.0,41309.8198451344,,31.0,731.0,9.0,26447.0
NZL,2022,93.07289886,115.984187800849,36.3044927893768,,,77.0104675292969,100.0,42716.0866783034,,29.0,812.0,9.0,25133.0
NZL,2023,93.32610321,126.854978584281,37.8530848455277,1.54848,5435.46099,76.3811416625977,100.0,42501.4932044968,,33.0,1030.0,9.0,24519.0
NZL,2024,93.51930237,130.093457083544,38.048298946057,,,77.2406463623047,100.0,41415.4670639187,,40.0,1074.0,9.0,23526.0
OED,1990,,0.960701099762339,,,,,98.4986267178983,25250.4936085356,,,,,
OED,1991,,1.36295900248025,,,,,98.7757568125091,25294.1921759744,,,,,
OED,1992,,1.89438662571492,,,,,97.0402210596427,25589.4225318147,,,,,
OED,1993,,2.696773742729,,,,,97.66082902124,25724.2046181776,,,,,
OED,1994,,4.2620330385136,,,,,97.541949935355,26361.0594997498,,,,,
OED,1995,,6.7506954215468,,,,,97.5087280058252,26875.3323620242,,,,,
OED,1996,,10.5479192599006,,2.10526548293269,2491.06575023269,,97.8516075189847,27496.4658562403,,,,,
OED,1997,,14.9249008347138,,2.12738705156932,2517.68171986296,,97.8948546786762,28289.3404435059,,,,,
OED,1998,,21.359081644029,,2.13470101507911,2600.22427675681,,97.9014321151095,28905.3421116173,,,,,
OED,1999,,31.3601644331137,,2.20271423155301,2671.17019257715,50.7634506225586,98.0739423368373,29680.7778292633,,,,,
OED,2000,,44.010463313539,1.4451815117259,2.24621915834745,2719.18829216667,52.5736885070801,98.768693223799,30690.4774888104,,,,,
OED,2001,,52.2350423210071,2.88572848627222,2.27790246894565,2790.53617777352,54.7479782104492,98.8634990373965,30890.1307171384,,,,,
OED,2002,,57.2868093366769,4.80545838359821,2.22208435474246,2821.84488718054,57.0971183776855,98.6298984614068,31136.4281024789,,,,,
OED,2003,,62.912773864967,6.9287708326362,2.21451937901625,2940.28241345887,58.7679901123047,98.5982990155545,31536.7882697534,,,,,
OED,2004,,70.187060353073,9.76575092948267,2.16533926733613,3013.13176321174,60.0452499389648,98.9368859048687,32329.4490211008,,,,,
OED,2005,,78.2699707143541,13.1721786720473,2.17710413315693,3064.08902583987,60.9480895996094,99.1971361808749,33018.6989832915,,,,,
OED,2006,,86.1289645644289,16.3863274726072,2.20140113013815,3160.42754050869,62.3033905029297,99.136299542894,33783.1305010851,,,,,
OED,2007,,94.0661845604868,19.337891319454,2.2025381386414,3146.04378073683,63.0849990844727,98.7256026210088,34431.7209417636,,,,,
OED,2008,,98.5550259938278,21.3185337881596,2.28201361754262,3236.2437810137,63.6964912414551,99.0494263840658,34298.2304550223,,,,,
OED,2009,,100.336488554697,22.7561898701526,2.35854567860961,3270.49449830014,65.258903503418,98.809377569261,32893.8945245987,,,,,
OED,2010,,101.847002441074,24.0148854668849,2.32126537291714,3284.6614879417,66.7914505004883,99.2150319118028,33643.2480011289,,,,,
OED,2011,,105.327654279507,25.1492065029484,2.34614072315896,3326.61628217121,67.871696472168,99.0975283784834,34082.4870465138,,,,,
OED,2012,,108.02174226665,25.9996039760442,2.36455974451767,3373.67551719861,68.917236328125,99.2111077604258,34347.4370080791,,,,,
OED,2013,,109.860365426311,26.8229247785093,2.35398351785893,3323.74264105506,69.910758972168,99.2766131718286,34700.9892249754,,,,,
OED,2014,,111.134001241857,27.4725982950772,2.43142281914764,3402.20995185993,70.9062423706055,99.3173609399132,35262.5460710348,,,,,
OED,2015,,111.741218539477,28.5098206588096,2.46125133944572,3470.9678113824,72.0236282348633,99.4353081990531,35931.9232791311,,,,,
OED,2016,,113.057251683705,29.4076708686858,2.51043341868186,3481.62722067293,73.9402770996094,99.5186315076135,36367.1062221549,,,,,
OED,2017,,114.135901730199,30.2762466497589,2.53598811696777,3631.29702975854,74.7901000976562,99.6914236485652,37096.0220627904,,,,,
OED,2018,,115.711339697942,31.0479649218396,2.64055443669157,3892.49112705678,75.4892120361328,99.5065386914356,37756.2846941147,,,,,
OED,2019,,116.859199303601,31.8242681667376,2.70936776686714,4022.75788671485,76.4273910522461,99.6963079855353,38231.9217156517,,,,,
OED,2020,,116.846970739129,33.3232041262681,2.91948235220053,4111.80719478249,77.2700805664062,99.698562782082,36615.9210625073,,,,,
OED,2021,,119.661730921855,34.3185169388163,2.89422761827735,4347.6967553575,78.8566436767578,100.0,38777.5008307701,,,,,
OED,2022,,122.304805090448,34.8799350889749,2.94231137326631,4464.18234917805,78.3904876708984,100.0,39804.662496136,,,,,
OED,2023,,,,2.93439075279869,,79.5250930786133,99.6840551072651,40246.7434272636,,,,,
OED,2024,,,,,,78.6357879638672,99.6324664309058,40700.644346174,,,,,
OMN,1990,0.0,0.150648866,,,,3.60879993438721,100.0,16629.4556601528,,,,,
OMN,1991,,0.193899147,,,,3.75335001945496,100.0,16805.7218402658,,,,,
OMN,1992,,0.238040615,,,,4.22148990631104,100.0,17404.1314569504,,,,,
OMN,1993,,0.271028867,,,,4.19745016098022,100.0,17694.1605143981,,,,,
OMN,1994,,0.314231069,,,,4.31106996536255,100.0,17848.8187662711,,,,,
OMN,1995,,0.365289843,,,,5.00130987167358,100.0,18398.7242065917,,,,,
OMN,1996,0.0,0.670644633,,,,4.77463006973267,100.0,18639.2039411697,,,,,
OMN,1997,0.44,2.355804747,,,,5.80454015731812,100.0,19458.9266441148,,,,,
OMN,1998,0.863,4.351950207,,,,7.2172999382019,100.0,19167.755471589,,,,,
OMN,1999,2.52,5.366082104,,,,,100.0,18965.2142322448,,,,,
OMN,2000,3.52042141651097,7.14294217788307,,,,,100.0,19881.7364316776,,0.0,4.0,0.0,348.0
OMN,2001,5.89384152148671,14.0743071127104,,,,,100.0,20546.0554077598,,0.0,7.0,0.0,391.0
OMN,2002,6.87339603918545,19.8298997198117,0.0041544282350361,,,,100.0,20150.1131971413,,0.0,11.0,0.0,430.0
OMN,2003,7.25574294536556,24.8934902265811,0.0056995196478367,,,14.3313598632812,100.0,19485.6441506077,28.9503192901611,0.0,10.0,0.0,464.0
OMN,2004,6.75885217024525,32.9697156061479,0.0273152875240696,,,15.1500101089478,100.0,19534.8601445269,,0.0,7.0,0.0,512.0
OMN,2005,6.683599949,53.0900734335198,0.527227266410247,,,17.117769241333,100.0,19629.0451546015,,0.0,9.0,0.0,467.0
OMN,2006,8.299699783,70.445349777081,0.77748475447911,,,19.2329597473144,100.0,20096.3965576134,,0.0,10.0,0.0,604.0
OMN,2007,16.68,94.0854853192772,0.759345134914823,,,20.4086494445801,100.0,20642.7489563377,,1.0,8.0,0.0,705.0
OMN,2008,20.0,117.026255896571,1.1794778773833,,,20.4462108612061,100.0,22007.7338963517,41.4674682617188,0.0,6.0,0.0,771.0
OMN,2009,26.79999924,138.049590673204,1.43005355008334,,,21.9678993225098,100.0,22819.1977324647,,0.0,18.0,0.0,902.0
OMN,2010,35.8278,151.446094177944,1.92527603755334,,,27.8526854365953,100.0,22766.0503620721,41.2003898620605,0.0,18.0,0.0,1016.0
OMN,2011,48.0,147.926430004786,2.40585671100437,0.11962,172.68707,31.5563508791784,100.0,20993.9079436935,,1.0,23.0,0.0,1221.0
OMN,2012,60.0,150.873277494269,3.23965295885197,0.18281,180.02625,,100.0,19824.1215485946,,0.0,27.0,0.0,1407.0
OMN,2013,66.45,149.208910100547,4.0982191379848,0.14854,132.90674,35.149615885003,100.0,19299.9400516869,,1.0,19.0,0.0,1648.0
OMN,2014,70.22000122,153.806036858807,4.39661208861608,0.18588,182.47683,41.1818561581842,100.0,18726.2026946971,,2.0,18.0,0.0,1905.0
OMN,2015,73.52999878,155.756104259601,5.46554909512887,0.21866,222.38615,45.1898945959512,100.0,18808.3077921839,50.3694915771484,0.0,22.0,0.0,2162.0
OMN,2016,76.8453904741456,153.291455497041,6.3548355193171,0.22691,250.29605,46.8235059845958,100.0,18830.6057208608,,0.0,27.0,0.0,2211.0
OMN,2017,80.18560028,148.821627766224,7.47816940167101,0.19925,251.8909,43.5767818520195,100.0,18277.945563615,,0.0,26.0,0.0,2481.0
OMN,2018,85.5,139.96741643208,9.171272567174,0.19031,296.18652,44.9540216505645,100.0,18269.6769435562,,1.0,49.0,0.0,2717.0
OMN,2019,90.25939941,138.232111508042,10.2442069785858,0.27255,382.86992,45.1723183863131,100.0,18089.586668488,,3.0,70.0,1.0,2943.0
OMN,2020,95.23229321,140.378600753095,11.3829602598706,0.31599,374.1444,48.3754397440909,100.0,17743.8858800477,62.2254791259766,0.0,121.0,1.0,3822.0
OMN,2021,95.23880005,135.076972756826,11.5852955507366,0.29266,332.10768,43.8433613964625,100.0,18291.3387983888,,10.0,188.0,3.0,4736.0
OMN,2022,95.24530029,136.800571561762,10.8833264083829,0.28711,383.13404,,100.0,18792.4460565306,63.496898651123,17.0,311.0,6.0,4784.0
OMN,2023,95.25170135,122.291457994634,10.8793321668994,0.37526,655.14938,,100.0,17853.9644897801,,18.0,456.0,6.0,5337.0
OMN,2024,95.25174678,120.61105087402,11.0647690464367,0.38979,739.41404,42.226921081543,100.0,17347.2911298513,,51.0,890.0,20.0,6672.0
OSS,1990,,0.258435989609872,,,,6.02519989013672,,7041.27020610222,,,,,
OSS,1991,,0.420566524198958,,,,6.10103988647461,,6865.11109968166,,,,,
OSS,1992,,0.597983452144038,,,,7.22867012023926,,6599.5500881471,,,,,
OSS,1993,,0.85919858946997,,,,6.70027017593384,,6589.91736864893,,,,,
OSS,1994,,1.29629703749381,,,,6.96515989303589,,6720.08307324816,,,,,
OSS,1995,,2.33181953497385,,,,7.23445987701416,,6965.83744795705,,,,,
OSS,1996,,3.64407922645874,,,,8.18107032775879,,7114.48930153671,,,,,
OSS,1997,,5.50895050294605,,,,8.38290023803711,,7459.46239149714,,,,,
OSS,1998,,8.17603932271043,,,,9.31105041503906,,7613.41865752936,,,,,
OSS,1999,,12.5146739632091,,,,9.0228099822998,,7801.27744197967,,,,,
OSS,2000,,18.8975209765223,,,,9.36697006225586,51.8799354066774,8345.85013891228,,,,,
OSS,2001,,25.7547886186989,,,,10.1713199615478,55.2473660560831,8462.07721821462,,,,,
OSS,2002,,32.2930616987683,,0.857517603206836,,10.2919998168945,53.3142559291855,8607.0452021325,,,,,
OSS,2003,,35.0577733516119,,0.850776679750429,,11.151650428772,55.3045300965598,8857.86466448506,,,,,
OSS,2004,,44.4273679422635,3.58999483288602,0.449446466114021,,11.674599647522,57.6431257657348,9162.0135054625,,,,,
OSS,2005,,51.3573094003636,4.20050302222181,1.11916677655522,,11.9553003311157,59.82469359576,9484.43695184372,,,,,
OSS,2006,,59.4407603430946,6.43564119753488,1.31252855578349,,12.1797800064087,60.0324604744345,9957.08940870811,,,,,
OSS,2007,,69.3222469111689,7.15852133122171,1.21945925192866,,12.9949903488159,62.9165287717633,10374.8445722028,,,,,
OSS,2008,,79.9673526850011,7.54272824673202,,,14.2241697311401,64.271552089331,10341.1289954056,,,,,
OSS,2009,,84.4641371883346,8.79422227703118,,,15.9248199462891,64.6505849526386,9697.48344356645,,,,,
OSS,2010,,90.0510637351942,9.75016167581543,,,16.3189792633057,66.4394669696335,9827.79279523027,,,,,
OSS,2011,,96.8439407952832,11.3628576284898,,,17.2415008544922,70.9277452056969,10048.9525362804,,,,,
OSS,2012,,103.94594950375,11.8230936878178,,,18.0363903045654,72.4936474044331,10062.238765035,,,,,
OSS,2013,,106.16248209414,12.3872484604069,,,18.7155208587646,73.6858246556999,10035.6505283227,,,,,
OSS,2014,,115.21881398748,12.7123343499571,,,19.1145305633545,76.0052166880777,10136.4144598495,,,,,
OSS,2015,,118.172675066158,12.9865602523849,,,19.3875293731689,77.7630570514612,10359.1167773921,,,,,
OSS,2016,,124.52921788017,13.1836874564626,,,19.365930557251,80.3610255995561,10667.3498101902,,,,,
OSS,2017,,121.103732971592,13.6781121475105,1.04388247617076,,20.0034809112549,86.1601280646885,11078.920682682,,,,,
OSS,2018,,118.780029723513,13.8837022740943,0.99117898805138,,20.2906303405762,84.9096726693699,11423.9568368891,,,,,
OSS,2019,,117.370650821352,14.6438993318097,1.20286540759596,,21.1205902099609,87.4522456955098,11766.3686894514,,,,,
OSS,2020,,116.366309924558,15.2461998006019,1.35332602739128,,21.617130279541,89.2754052917926,10967.167100197,,,,,
OSS,2021,,122.10410369102,15.9796592086703,1.42042860813961,,22.1164093017578,91.1836017013136,11725.9484104048,,,,,
OSS,2022,,124.936732236042,15.0229009243791,1.37990760466746,,22.3280200958252,91.9971528402121,12090.2779307406,,,,,
OSS,2023,,,,1.36659113608658,,22.353889465332,92.4164975394296,12357.3872788898,,,,,
OSS,2024,,,,,,22.5716896057129,92.7685984747745,12591.7678646757,,,,,
PAK,1990,0.0,0.001732891,,,,2.87730002403259,,950.884644833285,,,,,
PAK,1991,,0.007130659,,,,,,966.522495703734,,,,,
PAK,1992,,0.011031649,,,,1.96153998374939,,1011.6250844611,,,,,
PAK,1993,,0.01274427,,,,,,1001.25854820003,,,,,
PAK,1994,,0.019081569,,,,,,1009.06429520182,,,,,
PAK,1995,0.000123,0.030772819,,,,,,1028.96592446155,,,,,
PAK,1996,0.00299,0.0495778,,,,,,1047.88663514614,,,,,
PAK,1997,0.0275,0.095540045,,0.15565,70.9917,,,1028.99804758369,,,,,
PAK,1998,0.0439,0.134796019,,0.10919,,,59.4976357161201,1026.50033720969,,,,,
PAK,1999,0.0554,0.177437426,,0.1159,,,58.9596319295845,1035.49888206288,,,,,
PAK,2000,,0.197891740440918,,0.09536,,,62.6,1049.54229686852,,0.0,9.0,0.0,2406.0
PAK,2001,1.31855077925626,0.466253388008897,,0.12408,,,63.9,1057.86767778646,,0.0,4.0,0.0,1621.0
PAK,2002,2.57742673683831,1.04062582676613,,0.16228,,,65.3,1059.04171024589,,0.0,11.0,0.0,1964.0
PAK,2003,5.04115812592502,1.43881062279316,,,,2.37435007095337,66.7,1090.27523993746,,1.0,7.0,0.0,2220.0
PAK,2004,6.16432098534156,2.93246850297164,,,,2.97886991500854,68.0,1146.99632842666,,1.0,7.0,0.0,2590.0
PAK,2005,6.332300186,7.27897930988006,0.0083213067652474,0.32946,73.17722,4.32808017730713,69.4,1201.23359367214,19.3508655848634,0.0,30.0,0.0,3463.0
PAK,2006,6.5,19.204163183443,0.0148099964442874,,,4.39564990997315,70.8,1243.94142602543,23.3460502624512,0.0,36.0,0.0,6804.0
PAK,2007,6.800000191,34.0699285601432,0.0244740686448274,0.52343,144.82577,4.95792007446289,72.2,1265.35567539842,20.3912199728416,0.0,34.0,0.0,4857.0
PAK,2008,7.0,46.448630078812,0.0886980405021738,,,4.87824010848999,73.7,1258.05188934452,23.0314903259277,0.0,52.0,0.0,5556.0
PAK,2009,7.5,48.5357095625545,0.201479567487298,0.40218,143.85657,5.97273015975952,75.2,1269.07432116444,23.2996196746826,0.0,66.0,0.0,6626.0
PAK,2010,8.0,49.7823320746962,0.396251142478111,,,7.03303843576596,82.1,1256.69482201323,23.878719329834,0.0,81.0,0.0,7906.0
PAK,2011,8.0,53.4461944087116,0.572428723960877,0.30491,130.07654,7.31739557390399,82.9,1261.83161907857,24.2565803527832,1.0,78.0,1.0,9600.0
PAK,2012,8.100000381,57.8576108279055,0.730404005930164,,,8.33303617018241,83.8,1275.48806898966,25.6495094299316,3.0,94.0,2.0,11453.0
PAK,2013,9.0,60.5177801689984,0.77134330599483,0.26179,144.40494,8.71835995772812,84.8,1309.70080446386,26.0706100463867,4.0,114.0,3.0,13660.0
PAK,2014,10.0,63.3618438229803,0.93747803388209,,,8.74569228544475,85.8,1343.30778121043,27.7178897857666,3.0,160.0,5.0,15718.0
PAK,2015,11.0,57.9405984557576,0.825252755772547,0.22193,257.67288,8.43556648904153,86.9,1380.47020838317,25.4954239952493,7.0,205.0,4.0,17422.0
PAK,2016,12.385446763381,62.0013242640944,1.13034740811719,,,8.31973903550878,88.0,1452.18658269177,24.6280665280156,4.0,260.0,3.0,20307.0
PAK,2017,13.77999973,64.7301783284032,1.03818686573522,0.21214,314.96263,8.62228080260493,89.1,1495.26187528032,27.2532901763916,6.0,400.0,0.0,24748.0
PAK,2018,15.34000015,67.8567658982797,0.952870734503035,,,8.20683057963381,90.1,1561.68169819559,26.0640049316992,13.0,679.0,10.0,29521.0
PAK,2019,17.070901719916,71.6660323753765,0.881514330669917,0.17475,362.3767,11.103638528678,90.7,1573.8330826937,,24.0,1127.0,21.0,35744.0
PAK,2020,18.935,74.7332166629945,1.03954036154268,,,11.7245978752314,91.5,1526.00597486307,,60.0,1676.0,30.0,47251.0
PAK,2021,,78.8012296805749,1.23144065449307,0.16431,401.38994,12.3810012807012,91.9,1595.02792175422,,133.0,2655.0,42.0,56819.0
PAK,2022,,79.1050539061512,1.28371909626329,,,10.5057175294292,93.0,1642.28066974826,,170.0,3558.0,72.0,63541.0
PAK,2023,,76.5397606213172,1.35622425766449,0.16399,473.71632,10.4770304814137,92.8,1610.33122837537,,238.0,4141.0,94.0,65805.0
PAK,2024,57.253,76.8544559649986,1.46559368502535,,,10.8564126844434,94.0,1635.08731167091,,345.0,5408.0,130.0,69054.0
PAN,1990,0.0,0.0,,,,20.9681491851807,40.523859320897,4828.75878297145,30.8434200286865,,,,
PAN,1991,,0.0,,,,22.7339706420898,46.4085689366143,5172.60691959995,,,,,
PAN,1992,,0.0,,,,24.4285793304443,47.060066908774,5480.880622945,,,,,
PAN,1993,,0.0,,,,26.2708797454834,47.7378572222039,5661.07625832598,,,,,
PAN,1994,0.00764,0.0,,,,26.0492897033691,48.4429413168637,5703.67338985136,,,,,
PAN,1995,0.0561,0.0,,,,28.6424999237061,49.1833288593948,5686.40441004349,,,,,
PAN,1996,0.22,0.25256115,,0.33279,113.61824,30.0619602203369,49.9621872904785,5799.88560096133,,,,,
PAN,1997,0.539,0.830058925,,0.3175,116.3712,,50.7913770595687,6122.6466478841,39.0925684452831,,,,
PAN,1998,2.75,2.976698822,,0.28281,160.89987,37.6058883666992,51.6731594202188,6504.97011881774,,,,,
PAN,1999,3.84,7.912963114,,0.283,98.53929,39.5324287414551,52.6144851966948,6709.72276088415,,,,,
PAN,2000,6.55479647729549,13.6329134401796,,0.37287,95.9425,42.537109375,55.4,6856.14919005847,33.6772613525391,0.0,0.0,0.0,267.0
PAN,2001,7.26839987788729,15.4792400287079,0.253165216773735,0.36808,90.7959,41.646728515625,55.3,6787.86267897348,33.9,0.0,2.0,0.0,306.0
PAN,2002,8.51807781515595,16.8036815383671,0.390976511371073,0.34737,95.82846,40.7841186523438,56.6,6825.17747437166,35.4,0.0,0.0,0.0,349.0
PAN,2003,9.98742407723405,21.7068305386501,0.471470530975699,0.32323,96.2208,44.2729110717773,71.5,7037.08165700349,36.1,0.0,0.0,0.0,393.0
PAN,2004,11.1408625409415,38.753858244224,0.515078487491368,0.22516,86.01913,43.0450782775879,59.3,7468.76593139801,37.0,0.0,0.0,0.0,367.0
PAN,2005,11.48400021,52.7837692792028,0.530240330139275,0.22835,104.8111,41.6649894714355,60.7,7935.87135060821,37.5,0.0,0.0,0.0,422.0
PAN,2006,17.34959984,64.4277196251049,3.34036143150389,0.22884,106.46073,42.6925010681152,62.1,8557.9801770364,38.0,0.0,2.0,0.0,511.0
PAN,2007,22.29,87.5823638759676,4.37188180911072,0.1782,167.93435,42.9214782714844,63.5,9507.64641073854,39.2,0.0,0.0,0.0,553.0
PAN,2008,33.82,111.843464410018,5.60439095847397,0.18646,133.47221,43.0992698669434,65.0,10288.1549911493,40.1,0.0,3.0,0.0,629.0
PAN,2009,39.08,170.202988962179,6.57564384952114,0.12889,111.53858,43.0278511047363,66.5,10267.0633151993,41.0,0.0,2.0,0.0,655.0
PAN,2010,40.1,183.168909766614,7.11835492836641,0.14075,,43.9639480204278,64.7,10698.0717633911,43.0041007995605,0.0,2.0,0.0,748.0
PAN,2011,42.7,182.358735130993,7.65784803323672,0.16818,119.64866,41.8858795918623,69.6,11761.4988547604,43.3,0.0,1.0,0.0,736.0
PAN,2012,40.3018952210488,165.287067441004,7.84035458080003,0.07323,38.1076,43.6626516529234,71.1,12668.2945474105,45.3415910802169,0.0,2.0,1.0,834.0
PAN,2013,44.03,162.198754669206,8.03240714720224,0.06028,39.55467,,71.2,13236.8306754449,45.1,0.0,2.0,0.0,908.0
PAN,2014,44.9238152577893,177.438612204565,7.96651988219216,0.11935,92.78364,44.6253501937764,74.5,13611.5490809559,46.1,0.0,0.0,0.0,1037.0
PAN,2015,51.2054249948687,144.996925532224,7.98396983865042,0.10422,90.68303,47.5819435584313,76.3,14082.6548502728,46.8,0.0,3.0,1.0,1100.0
PAN,2016,54.0,127.61623852159,10.6706831276374,0.12829,96.8879,48.3799959758914,78.1,14474.1243636349,47.8,0.0,3.0,0.0,1252.0
PAN,2017,59.9506309038683,128.825871183278,10.76346760088,0.13083,105.81058,,100.0,15045.5456426827,47.2,0.0,2.0,0.0,1412.0
PAN,2018,61.8055313202468,137.297557979395,12.9615678069801,0.13355,107.17185,,,15375.6500855703,47.2,0.0,16.0,1.0,1527.0
PAN,2019,63.6284147731451,137.570004959029,12.648617375493,0.13613,110.65703,,,15602.5315209709,54.3121910095215,0.0,10.0,1.0,1609.0
PAN,2020,64.82430267,142.283080390407,13.8346818420776,0.23246,167.55608,44.9372948646286,85.6,12647.0914227279,54.1473088932791,0.0,15.0,0.0,2025.0
PAN,2021,66.04270172,147.899862038176,14.8381106018887,0.17691,134.74424,52.7147829654218,,14552.9345271768,51.4,1.0,30.0,2.0,2084.0
PAN,2022,67.2838974,152.062171804817,16.3861439797054,0.18302,142.28474,57.8162831217614,100.0,15956.0671087873,51.3,4.0,28.0,0.0,2097.0
PAN,2023,68.54851592,156.586507591014,18.1341265585334,0.15803,253.27142,53.6949637061742,90.7,16877.1543425646,52.6,4.0,33.0,2.0,2516.0
PAN,2024,72.77149963,,,0.19708,250.47421,,92.1,17122.7168795289,49.4015692986368,5.0,48.0,1.0,2999.0
PER,1990,0.0,0.007462991,,,,29.8857402801514,,2706.92253156841,,,,,
PER,1991,,0.025240218,,,,31.3302307128906,,2709.27754515647,,,,,
PER,1992,,0.093503571,,,,30.8364906311035,23.6399346948511,2640.31373880219,,,,,
PER,1993,,0.154376891,,,,27.4707508087158,2.76892056332457,2723.2842310292,,,,,
PER,1994,0.0085,0.21765183,,,,26.3175106048584,4.94329112557081,2998.57693125514,,,,,
PER,1995,0.0334,0.300800992,,,,26.7130508422852,7.19244862100369,3158.98338644792,,,,,
PER,1996,0.246,0.806879781,,,,25.3557891845703,4.6576523999663,3186.90077024092,,,,,
PER,1997,0.403,1.662951236,,0.0836,,25.3866500854492,11.5429583064255,3331.15151093297,40.7158198660848,,,,
PER,1998,1.19,2.876425359,,0.10072,,,16.5817040125137,3258.29746206218,42.6723685582061,,,,
PER,1999,1.95,3.859914577,0.00028569,0.09849,,38.0124893188477,18.3864207253345,3250.37802318947,41.8682762028309,,,,
PER,2000,3.07643061137675,4.78923658781448,0.0040528858746813,0.11266,,33.4137687683105,11.1,3286.27308475523,41.8,0.0,1.0,0.0,1219.0
PER,2001,7.57876295717419,6.65051190633231,,0.11096,,29.9192008972168,16.1,3261.6642505136,42.0,0.0,3.0,0.0,1225.0
PER,2002,8.96694917040028,8.45398950030337,0.13705915633843,0.10614,,30.2558097839356,19.5,3398.74991419297,43.6,0.0,1.0,0.0,1592.0
PER,2003,11.6,10.6246952102736,0.340487061687446,0.10813,,30.319580078125,18.5,3502.79165687646,43.2,0.0,1.0,0.0,1645.0
PER,2004,14.1,14.6938463366794,0.817206833645756,0.15578,,32.1658897399902,20.9,3640.60299869744,46.7756118774414,0.0,4.0,0.0,1731.0
PER,2005,17.10000038,19.8687599595462,1.25482986835428,,,32.4608917236328,24.6,3835.13219279722,44.0397796630859,0.0,1.0,0.0,1972.0
PER,2006,20.70000076,32.1982838102898,1.71194250233835,,,33.9184188842773,31.1,4091.36268615581,44.0508117675781,0.0,5.0,0.0,2679.0
PER,2007,25.20000076,54.0373967003052,1.99861209148784,,,,38.7,4407.79121686416,46.7049598693848,0.0,4.0,0.0,2681.0
PER,2008,30.57,72.9545042955996,2.52641792600247,,,,45.4,4778.52642172313,46.865909576416,0.0,4.0,1.0,3019.0
PER,2009,31.4,85.4778092987493,2.86420186642741,,,,51.0,4801.17153740507,47.0025901794434,0.0,2.0,0.0,3187.0
PER,2010,34.77,100.100151210105,3.20601798410432,,,,55.6,5167.39259325937,52.9390411376953,0.0,6.0,2.0,3577.0
PER,2011,36.01,110.774364366799,4.13514688702456,0.08282,,,61.3,5453.45718713631,53.5218811035156,0.0,6.0,3.0,3923.0
PER,2012,38.2,99.4508054485687,4.88245729342236,0.0553,,,66.2,5740.04346272472,55.9918098449707,0.0,6.0,0.0,4771.0
PER,2013,39.2,99.9174254916985,5.40886840560537,0.08174,,,69.9,6021.46142765232,55.8098411560059,0.0,9.0,0.0,5833.0
PER,2014,40.2446560091704,105.858105967274,5.86753622497354,0.10805,,,72.8,6103.91864749969,55.9319686889648,0.0,12.0,0.0,10332.0
PER,2015,40.8526009090468,112.404818501786,6.56472932864047,0.11702,,,76.7,6231.71150338894,56.0153999328613,0.0,13.0,1.0,7472.0
PER,2016,45.4617406869459,119.654538672257,6.87075765715407,0.12008,,73.2223205566406,78.0,6392.25474941014,52.9,0.0,23.0,0.0,8133.0
PER,2017,50.4504121848143,124.232520236388,7.37507987722252,0.12085,,71.2404708862305,80.5,6457.41940254721,53.5,0.0,45.0,1.0,9132.0
PER,2018,55.0543342443197,132.156626658621,8.09510839441633,0.12683,,,81.8,6593.14437459526,58.0391807556152,5.0,86.0,0.0,10503.0
PER,2019,59.9505036049006,122.790350843591,7.38778580236377,0.15696,,,82.9,6626.26083494969,55.1,5.0,142.0,2.0,12956.0
PER,2020,65.25179796,119.854099046125,8.41186520281526,0.17229,,,86.1,5831.83024758521,55.2,7.0,227.0,2.0,15579.0
PER,2021,71.10782643,129.993736857913,9.05771410333768,0.13754,,,83.6,6550.96747543872,54.8,17.0,296.0,5.0,18879.0
PER,2022,74.67495213,124.119322949561,9.45023631953673,0.16206,,,85.1,6671.28902042137,56.4,19.0,381.0,4.0,18797.0
PER,2023,79.48484477,121.975084691173,10.4364266723222,0.17611,,,85.1,6575.18295502228,57.2,38.0,616.0,8.0,20861.0
PER,2024,81.95705992,124.623544414599,11.6788671222106,,,,82.1,6732.27773809578,58.2721481323242,38.0,794.0,15.0,19297.0
PHL,1990,0.0,0.0,,,,23.2742691040039,,1704.07568899121,,,,,
PHL,1991,,0.054886004,,,,25.9223308563232,,1656.38349704781,,,,,
PHL,1992,,0.086831328,,,,25.0141506195068,,1624.34939806129,,,,,
PHL,1993,,0.154955895,,,,,49.3467057912156,1620.35505833942,,,,,
PHL,1994,0.00584,0.254105367,,,,,51.1707123816351,1654.74613902838,,,,,
PHL,1995,0.0286,0.713153303,,,,27.0712604522705,52.9143161486911,1693.80873081644,,,,,
PHL,1996,0.0559,1.351785776,,,,28.5230102539062,54.6597121077381,1752.23800104559,,,,,
PHL,1997,0.137,1.847691816,,,,,56.4083199093136,1800.25913137613,,,,,
PHL,1998,1.1,2.327302138,,,,26.6495494842529,54.2250582751455,1746.52590513282,,,,,
PHL,1999,1.43,3.737724571,,,,27.5217990875244,56.1771339939245,1759.42105225652,,,,,
PHL,2000,1.98225319605827,8.10590495391816,,,,,61.8,1793.34761146436,35.7084693908691,0.0,1.0,2.0,961.0
PHL,2001,2.52400566008269,14.9372736282167,0.0122847877178855,,,28.6476802825928,63.4,1807.70892524758,,0.0,5.0,0.0,845.0
PHL,2002,4.33227574643007,18.5183661238084,0.0252802225391506,0.13263,53.17147,28.3481502532959,65.0,1837.25429286854,,0.0,5.0,1.0,1100.0
PHL,2003,4.85767226708512,26.5656467843521,0.064910667873533,0.12527,69.84969,27.230110168457,63.5,1892.82161995051,48.9480529911844,0.0,4.0,2.0,1192.0
PHL,2004,5.2436284521711,38.1226507186152,0.103015812209536,,,26.5457592010498,84.5,1978.34489133113,51.0981788635254,0.0,5.0,0.0,1234.0
PHL,2005,5.397600174,39.5144178507076,0.139747379003822,0.10692,79.06465,25.823429107666,69.9,2037.8776605946,,0.0,4.0,1.0,1346.0
PHL,2006,5.74058632534702,47.8934159750173,0.29609317661134,,,26.2468109130859,70.0,2110.42044781284,,0.0,5.0,0.0,1514.0
PHL,2007,5.97,62.9642592871402,0.544770790690909,0.10498,77.12363,,73.1,2209.34651083329,,0.0,7.0,0.0,1714.0
PHL,2008,6.22,73.4820194307183,1.12807573795623,,,27.1289901733398,74.6,2264.9462907288,,2.0,15.0,0.0,2111.0
PHL,2009,9.0,80.083961042229,1.82488815665749,0.10901,80.30929,26.6055793762207,76.1,2256.72554835463,,0.0,5.0,1.0,2375.0
PHL,2010,25.0,86.3116249317177,,,,27.7549235195177,78.5,2373.14312064664,55.9734687805176,0.0,13.0,1.0,2643.0
PHL,2011,29.0,95.8688282360909,1.82292647914606,0.11222,82.55979,29.0709151463153,81.2,2416.75212064542,,1.0,12.0,0.0,2754.0
PHL,2012,30.79999924,101.799674355545,2.14283906030847,,,29.6298942276846,80.7,2533.74141964959,,0.0,25.0,0.0,3669.0
PHL,2013,32.70000076,100.732033524401,2.52046664370868,0.13207,182.5933,31.8704183328366,81.9,2654.41506933978,58.4567413330078,0.0,19.0,1.0,4126.0
PHL,2014,34.70000076,107.284498472686,2.79471929116667,,,33.8741923214799,84.6,2776.92005909479,,0.0,28.0,0.0,4915.0
PHL,2015,36.90000153,111.893197374926,2.75369633406674,0.15683,103.17345,35.8745887819664,83.2,2909.85818010301,,2.0,46.0,4.0,5696.0
PHL,2016,39.20000076,112.517998777897,2.79705053563184,,,38.3447414525513,87.9,3076.3374186759,,8.0,55.0,3.0,5562.0
PHL,2017,41.59999847,110.962137119646,3.14400726239576,,,33.6841018682349,90.0,3247.4503878362,57.8848916653618,10.0,102.0,6.0,6727.0
PHL,2018,44.09999847,122.960456861544,3.46090446005956,0.32222,170.21271,28.1166228592308,91.3,3410.93647976109,,18.0,167.0,11.0,7857.0
PHL,2019,43.0266118680279,151.006642923206,5.69730703529922,0.25926,302.08457,30.0548680110365,93.0,3575.88170922922,,23.0,291.0,6.0,9156.0
PHL,2020,53.76490021,133.45620905917,7.08108894988907,0.27625,320.27857,31.6317598507085,94.7,3198.66690008413,,35.0,318.0,4.0,10959.0
PHL,2021,66.90779877,144.424289981649,8.50897715713263,,,33.6166173848126,96.5,3350.97587587776,32.4310847098511,45.0,405.0,8.0,12977.0
PHL,2022,75.21114422,147.428926406785,7.63946525096298,,,38.4011392706768,91.1,3577.70136573244,34.4608001708984,75.0,722.0,14.0,15176.0
PHL,2023,77.86699677,117.275521687262,6.5393085505183,,,44.2394203278519,97.6,3744.69763802686,,92.0,1024.0,16.0,18939.0
PHL,2024,67.26300914,115.298749599352,7.13893301204977,,,47.4134996154186,88.5,3926.14900894495,,114.0,1417.0,23.0,20245.0
PLW,1990,0.0,,,,,,92.1819540100031,14117.5711002162,,,,,
PLW,1991,,,,,,,92.3415211656578,14473.3492441159,,,,,
PLW,1992,,,,,,,92.5027389396588,13229.3220919377,,,,,
PLW,1993,,,,,,,92.6730338238111,11330.6949085817,,,,,
PLW,1994,,,,,,,92.8564389846461,11869.3000771999,,,,,
PLW,1995,,,,,,,93.0606651306152,12837.708188873,,,,,
PLW,1996,,,,,,,93.3870561723664,13804.33934348,,,,,
PLW,1997,,,,,,,93.7603727005485,13767.7795410714,,,,,
PLW,1998,,,,,,,94.1605983784558,13727.7611804865,,,,,
PLW,1999,,,,,,,94.5880103529061,12727.4358812353,,,,,
PLW,2000,,,,,,45.7822113037109,95.4,12216.9793626185,66.8119185019432,,,,
PLW,2001,,,,,,36.336109161377,95.6,12996.5090361666,,0.0,0.0,0.0,11.0
PLW,2002,20.243939470621,12.6031892529354,,,,36.3363418579102,95.8,13503.9227174315,,,,,
PLW,2003,21.6015271777354,19.9603235159469,,,,,96.0,13111.7142001123,,,,,
PLW,2004,26.9703326341025,19.7981836528759,0.373360242179617,,,,96.1,13456.8137686422,,,,,
PLW,2005,,30.5313083404814,0.504566325243453,,,,97.0,13845.7172322875,,0.0,0.0,0.0,19.0
PLW,2006,,42.5968458122799,0.495074771602103,,,,96.3,14037.3706523634,,0.0,0.0,0.0,14.0
PLW,2007,,55.3880426898767,0.523261838151487,,,,96.4,14346.8995831129,,,,,
PLW,2008,,61.3761902256826,0.583933926035036,,,,96.6,13759.0034121669,,,,,
PLW,2009,,68.1169490619488,0.758992998022342,,,,96.7,13113.5786666921,,,,,
PLW,2010,,78.8867145031529,1.29919547727767,,,,96.9,12933.0676102142,,,,,
PLW,2011,,85.4353357672309,2.86536121252351,,,,97.1,13758.7587383152,,,,,
PLW,2012,,96.5437658316915,5.05488319729806,,,,94.9,14289.7833891839,,,,,
PLW,2013,,101.682910244787,10.2277878513146,,,67.3166885375977,97.6,14184.0449521037,88.0483016967773,,,,
PLW,2014,,107.897262207169,6.26587637595258,,,,99.2,14725.8436432778,83.8312563095342,,,,
PLW,2015,,133.612830613393,6.88801350590884,,,,98.3,15938.3652222848,,,,,
PLW,2016,,,,,,,100.0,16179.3959628749,,,,,
PLW,2017,,,,,,,100.0,15612.6700180498,,,,,
PLW,2018,,,,,,,100.0,15545.7219371676,,,,,
PLW,2019,,134.846611978874,,,,,100.0,15606.4827634374,,,,,
PLW,2020,,134.892086330935,,,,,100.0,14673.8845975778,87.5593775593775,,,,
PLW,2021,,134.960355395603,,,,,100.0,12932.0857060233,,,,,
PLW,2022,82.56749725,135.142744523903,6.993637029112,,,51.5274949083503,100.0,12889.6216058288,,0.0,0.0,0.0,98.0
PLW,2023,82.91629791,135.386698256896,7.33344615558188,,,41.130604288499,100.0,13070.7944502154,,,,,
PLW,2024,83.92549896,,,,,71.8428437792329,100.0,14666.5457772703,,,,,
PNG,1990,0.0,0.0,,,,,,1892.30679279448,,,,,
PNG,1991,,0.0,,,,,,2008.35151943089,,,,,
PNG,1992,,0.0,,,,,,2206.99633305172,,,,,
PNG,1993,,0.0,,,,,,2515.6383945071,,,,,
PNG,1994,,0.0,,,,,,2570.33691061958,,,,,
PNG,1995,,0.0,,,,3.21866011619568,,2397.40045298857,,,,,
PNG,1996,0.00207,0.047744476,,,,3.52103996276856,2.58825841206037,2492.07962762784,,,,,
PNG,1997,0.101,0.077755215,,,,,,2310.98773975643,,,,,
PNG,1998,0.235,0.108156936,,,,2.00097990036011,,2147.04526266919,,,,,
PNG,1999,0.667,0.13265336,,,,1.94981002807617,,2112.0950973955,,,,,
PNG,2000,0.835249302427624,0.154594564917436,,,,,4.4,1989.57882204274,,0.0,0.0,0.0,85.0
PNG,2001,0.904103545170821,0.186787490824283,,,,,4.8,1920.78003889393,,0.0,0.0,0.0,116.0
PNG,2002,1.3216569348661,0.253207164142219,,,,,5.2,1854.41831737462,,0.0,0.0,0.0,86.0
PNG,2003,1.37440466802801,0.28576108054919,,,,,5.6,1832.67870314447,,0.0,1.0,0.0,103.0
PNG,2004,1.5079127722725,0.763443220421612,,,,,6.0,1821.84741071002,,0.0,1.0,0.0,81.0
PNG,2005,1.71619047556782,1.14750749896151,,,,,6.5,1875.82273480514,,0.0,0.0,0.0,78.0
PNG,2006,1.754487260668,1.48198206208912,,,,,5.0,1915.2349405788,,0.0,0.0,0.0,126.0
PNG,2007,1.790599942,4.3082742561226,,,,,7.4,2000.9726186689,,0.0,0.0,0.0,122.0
PNG,2008,1.15,12.1676145990214,0.0415842846765183,,,,7.9,1934.03201558753,,0.0,0.0,0.0,145.0
PNG,2009,1.61,19.139375770107,0.0601233683452153,,,,9.3,2003.24109727039,,0.0,1.0,0.0,153.0
PNG,2010,1.28,25.0091340525207,0.0799106782019259,,,,11.8,2140.50939027384,23.0182664503048,0.0,0.0,0.0,149.0
PNG,2011,2.0,30.5368920009375,0.0954277875029296,,,,9.5,2102.03192060639,,0.0,0.0,0.0,160.0
PNG,2012,3.5,33.5214610357872,0.113841801967236,,,,9.9,2139.48096660428,,0.0,0.0,0.0,193.0
PNG,2013,5.099999905,36.1328329658624,0.136100337504748,,,,10.3,2162.10592595591,,0.0,0.0,0.0,204.0
PNG,2014,6.5,39.4077931671023,0.154867030815371,,,,10.8,2391.3578028163,,0.0,2.0,0.0,248.0
PNG,2015,7.900000095,40.7171432669286,0.171560996911216,,,,11.3,2484.5963398603,,0.0,0.0,0.0,281.0
PNG,2016,9.601499557,42.2017296237172,0.189695770386883,0.03158,33.15884,,5.6,2557.09463030035,,0.0,3.0,0.0,250.0
PNG,2017,11.20919991,43.775195523033,0.196105903288849,,,,12.3,2584.8883636271,,0.0,1.0,1.0,285.0
PNG,2018,12.35789967,45.7713986877234,,,,,10.5,2518.45899317321,9.05276966094971,0.0,1.0,0.0,284.0
PNG,2019,13.62419987,47.1952885885227,0.208137987159968,,,,17.1,2572.56177967896,,2.0,14.0,0.0,344.0
PNG,2020,15.02040005,49.0843996981992,0.213941966305974,,,,13.6,2438.61137922293,,0.0,5.0,0.0,400.0
PNG,2021,16.55960083,48.1179470954257,0.209729532794508,,,,14.0,2378.3893914666,,1.0,23.0,1.0,471.0
PNG,2022,18.25659943,49.1906681149749,0.214639196900492,,,,14.2,2467.24008628973,19.6070019376145,1.0,15.0,1.0,468.0
PNG,2023,18.56130028,34.0588961979896,0.228111959659795,,,,13.4,2515.28575096589,,4.0,22.0,0.0,428.0
PNG,2024,18.81159973,38.7651796406789,0.232591077844073,,,,39.0,2566.91067057792,,2.0,34.0,1.0,572.0
POL,1990,0.0,0.0,,,,,100.0,5111.3453296443,,,,,
POL,1991,0.00523,0.0,,,,,100.0,4735.9276980893,,,,,
POL,1992,0.0521,0.005738221,,,,,100.0,4840.16858549117,,,,,
POL,1993,0.13,0.040968916,,,,,100.0,5008.34908886395,,,,,
POL,1994,0.389,0.101476311,,,,,100.0,5262.31523522496,,,,,
POL,1995,0.648,0.19530244,,,,,100.0,5671.89573674798,,,,,
POL,1996,1.3,0.56482304,,0.6369,1367.8676,,100.0,6012.95806433166,,,,,
POL,1997,2.07,2.115317351,,0.641,1449.61312,,100.0,6391.13172823376,67.2562917152775,,,,
POL,1998,4.1,5.023560454,,0.65746,1465.27746,,100.0,6684.11477782234,68.6934786035324,,,,
POL,1999,5.46,10.3154857,,0.67786,1472.95828,,100.0,6998.79475144289,69.2822018841435,,,,
POL,2000,7.2854287080601,17.6354944816742,,0.63806,1441.97757,,100.0,7401.57697647848,70.7310289516892,1.0,104.0,1.0,21279.0
POL,2001,9.9006697073534,26.1577839221675,0.0313747169510301,0.61861,1467.79064,56.3456916809082,100.0,7494.96089503246,71.6144959031937,1.0,70.0,1.0,22852.0
POL,2002,21.15,36.3554439556061,0.31829946202672,0.55501,1483.34389,59.5361404418945,100.0,7640.99307757777,71.89013671875,0.0,256.0,0.0,26369.0
POL,2003,24.87,45.54873524233,0.512392521695119,0.53626,1533.19754,60.6214714050293,100.0,7915.55424389704,73.6788126819187,0.0,244.0,0.0,30416.0
POL,2004,32.53,60.5122720407785,2.29478836117739,0.54999,1595.82994,61.7436981201172,100.0,8323.38773754587,75.229380584443,0.0,231.0,1.0,33171.0
POL,2005,38.81,76.5032553054831,2.47914595540035,0.56121,1629.60294,63.7791404724121,100.0,8598.57681241557,76.454425667489,0.0,256.0,2.0,35022.0
POL,2006,44.58,96.5178030922982,7.64660563202594,0.54899,1563.45879,65.0900726318359,100.0,9137.65850849801,77.4255277991736,2.0,273.0,1.0,35499.0
POL,2007,48.6,108.859325887002,10.9783187303476,0.56103,1614.00137,66.9424667358398,100.0,9760.7042604352,78.0281782594488,0.0,258.0,1.0,37479.0
POL,2008,53.13,115.608164796298,11.7451771509464,0.59719,1626.3818,70.2946319580078,99.9,10187.2017910883,78.8397903442383,1.0,285.0,0.0,40470.0
POL,2009,58.97,117.905502990554,14.7254806997129,0.65932,1608.44328,72.6793594360352,100.0,10446.5289138524,79.9086532592773,1.0,258.0,0.0,45941.0
POL,2010,62.32,123.248926095995,15.378511671936,0.72252,1697.02812,76.5571212768555,100.0,10808.3975674238,80.8199768066406,3.0,335.0,1.0,49180.0
POL,2011,61.94999896898,131.279778766286,18.2475205937044,0.74726,1679.90071,75.8021011352539,100.0,11370.313427173,81.5495910644531,1.0,327.0,0.0,56088.0
POL,2012,62.3099972714691,141.409735570098,18.0079998184474,0.88476,1752.07893,75.0382919311523,100.0,11542.2353368014,82.0938491821289,8.0,377.0,2.0,63387.0
POL,2013,62.8492,148.912446350899,18.3773931656078,0.8807,1868.31303,73.317268371582,100.0,11628.2286809525,82.8486328125,5.0,385.0,4.0,75405.0
POL,2014,66.5987360557248,148.713283559361,18.904567196757,0.9454,2054.74753,70.2389678955078,100.0,12093.1622787394,83.4857788085938,5.0,460.0,2.0,82444.0
POL,2015,67.9969871556415,142.520207198425,18.9867934497166,0.99807,2158.37831,69.3731994628906,100.0,12637.5220324406,,6.0,531.0,3.0,89100.0
POL,2016,73.3007040962669,138.518696718641,19.1513139299534,0.9616,2304.00747,69.8503799438477,100.0,13026.1858988718,84.8603210449219,10.0,585.0,3.0,93441.0
POL,2017,75.9853659493832,131.901471911132,19.9531726069815,1.03055,2994.85672,70.6174621582031,100.0,13695.6452848724,,9.0,745.0,6.0,94707.0
POL,2018,77.5417345350006,126.266191655563,20.5313862679212,1.19426,3079.49249,71.0217437744141,100.0,14551.0850277089,,15.0,965.0,9.0,94006.0
POL,2019,80.4359068768673,126.597314882311,20.5043205670712,1.3088,3159.06604,70.9065017700195,100.0,15221.3090624454,,25.0,1233.0,11.0,89447.0
POL,2020,83.18488715,129.288487295019,21.9255858346119,1.37128,3260.15498,70.9730377197266,100.0,15090.2228440113,87.7777786254883,26.0,1582.0,23.0,91124.0
POL,2021,85.37490906,132.987203939653,22.8165643900514,1.41558,3558.20467,72.2060623168945,100.0,16368.6239689025,87.3724212646484,47.0,2154.0,21.0,91813.0
POL,2022,86.94113479,137.002148115476,23.8373449056172,1.44162,3721.07204,75.2911071777344,100.0,17303.64494323,,66.0,2350.0,31.0,85455.0
POL,2023,86.414744,135.146301442691,24.526154479274,1.55525,3675.06022,76.8794097900391,100.0,17410.3830137066,,94.0,3215.0,32.0,91660.0
POL,2024,88.58496367,138.016156588197,25.3612522999634,,,80.9149627685547,100.0,18000.5034591285,,112.0,3671.0,45.0,88696.0
PRE,1990,,0.0,,,,2.98382997512817,,1132.19092614056,,,,,
PRE,1991,,0.0,,,,3.05075001716614,,1014.92330270589,,,,,
PRE,1992,,0.0003298138171749,,,,3.1136999130249,,1008.37278614928,,,,,
PRE,1993,,0.0029819454616407,,,,3.20022988319397,,970.962959383338,,,,,
PRE,1994,,0.004985943226382,,,,3.2739999294281,,939.913466468937,,,,,
PRE,1995,,0.0086433399873981,,,,3.30173993110657,,939.401992811249,,,,,
PRE,1996,,0.0165216782583232,,,,3.37503004074097,,966.263962510422,,,,,
PRE,1997,,0.0307482078115487,,,,3.4682400226593,,1000.20933606046,,,,,
PRE,1998,,0.0666018324336203,,,,3.51804995536804,,1039.93402113897,,,,,
PRE,1999,,0.138120525036301,,,,3.57716989517212,,1053.14622813268,,,,,
PRE,2000,,0.356814088010581,,,,3.96374988555908,12.7013240808725,1080.12609789335,,,,,
PRE,2001,,0.813604191248252,,,,4.32922983169556,13.3385712381898,1095.69274497162,,,,,
PRE,2002,,1.58672985958743,,,,4.69973993301392,13.4191013016557,1127.35411491859,,,,,
PRE,2003,,2.68589260594552,,,,5.09181976318359,14.4397341256176,1087.81145769948,,,,,
PRE,2004,,4.89966101450195,,,,5.37591981887817,12.9823722969618,1183.42946823297,,,,,
PRE,2005,,8.29321970533369,,,,5.72213983535767,14.173543051367,1217.74344099826,,,,,
PRE,2006,,15.1493450214786,,,,5.93388986587524,14.6932978905228,1256.95120061394,,,,,
PRE,2007,,21.7435890983913,0.0385211896066136,,,6.07145023345947,13.9991572902419,1297.39935876899,,,,,
PRE,2008,,31.7892111676059,0.0443779988421539,,,6.37200021743774,15.162639497905,1341.14167924281,,,,,
PRE,2009,,37.7857805479012,0.0488109385867524,,,6.63960981369019,17.1571311525612,1364.66024275943,,,,,
PRE,2010,,44.1600641926314,0.0528573607681408,,,6.91344022750854,16.0544857788843,1413.56297929276,,,,,
PRE,2011,,50.8485010353161,,,,7.22444009780884,18.9372672869977,1429.48857229998,,,,,
PRE,2012,,56.3206961353067,0.0903694916355589,,,7.61994981765747,20.8578016786136,1447.56913413737,,,,,
PRE,2013,,62.2634245845749,0.0887202449875938,,,7.97291994094849,21.2414369151952,1490.99576376132,,,,,
PRE,2014,,67.2061877134112,0.1184061659147,,,8.17070007324219,22.3430809945656,1523.1979782259,,,,,
PRE,2015,,70.6630939187647,0.143895455376557,,,8.25500011444092,19.52464733735,1526.04099231967,,,,,
PRE,2016,,68.1425805185222,0.208568813687382,,,8.31756973266602,26.3502632433642,1521.02292118899,,,,,
PRE,2017,,68.6060228997526,0.775816932512948,,,8.40110015869141,25.620125019494,1503.731439286,,,,,
PRE,2018,,73.3848389949006,0.850190965851068,,,8.50343990325928,28.1361394867338,1501.77325261054,,,,,
PRE,2019,,75.7454289641895,0.810910113650525,,,8.51943969726562,28.5661111948677,1507.8698553362,,,,,
PRE,2020,,79.9650119592337,1.06521915994392,,,8.60867023468018,28.1090862283032,1407.15348093823,,,,,
PRE,2021,,80.385516649546,1.04148528643808,,,8.72068023681641,29.5735340766741,1402.45446054346,,,,,
PRE,2022,,86.7805674982389,1.19081236893756,,,,29.4187523684025,1430.90365853734,,,,,
PRE,2023,,,,,,,31.0596811038723,1429.18875247624,,,,,
PRE,2024,,,,,,,34.347700422358,1439.73712111225,,,,,
PRI,1990,0.0,0.574782379,,,,,99.7652157061994,18733.6452536405,,,,,
PRI,1991,,0.933644455,,,,,99.8998462690734,19030.2415359969,,,,,
PRI,1992,,1.660840346,,,,,99.9794902741936,19770.7684693589,,,,,
PRI,1993,,2.606297858,,,,,100.0,20515.5207259978,,,,,
PRI,1994,0.0273,4.760934438,,,,,100.0,21176.6701749814,,,,,
PRI,1995,0.135,7.746401702,,,,,100.0,21936.4179114827,,,,,
PRI,1996,0.268,8.813733136,,,,,100.0,22193.5791326619,,,,,
PRI,1997,1.33,9.761889689,,,,,100.0,23061.3344942222,,,,,
PRI,1998,2.65,15.32268248,,,,,100.0,24197.3097487888,,,,,
PRI,1999,5.27,21.35893536,,,,,100.0,25374.101701053,,,,,
PRI,2000,10.4746482089399,34.5969910752767,,,,,100.0,26131.9630643584,74.4360504150391,0.0,2.0,0.0,872.0
PRI,2001,15.6300309162012,42.7001166793819,0.0636504517556064,,,,100.0,27722.3671872748,,1.0,2.0,0.0,836.0
PRI,2002,17.5476475654777,43.2184738131683,0.596528786082814,,,,100.0,27940.3826219734,,0.0,15.0,0.0,1152.0
PRI,2003,19.7070256578252,44.9039067609063,1.42765071230146,,,,100.0,27937.8165922567,,0.0,4.0,0.0,1305.0
PRI,2004,22.1307382347014,48.6468507159241,2.27193452843992,,,,100.0,30375.7895758237,,0.0,6.0,0.0,1211.0
PRI,2005,23.4000504486583,52.6200271089625,3.12183327328183,,,,100.0,29815.216422231,77.5027465820312,0.0,2.0,0.0,1336.0
PRI,2006,25.4424182102582,58.2288084762123,3.97840165350755,,,,100.0,29519.7386759729,76.7839279174805,0.0,6.0,0.0,1765.0
PRI,2007,27.86,64.6148057127551,4.84171510206511,,,78.6092071533203,100.0,29347.8460041613,77.3127593994141,0.0,5.0,0.0,1713.0
PRI,2008,38.0,67.844762835518,11.3709107824539,,,84.4570999145508,100.0,28976.1310520159,77.7096862792969,0.0,10.0,0.0,1833.0
PRI,2009,41.5,72.616040363961,12.8591986913038,0.45131,,86.6972579956055,100.0,28565.767919549,,0.0,14.0,0.0,1974.0
PRI,2010,45.3,78.9802833826312,14.8464158310084,,,90.7308767027593,100.0,28569.5077088001,,0.0,8.0,0.0,1998.0
PRI,2011,48.0,84.3815609806418,15.1545860016125,,,91.7977449760959,100.0,28706.0207514856,69.782341003418,0.0,8.0,0.0,1908.0
PRI,2012,68.9999826014151,83.6353280009829,15.7202046279888,,,94.0074751455172,100.0,28968.6942131352,69.9321365356445,0.0,3.0,0.0,2236.0
PRI,2013,68.999990004,85.5376654285317,16.6789167811967,0.43859,264.68411,95.3715682046859,100.0,29115.3549161996,,0.0,8.0,0.0,2348.0
PRI,2014,76.1338597201667,89.9998233000979,17.1184060434732,,,97.2016557105489,100.0,29141.2038639816,,0.0,7.0,0.0,2706.0
PRI,2015,63.4663353848474,91.0041169159844,20.0013856507348,0.42882,332.37777,100.706557185143,100.0,29242.041465085,81.5031401480678,1.0,8.0,0.0,3082.0
PRI,2016,68.6438071976518,93.5606592389891,19.7597646495635,,,100.643406166336,100.0,29326.5748761873,,0.0,12.0,0.0,3209.0
PRI,2017,68.7407731407209,100.519829625899,19.5759687343003,,,100.739404309645,100.0,29061.5563802711,80.0156402587891,0.0,11.0,0.0,3222.0
PRI,2018,70.8563997424362,101.222406345401,18.5110763668107,,,107.502380763432,100.0,28808.8518638025,,0.0,27.0,0.0,3659.0
PRI,2019,77.7364393708352,102.552928381388,18.5504198869353,,,95.6914950121196,100.0,29185.0969964707,,0.0,51.0,0.0,3920.0
PRI,2020,,106.682174305247,20.438273950983,,,88.4148538699338,100.0,28144.713741876,84.2615058094979,2.0,71.0,1.0,4680.0
PRI,2021,84.78666399,112.540413929626,23.6440930650035,,,88.5327447779272,100.0,28416.4489370346,,1.0,94.0,1.0,4114.0
PRI,2022,87.29178106,120.215904630962,22.2824477131524,,,82.0153279566474,100.0,29643.6396279994,82.3077621459961,1.0,107.0,0.0,3992.0
PRI,2023,,124.513459651582,23.1595519217476,,,77.9263575380698,100.0,30012.9055109463,82.6923675537109,0.0,153.0,0.0,4210.0
PRI,2024,,126.426375391555,27.9891394865962,,,,100.0,30978.7473320338,81.7773513793945,6.0,216.0,0.0,4454.0
PRK,1990,0.0,0.0,,,,,,,,,,,
PRK,1991,,0.0,,,,,,,,,,,
PRK,1992,,0.0,,,,,,,,,,,
PRK,1993,,0.0,,,,,,,,,,,
PRK,1994,,0.0,,,,,,,,,,,
PRK,1995,,0.0,,,,,,,,,,,
PRK,1996,,0.0,,,,,,,,,,,
PRK,1997,0.0,0.0,,,,,,,,,,,
PRK,1998,0.0,0.0,,,,,,,,,,,
PRK,1999,0.0,0.0,,,,,,,,,,,
PRK,2000,0.0,0.0,,,,,,,,,,,
PRK,2001,0.0,0.0,,,,,,,,,,,
PRK,2002,0.0,0.0,,,,,,,,0.0,1.0,0.0,0.0
PRK,2003,0.0,0.0,,,,,,,,,,,
PRK,2004,0.0,0.0,,,,,,,,,,,
PRK,2005,,0.0,,,,,,,,,,,
PRK,2006,,0.0,,,,,,,,,,,
PRK,2007,,0.0,,,,,,,,,,,
PRK,2008,,0.0,,,,,,,,,,,
PRK,2009,,0.278398889443231,,,,30.1253795623779,,,,,,,
PRK,2010,,1.72855701093733,,,,,,,,,,,
PRK,2011,,3.98440122856621,,,,29.8180599212646,,,,,,,
PRK,2012,,6.7428936247448,,,,,,,,0.0,2.0,0.0,36.0
PRK,2013,,9.55409574412015,,,,,,,,,,,
PRK,2014,,11.0014191044829,,,,,,,,,,,
PRK,2015,,12.6684483301304,,,,27.9393501281738,,,,0.0,0.0,0.0,48.0
PRK,2016,,14.0320423984037,,,,,,,,,,,
PRK,2017,,14.7573125097971,,,,,,,,,,,
PRK,2018,,,,,,26.7206192016602,,,,0.0,3.0,0.0,0.0
PRK,2019,,16.3340506540687,,,,,,,,0.0,3.0,0.0,77.0
PRK,2020,,22.9565670933221,,,,,,,,0.0,3.0,0.0,81.0
PRK,2021,,22.8723614729709,,,,,,,,0.0,1.0,0.0,127.0
PRK,2022,,24.1311041179361,,,,,,,,0.0,8.0,0.0,129.0
PRK,2023,,,,,,,,,,0.0,5.0,0.0,165.0
PRK,2024,,,,,,,,,,0.0,10.0,0.0,177.0
PRT,1990,0.0,0.064952286,,,,,100.0,14593.2706053569,,,,,
PRT,1991,0.1,0.126171404,,,,,100.0,15265.8793018366,7.66812992095947,,,,
PRT,1992,0.25,0.373413728,,,,,100.0,15444.2006161246,,,,,
PRT,1993,0.45,1.013800598,,,,,100.0,15110.1392558339,16.7693648538736,,,,
PRT,1994,0.719,1.731944488,,,,,100.0,15214.9307536408,17.6037138209078,,,,
PRT,1995,1.49,3.391071437,,,,,100.0,15811.7171369279,18.3650858418993,,,,
PRT,1996,2.98,6.578849672,,0.5495,1255.99385,,100.0,16304.3794463959,18.1983413192555,,,,
PRT,1997,4.95,14.87538336,,0.56374,1352.48105,,100.0,16946.086865108,18.0260639733682,,,,
PRT,1998,9.87,30.20441744,,0.62486,1450.22471,,100.0,17671.3135082912,14.5487804412842,,,,
PRT,1999,14.7,45.64926761,0.00290227,0.68121,1546.5656,,100.0,18258.0911720943,15.2565402984619,,,,
PRT,2000,16.4304676923534,64.8139529275117,0.244612476811702,0.72156,1633.81566,,100.0,18822.0933092937,15.7724304199219,0.0,37.0,0.0,5445.0
PRT,2001,18.0871365595338,77.0454568501568,0.959174064943876,0.76482,1717.30179,,100.0,19053.089945659,16.4253997802734,0.0,51.0,0.0,6341.0
PRT,2002,19.37,83.2609561622903,2.50254392471596,0.72184,1827.5988,,100.0,19095.1102477398,16.7417106628418,0.0,106.0,2.0,8768.0
PRT,2003,29.67,95.6807976090095,4.80216409697687,0.69802,1939.08763,,100.0,18846.5411893632,18.4442596435547,1.0,87.0,0.0,8980.0
PRT,2004,31.78,100.855984531046,7.99866925932756,0.7293,1975.6442,,100.0,19137.8370898949,20.3303508758545,0.0,73.0,4.0,9560.0
PRT,2005,34.99,108.990950580377,11.0962645508509,0.75755,2013.3272,,100.0,19251.71450683,21.3362998962402,0.0,107.0,3.0,11042.0
PRT,2006,38.01,116.175404689418,13.5278484091782,0.95448,2344.86601,,100.0,19529.3122100477,22.4099292755127,1.0,113.0,1.0,13708.0
PRT,2007,42.09,127.786457061722,14.4787649363671,1.12417,2674.3872,,100.0,19979.5706280792,22.2938194274902,0.0,115.0,0.0,14681.0
PRT,2008,44.13,132.990148409502,15.4810153386745,1.44335,3827.16557,,100.0,20014.4749330004,22.7975196838379,1.0,151.0,4.0,17303.0
PRT,2009,48.27,111.524037734675,18.0765765463372,1.58002,3768.61566,,100.0,19371.1318876855,24.0550308227539,0.0,156.0,0.0,19301.0
PRT,2010,53.3,115.42460954412,20.1035764454099,1.53317,3923.75527,,100.0,19698.6836791397,25.5953102111816,2.0,167.0,5.0,22032.0
PRT,2011,55.2499968797194,116.837494027689,21.2468026111835,1.45558,4166.14892,,100.0,19389.6395896162,27.8761291503906,5.0,187.0,6.0,25747.0
PRT,2012,60.3399974868057,113.358650832529,22.7408340982484,1.37661,4032.33558,,100.0,18679.7626789594,30.022819519043,4.0,198.0,4.0,29385.0
PRT,2013,62.0956,114.655300508744,24.5102597000009,1.32325,3605.75824,,100.0,18597.7214623964,31.8690605163574,0.0,241.0,3.0,31675.0
PRT,2014,64.5924200648949,114.312891767686,27.4622463014594,1.28892,3658.36239,,100.0,18836.8967978906,34.2075881958008,1.0,262.0,4.0,35116.0
PRT,2015,68.6328614804299,112.964237082806,30.2999720257926,1.24552,3724.60014,61.7960205078125,100.0,19215.7813014347,35.4289283752441,3.0,314.0,6.0,36893.0
PRT,2016,70.423567088723,111.846790353179,32.6259001706105,1.2815,3992.10969,63.2387504577637,100.0,19662.82312462,36.7709617614746,3.0,324.0,6.0,38612.0
PRT,2017,73.7912139515729,113.873619619075,34.6016066063915,1.32224,4348.10903,64.2040176391602,100.0,20364.1962735946,37.6235198974609,4.0,450.0,12.0,40963.0
PRT,2018,74.6609681487507,114.858523480989,36.6542819407724,1.35078,4614.40041,65.1127395629883,100.0,20997.7745987013,37.0835800170898,9.0,599.0,10.0,43659.0
PRT,2019,75.3463779408712,115.145564535894,38.3605751907072,1.39487,4859.21726,66.0920562744141,100.0,21569.1874752919,40.678768157959,15.0,907.0,16.0,48485.0
PRT,2020,78.26166044,114.276382888841,40.1215406866329,1.60979,5131.43982,68.1568908691406,100.0,19778.7139525722,43.4513092041016,27.0,1231.0,22.0,53627.0
PRT,2021,82.30902804,119.768700781718,41.5145728650954,1.66711,5430.93667,72.5122375488281,100.0,20747.6990734163,42.2861099243164,62.0,1760.0,44.0,58326.0
PRT,2022,84.49690644,122.80130896654,42.937003513367,1.69051,5686.65428,75.0714797973633,100.0,22042.8680283647,45.6849108373722,63.0,2005.0,39.0,55957.0
PRT,2023,85.79012676,123.001507659381,44.1107426914567,1.69491,5983.27041,77.6778182983398,100.0,22417.1634060906,46.3494493223657,97.0,2496.0,46.0,62512.0
PRT,2024,88.48704454,124.129981203404,45.2439221846256,,,,100.0,22663.993126225,48.5642852233967,116.0,2843.0,46.0,55500.0
PRY,1990,0.0,0.0,,,,8.72241020202637,,4059.77343113311,,,,,
PRY,1991,,0.0,,,,,,4091.49044786451,,,,,
PRY,1992,,0.035070893,,,,,,4054.04426060844,17.5718402862549,,,,
PRY,1993,,0.077287822,,,,10.947699546814,,4147.78440621564,,,,,
PRY,1994,,0.170400158,,,,,,4262.14495791711,,,,,
PRY,1995,,0.343338075,,,,9.94643974304199,56.7981138356986,4445.18978188914,,,,,
PRY,1996,0.0204,0.697419336,,,,10.0490303039551,74.0779606768557,4411.37280078232,,,,,
PRY,1997,0.0996,1.748338466,,,,,73.6248952791577,4496.02336469138,,,,,
PRY,1998,0.195,4.702393647,,,,,76.3670681804233,4402.11110078249,17.7259675408774,,,,
PRY,1999,0.382,8.667097358,,,,14.3129796981812,77.6570857939227,4252.49065726668,17.3431259222997,,,,
PRY,2000,0.747630711548184,16.091575002529,0.0029406759790686,,,17.2918395996094,79.5,4074.48953320404,,0.0,0.0,0.0,123.0
PRY,2001,1.09879383569333,22.1678670406032,0.0057829218366791,0.06699,93.41644,19.336540222168,82.3,3972.88427866686,20.2,0.0,0.0,0.0,141.0
PRY,2002,1.79496959770244,31.6843580175956,0.0095033041087725,0.07493,87.04033,28.3164596557617,83.7,3916.4402230868,18.6,0.0,0.0,0.0,171.0
PRY,2003,2.11194208210034,33.2369524387414,0.0093871399186998,0.06135,86.56907,26.9151496887207,85.6,4035.71833919883,24.0787696838379,0.0,0.0,0.0,161.0
PRY,2004,3.45243843137079,32.4608610522116,0.0566054369058169,0.06066,92.40942,27.1320304870606,87.5,4151.34584799368,21.4,0.0,0.0,0.0,167.0
PRY,2005,7.90700786141285,34.6359471940386,0.102788184571604,0.06091,77.36216,27.7761993408203,89.6,4193.2808652562,29.6166801452637,0.0,0.0,0.0,250.0
PRY,2006,7.962100029,58.7239798094438,0.108988895484735,,,,94.3,4349.31197066182,27.3512191772461,0.0,1.0,0.0,269.0
PRY,2007,11.21,84.4402781170439,0.154693342034534,,,31.087760925293,93.1,4540.38235899198,26.4156303405762,0.0,1.0,0.0,286.0
PRY,2008,14.27,103.156367048871,0.22801872746311,0.04113,83.42281,36.8851890563965,93.4,4788.6631877791,28.617769241333,0.0,1.0,0.0,285.0
PRY,2009,18.9,99.0725654866065,1.36539900649523,,,39.7724685668945,94.7,4727.59685811395,27.1444206237793,0.0,1.0,0.0,448.0
PRY,2010,19.8,103.187311333571,1.55966281460816,,,37.6179261040957,94.4,5191.05014254402,29.1,0.0,1.0,0.0,468.0
PRY,2011,24.7635158793993,112.286723170157,2.06549827968299,0.04216,54.89543,,96.3,5342.19015717376,33.1,0.0,1.0,0.0,580.0
PRY,2012,29.34,115.205931550373,2.30883186863576,0.06517,184.63997,,95.1,5230.26244858764,32.1416015625,0.0,3.0,0.0,549.0
PRY,2013,36.9,117.899905473431,2.61725765970268,0.07163,,,97.9,5583.12274473463,36.0287590026855,0.0,3.0,0.0,850.0
PRY,2014,43.0073750122614,120.354274622389,3.04993022023256,0.07901,166.70785,,97.7,5794.4764468976,36.5642013549805,0.0,2.0,0.0,938.0
PRY,2015,49.716304663966,120.341971874801,3.49295993263954,0.09674,199.86552,,98.6,5879.33792308671,38.790340423584,0.0,3.0,0.0,1054.0
PRY,2016,53.4041274791009,119.848343592368,3.94711196413706,0.11676,132.3061,,96.1,6041.95879367268,36.6381683349609,0.0,2.0,0.0,1392.0
PRY,2017,61.0757562215797,117.821037884979,4.57926438711021,0.14888,147.43833,,98.5,6243.13363139058,38.1,0.0,7.0,0.0,1503.0
PRY,2018,64.9935430235756,115.749958536773,4.989589851669,0.14684,152.27558,,99.1,6354.2392005297,39.3815689086914,0.0,4.0,0.0,1621.0
PRY,2019,68.5176284222264,119.137051427631,6.32666662368931,0.13751,169.35536,,99.4,6243.53620897773,42.2377281188965,2.0,15.0,0.0,2028.0
PRY,2020,73.95751114,119.099952314893,8.5159180276507,0.15697,141.19046,,99.4,6109.19608100615,42.390998840332,3.0,13.0,1.0,2294.0
PRY,2021,77.01838621,119.312639901188,10.8118689766377,0.14398,142.72905,,100.0,6276.7748423663,42.5,1.0,30.0,0.0,2327.0
PRY,2022,76.25916611,128.088057269442,11.1527995711537,0.11944,133.19638,,100.0,6204.20811531911,43.4,0.0,20.0,0.0,2263.0
PRY,2023,78.09481878,126.605481531224,12.8835504093571,0.14117,138.79238,,99.5,6452.28566840034,45.4,0.0,29.0,0.0,2716.0
PRY,2024,81.57806793,,,,,,99.6,6670.6995656958,46.1808891296387,2.0,55.0,0.0,2748.0
PSE,1990,0.0,0.0,,,,,,,,,,,
PSE,1991,,,,,,,,,,,,,
PSE,1992,,0.0,,,,,,,,,,,
PSE,1993,,0.0,,,,,,,,,,,
PSE,1994,,0.0,,,,,,2137.38928909208,,,,,
PSE,1995,,,,,,,,2189.26513719427,,,,,
PSE,1996,,,,,,15.8326501846313,,2118.82007591199,,,,,
PSE,1997,,,,,,18.3967094421387,92.7752780570434,2323.20642242172,,,,,
PSE,1998,,,,,,20.1686706542969,94.9529709556602,2589.20364997364,,,,,
PSE,1999,,,,,,22.7711391448975,95.2748804096496,2732.87293952355,,,,,
PSE,2000,1.11130620708969,0.224507129751224,,,,23.624870300293,99.2,2436.01207739636,29.9960138777218,0.0,1.0,0.0,114.0
PSE,2001,1.83685483917877,5.42645079010636,,,,25.7727699279785,99.1,2153.45735383203,30.3132971275582,0.0,0.0,0.0,120.0
PSE,2002,3.10009223512517,7.57298116642246,,,,27.5037307739258,97.9,1836.98042481351,31.0067639293202,0.0,1.0,0.0,160.0
PSE,2003,4.13061635632919,7.77179398894078,,,,31.2601299285889,97.5,2041.60484619659,30.8268936962453,0.0,0.0,0.0,176.0
PSE,2004,4.40090482603223,12.5641945719599,0.000517959229127,,,35.1719093322754,99.0,2426.41565630382,30.7632904052734,0.0,2.0,0.0,192.0
PSE,2005,16.00499916,15.9550188466243,0.209787988478105,,,38.400749206543,99.1,2632.24627423958,31.1191505516031,1.0,4.0,0.0,225.0
PSE,2006,18.41,22.5453595735201,0.745439900622645,,,40.1437492370605,99.4,2540.26763083127,31.2193508148193,0.0,4.0,0.0,236.0
PSE,2007,21.1760006,27.3365124384114,1.48923205049601,0.19723,75.87829,43.544979095459,96.5,2569.98434108953,32.0520896911621,0.0,3.0,0.0,310.0
PSE,2008,24.3579998,34.3272897835254,,0.14914,95.94897,44.7015686035156,99.5,2685.98601828464,32.7596702575684,0.0,3.0,0.0,329.0
PSE,2009,32.23,45.903776503693,,0.35646,146.32938,43.4091491699219,99.9,2840.01594969395,35.0115394592285,0.0,0.0,0.0,348.0
PSE,2010,37.40000153,64.8154454810606,,0.36156,330.6725,45.0943742403046,99.9,2927.08101953403,34.950870513916,1.0,6.0,0.0,489.0
PSE,2011,41.08000183,70.0930147126709,3.78929752560067,,,47.5094364758648,99.0,3128.10811061384,36.3560485839844,0.0,14.0,0.0,538.0
PSE,2012,43.4,74.3645845516098,4.42149847472774,,,47.0416991089195,99.3,3237.91619995789,38.0242118835449,0.0,15.0,0.0,686.0
PSE,2013,46.59999847,73.9290856335225,4.93747655124452,0.45434,584.35347,45.2354836861858,99.6,3309.63120243098,38.5071487426758,0.0,10.0,0.0,802.0
PSE,2014,53.6651997924171,72.4102229180943,5.32491583787791,,,44.8451220304662,100.0,3227.84934482645,37.9565505981445,0.0,5.0,0.0,900.0
PSE,2015,56.70000076,78.0924303863817,6.07090686521149,,,46.0871831764203,99.6,3272.15432360708,39.0218696594238,0.0,9.0,0.0,902.0
PSE,2016,59.90000153,80.1510726160054,6.92212533449435,,,45.3924907557838,100.0,3483.09903532972,39.6356086730957,0.0,14.0,0.0,985.0
PSE,2017,63.29999924,84.2593832303374,7.58784526169771,,,45.5044081379083,99.6,3462.97986107136,40.6208381652832,0.0,24.0,1.0,1292.0
PSE,2018,64.3999937114499,90.2055254286487,7.50601163734241,,,46.4852162059319,100.0,3417.79440837962,42.6016883850098,0.0,37.0,3.0,1362.0
PSE,2019,70.6225837001758,86.7372172316252,7.35978367684813,,,45.6330464687168,100.0,3378.4346209191,48.7687110900879,0.0,48.0,0.0,1611.0
PSE,2020,76.18160248,80.1297988122355,7.43459365973318,,,45.3895360497376,100.0,2922.46801084844,45.9041709899902,2.0,49.0,0.0,1991.0
PSE,2021,,78.1621094563592,8.01282694120497,,,44.2081176768623,100.0,3051.48607007995,46.231843774942,3.0,71.0,0.0,2234.0
PSE,2022,88.64690554,76.5666403406424,7.93673083556539,,,45.7982801281791,100.0,3099.9609010368,46.8563003540039,2.0,104.0,1.0,2677.0
PSE,2023,86.63765334,76.6918854204372,8.37056926326656,,,44.4904623709098,100.0,2997.22694077849,,1.0,149.0,2.0,3126.0
PSE,2024,,,8.16158042217888,,,,100.0,2258.20698667764,45.8946585036775,6.0,221.0,1.0,3173.0
PSS,1990,,0.0,,,,6.1402997970581,,3000.11583238234,,,,,
PSS,1991,,0.0,,,,7.41555023193359,,2942.17295488452,,,,,
PSS,1992,,0.0,,,,7.51308012008667,,3038.88463091636,,,,,
PSS,1993,,0.0081945047656551,,,,7.58362007141113,,3052.3037176677,,,,,
PSS,1994,,0.109954852510803,,,,7.66329002380371,,3156.71103860772,,,,,
PSS,1995,,0.192765353553351,,,,7.77312994003296,,3253.23144011761,,,,,
PSS,1996,,0.287362978883286,,,,7.91181993484497,,3306.90700272635,,,,,
PSS,1997,,0.423712545622257,,,,8.19550037384033,,3218.99162163459,,,,,
PSS,1998,,0.60026781885315,,,,8.41001987457275,,3214.95114446164,,,,,
PSS,1999,,1.45891137280013,,,,8.68115043640137,41.0537053171069,3301.11528326904,,,,,
PSS,2000,,3.03580011919588,,,,8.57024955749512,54.6832970850153,3208.21888491744,,,,,
PSS,2001,,4.27369867901655,,,,8.64962959289551,56.1041355188118,3193.57852227137,,,,,
PSS,2002,,5.06630129977047,,,,8.9496603012085,42.3734653443575,3214.36683920705,,,,,
PSS,2003,,7.17756918939943,,,,9.11674976348877,43.8783043461514,3236.8833823393,,,,,
PSS,2004,,9.67124807702072,,,,9.18844985961914,45.1074483162316,3326.36724848114,,,,,
PSS,2005,,13.8876801442142,0.419182894721708,,,9.26836967468262,47.3252118554655,3370.06060523234,,,,,
PSS,2006,,19.272443863737,0.506782549118151,,,10.448320388794,46.1665774440234,3412.7724072437,,,,,
PSS,2007,,34.2380999316119,0.672179734207859,,,11.6148996353149,68.6983952371328,3380.41609757067,,,,,
PSS,2008,,38.11040366351,0.803274287866132,,,12.749059677124,53.6432166415697,3413.03941195594,,,,,
PSS,2009,,45.8526566668153,0.833326997659935,,,13.8834295272827,49.8802438783922,3363.38936959225,,,,,
PSS,2010,,52.8508394409988,1.3721164755374,,,14.9991502761841,60.4618512519708,3443.97974761278,,,,,
PSS,2011,,60.6118982077145,1.48663887450763,,,15.9915399551392,61.8889874948468,3527.86024214419,,,,,
PSS,2012,,66.9014779275342,0.948134868721964,,,16.9056892395019,63.3594568080637,3517.62486668208,,,,,
PSS,2013,,69.5236648334447,0.944149071158083,,,17.8391304016113,61.9703773862086,3584.67594496285,,,,,
PSS,2014,,72.2805965843785,1.19764330388672,,,18.7202606201172,67.5806929093271,3664.67145222981,,,,,
PSS,2015,,77.2484130709622,1.20074818997026,,,19.5440101623535,70.8689904221609,3761.06673610832,,,,,
PSS,2016,,83.781590361882,1.16344521409972,,,20.3001098632812,71.9696460816672,3851.98445284976,,,,,
PSS,2017,,83.6290582383162,1.07784508596654,,,21.0051193237305,76.0764101524215,3950.29303336273,,,,,
PSS,2018,,86.8609752052671,1.23466897689513,,,21.6747703552246,76.5813064460323,4006.76552928832,,,,,
PSS,2019,,81.0742061939604,1.67879461190218,,,22.1763496398926,79.2326636844663,4011.32445225678,,,,,
PSS,2020,,77.0756422471147,1.61253535966431,,,23.8909606933594,81.8032144370647,3563.03524602951,,,,,
PSS,2021,,76.1797159429208,1.67904879323406,,,25.3326797485352,80.4202449672094,3430.07442035851,,,,,
PSS,2022,,,,,,26.6385803222656,80.468229869451,3673.22544665674,,,,,
PSS,2023,,,,,,27.8527202606201,84.5719077254157,3890.39488708922,,,,,
PSS,2024,,,,,,29.3007507324219,83.7875893057625,3983.82503549085,,,,,
PST,1990,,1.1040846977142,,,,,99.9919827078414,27869.6962653647,,,,,
PST,1991,,1.56273693611048,,,,,99.9908943455001,27954.843579235,,,,,
PST,1992,,2.16508300956728,,,,,99.9913657103992,28299.500644809,,,,,
PST,1993,,3.09228404694628,,,,,99.9939862037354,28453.3310822845,,,,,
PST,1994,,4.88893202138262,,,,,99.9970525847149,29214.4762459948,,,,,
PST,1995,,7.72433649001175,,,,,99.999055030001,29872.6056503117,,,,,
PST,1996,,12.033988868736,,2.16202439244706,2941.93664915727,,99.9990785433298,30579.9957814844,,,,,
PST,1997,,16.9024654201737,,2.19097859193762,2967.74673120408,,99.9991020221132,31478.7787171253,,,,,
PST,1998,,23.9127933988242,,2.19379735325728,3053.07779922673,,99.9991283116097,32183.2043032491,,,,,
PST,1999,,34.4982405896016,,2.26088721724784,3139.73026706188,59.2588806152344,99.9991573063416,33162.2292971316,,,,,
PST,2000,,47.7501588606733,1.72303273859002,2.31961096604645,3205.72597053669,60.9504508972168,99.2279145896236,34342.7799306961,,,,,
PST,2001,,56.0479656958126,3.74131155363041,2.3517442368539,3290.09835998755,63.4118690490723,99.2513666036534,34691.794045547,,,,,
PST,2002,,61.054116228629,6.16668387913375,2.29570812575103,3326.78897106752,66.2143707275391,99.2391151101211,35047.3561038522,,,,,
PST,2003,,66.8564141915149,8.74178611921335,2.28384918363542,3457.6252249319,68.0389709472656,99.3214012511074,35572.4811697497,,,,,
PST,2004,,74.0082673061117,12.0453610173025,2.2343917279891,3528.80182970869,69.8123016357422,99.3605856833849,36518.8922234369,,,,,
PST,2005,,82.2579375580194,15.3938751779671,2.25414106105663,3592.99987870836,70.7085113525391,99.4390919500037,37354.0516891453,,,,,
PST,2006,,90.7729189218259,18.8676984834062,2.28354220943801,3593.75625000178,72.5484390258789,99.4399430657779,38248.3840891561,,,,,
PST,2007,,98.5898421898302,21.7811150109283,2.29611504229614,3625.75691387844,73.6274032592773,99.4969466135792,39009.2237757324,,,,,
PST,2008,,102.401180455108,23.7996095643025,2.37889719617595,3749.83514107074,74.382568359375,99.5204079084949,38915.530644621,,,,,
PST,2009,,104.363507161515,25.2707320614476,2.4458723833045,3800.93730071714,75.7163009643555,99.5670008945296,37403.0656560604,,,,,
PST,2010,,105.077941509801,26.7752217942825,2.4160634204027,3810.84503601696,76.129638671875,99.6082554579443,38308.9980746451,,,,,
PST,2011,,108.610353256758,27.9556291852532,2.444440037067,3859.0795058041,76.8018493652344,99.6539487554755,38818.0285097988,,,,,
PST,2012,,111.020343445871,28.90336191937,2.46521683370531,3897.63631091395,76.9093017578125,99.6748449685202,39139.8614954799,,,,,
PST,2013,,112.76243350235,29.8836887718954,2.45544899036706,3981.86120309395,76.8820114135742,99.7209916826104,39581.7331829371,,,,,
PST,2014,,114.286565073617,30.6909954625664,2.53974740010783,4074.74328825651,77.3907699584961,99.7660590943979,40234.9561373078,,,,,
PST,2015,,114.828386879561,31.8586840766875,2.55813343457579,4156.93581306554,77.5960006713867,99.8021804971883,40960.9089975197,,,,,
PST,2016,,115.999792347336,32.8367051980785,2.60341427284485,4171.23318257141,78.0374298095703,99.8524709381456,41508.8826356411,,,,,
PST,2017,,117.106881888307,33.6833696539772,2.62454254829446,4313.50777671381,78.2045822143555,99.9006473464404,42376.9506490702,,,,,
PST,2018,,118.571319766921,34.4096802692823,2.73396900584431,4476.60494594888,78.5094528198242,99.9401938170169,43192.4790062502,,,,,
PST,2019,,120.325840291568,35.383484619994,2.79305741904112,4598.12641148908,79.4663619995117,99.9810985310402,43829.7166795611,,,,,
PST,2020,,120.082259897927,36.7231308182618,3.00978778780676,4680.20271517938,80.1040878295898,99.9915590953889,41980.2062171255,,,,,
PST,2021,,122.464288181858,37.5619670210331,2.97151446683273,4922.71625301898,81.0674819946289,99.9959512958638,44440.6342345946,,,,,
PST,2022,,124.353057874527,39.0196852558533,3.02511266035915,5053.27234557678,79.975341796875,99.9967810903918,45677.3513142375,,,,,
PST,2023,,,,3.02512839178151,,81.2349395751953,100.0,46338.3245846606,,,,,
PST,2024,,,,,,80.2341079711914,100.0,46868.8115104791,,,,,
PYF,1990,0.0,0.0,,,,,100.0,25307.7045477138,,,,,
PYF,1991,,0.0,,,,,100.0,25731.776022059,,,,,
PYF,1992,,0.0,,,,1.45677995681763,100.0,24899.5108111715,,,,,
PYF,1993,,0.0,,,,,100.0,24158.449666239,,,,,
PYF,1994,,0.0,,,,,100.0,23373.7127446694,,,,,
PYF,1995,,0.496876161,,,,,100.0,22928.4986555237,,,,,
PYF,1996,0.091,1.156091484,,,,,100.0,22434.729936296,,,,,
PYF,1997,0.214,2.270369317,,,,,100.0,22051.9807859615,,,,,
PYF,1998,1.32,4.553651567,,,,,100.0,22071.0627604129,,,,,
PYF,1999,3.45,8.884576272,,,,,100.0,22136.2587286349,,,,,
PYF,2000,6.3570635452072,16.6016884624506,,,,,100.0,22498.8285530328,,0.0,0.0,0.0,42.0
PYF,2001,6.25158894552365,27.5710066080288,0.0102418300921355,,,,100.0,22076.5919162624,,0.0,0.0,0.0,41.0
PYF,2002,8.20021648571522,21.0876803551609,0.0129149429926344,,,,100.0,21932.9195333418,,0.0,0.0,0.0,42.0
PYF,2003,14.1242937853107,23.8836101209282,0.375938355647222,,,,100.0,22055.6419702196,,0.0,0.0,0.0,45.0
PYF,2004,17.8845374263753,37.5507521885048,1.7801403459363,,,,100.0,21919.9410589378,,0.0,0.0,0.0,54.0
PYF,2005,21.5421854743002,46.2415272035051,4.2388066603213,,,,100.0,21661.4244664054,,0.0,0.0,0.0,74.0
PYF,2006,25.1079642462589,57.745713710428,6.92720620918385,,,,100.0,21545.5997136473,,0.0,0.0,0.0,76.0
PYF,2007,28.59,65.6238974920995,8.85759538804525,,,,100.0,21648.532237682,49.5688514709473,0.0,0.0,0.0,74.0
PYF,2008,33.87,69.7319835009446,10.3104192205799,,,,100.0,21493.4178311249,,0.0,0.0,0.0,87.0
PYF,2009,44.6,77.2822573762158,11.1436427800105,,,,100.0,20499.7723032831,,0.0,0.0,0.0,118.0
PYF,2010,49.0,79.7878631088772,11.9177322788085,,,,100.0,19913.0252687915,,0.0,0.0,0.0,142.0
PYF,2011,49.0,82.0039966584108,13.2485914171209,,,,100.0,19241.6437951625,,0.0,1.0,0.0,167.0
PYF,2012,52.8766305867993,83.3446851518214,14.7207452651931,,,,100.0,18968.4422157904,,0.0,1.0,0.0,208.0
PYF,2013,56.8,88.5949011385807,16.3434378730963,,,,100.0,18930.1268887012,,0.0,0.0,0.0,197.0
PYF,2014,60.68,92.3064398832072,17.996504900737,,,,100.0,18928.1858620128,,0.0,1.0,0.0,260.0
PYF,2015,64.560209747212,96.5695695047253,18.6809469312546,,,,100.0,19166.9594761931,,0.0,0.0,0.0,317.0
PYF,2016,68.440419493378,100.334195387889,19.8593728732207,,,,100.0,19516.0718353276,,0.0,1.0,0.0,358.0
PYF,2017,72.7038953132942,102.767711461082,20.5950294015788,,,,100.0,20287.7685831663,,0.0,3.0,0.0,258.0
PYF,2018,,108.168968782946,21.3676893661884,,,,100.0,20674.4206829029,,0.0,6.0,0.0,408.0
PYF,2019,,113.964606463728,22.219514467771,,,,100.0,21289.8751241139,,0.0,6.0,1.0,464.0
PYF,2020,,119.981805744084,22.9218972167803,,,,100.0,19026.790444196,,0.0,2.0,0.0,397.0
PYF,2021,,115.413592954766,26.724495339395,,,,100.0,19626.2332540206,,0.0,2.0,0.0,413.0
PYF,2022,,116.866159256432,27.914458338386,,,,100.0,20160.4994298379,,0.0,2.0,0.0,390.0
PYF,2023,,118.777524029055,35.5533975056738,,,,100.0,20664.9770259225,,0.0,9.0,0.0,442.0
PYF,2024,,,,,,,100.0,20846.6514059991,,0.0,5.0,0.0,387.0
QAT,1990,0.0,0.862851644,,,,17.9684505462646,100.0,42210.1309227872,,,,,
QAT,1991,,0.888745767,,,,17.2565193176269,100.0,40169.0307706643,,,,,
QAT,1992,,0.898167382,,,,16.9536304473877,100.0,43310.767958526,,,,,
QAT,1993,,0.882437659,,,,18.6690902709961,100.0,41423.720599232,,,,,
QAT,1994,,2.303458083,,,,18.9698295593262,100.0,40756.9289476104,,,,,
QAT,1995,0.19,3.585287683,,,,20.5342998504639,100.0,40528.4858249639,,,,,
QAT,1996,0.93,5.43620788,,,,22.4816493988037,100.0,41126.2109141166,,,,,
QAT,1997,3.08,7.896242401,,,,23.9278392791748,100.0,51382.616690416,,,,,
QAT,1998,3.52,11.31778649,,,,21.5736999511719,100.0,54189.9837433703,,,,,
QAT,1999,4.07,13.75586579,,,,19.7645206451416,100.0,53562.7696068249,,,,,
QAT,2000,4.86367917875156,18.7376838984851,,,,,100.0,54948.2228055384,,0.0,1.0,0.0,403.0
QAT,2001,6.17026856093911,26.2461186709444,,,,18.6874694824219,100.0,54316.5419511925,,0.0,2.0,0.0,569.0
QAT,2002,10.2261289281118,37.50015818224,0.0320582673068946,,,17.2873592376709,100.0,55493.6049997751,,0.0,4.0,0.0,500.0
QAT,2003,19.242336421002,50.5631934167873,0.40164795174316,,,15.7512302398682,100.0,54970.419888684,,0.0,1.0,0.0,561.0
QAT,2004,20.701647851169,63.4052386297218,1.41142484728422,,,16.8915996551514,100.0,63107.0086346445,40.9715309143066,0.0,4.0,0.0,635.0
QAT,2005,24.73349953,86.8374185857176,3.10258684190122,,,14.7242298126221,100.0,63555.6239820478,,0.0,8.0,0.0,687.0
QAT,2006,28.97410011,94.5460208402076,4.80792655661672,,,12.8355398178101,100.0,68036.6212164734,,0.0,13.0,0.0,777.0
QAT,2007,37.0,104.601293237189,7.25412565830572,,,11.8196697235107,100.0,64614.0465071968,49.303279876709,0.0,11.0,0.0,903.0
QAT,2008,44.29999924,100.178564170272,7.4408979226848,,,11.3421602249146,100.0,64393.5954479866,50.8288383483887,0.0,11.0,0.0,1185.0
QAT,2009,53.09999847,122.869392515999,9.12707669997793,,,10.1654901504517,100.0,63939.8050831437,43.3920783996582,0.0,10.0,0.0,1330.0
QAT,2010,69.0,127.920073904667,8.52940126805712,,,9.64273278083432,100.0,74271.9022959058,39.9161911010742,0.0,24.0,0.0,1707.0
QAT,2011,69.0,127.128026726304,9.08920732212375,,,12.6008552690979,100.0,83533.4963791019,41.1102294921875,0.0,17.0,0.0,2121.0
QAT,2012,69.3,136.39488295684,9.70716531812154,0.4786,647.4387,12.2866942772156,100.0,82441.7405083009,41.3436889648438,2.0,42.0,0.0,2824.0
QAT,2013,85.3,162.859698293993,10.6013309777772,,,14.8707295209095,100.0,77379.6735599552,46.0668983459473,0.0,45.0,0.0,3317.0
QAT,2014,91.48999786,149.020182367971,10.163849886313,,,17.3063613126932,100.0,71756.0649338302,43.9633407592773,2.0,74.0,0.0,4259.0
QAT,2015,92.8848264535481,154.098019594361,9.79569741415571,0.51883,643.91403,15.9339905308662,100.0,68985.2946961507,,1.0,90.0,1.0,4803.0
QAT,2016,95.1246621661148,140.517748133011,9.7607422100415,,,14.8163562584538,100.0,67294.4585771356,41.0125503540039,0.0,110.0,1.0,5634.0
QAT,2017,97.3888491654164,147.358360281803,9.47866948386398,,,16.7774362605473,100.0,64497.6987225375,41.3008003234863,0.0,126.0,0.0,5352.0
QAT,2018,99.6528491261175,142.911085340776,9.7027244524186,0.53129,585.61288,17.4458250857575,100.0,64410.8171280981,,1.0,173.0,1.0,5829.0
QAT,2019,99.6528042086389,140.01721278049,10.1746618292654,,,21.0931416049405,100.0,63430.4607609581,,2.0,260.0,4.0,6464.0
QAT,2020,99.65284913,135.497890935034,10.5631961475008,,,23.7649212314763,100.0,57769.604104354,,8.0,433.0,1.0,8406.0
QAT,2021,99.65280151,137.709548409191,11.0795735105944,0.68058,947.77921,31.2813974439236,100.0,65488.5117911123,,8.0,541.0,6.0,8854.0
QAT,2022,98.03800201,162.248539735277,12.6414412670206,,,35.0854901088778,100.0,64315.6263643699,51.4332084655762,17.0,675.0,6.0,8892.0
QAT,2023,98.15229797,157.82063065065,11.641102863231,,,38.2058906555176,100.0,65111.033321485,,26.0,853.0,12.0,9561.0
QAT,2024,98.08540344,153.612474384296,11.8175200751339,,,43.0178909301758,100.0,62395.3113297112,,37.0,950.0,11.0,9876.0
REU,2000,,,,,,,,,,0.0,1.0,0.0,68.0
REU,2001,,,,,,,,,,0.0,0.0,0.0,74.0
REU,2002,,,,,,,,,,0.0,0.0,0.0,109.0
REU,2003,,,,,,,,,,0.0,0.0,0.0,116.0
REU,2004,,,,,,,,,,0.0,2.0,0.0,158.0
REU,2005,,,,,,,,,,0.0,2.0,0.0,184.0
REU,2006,,,,,,,,,,0.0,3.0,0.0,206.0
REU,2007,,,,,,,,,,0.0,1.0,0.0,250.0
REU,2008,,,,,,,,,,1.0,1.0,0.0,355.0
REU,2009,,,,,,,,,,0.0,1.0,0.0,354.0
REU,2010,,,,,,,,,,0.0,2.0,0.0,358.0
REU,2011,,,,,,,,,,0.0,0.0,0.0,436.0
REU,2012,,,,,,,,,,0.0,1.0,0.0,473.0
REU,2013,,,,,,,,,,0.0,0.0,0.0,488.0
REU,2014,,,,,,,,,,0.0,5.0,0.0,504.0
REU,2015,,,,,,,,,,0.0,2.0,0.0,536.0
REU,2016,,,,,,,,,,0.0,3.0,0.0,672.0
REU,2017,,,,,,,,,,0.0,4.0,0.0,724.0
REU,2018,,,,,,,,,,0.0,4.0,0.0,670.0
REU,2019,,,,,,,,,,0.0,8.0,0.0,690.0
REU,2020,,,,,,,,,,0.0,11.0,0.0,744.0
REU,2021,,,,,,,,,,0.0,17.0,1.0,837.0
REU,2022,,,,,,,,,,0.0,18.0,1.0,902.0
REU,2023,,,,,,,,,,0.0,20.0,0.0,1014.0
REU,2024,,,,,,,,,,2.0,27.0,0.0,940.0
ROU,1990,0.0,0.0,,,,,100.0,5019.43702748333,,,,,
ROU,1991,,0.0,,,,,100.0,4409.1517208357,,,,,
ROU,1992,,0.0,,,,,100.0,4059.09860455382,,,,,
ROU,1993,0.0037,0.00352087,,,,,100.0,4126.76859277572,,,,,
ROU,1994,0.0263,0.012260979,,,,,100.0,4295.27065788629,,,,,
ROU,1995,0.075,0.04024296,,,,,100.0,4572.25803354276,,,,,
ROU,1996,0.222,0.075832364,,0.67472,1340.54887,,100.0,4764.63682106299,,,,,
ROU,1997,0.445,0.901768476,,0.57451,1264.78609,,100.0,4546.66753054721,55.564480511886,,,,
ROU,1998,2.24,2.901461931,,0.49541,1230.48005,,100.0,4463.60791806212,57.4386841032037,,,,
ROU,1999,2.7,6.150458594,,0.39832,1056.12086,,100.0,4453.78126046181,58.3215977006741,,,,
ROU,2000,3.61371729139783,11.3352549289308,,0.36626,926.23746,,93.4,4569.31124324524,59.241860178055,1.0,32.0,0.0,2766.0
ROU,2001,4.53866902895312,17.5416540126498,0.0273723664190882,0.39129,897.21217,28.0544300079346,93.7,4875.30310600635,60.2177580925204,0.0,20.0,0.0,2746.0
ROU,2002,6.58,23.4753652236468,0.072576884069498,0.37721,928.25307,33.7016906738281,94.0,5248.54994632668,52.6525993347168,0.0,102.0,0.0,4043.0
ROU,2003,8.9,32.6020066270096,0.90817354336616,0.39708,966.74922,38.9063987731934,94.3,5410.30835796252,60.0366828849929,0.0,57.0,0.0,3832.0
ROU,2004,15.0,47.7282830894066,0.487146394862043,0.38942,988.65988,41.7997398376465,94.5,6008.64048461485,60.8212788960474,0.0,22.0,0.0,4099.0
ROU,2005,21.5,62.9514625386572,1.77760384149859,0.41262,1077.55642,45.4637298583984,94.8,6328.09022324183,62.532315194077,0.0,63.0,0.0,4574.0
ROU,2006,24.66,76.018272147601,5.18165947350917,0.45682,900.56598,54.1389312744141,95.1,6876.77841417966,63.5713662897754,0.0,83.0,0.0,5734.0
ROU,2007,28.3,97.7446101992859,9.3537758838748,0.51148,897.74358,60.2831192016602,95.4,7483.97375820611,64.2720718383789,0.0,88.0,0.0,7140.0
ROU,2008,32.42,118.105626297195,12.1503515995324,0.55215,932.80168,73.4470672607422,95.8,8318.00342795388,64.7176818847656,1.0,147.0,1.0,9413.0
ROU,2009,36.6,121.98128515497,13.6687076743772,0.44393,933.38509,81.5331497192383,96.1,7924.87058070212,64.2272720336914,0.0,149.0,1.0,10263.0
ROU,2010,39.93,119.221396188263,14.6853744418104,0.44657,964.52527,75.2290267944336,96.0,7660.70667630517,64.0317611694336,2.0,187.0,2.0,12596.0
ROU,2011,40.0099967810008,115.471784331445,16.1874973837653,0.47457,789.87506,66.7865829467773,96.3,8044.57194920892,64.8616180419922,2.0,148.0,1.0,13012.0
ROU,2012,45.8799942529424,113.302350795587,17.567519569459,0.46244,891.59994,54.9534912109375,96.7,8234.28553425194,65.8382110595703,4.0,167.0,0.0,14508.0
ROU,2013,49.7645,114.190750190364,18.8919150905294,0.39022,923.69506,51.3826103210449,97.1,8287.95844089676,66.4592590332031,2.0,179.0,1.0,16797.0
ROU,2014,54.0783206550943,114.782653636732,20.1139523323465,0.38207,904.75745,51.0950393676758,97.6,8661.47397274241,62.9813003540039,1.0,182.0,3.0,19665.0
ROU,2015,55.7631556336233,116.350349219635,21.4489855804576,0.48796,876.41011,49.3609886169434,98.2,8977.01748158196,64.6631927490234,4.0,234.0,4.0,21916.0
ROU,2016,59.5039512852713,115.790771839543,22.4982986593906,0.48863,910.44851,49.911319732666,98.6,9286.87678236598,66.4230422973633,2.0,215.0,9.0,19859.0
ROU,2017,63.7472821822484,113.76679260075,24.148941859633,0.50693,887.74694,50.5108184814453,100.0,10106.2269557253,67.4450225830078,2.0,310.0,6.0,21655.0
ROU,2018,70.6812779273268,115.492130982384,25.9702175828069,0.49698,876.17129,51.9943504333496,99.9,10714.1701157127,68.3221539365843,8.0,391.0,9.0,22228.0
ROU,2019,73.6574757545465,116.252345583749,27.060557570268,0.47491,887.46612,52.4439697265625,100.0,11197.3162915853,69.1821594238281,7.0,563.0,18.0,25361.0
ROU,2020,78.45526895,116.478206049988,29.314080636148,0.46414,942.32049,53.4911117553711,100.0,10854.049431887,71.0256805419922,12.0,790.0,14.0,26923.0
ROU,2021,83.5904265,119.123068432356,31.6949603653045,0.47108,988.67695,55.2656097412109,100.0,11546.3224998072,72.1716384887695,23.0,968.0,16.0,28769.0
ROU,2022,85.50309124,121.14194294167,33.2115600895132,0.46274,998.72545,58.2390403747559,100.0,12076.3033811896,73.0307006835938,31.0,1162.0,15.0,29562.0
ROU,2023,89.20335498,123.252482585042,34.6706189336505,0.51656,1082.10503,55.1682891845703,100.0,12340.8170509969,72.767467371632,42.0,1418.0,30.0,30049.0
ROU,2024,91.29048551,119.804862328273,35.7995871488999,,,,100.0,12459.9112061891,,63.0,1812.0,36.0,28919.0
RUS,1990,0.0,0.0,,,,52.3742599487305,100.0,7849.51904296875,,,,,
RUS,1991,,0.000202709,,,,50.4663314819336,100.0,7432.021484375,,,,,
RUS,1992,0.000673,0.00404671,,,,48.4463882446289,100.0,6345.912109375,,,,,
RUS,1993,0.0134,0.006739744,,,,46.1837692260742,100.0,5798.91455078125,,,,,
RUS,1994,0.0538,0.018701789,,,,44.2100410461426,100.0,5071.74267578125,,,,,
RUS,1995,0.148,0.059723075,,,,42.86083984375,100.0,4862.646484375,,,,,
RUS,1996,0.27,0.150655806,,0.96591,3792.63573,43.8972396850586,100.0,4686.86279296875,,,,,
RUS,1997,0.473,0.328222391,,1.04374,3598.52212,45.2858200073242,100.0,4760.33935546875,,,,,
RUS,1998,0.813,0.507028324,,0.95383,3333.54675,47.279411315918,100.0,4515.50927734375,,,,,
RUS,1999,1.02,0.932935006,,0.99623,3368.95669,52.1262397766113,100.0,4819.38037109375,,,,,
RUS,2000,1.97723010897647,2.22413393473919,,1.04983,3446.16801,55.2136611938477,96.1,5323.66650390625,,0.0,60.0,2.0,30315.0
RUS,2001,2.94436778664985,5.30429993483865,,1.17694,3452.78814,60.3866996765137,96.4,5618.95556640625,,0.0,73.0,0.0,33004.0
RUS,2002,4.12827181796644,12.0657916465385,0.0075373699375426,1.24652,3375.24439,65.0104217529297,96.6,5910.171875,89.20947265625,0.0,140.0,2.0,37980.0
RUS,2003,8.29886061553908,24.7850242412544,0.235263084384499,1.28604,3335.95046,69.0352096557617,96.8,6370.45361328125,,0.0,108.0,1.0,36419.0
RUS,2004,12.8593889008473,50.7798407105349,0.464939763747368,1.15133,3283.69795,69.818717956543,97.0,6856.67822265625,,0.0,70.0,3.0,35571.0
RUS,2005,15.22669983,82.9887662809782,1.09890958017062,1.06797,3206.1882,72.2228012084961,97.2,7323.38525390625,,0.0,95.0,0.0,35862.0
RUS,2006,18.02330017,104.559970556605,2.01245015473243,1.07294,3218.09388,73.4398880004883,97.4,7949.89697265625,,1.0,97.0,0.0,40307.0
RUS,2007,24.66,119.004783019107,3.40609484108427,1.11611,3259.50421,76.1305465698242,97.6,8640.40625,,1.0,133.0,2.0,42244.0
RUS,2008,32.0,138.738465483788,6.45287620268262,1.04435,3137.57879,77.5339736938477,97.8,9093.7001953125,,0.0,118.0,2.0,46403.0
RUS,2009,42.55,159.902264510778,8.96648212209969,1.25192,3075.23481,77.8685607910156,98.0,8381.8681640625,,1.0,119.0,1.0,57211.0
RUS,2010,49.0,165.137115700538,10.907741936582,1.1302,3071.56116,,100.0,8755.1201171875,84.987907409668,2.0,124.0,2.0,49498.0
RUS,2011,58.0,141.451225637367,12.2426736632818,1.01545,3109.37401,80.1629736412764,99.6,9120.8203125,92.1724335105898,0.0,162.0,1.0,52640.0
RUS,2012,66.0,144.198197519265,14.5007601269515,1.02766,3075.21492,80.5323453975492,100.0,9464.0107421875,92.8374751815593,1.0,161.0,4.0,57210.0
RUS,2013,67.97,150.964167004451,16.4209357330938,1.02732,3050.2782,82.8009567260742,100.0,9601.537109375,93.4150971196574,1.0,200.0,3.0,67569.0
RUS,2014,70.5175682574413,152.512941154001,17.2161049931,1.07241,3072.93883,84.5181387513356,100.0,9493.8125,93.7110998608766,2.0,284.0,4.0,78683.0
RUS,2015,70.0992412263947,156.4185651494,18.4996930924804,1.10085,3096.02745,84.2355651240256,96.6,9277.7138671875,94.0891738987487,2.0,421.0,4.0,97077.0
RUS,2016,73.091434617897,157.173982310184,18.8797858276626,1.10238,2946.99732,83.860044350614,100.0,9269.3173828125,94.5656647529988,5.0,698.0,2.0,111465.0
RUS,2017,76.0081385339105,155.485765168167,21.2763636749444,1.10967,2811.96725,81.7051021681418,100.0,9418.99609375,91.3463863694083,8.0,952.0,9.0,118102.0
RUS,2018,80.8647218726954,156.682905991229,21.8962972283043,0.99001,2772.63667,81.5681115998523,100.0,9674.787109375,91.5161323845422,19.0,1646.0,18.0,139720.0
RUS,2019,82.6421618670668,163.646302441755,22.4233442134941,1.03531,2734.68619,80.9520697471091,100.0,9882.0244140625,91.4410954486241,39.0,2699.0,61.0,172200.0
RUS,2020,84.99466978,163.101112466044,23.1557041794102,1.09099,2710.16353,57.2232854739754,100.0,9632.3251953125,91.8141153254704,94.0,3871.0,89.0,197556.0
RUS,2021,88.21384578,169.07261384221,23.7409106485411,0.96602,2647.79283,54.9542479280814,100.0,10231.318359375,92.1767807006836,121.0,4917.0,118.0,217410.0
RUS,2022,90.41799163,168.475831268436,24.6345568628262,0.91494,2657.93662,53.9151941239211,100.0,10119.115234375,91.9972550280771,166.0,4612.0,97.0,190608.0
RUS,2023,92.24496346,180.841776534047,25.8238695549039,0.93518,2652.98533,93.7277679443359,100.0,10560.4658203125,92.6996595179214,160.0,5176.0,104.0,176325.0
RUS,2024,94.36495368,186.103787309059,27.1333512124875,0.93706,2638.56451,60.3891235376867,100.0,11092.6337890625,92.9073594394634,239.0,6022.0,123.0,155318.0
RWA,1990,0.0,0.0,,,,0.576889991760254,,365.724969994263,,,,,
RWA,1991,,0.0,,,,,,349.345634840907,,,,,
RWA,1992,,0.0,,,,,,362.337679403993,,,,,
RWA,1993,,0.0,,,,,,320.530460792077,,,,,
RWA,1994,,0.0,,,,,,187.38014700737,,,,,
RWA,1995,,0.0,,,,,,303.318867879127,,,,,
RWA,1996,0.000883,0.0,,,,,,289.237930832775,,,,,
RWA,1997,0.00163,0.0,,,,,,284.862132396583,,,,,
RWA,1998,0.0118,0.063174027,,,,,,297.571387031591,,,,,
RWA,1999,0.0672,0.137335421,,,,0.705209970474243,,307.99726200079,,,,,
RWA,2000,0.0628314595107164,0.474803111932642,,,,1.12785005569458,,331.096659537835,,2.0,2.0,0.0,111.0
RWA,2001,0.240672409832383,0.784352150464324,,,,1.54308998584747,,356.017640545099,,2.0,2.0,0.0,151.0
RWA,2002,0.292784718792575,0.980824220433372,,,,1.87186002731323,,397.558649363458,,0.0,0.0,0.0,122.0
RWA,2003,0.356918467272361,1.52232331319601,,,,2.34143996238708,0.6,397.480382602602,,0.0,0.0,0.0,129.0
RWA,2004,0.43085424337006,1.55691764536154,0.0130205320634005,,,2.73148989677429,1.8,415.943819000396,,0.0,3.0,2.0,153.0
RWA,2005,0.555999994,2.46261318094107,0.0130321536362801,,,2.85111999511719,0.7,443.00802474736,,0.0,2.0,0.0,143.0
RWA,2006,,3.37877931178506,0.0183240662737603,,,3.64229989051819,4.0,471.150850642442,,0.0,0.0,0.0,166.0
RWA,2007,2.115400076,6.650695873992,0.0266284590687704,,,3.88545989990234,5.2,493.803359157317,,0.0,2.0,2.0,203.0
RWA,2008,4.5,13.4904193265199,0.0114235951706343,,10.72696,4.18300008773804,1.5,534.678298622161,,0.0,0.0,0.0,197.0
RWA,2009,7.7,24.1465972832976,0.0220070072537641,,12.40437,5.0719199180603,7.6,553.621518556047,,0.0,2.0,0.0,248.0
RWA,2010,8.0,34.395374562166,0.038206733709049,,,5.77316665562353,2.6,579.419162804581,,0.0,0.0,0.0,255.0
RWA,2011,7.0,42.049425685328,0.0817592046252728,,,6.83723020553589,1.1,610.376236415572,,0.0,0.0,0.0,322.0
RWA,2012,8.023900032,52.5466576287262,0.0507668537320886,,,6.70938666027303,7.3,647.436613845487,8.41629981994629,0.0,2.0,2.0,462.0
RWA,2013,9.0,60.2988640030865,0.0250690955113609,,15.33961,6.23149117030345,5.8,661.893969452494,,0.0,1.0,0.0,483.0
RWA,2014,10.60000038,68.1670448387062,0.0256670688163416,,,7.35861774339014,9.2,682.709499066795,8.45808029174805,0.0,3.0,0.0,679.0
RWA,2015,12.45600033,75.2543165296423,0.181485911280924,,,7.53124856448318,12.5,725.691418696952,7.52117013931274,0.0,1.0,2.0,688.0
RWA,2016,14.63710022,74.8502057565523,0.182235644842436,0.64945,13.73163,7.57807264441764,19.0,748.798132068173,,0.0,1.0,0.0,586.0
RWA,2017,17.2,72.2764598764471,0.178494450936973,,,7.34488296090452,23.6,765.845359390541,14.5475073736572,0.0,3.0,0.0,674.0
RWA,2018,19.16659927,77.679469147812,0.0600656822760033,,,6.76094647714264,28.0,808.704812752127,9.85904026031494,0.0,9.0,1.0,837.0
RWA,2019,21.3579998,75.5985451901883,0.0695438976971303,0.75853,58.74162,6.3142892660234,38.3,863.872077583172,15.3399355819435,2.0,20.0,2.0,1014.0
RWA,2020,23.8,81.2378724761376,0.135352981978881,,,7.56709586345553,34.9,821.257133282758,10.962080001831,1.0,23.0,1.0,1537.0
RWA,2021,24.4416008,81.6381635400584,0.238872174708692,,,,38.2,871.041835304187,15.8195775844715,4.0,58.0,3.0,1810.0
RWA,2022,28.01679993,80.5952224850433,0.349951615372613,,,7.41325884733851,38.2,935.89483254264,13.4574298858643,7.0,82.0,3.0,1989.0
RWA,2023,28.80579948,91.4622704078141,0.445556123195211,0.78149,133.11989,8.88624308383425,57.9,993.911004643524,14.627225494085,21.0,123.0,6.0,2227.0
RWA,2024,31.70330048,93.201462876722,0.595648307197658,,,9.41173924647801,65.2,1043.15961499906,16.2810727540809,26.0,174.0,8.0,2992.0
SAS,1990,,0.0002637314087698,,,,,,543.339636497627,,,,,
SAS,1991,,0.0008829979973271,,,,,,539.975756355243,,,,,
SAS,1992,,0.0013748852223014,,,,,,557.346083105101,,,,,
SAS,1993,,0.0025580305889457,,,,,39.5803384393815,572.21718916658,,,,,
SAS,1994,,0.0044093944702563,,,,,32.9241937450199,596.466356439365,,,,,
SAS,1995,,0.0134702643590395,,,,,34.7094836201833,626.757959530257,,,,,
SAS,1996,,0.0362514508452175,,0.623488631237301,154.675615188746,,36.1339792308437,657.930640222156,,,,,
SAS,1997,,0.0874085232305301,,0.68669,,,37.6157360897892,672.358162095982,,,,,
SAS,1998,,0.121395926439991,,0.70378,116.49341,,40.0768307388465,698.977290576909,,,,,
SAS,1999,,0.185814386759095,,0.72413,,9.23464012145996,43.8688253436735,742.115275298079,,,,,
SAS,2000,,0.327706654002566,,0.736011405769646,111.021125572941,9.22157001495361,45.2711362901904,758.133172433103,,,,,
SAS,2001,,0.593067077477571,0.004583969545547,0.73591,,9.43124008178711,47.2753060764815,778.357238654588,,,,,
SAS,2002,,1.14862608034088,0.007442945717039,0.72567,,9.87176036834717,48.3047209482436,793.587791994034,,,,,
SAS,2003,,2.63223408158974,0.0126895364523067,0.71929,,10.3095397949219,51.899055660489,838.605352866225,,,,,
SAS,2004,,4.16208109336284,0.021733187308294,0.740626265197392,,10.5721397399902,50.4761168883182,887.193101541892,,,,,
SAS,2005,2.1,7.58727388098178,0.100995855641243,0.82411,135.14649,10.4651298522949,55.9959155561047,940.169908937804,,,,,
SAS,2006,2.6,14.6325867593635,0.165700706915966,0.78632736913797,,11.3078498840332,55.5908853081955,999.335555352338,,,,,
SAS,2007,3.7,21.8458687959642,0.20795846846557,0.80507,,12.8670997619629,60.0472461056035,1059.31634784168,,,,,
SAS,2008,4.1,31.2158073477115,0.349097245827315,0.826499370275791,,14.7031297683716,63.0944228607208,1081.29827128245,,,,,
SAS,2009,4.9,43.0204317955014,0.529235666162965,0.827694335291312,,15.8038501739502,63.5804133159791,1145.46231054376,,,,,
SAS,2010,7.1,57.6291791693912,0.753262837507806,0.762064289662439,155.309017011634,17.6207408905029,65.4697208890479,1222.51823005713,,,,,
SAS,2011,9.4,67.2807573132345,0.934407983198297,0.75502,,21.8057098388672,69.5079419297212,1272.07513801273,,,,,
SAS,2012,10.4,66.3926203399348,1.03706450536129,0.74399,,23.1186695098877,70.573074261638,1326.51107387395,,,,,
SAS,2013,11.7,68.7336008576658,1.08906977786143,0.682172287887328,,22.6903400421143,73.8912785854177,1392.20217832083,,,,,
SAS,2014,13.0,72.4889791719549,1.23808459681213,0.678025269824795,,24.041389465332,76.2262841749626,1475.21676492149,,,,,
SAS,2015,14.7,74.4,1.4,0.670154902767671,212.609130741671,25.3642196655273,81.4025363045187,1570.54142452744,,,,,
SAS,2016,16.7,81.8,1.6,0.649546154608078,,25.5159492492676,83.4714021385025,1676.35409771736,,,,,
SAS,2017,18.8,84.8,1.6,0.647201451866441,,26.079870223999,87.6922741949142,1770.26291313502,,,,,
SAS,2018,20.9,85.5,1.7,0.64176002005904,247.697205482982,26.8766307830811,92.6372386562574,1863.72112635371,,,,,
SAS,2019,29.7,83.9,1.7,0.65942,,27.6625595092773,93.3714324437154,1920.39706306333,,,,,
SAS,2020,42.5,86.3,2.23,0.629398082170943,256.825157725473,28.2194099426269,95.2834463102927,1806.99045379049,,,,,
SAS,2021,48.0,86.2,2.6,,,29.8268604278564,99.225480726567,1957.51785298129,,,,,
SAS,2022,54.2,85.0,3.06,,,30.9421100616455,99.075948466226,2079.70096039385,,,,,
SAS,2023,58.3,85.3,3.5,,,32.438419342041,99.203337716228,2201.34248982502,,,,,
SAS,2024,62.8,83.4,3.86,,,32.7833213806152,99.8174261769095,2329.35958665331,,,,,
SAU,1990,0.0,0.092791133,,,,16.3262596130371,100.0,25918.9650837526,,,,,
SAU,1991,,0.092054437,,,,17.2099800109863,100.0,26742.682261559,,,,,
SAU,1992,,0.091590067,,,,17.4679698944092,100.0,26709.0328186878,,,,,
SAU,1993,,0.089149328,,,,19.5948505401611,100.0,25649.064468644,,,,,
SAU,1994,,0.086887032,,,,19.4799900054932,100.0,24808.6528928409,,,,,
SAU,1995,0.011,0.084748378,,,,21.5111103057861,100.0,23876.246129794,,,,,
SAU,1996,0.0267,0.982654552,,,,22.0051803588867,100.0,23699.1352161738,,,,,
SAU,1997,0.0521,1.665471568,,,,22.6720199584961,100.0,23406.0346643453,,,,,
SAU,1998,0.101,3.064200995,,,,23.2514591217041,100.0,23179.8581162861,,,,,
SAU,1999,0.494,3.982111086,,,,27.5408992767334,100.0,22214.4256445476,,,,,
SAU,2000,2.21069180908888,8.50478825139905,,,,28.3759498596191,100.0,22247.8566987439,30.0666007995606,0.0,15.0,1.0,2005.0
SAU,2001,4.6810531658103,14.8382201294882,0.0821528892261591,,,27.2377300262451,100.0,21193.0922894351,,0.0,15.0,0.0,1806.0
SAU,2002,6.38470501955932,27.9604163049225,0.194194488163918,,,25.1049709320068,100.0,20025.4319998275,,0.0,49.0,0.0,2503.0
SAU,2003,8.00158289090878,38.5283109116113,0.244757386941564,0.06233,,26.6230297088623,100.0,20765.9387688082,,0.0,18.0,0.0,2281.0
SAU,2004,10.2345329969583,46.6497538318247,0.349272070232665,0.05315,,26.2631301879883,100.0,21545.894988606,34.1683006286621,3.0,28.0,0.0,2464.0
SAU,2005,12.7050359882849,68.8923141125755,0.329758573611046,0.0423,,25.1983699798584,100.0,21838.1915349374,,2.0,26.0,0.0,2295.0
SAU,2006,19.4595543513634,91.8023570744481,1.01670411457232,0.04245,,24.5137691497803,100.0,21616.3355772516,,0.0,35.0,0.0,2631.0
SAU,2007,30.0,126.96531919953,2.78570851543431,0.04521,,24.3000392913818,100.0,21196.7926036633,,0.0,28.0,0.0,2815.0
SAU,2008,36.0,154.586869382726,4.50061635073047,0.04902,,24.4659805297852,100.0,21629.8405734551,,0.0,33.0,0.0,3370.0
SAU,2009,38.0,185.254752586687,5.93665265842843,0.07338,,25.0353107452393,100.0,20577.5453445336,,1.0,70.0,0.0,4594.0
SAU,2010,41.0,204.969243706992,6.80363036670959,0.884,,29.3244802795728,100.0,21830.1424272816,,0.0,96.0,1.0,6961.0
SAU,2011,47.5,206.851813084871,7.47522997420673,0.88541,,28.9419498443604,100.0,23314.5576023168,,3.0,105.0,3.0,10393.0
SAU,2012,54.0,195.843368612361,9.38625903064258,0.85824,,36.0444107055664,100.0,23643.0358324647,,1.0,133.0,0.0,13514.0
SAU,2013,60.5,189.475618447684,,0.79069,,43.163501739502,100.0,23057.3494468535,48.8905792236328,4.0,187.0,2.0,16411.0
SAU,2014,64.713657369019,181.856566741136,,,,53.1803840195563,100.0,23404.7306039825,,2.0,226.0,2.0,20164.0
SAU,2015,69.6162358014004,176.134029034522,21.1361804985218,,,57.0892771397236,100.0,23256.1549553531,,3.0,337.0,4.0,22956.0
SAU,2016,74.8792746891625,156.041476006361,20.82681485606,,,63.9826623355369,100.0,22783.0328538685,,6.0,318.0,5.0,24569.0
SAU,2017,94.1755996113911,130.629718239662,21.6139435772426,,,70.7471342981424,100.0,23035.1199977707,53.8799896240234,12.0,464.0,0.0,26475.0
SAU,2018,93.3100018480347,136.046169550913,22.4661479201746,,,73.1971736383918,100.0,24393.5188306638,56.6075261132493,6.0,696.0,9.0,29356.0
SAU,2019,95.7247355953812,135.526154774497,22.3213703520821,,,77.9664942011008,100.0,24905.6697428558,56.8663981871088,22.0,1199.0,3.0,35118.0
SAU,2020,97.8623325,139.444194606554,25.4596763527151,0.47618,512.05775,73.7510866368859,100.0,22827.671935548,62.2887687683105,42.0,2220.0,17.0,49017.0
SAU,2021,100.0,145.003757775499,33.7973610185654,0.39379,794.29927,74.3924865722656,100.0,24922.6716948944,63.3182887963145,96.0,3558.0,29.0,59229.0
SAU,2022,100.0,149.79788255308,41.8230078726101,0.41439,958.18871,73.7492065429688,100.0,26706.917926066,64.6558232338882,196.0,5568.0,49.0,68574.0
SAU,2023,100.0,157.775388696083,43.5732045642216,0.49487,1120.62603,,100.0,25634.8237547841,,279.0,6567.0,62.0,74114.0
SAU,2024,100.0,159.541370566589,44.0705800179885,0.63522,1234.71384,83.884129573915,100.0,25123.0122060281,76.0118713378906,381.0,8506.0,99.0,85040.0
SDN,1990,0.0,0.0,,,,,19.4548132165178,764.450439453125,,,,,
SDN,1991,,0.0,,,,,11.2197237237857,805.367309570313,,,,,
SDN,1992,,0.0,,,,,10.8343538444816,842.008605957031,,,,,
SDN,1993,,0.0,,,,,10.6143440942736,862.978149414063,,,,,
SDN,1994,0.0,0.0,,,,,11.1582587189977,850.299438476563,,,,,
SDN,1995,0.0,0.0,,,,,11.7032773021867,877.693298339844,,,,,
SDN,1996,0.0,0.00921958,,,,,12.2514904189297,908.66015625,,,,,
SDN,1997,0.00123,0.015539144,,,,,12.8018831488452,1050.31994628906,,,,,
SDN,1998,0.00481,0.034359945,,,,,13.3557695871224,1069.27197265625,,,,,
SDN,1999,0.00879,0.050713575,,0.53007,,6.56864023208618,13.9135440471703,1074.88098144531,,,,,
SDN,2000,0.0257850324762484,0.0826840092181885,,0.47277,,6.69480991363525,4.4,1111.11865234375,,0.0,1.0,0.0,166.0
SDN,2001,0.140185224494161,0.364157651795768,,0.37483,,8.25726985931396,13.8,1150.17626953125,,0.0,0.0,0.0,154.0
SDN,2002,0.439477639075583,0.652707180849854,,0.32247,,9.31309986114502,14.2,1185.21533203125,,0.0,1.0,0.0,221.0
SDN,2003,0.538471703150458,1.76355493295348,,0.2808,,8.65738010406494,14.5,1226.42077636719,,0.0,1.0,0.0,209.0
SDN,2004,0.791561615446385,3.43152291268178,0.0025951808767437,0.23825,,10.5490598678589,14.9,1255.67114257813,,0.0,3.0,0.0,258.0
SDN,2005,,5.84707964610828,0.0040591836006167,0.225,,11.823320388794,15.2,1290.24438476563,,0.0,1.0,0.0,291.0
SDN,2006,,14.6382324446389,0.006454650919819,,,13.3374099731445,15.6,1336.1240234375,,0.0,4.0,0.0,305.0
SDN,2007,8.66,25.0825849667632,0.129715006973326,,,13.0165500640869,16.0,1372.10961914063,,0.0,2.0,0.0,399.0
SDN,2008,,35.6634431735922,0.132717780583976,,,14.3921899795532,7.3,1381.62561035156,7.56734328495715,0.0,5.0,0.0,449.0
SDN,2009,,44.3745692867503,,,,14.6098203659058,14.7,1301.34729003906,,0.0,7.0,0.0,565.0
SDN,2010,,51.0900410875249,0.038120087820776,,,14.8035297393799,18.2,1311.22314453125,,0.0,1.0,0.0,664.0
SDN,2011,,69.3293475524591,0.0482280334312411,,,14.5120697021484,21.0,1388.21813964844,,0.0,4.0,0.0,887.0
SDN,2012,,74.908489729676,0.0671366912133078,,,14.8181400299072,23.8,1288.25854492188,,0.0,3.0,0.0,887.0
SDN,2013,,73.1963836514564,0.068033405839313,,,16.6676292419434,26.7,1283.45922851563,,0.0,13.0,0.0,1177.0
SDN,2014,,71.597721245773,0.0532180170690202,,,15.958589553833,28.9,1307.3896484375,,0.0,17.0,0.0,1356.0
SDN,2015,12.0,69.8036331859409,0.0701896299287803,,,15.8645696640015,32.7,1292.37963867188,,0.0,19.0,0.0,1553.0
SDN,2016,14.0999999446534,67.3954575547604,0.0639264882225092,,,,35.8,1297.15454101563,,0.0,18.0,1.0,1708.0
SDN,2017,18.60000038,67.0598253428254,0.071519364027593,,,,38.8,1261.87353515625,,1.0,26.0,0.0,1929.0
SDN,2018,,68.0533719238149,0.070883060223742,,,,41.7,1185.94445800781,,3.0,34.0,1.0,2130.0
SDN,2019,,72.4818502607404,0.0719282386176834,,,,44.4,1126.55297851563,,5.0,44.0,4.0,2475.0
SDN,2020,,75.2207425678785,0.0615141548276354,,,,46.9,1056.86474609375,,3.0,51.0,3.0,3021.0
SDN,2021,,71.767230205952,0.0632992450276202,,,,49.4,1009.54888916016,,7.0,83.0,3.0,3586.0
SDN,2022,,70.2084038614961,0.0604394040047428,,,,49.5,973.225280761719,20.6839294433594,6.0,114.0,1.0,3906.0
SDN,2023,,,,,,,54.0,677.723205566406,,7.0,124.0,0.0,3940.0
SDN,2024,,,,,,,54.2,578.38916015625,,15.0,190.0,1.0,3846.0
SEN,1990,0.0,0.0,,,,,,990.777522619822,,,,,
SEN,1991,,0.0,,,,,,988.63221583773,,,,,
SEN,1992,,0.0,,,,3.05016994476318,,974.054860027128,,,,,
SEN,1993,,0.0,,,,,4.87466167299289,960.506561720788,,,,,
SEN,1994,,0.001164311,,,,,2.07164054676155,934.692068072302,,,,,
SEN,1995,0.000693,0.001413234,,,,,3.91607759069201,960.84709282163,,,,,
SEN,1996,0.0112,0.01596667,,,,,5.7664919620875,956.588791201654,,,,,
SEN,1997,0.0273,0.076694149,,,,3.11023998260498,7.84425287953184,962.736689457399,,,,,
SEN,1998,0.0799,0.296786944,,,,,9.49389437250895,995.979085689636,,,,,
SEN,1999,0.311,0.92713411,,,,3.20563006401062,11.6195222574929,1033.76396461633,,,,,
SEN,2000,0.403967485868965,2.51047825799086,,,,,12.8,1048.37474052363,,0.0,4.0,0.0,453.0
SEN,2001,0.983794058848003,2.9551817683876,,,,,15.3,1067.36886550595,,0.0,4.0,0.0,430.0
SEN,2002,1.00645453672323,5.28795799512603,0.0114654640159278,,,,11.3,1042.25509944289,,0.0,0.0,0.0,461.0
SEN,2003,2.10143642986685,7.29792142205295,0.0222270392725574,,,,18.6,1074.38578467686,,0.0,5.0,0.0,540.0
SEN,2004,4.38602398008563,10.2163287202352,0.069836067007638,,,4.75202989578247,8.7,1098.20064546027,,0.0,2.0,0.0,556.0
SEN,2005,4.78668408310535,15.3986054168441,0.160456098328579,,,5.26141023635864,23.3,1119.0505307548,,0.0,1.0,0.0,651.0
SEN,2006,5.61173865217952,25.9356401782455,0.251528378811512,,264.90036,5.46575021743774,25.4,1118.7830430051,4.92510986328125,0.0,3.0,0.0,528.0
SEN,2007,6.889999866,30.8470508593462,0.323966742178478,,281.68285,6.1223201751709,24.5,1123.99862153285,,0.0,4.0,0.0,753.0
SEN,2008,7.119999886,44.7269593995631,0.393046403427881,0.29374,380.18698,7.75537014007568,26.1,1138.66883930214,,0.0,4.0,0.0,706.0
SEN,2009,7.5,55.9396481702895,0.475951597213965,,,7.9150800704956,30.6,1142.65317233964,,0.0,7.0,0.0,685.0
SEN,2010,8.0,66.0343828887904,0.62243315671597,0.4343,374.80287,7.62979751289774,34.9,1153.53431121583,,0.0,4.0,0.0,789.0
SEN,2011,9.800000191,72.1733338879073,0.715438976017789,,,10.121109956384,31.7,1139.74447892639,5.61640977859497,0.0,6.0,2.0,929.0
SEN,2012,10.80000019,86.1774562103062,0.717937236744388,,,10.2635537254668,32.5,1154.05677992367,,0.0,2.0,0.0,1101.0
SEN,2013,13.10000038,95.7910921489982,0.77845653467557,,,10.5725397458545,31.8,1147.3859217191,8.23460960388184,0.0,6.0,0.0,1159.0
SEN,2014,17.70000076,101.608432443463,0.730365001608948,,,10.8787568632408,41.0,1180.7987108505,,2.0,6.0,0.0,1307.0
SEN,2015,21.70000076,102.508995376039,0.689431357378244,0.5772,572.42133,10.8409366679467,38.1,1218.00613555438,5.71197986602783,0.0,1.0,0.0,1277.0
SEN,2016,25.66480064,101.010767153806,0.654181134204409,,,10.8875992426245,44.5,1257.40906916238,6.90667009353638,0.0,4.0,0.0,1364.0
SEN,2017,29.64310074,101.831108002442,0.722423169961464,,,11.3494415127099,35.4,1312.10932775878,10.8629503250122,1.0,6.0,2.0,1523.0
SEN,2018,35.29999924,104.055698143919,0.815734181499159,,,12.4178375059947,41.4,1355.09610863533,7.19961023330688,1.0,20.0,0.0,1713.0
SEN,2019,43.37969971,109.341890091569,0.929784903272944,,,12.60825139125,47.8,1379.60875249843,7.41092014312744,2.0,15.0,0.0,1883.0
SEN,2020,53.30879974,113.638091206029,1.05641006886622,,,13.3136624860931,38.6,1361.7914374888,,0.0,26.0,1.0,2606.0
SEN,2021,55.04040146,115.325093678501,1.20966034985347,,,14.6823561354842,43.4,1414.53951093499,,6.0,42.0,1.0,2589.0
SEN,2022,56.82830048,118.150293497239,1.40365165848276,,,15.6478973478986,43.5,1433.19918752288,10.720383844245,8.0,48.0,1.0,2542.0
SEN,2023,59.18740082,123.911572643075,1.97393200956788,,,16.0710053721835,56.5,1458.9664233275,8.44915962219238,14.0,95.0,4.0,2677.0
SEN,2024,60.11780167,123.894453697506,4.03828584004829,,,15.3302400879779,67.1,1517.61838829684,,12.0,75.0,8.0,2440.0
SGP,1990,0.0,1.711595724,,,,,100.0,23272.7000932159,36.6901397705078,,,,
SGP,1991,0.162,2.624670739,,,,,100.0,24132.7153290621,,,,,
SGP,1992,0.471,3.717206111,,,,,100.0,24973.4311358112,,,,,
SGP,1993,0.763,5.368715266,,,,,100.0,27139.9524278985,,,,,
SGP,1994,1.19,6.85247021,,,,,100.0,29220.2727915476,,,,,
SGP,1995,2.87,8.634616063,,,,,100.0,30379.8991144598,47.5073509216309,,,,
SGP,1996,8.35,11.80233977,,1.31991,2532.4262,,100.0,31349.3171805131,,,,,
SGP,1997,13.5,22.56524803,,1.41565,2599.84477,,100.0,32835.2518506082,,,,,
SGP,1998,19.6,28.31395042,0.258645752,1.73708,2951.84056,,100.0,31043.108180076,,,,,
SGP,1999,24.2,41.11452948,0.756337923,1.81624,3195.81224,,100.0,32557.0469904063,,,,,
SGP,2000,36.0,68.0850852922189,1.70993334977182,1.81699,4167.62404,,100.0,34890.0811365168,,0.0,76.0,0.0,6067.0
SGP,2001,41.6704251756041,72.6792845575227,3.66846235064378,2.0093,4103.62946,,100.0,33597.8690808226,,0.0,90.0,0.0,6597.0
SGP,2002,47.0,79.8911570400194,6.51090021153191,2.03282,4363.37967,,100.0,34598.8267483781,,0.0,345.0,0.0,10563.0
SGP,2003,53.8379432881911,86.4376082131435,10.0791519110154,1.99679,4835.52476,,100.0,36709.7965038255,,0.0,209.0,0.0,10085.0
SGP,2004,62.0,95.6367801029868,13.0656708126766,2.07859,5164.84335,,100.0,39856.6356222613,,0.0,249.0,0.0,11313.0
SGP,2005,61.0,102.723197927824,15.3735717010077,2.14806,5650.62317,,100.0,41798.4880834671,59.3845100402832,1.0,251.0,0.0,12662.0
SGP,2006,59.0,108.657521639152,17.8781400199407,2.11656,5785.80782,,100.0,44159.4101820552,58.7478218078613,0.0,241.0,0.0,13276.0
SGP,2007,69.9,128.882425054634,20.145697338092,2.31986,6083.98319,,100.0,46178.8139470199,59.6462593078613,0.0,221.0,2.0,13103.0
SGP,2008,69.0,133.454246858734,22.2853696506635,2.59673,5916.30242,,100.0,44601.5799302699,63.1727714538574,0.0,183.0,0.0,14392.0
SGP,2009,69.0,138.567088142902,24.8260665849798,2.1279,6219.94574,,100.0,43331.8746638962,63.1781311035156,0.0,197.0,0.0,15929.0
SGP,2010,71.0,145.451637517643,26.3619521238271,1.92918,6368.34517,93.2696812803906,100.0,48752.0515441859,65.5210571289062,0.0,173.0,0.0,17631.0
SGP,2011,71.0,150.404101393239,27.1735826927318,2.06955,6578.63079,95.9817452372883,100.0,50713.5326393594,66.5693130493164,0.0,195.0,0.0,19353.0
SGP,2012,72.0,152.410387392459,27.0679759849169,1.91833,6514.09973,101.99681244982,100.0,51679.352717333,67.7048416137695,0.0,214.0,0.0,20884.0
SGP,2013,80.90209961,156.679270675737,27.7295626772787,1.92104,6734.96456,,100.0,53298.9728558286,68.7806701660156,1.0,236.0,0.0,22116.0
SGP,2014,79.0292358633435,148.478352479892,27.0067241979516,2.08228,6756.24778,,100.0,54681.9336458253,69.5462875366211,0.0,324.0,1.0,23936.0
SGP,2015,79.0129570025584,149.006215002154,26.8978922564041,2.17445,7134.93412,,100.0,55645.6068614606,70.9170913696289,5.0,388.0,1.0,25119.0
SGP,2016,84.4522678893074,151.681717052742,28.5392609803278,2.06892,7052.85651,83.9409778236648,100.0,57076.5241936787,70.693229675293,4.0,513.0,1.0,26127.0
SGP,2017,84.4522678893074,149.567868255938,26.3326099315534,1.89683,6950.10748,84.7929138455372,100.0,59493.3758595703,71.3994598388672,6.0,707.0,1.0,27235.0
SGP,2018,88.1656360313447,152.07381696158,26.50873593831,1.80836,7002.45715,88.8864453410769,100.0,61101.5252578902,73.5237884521484,4.0,1103.0,0.0,28394.0
SGP,2019,88.9492526850762,159.347378272364,26.5276177370284,1.88845,7509.61271,91.0889904414776,100.0,61106.3119775351,74.4833679199219,12.0,1692.0,1.0,30441.0
SGP,2020,92.00434653,150.259334715266,26.8622723592787,2.15983,7503.32643,93.134767179468,100.0,59083.8574841572,74.5498886108398,17.0,2183.0,9.0,35348.0
SGP,2021,96.92468156,157.977675166643,27.5210996900631,1.93761,7956.39818,97.0989103061521,100.0,67846.8565377728,78.3726577758789,27.0,2624.0,5.0,34999.0
SGP,2022,95.95386476,173.005291258141,27.5510032505086,1.80821,8781.74332,98.02222650098,100.0,68271.0897525302,79.0433883666992,43.0,2795.0,5.0,33992.0
SGP,2023,94.28518987,173.199932977376,27.4343636046425,,,97.2886546863037,100.0,65976.7068036903,,37.0,3317.0,7.0,35721.0
SGP,2024,94.37757178,170.78256295407,27.813655026664,,,,100.0,68129.6960402288,,51.0,3904.0,12.0,37714.0
SJM,2001,,,,,,,,,,0.0,1.0,0.0,0.0
SJM,2002,,,,,,,,,,0.0,0.0,0.0,13.0
SJM,2004,,,,,,,,,,0.0,0.0,0.0,15.0
SJM,2005,,,,,,,,,,0.0,0.0,0.0,19.0
SJM,2008,,,,,,,,,,0.0,0.0,0.0,19.0
SJM,2009,,,,,,,,,,0.0,0.0,0.0,27.0
SJM,2010,,,,,,,,,,0.0,0.0,0.0,29.0
SJM,2011,,,,,,,,,,0.0,0.0,0.0,30.0
SJM,2012,,,,,,,,,,0.0,0.0,0.0,41.0
SJM,2013,,,,,,,,,,0.0,0.0,0.0,35.0
SJM,2014,,,,,,,,,,0.0,0.0,0.0,46.0
SJM,2015,,,,,,,,,,0.0,0.0,0.0,48.0
SJM,2016,,,,,,,,,,0.0,0.0,0.0,66.0
SJM,2017,,,,,,,,,,0.0,0.0,0.0,56.0
SJM,2018,,,,,,,,,,0.0,1.0,0.0,67.0
SJM,2020,,,,,,,,,,0.0,2.0,0.0,0.0
SJM,2023,,,,,,,,,,0.0,3.0,0.0,101.0
SJM,2024,,,,,,,,,,0.0,3.0,0.0,0.0
SLB,1990,0.0,0.0,,,,,,1805.73206812837,,,,,
SLB,1991,,0.0,,,,,,1856.36888711081,,,,,
SLB,1992,,0.0,,,,,,2029.95282373454,,,,,
SLB,1993,,0.0,,,,,,2049.2778143568,,,,,
SLB,1994,,0.039505739,,,,,,2151.02993990041,,,,,
SLB,1995,0.0249,0.061302437,,,,,,2299.97687833528,,,,,
SLB,1996,0.269,0.087290096,,,,,,2270.46028385944,,,,,
SLB,1997,0.392,0.165722201,,,,,,2186.40705532991,,,,,
SLB,1998,0.508,0.171997697,,,,,,2153.35862620817,,,,,
SLB,1999,0.495,0.260716697,,,,,8.47495609330614,2086.00899568939,14.6244086157449,,,,
SLB,2000,0.481296806114395,0.261312373856049,,,,,,1747.71795607153,,,,,
SLB,2001,0.468551963584141,0.21530754244364,,,,,,1577.65519966257,,,,,
SLB,2002,0.501919843401009,0.218279069462562,,,,,0.6,1504.84671895171,,,,,
SLB,2003,0.555609881855115,0.227392664226843,,,,,3.7,1573.84348435767,,,,,
SLB,2004,0.64967267325146,0.632096601216575,0.0421397734144384,,,,6.8,1664.57315979072,,,,,
SLB,2005,0.844299972,1.24203030553946,0.0931522729154591,,,,10.0,1755.74082446273,14.1268716352277,,,,
SLB,2006,1.646299958,1.42393926695607,0.132222931931635,,,,3.9,1796.71439810674,,,,,
SLB,2007,2.0,2.17932005214373,0.199937619462728,,,,,1830.23321405807,,,,,
SLB,2008,3.0,5.89634230232512,0.294817115116256,,,,19.6,1911.18969015528,,,,,
SLB,2009,4.0,9.64988294691985,0.385995317876794,,,,9.0,1930.46287614922,,,,,
SLB,2010,5.0,21.6710946998694,0.473199141411867,,,,27.9,2058.95691648883,,,,,
SLB,2011,6.0,49.7105498738573,0.43946504625234,,,,32.2,2132.02844199392,,,,,
SLB,2012,6.997399807,52.6750068862599,0.371683699263955,,,,36.5,2105.91423758379,,,,,
SLB,2013,8.0,54.3083814470245,0.316667927287396,,,,40.4,2136.72116177034,,,,,
SLB,2014,9.0,61.0619411646469,0.216401797350658,,,,45.5,2085.16067273086,,,,,
SLB,2015,10.00049973,66.42196382631,0.222077993165628,,,,51.5,2045.47721526649,15.3013296127319,,,,
SLB,2016,11.00090027,62.8902788282841,0.247441419489446,,,,54.9,2084.24845745225,,,,,
SLB,2017,15.14840031,67.8649558389434,0.170052153216115,,,,60.5,2075.36705302305,,,,,
SLB,2018,20.8593998,67.9774813460988,0.209843167616461,,,,63.6,2061.8996970669,,,,,
SLB,2019,22.48880005,65.6620160489572,0.143514977058204,,,,67.6,2043.09139778307,,,,,
SLB,2020,24.1984005,63.6670615636308,0.134318695281922,,,,71.5,1930.65510307199,,,,,
SLB,2021,26.03790092,62.1565164026326,0.131131891144795,,,,75.4,1880.5519827183,,,,,
SLB,2022,28.01729965,62.0734995506142,0.107033208461257,,,,75.4,1788.61727922057,,,,,
SLB,2023,28.67239952,,,,,,81.3,1795.88798697142,,,,,
SLB,2024,29.04070091,,,,,,81.1,1806.38367324387,,,,,
SLE,1990,0.0,0.0,,,,1.40813994407654,,992.259351903398,,,,,
SLE,1991,,0.0,,,,1.24685001373291,,1003.77238191056,,,,,
SLE,1992,,0.0,,,,,,828.516034463031,,,,,
SLE,1993,0.0,0.0,,,,,,841.770438078312,,,,,
SLE,1994,0.0,0.0,,,,,,822.218309819245,,,,,
SLE,1995,0.0,0.0,,,,,,755.343467472038,,,,,
SLE,1996,0.00251,0.0,,,,,,764.924518087367,,,,,
SLE,1997,0.00499,0.0,,,,,,710.743788352538,,,,,
SLE,1998,0.0148,0.0,,,,,,716.346032939256,,,,,
SLE,1999,0.0485,0.0,,,,,,698.548063578049,,,,,
SLE,2000,0.118254245682183,0.269915234409174,,,,1.67453002929688,,727.240914632596,,0.0,0.0,0.0,29.0
SLE,2001,0.160264445493032,0.573122260115464,,,,2.11300992965698,,642.036645844304,,0.0,0.0,0.0,35.0
SLE,2002,0.176198956814076,1.34769940671054,,,,1.98783004283905,,766.788693742901,,0.0,0.0,0.0,24.0
SLE,2003,0.190173281668183,2.18657481612929,,,,,,806.066489012144,,0.0,0.0,0.0,28.0
SLE,2004,0.203007680592588,,,,,,9.7,829.759768928304,12.1297397613525,0.0,0.0,0.0,25.0
SLE,2005,0.215399995,,,,,,,842.906030904902,,0.0,0.0,0.0,37.0
SLE,2006,0.227699995,,,,,,,859.824260714965,,0.0,0.0,0.0,43.0
SLE,2007,0.239800006,13.4971732466546,,,,,0.6,872.68836234614,,0.0,2.0,0.0,32.0
SLE,2008,0.25,17.113614518208,,,,,,882.54147817868,,0.0,0.0,0.0,36.0
SLE,2009,0.25999999,19.1556771977754,,,,,1.0,872.23959352481,,0.0,0.0,0.0,36.0
SLE,2010,0.579999983,32.1403169099528,,,,,,902.769891411394,,0.0,0.0,0.0,65.0
SLE,2011,0.899999976,33.4572729332228,,,,,,950.760763054593,,2.0,2.0,0.0,66.0
SLE,2012,2.5,33.7348956202641,,,,,1.5,1025.04366004502,,0.0,0.0,0.0,79.0
SLE,2013,4.0,59.5765507292095,,,,,,1146.81973456475,,0.0,0.0,0.0,103.0
SLE,2014,6.057300091,69.1758823858757,,,,,1.8,1032.23789355905,,0.0,0.0,0.0,92.0
SLE,2015,6.344399929,80.3818885694169,,,,,1.9,964.575980888989,,0.0,1.0,0.0,149.0
SLE,2016,7.680099964,87.1475941136892,,,,,1.6,1002.77862282013,,0.0,2.0,0.0,224.0
SLE,2017,9.297100067,89.7781754066341,,,,,5.4,1010.54694071207,8.16147994995117,0.0,0.0,2.0,218.0
SLE,2018,14.42230034,84.1233437327877,,,,,6.4,1015.6678297205,14.8278392780654,0.0,1.0,0.0,206.0
SLE,2019,15.71370029,87.0384355077496,0.002224524058551,,,,1.5,1046.96778078594,12.0926904678345,0.0,2.0,0.0,260.0
SLE,2020,17.12080002,87.0034823125467,0.002274864841433,,,,4.7,1010.25294614757,,2.0,5.0,2.0,366.0
SLE,2021,18.65390015,101.636782141976,0.0022731197902009,,,,4.9,1045.7661615758,,0.0,4.0,0.0,441.0
SLE,2022,21.50880051,107.882000873042,,,,,5.0,1077.08884538507,,1.0,8.0,0.0,521.0
SLE,2023,23.71360016,,,,,,19.0,1113.86837500697,,0.0,6.0,0.0,569.0
SLE,2024,25.10499954,,,,,,24.9,1137.29005648131,,2.0,24.0,0.0,651.0
SLV,1990,0.0,0.0,,,,14.6922903060913,,2348.20460167761,,,,,
SLV,1991,,0.0,,,,16.1209907531738,45.7945687590772,2341.93382299132,,,,,
SLV,1992,,0.0,,,,,56.0829128343203,2465.75989060719,,,,,
SLV,1993,,0.028982486,,,,17.6409893035889,56.9280025794091,2574.95134564317,,,,,
SLV,1994,,0.085507948,,,,19.5335502624512,57.6617685014779,2670.21278543567,,,,,
SLV,1995,,0.234421373,,,,20.6800804138184,55.891715939637,2773.32529027549,,,,,
SLV,1996,0.0864,0.401404831,,,,19.8966503143311,56.445961175618,2775.04629038695,,,,,
SLV,1997,0.257,0.68741209,,,,,60.1277022247275,2842.88487409077,,,,,
SLV,1998,0.425,2.32985669,,0.08818,,20.4799194335938,62.3347959934617,2900.32064261101,,,,,
SLV,1999,0.845,8.632305466,,,,20.4824199676514,59.6116521935037,2946.4330235012,,,,,
SLV,2000,1.17739726914477,12.5118998224239,,,,19.7553405761719,67.9,2964.89346881406,21.8,0.0,0.0,0.0,155.0
SLV,2001,1.5,14.3728782887572,,,,18.9663391113281,72.3,2978.59734844668,22.9,0.0,0.0,0.0,180.0
SLV,2002,1.9,14.8467142872176,,,,19.7187805175781,73.0,3016.06307728602,23.6,0.0,0.0,0.0,209.0
SLV,2003,2.5,19.1676423111463,0.326759631707337,,,20.5764999389648,72.3,3057.16467629097,24.8,0.0,0.0,0.0,214.0
SLV,2004,3.2,30.519224117358,0.488303189300463,,,21.6425590515137,73.0,3081.23629665234,23.8,0.0,0.0,0.0,222.0
SLV,2005,4.199999809,40.1585492686965,0.704578310364132,,,22.4542694091797,73.2,3163.36118376833,24.4,0.0,0.0,0.0,213.0
SLV,2006,5.5,64.1687154581421,1.02433742691783,,,23.2541999816894,76.1,3302.34817354347,20.8798103332519,0.0,1.0,0.0,210.0
SLV,2007,6.11,102.122474801259,1.49357119276704,0.1056,,24.743709564209,81.0,3359.1623024135,21.5564403533936,0.0,0.0,0.0,176.0
SLV,2008,10.08,115.282146492369,2.04781751504363,0.13399,,25.5441799163818,81.4,3420.44927357443,24.8010501861572,0.0,0.0,0.0,194.0
SLV,2009,12.11,125.097486408944,2.47022334783167,0.0909,,25.9216804504394,81.1,3337.81150878211,25.0720996856689,0.0,0.0,0.0,258.0
SLV,2010,15.9,126.895517965726,2.88837850918774,0.07806,,26.3151708858206,81.6,3398.49346060363,26.6920509338379,0.0,0.0,0.0,273.0
SLV,2011,18.89999962,136.551339569766,3.38252387840188,0.0355,,27.32486420544,83.4,3515.19664634846,25.3179702758789,0.0,0.0,0.0,312.0
SLV,2012,20.3213877242007,141.462796298644,3.95978066642405,0.03397,,28.0979076272602,85.2,3600.31912505518,26.5747890472412,0.0,1.0,0.0,313.0
SLV,2013,23.1093,146.475563213174,4.6332539426429,0.06387,,28.2731299038736,89.3,3665.90044167854,26.9873600006104,0.0,0.0,0.0,401.0
SLV,2014,24.7617121459061,149.171006440904,5.17470921011106,0.09377,,27.5441027812368,89.2,3713.94992016222,30.3,0.0,1.0,0.0,351.0
SLV,2015,26.8026049600572,150.947947466847,5.7085946935124,0.14348,64.78066,27.3929262374809,89.4,3790.34089108162,30.9,0.0,0.0,0.0,486.0
SLV,2016,28.99710083,155.419607147465,6.37509676170817,0.14493,67.49915,27.1794802471695,90.3,3875.84691357954,30.338020324707,0.0,2.0,0.0,604.0
SLV,2017,33.8207289048526,152.538724748062,7.26258313909333,0.18078,65.55077,27.6409104549006,91.3,3954.84014277572,29.6169300079346,0.0,1.0,0.0,955.0
SLV,2018,43.79999924,151.668612868534,7.91447387354624,0.16531,73.49466,28.194336537252,92.6,4046.16291720583,32.8,0.0,5.0,0.0,915.0
SLV,2019,50.4911940673888,167.088631599992,8.43878438871173,0.17477,75.70551,28.5178063545936,93.6,4143.11437097867,33.5802917480469,0.0,6.0,0.0,696.0
SLV,2020,54.60136976,159.575329772708,8.53679094316574,0.16299,59.77671,30.9986370324013,100.0,3808.53195436409,33.6127014160156,1.0,10.0,0.0,840.0
SLV,2021,57.26380157,176.973446325336,9.07178351163771,0.16252,65.31984,30.3043325211094,94.1,4247.54750394978,35.0,1.0,14.0,1.0,885.0
SLV,2022,60.05609894,183.248955984561,9.73832698625659,0.14333,57.61826,31.4538910186841,100.0,4355.96037108555,35.9,1.0,18.0,0.0,1109.0
SLV,2023,62.61989975,179.705636976149,11.6271746145254,0.10152,55.47028,32.3802636612661,96.6,4481.19664108356,33.8053207397461,2.0,27.0,2.0,1072.0
SLV,2024,66.47769928,176.517423814642,12.4640729621203,,,32.8347079463918,96.6,4576.55846613444,,7.0,42.0,4.0,1086.0
SMR,1990,0.0,0.0,,,,,100.0,,,,,,
SMR,1991,,,,,,,100.0,,,,,,
SMR,1992,,3.780241935,,,,,100.0,,,,,,
SMR,1993,,5.375899429,,,,,100.0,,,,,,
SMR,1994,,7.744039128,,,,,100.0,,,,,,
SMR,1995,1.36,9.40287712,,,,,100.0,,,,,,
SMR,1996,1.43,9.031107589,,,,,100.0,,,,,,
SMR,1997,1.42,9.18112205,,,,,100.0,48409.5258357086,,,,,
SMR,1998,1.41,19.15605647,,,,,100.0,51376.4130293207,,,,,
SMR,1999,42.8,36.28238146,,,,,100.0,55318.4208680654,,,,,
SMR,2000,48.7994953055999,54.1176909586179,,,,59.3199005126953,100.0,55806.8967854415,,,,,
SMR,2001,50.3416690898517,58.409166267546,,,,,100.0,58173.2673485907,,,,,
SMR,2002,50.8348399446985,60.9617693063184,,,,,100.0,57615.3840607029,,,,,
SMR,2003,50.003453038674,60.6974823115325,2.15494020040944,,,,100.0,59090.2064374385,,,,,
SMR,2004,50.5663430420712,60.5786618444846,3.81519696486189,,,,100.0,58393.1973140469,,,,,
SMR,2005,,60.0237995240095,4.26991460170797,,,,100.0,59049.5507985237,,0.0,0.0,0.0,17.0
SMR,2006,50.2086593635889,60.0856886186165,5.1136756271163,,,,100.0,60604.3235393604,,,,,
SMR,2007,50.3648221088655,59.694364851958,5.45435939418747,,,,100.0,62776.9178275821,,,,,
SMR,2008,54.52,82.1588498703747,16.4977610181475,,,65.980110168457,100.0,61572.7157847481,,0.0,0.0,0.0,23.0
SMR,2009,54.21,99.531405782652,18.0990362246594,,,,100.0,52873.2443236949,,,,,
SMR,2010,,99.8791797283177,19.5663531870428,,,66.4068036853295,100.0,49672.6753589594,,,,,
SMR,2011,49.6,110.245888899251,20.3239143274581,,,64.2955801104972,100.0,46450.0042070199,,0.0,0.0,0.0,28.0
SMR,2012,,107.568649714644,29.5873547076224,,,59.8490048043926,100.0,42082.5364542056,,0.0,0.0,0.0,46.0
SMR,2013,,109.399167162403,30.4312908982748,,,,100.0,42293.4679807917,,0.0,0.0,0.0,55.0
SMR,2014,,111.489992587102,34.6923647146034,,,,100.0,42492.831738275,,0.0,0.0,0.0,40.0
SMR,2015,,108.032211439191,34.3382201115011,,,,100.0,43146.8035302005,,0.0,0.0,0.0,54.0
SMR,2016,55.0,107.051901290946,35.127777289892,,,,100.0,43886.1965081114,,0.0,0.0,0.0,65.0
SMR,2017,60.18230057,110.535807784048,30.5427889929606,,,,100.0,43057.7582484571,,0.0,1.0,0.0,84.0
SMR,2018,,111.500477859191,31.4460308725998,,,45.421020282729,100.0,42818.6755959614,53.9379501342773,0.0,0.0,0.0,75.0
SMR,2019,67.85070038,111.822930193634,31.9770294058234,,,50.2355712603062,100.0,43525.4039798176,,0.0,0.0,0.0,77.0
SMR,2020,77.94999695,112.168886076677,31.6373781241911,,,55.0960978450786,100.0,40506.8341853183,57.4463005065918,,,,
SMR,2021,81.66999817,115.700566932778,34.7101700798334,,,57.6704545454545,100.0,46834.1172363873,,0.0,0.0,0.0,101.0
SMR,2022,97.32790375,120.269873863303,35.7876210032268,,,53.7988826815642,100.0,51277.3242468583,58.5882911682129,,,,
SMR,2023,97.33640289,,,,,51.1357340720222,100.0,51323.7741002928,,,,,
SMR,2024,97.35220337,,,,,57.5487465181059,100.0,,,0.0,4.0,0.0,0.0
SOM,1990,0.0,0.0,,,,,,259.400021870102,,,,,
SOM,1991,,0.0,,,,,,277.598802350398,,,,,
SOM,1992,,0.0,,,,,,266.498410042717,,,,,
SOM,1993,,0.0,,,,,,269.406204622777,,,,,
SOM,1994,,0.0,,,,,,210.446194601917,,,,,
SOM,1995,0.0,0.0,,,,,,211.087530841799,,,,,
SOM,1996,0.00151,0.0,,,,,,219.93638187378,,,,,
SOM,1997,0.00295,0.0,,,,,,214.852351288921,,,,,
SOM,1998,0.00716,0.0,,,,,,219.712160749461,,,,,
SOM,1999,0.0139,0.0,,,,,,226.444111028772,,,,,
SOM,2000,0.02,0.905109148809335,,,,,,233.032393086303,,0.0,0.0,0.0,45.0
SOM,2001,0.0790391786670095,0.924064409246167,,,,,,239.839074088089,,0.0,2.0,0.0,31.0
SOM,2002,0.115614213354469,1.04711351118836,,,,,,248.636454000924,,0.0,0.0,0.0,43.0
SOM,2003,0.376198002539086,2.01833516211319,,,,,,257.910337235953,,0.0,0.0,0.0,54.0
SOM,2004,1.05345474358422,4.86334108809281,,,,,2.4,266.257271856551,,0.0,0.0,0.0,48.0
SOM,2005,1.077299953,4.6973815292194,,,,,4.7,275.457040797983,,0.0,0.0,0.0,45.0
SOM,2006,1.100200057,5.01116030956944,,,,,1.7,284.47078986532,,0.0,0.0,0.0,51.0
SOM,2007,1.122200012,5.29914466505961,,,,,10.8,294.210404466601,,0.0,2.0,0.0,53.0
SOM,2008,1.142699957,5.37593658761268,,,,,12.7,304.741448811237,,0.0,0.0,0.0,68.0
SOM,2009,1.160599947,5.35899363283001,,,,,14.7,317.038184814662,,0.0,1.0,0.0,122.0
SOM,2010,,5.28635539640489,,,,,43.2,329.970504936872,,0.0,0.0,0.0,107.0
SOM,2011,1.25,14.5762796961332,,,,,41.7,349.577449077711,,0.0,0.0,0.0,123.0
SOM,2012,1.376700044,18.457350680033,0.320997403131009,,,,40.7,369.617204753489,,0.0,1.0,0.0,141.0
SOM,2013,1.5,40.2732207402969,0.466215173532281,,,,39.7,397.108796344814,,0.0,2.0,0.0,185.0
SOM,2014,1.629999995,41.2309585125849,0.524757653796535,,,,38.9,417.516796906402,,0.0,2.0,0.0,176.0
SOM,2015,1.75999999,42.2685278435236,0.593903235635527,,,,38.1,445.583080073396,,0.0,0.0,0.0,150.0
SOM,2016,1.879999995,46.366719307758,0.641171280544494,,,,37.3,458.92147682461,,0.0,0.0,0.0,192.0
SOM,2017,,47.725260177752,0.656984899202092,,,,38.4,506.501098879426,,0.0,0.0,0.0,291.0
SOM,2018,,49.5262671956948,,,,,35.3,498.981065013918,,0.0,1.0,0.0,441.0
SOM,2019,2.731400013,51.3194116563494,0.611316681940227,,,,,494.444039712384,,0.0,4.0,0.0,461.0
SOM,2020,15.02369976,53.1133178401473,0.714663593733325,,,,32.3,462.867053737278,,0.0,7.0,0.0,649.0
SOM,2021,23.87479973,51.2059481348129,0.68899907598855,,,,30.6,461.627830726021,,0.0,7.0,0.0,956.0
SOM,2022,27.6,49.6800986995936,0.668468085170923,,,,30.7,460.046226685238,9.80751991271973,0.0,16.0,0.0,1273.0
SOM,2023,26.12010002,53.9579646939598,0.722963033976147,,,,23.9,464.72106952561,,1.0,23.0,0.0,1381.0
SOM,2024,27.94020081,,,,,,24.4,467.269910194458,,3.0,36.0,1.0,1515.0
SRB,1990,,,,,,,100.0,,,,,,
SRB,1991,,,,,,,100.0,,,,,,
SRB,1992,,,,,,,100.0,,,,,,
SRB,1993,,,,,,,100.0,,,,,,
SRB,1994,,,,,,,100.0,,,,,,
SRB,1995,,,,,,,100.0,3012.49816736822,,,,,
SRB,1996,,,,,,,100.0,3200.76825835814,,,,,
SRB,1997,,,,0.67058,,,100.0,3497.55048957119,,,,,
SRB,1998,,,,0.69758,,,100.0,3699.40380796484,,,,,
SRB,1999,,,,0.87925,,,100.0,3329.4517344386,,,,,
SRB,2000,,,,0.80171,,,100.0,3542.35365914848,,0.0,9.0,0.0,1552.0
SRB,2001,,,,0.28973,,37.7618789672852,100.0,3788.98233947399,,0.0,4.0,0.0,1458.0
SRB,2002,,,,0.6108,,35.6637191772461,100.0,4038.65251197442,,0.0,56.0,0.0,2804.0
SRB,2003,,,,0.46825,,39.6133613586426,99.9,4233.77644906089,,0.0,40.0,0.0,2708.0
SRB,2004,23.5,51.1718128306345,,0.28194,,40.9337997436523,99.8,4527.43498659451,,0.0,23.0,0.0,3057.0
SRB,2005,26.29999924,73.7200175354083,0.447963595700481,0.38621,,44.205249786377,99.6,4809.1384076488,,0.0,43.0,0.0,3480.0
SRB,2006,27.2,89.3758549177073,1.6375541739356,0.42907,,46.819580078125,99.7,5016.41289322251,,0.0,39.0,0.0,3877.0
SRB,2007,33.15,114.29611072521,4.40450123718982,0.55664,1190.39138,47.966869354248,99.7,5431.27887426624,,0.0,27.0,0.0,4416.0
SRB,2008,35.6,130.694616797607,6.21192878485846,0.64463,1354.72005,48.6653785705566,99.6,5735.94772695749,62.5454216003418,0.0,46.0,2.0,4880.0
SRB,2009,38.1,135.323308847551,8.06268345735953,0.78609,1423.86226,49.8496704101562,99.6,5578.0119741931,62.9912300109863,1.0,48.0,0.0,5933.0
SRB,2010,40.9,136.015037810579,11.7956770547049,0.67458,1503.41256,49.0825119018555,99.5,5690.70327182682,63.6658096313477,0.0,65.0,2.0,6686.0
SRB,2011,42.2,141.043436487447,13.442273512,0.65677,1616.19262,51.5937690734863,99.6,5737.00120175811,66.5964126586914,2.0,61.0,0.0,8247.0
SRB,2012,48.09999847,127.199184289925,14.8105248871613,0.81922,1635.37121,53.5000305175781,99.6,5739.3075023532,,0.0,121.0,1.0,9790.0
SRB,2013,53.450364175,128.668140961621,16.4163582396862,0.65574,1718.61748,56.3808784484863,99.9,5793.33614525565,66.5628128051758,1.0,86.0,4.0,9942.0
SRB,2014,62.0750804639377,131.35311754636,16.7418077691238,0.69287,1822.70033,58.0549697875977,99.5,5716.54047153506,68.5724563598633,3.0,142.0,1.0,11112.0
SRB,2015,65.3170254003801,129.383588087229,18.6568767159217,0.77867,2060.14765,58.2876892089844,99.9,5820.3215576888,70.8962783813477,6.0,155.0,0.0,11851.0
SRB,2016,67.0568413716938,129.17749484679,20.6094025912635,0.80779,2121.8924,62.1369705200195,99.9,6024.95754653784,71.4099502563477,4.0,137.0,0.0,12391.0
SRB,2017,70.3308355269141,123.142754551775,21.1492657800305,0.83834,2067.73261,66.4867401123047,100.0,6200.26118592152,71.6360931396484,0.0,166.0,8.0,12287.0
SRB,2018,73.360709154564,121.074823902706,22.2890953800272,0.88154,2075.98604,67.1586608886719,100.0,6524.08029755191,71.707241071027,2.0,185.0,4.0,12888.0
SRB,2019,77.4167736219802,122.047741314232,23.4424592934158,0.84798,2087.27636,67.7898406982422,99.7,6870.75810896296,73.6363830566406,13.0,254.0,13.0,14016.0
SRB,2020,78.36804864,120.216859464106,25.1834994361532,0.86478,2149.85336,68.1431121826172,100.0,6850.96742168834,73.4497629176403,10.0,347.0,3.0,14040.0
SRB,2021,81.16588116,125.075587327252,26.4794202826056,0.94784,2206.70833,69.1800231933594,100.0,7465.67601077148,73.9430674328555,17.0,468.0,8.0,14906.0
SRB,2022,83.53825397,129.813149647571,29.3457941392192,0.91938,2349.67681,69.8046798706055,100.0,7862.95387364846,77.7794799804688,24.0,609.0,8.0,14965.0
SRB,2023,85.35746686,128.471147595832,31.2695286708104,0.87816,2515.31463,73.2060012817383,100.0,8208.4786891507,76.1039190572241,31.0,769.0,9.0,15287.0
SRB,2024,87.69071294,123.822194984291,33.3746847922718,0.93978,2687.54708,70.582649230957,100.0,8580.26105823259,77.1153939809151,52.0,924.0,17.0,15246.0
SSA,1990,,0.0015395409616982,,,,3.07101011276245,,1278.83420291407,,,,,
SSA,1991,,0.0018257429036883,,,,3.19103002548218,,1249.4702378292,,,,,
SSA,1992,,0.0034702765068439,,,,3.31718993186951,,1210.11118818859,,,,,
SSA,1993,,0.0114888245733919,,,,3.46915006637573,,1165.03599666291,,,,,
SSA,1994,,0.0706500614449473,,,,3.636549949646,,1146.17261841467,,,,,
SSA,1995,,0.103025318707562,,,,3.70607995986939,,1153.34665993743,,,,,
SSA,1996,,0.18045572767945,,,,3.78994011878967,,1180.55971140315,,,,,
SSA,1997,,0.340419157313688,,,,3.89840006828308,,1196.64545570633,,,,,
SSA,1998,,0.612413375452957,,,,3.98621010780335,,1194.60734676073,,,,,
SSA,1999,,0.995480350695364,,,,4.03283023834229,,1188.54612304854,,,,,
SSA,2000,,1.71707091930944,,,,4.38500022888184,11.7066474191237,1197.15229059854,,,,,
SSA,2001,,2.49152805011609,,,,4.73776006698608,13.8976740987733,1214.76656059983,,,,,
SSA,2002,,3.57418673957924,,,,5.08449983596802,,1258.20421528528,,,,,
SSA,2003,,4.95157000317799,,,,5.4680700302124,14.052969192623,1275.3040078456,,,,,
SSA,2004,,7.38214746159849,,,,5.72931003570557,13.1476490517394,1324.19883661399,,,,,
SSA,2005,2.2,11.9840725477325,0.0388993763960072,,,6.05577993392944,12.8279757226788,1365.91668753392,,,,,
SSA,2006,2.8,17.6710664603926,,,,6.24442005157471,14.5490569037986,1409.44567949082,,,,,
SSA,2007,3.7,23.048731490492,0.0984754682491712,0.442468713514599,,6.42093992233276,14.1822474137899,1455.69454438035,,,,,
SSA,2008,4.2,31.6887777349967,0.111886011692322,,,6.75066995620728,15.2181064322341,1489.69620309457,,,,,
SSA,2009,4.9,37.4023670808913,0.131827622638532,,,7.13859987258911,16.8033849092713,1494.78152945706,,,,,
SSA,2010,6.7,44.0852495533227,0.160222693850748,,,7.58326005935669,16.8187642832611,1542.33935803034,,,,,
SSA,2011,8.3,52.1548276219036,0.261192941639443,,,7.91976976394653,18.2179752184548,1564.97360700684,,,,,
SSA,2012,9.9,58.5738313056111,0.244900697586037,,,8.24044036865234,19.0742932055401,1573.55554656004,,,,,
SSA,2013,11.8,64.7032947876451,0.313724717054178,,,8.56204032897949,20.2845041522417,1611.85437542034,,,,,
SSA,2014,13.9,69.3699946933716,0.378351634091623,,,8.72710990905762,19.3322889819816,1642.90241998613,,,,,
SSA,2015,16.3,74.5414315139413,0.365305522512884,,,8.83637046813965,18.4839049406418,1646.07300085129,,,,,
SSA,2016,18.5,72.6041910215201,0.399329499271906,,,8.84714984893799,25.3262584092796,1624.00199620793,,,,,
SSA,2017,20.4,71.9143725084297,0.411606071751453,,,8.98270988464355,24.558430163363,1621.43885328826,,,,,
SSA,2018,22.8,81.1598032629882,0.496931753869275,,,9.08168983459473,27.2954460992132,1623.15311346717,,,,,
SSA,2019,25.3,78.6090423405444,0.476909097290962,,,9.09453010559082,28.085952480857,1621.67647915089,,,,,
SSA,2020,28.0,85.7,0.48,,,9.19779014587402,28.815525895094,1528.60209704355,,,,,
SSA,2021,30.3,86.4,0.52,,,9.27089023590088,30.4071418021971,1543.83294885439,,,,,
SSA,2022,32.7,91.0,0.57,,,,30.9344710058911,1566.66436596342,,,,,
SSA,2023,33.5,93.4,0.67,,,,33.0646580196281,1570.00530365333,,,,,
SSA,2024,34.7,91.9,0.87,,,,35.6929065772948,1587.52608812619,,,,,
SSD,1990,,,,,,,,,,,,,
SSD,1991,,,,,,,,,,,,,
SSD,1992,,,,,,,,,,,,,
SSD,1993,,,,,,,,,,,,,
SSD,1994,,,,,,,,,,,,,
SSD,1995,,,,,,,,,,,,,
SSD,1996,,,,,,,,,,,,,
SSD,1997,,,,,,,,,,,,,
SSD,1998,,,,,,,,,,,,,
SSD,1999,,,,,,,,,,,,,
SSD,2000,,,,,,,,,,0.0,0.0,0.0,19.0
SSD,2001,,,,,,,,,,0.0,0.0,0.0,15.0
SSD,2002,,,,,,,,,,,,,
SSD,2003,,,,,,,,,,0.0,0.0,0.0,23.0
SSD,2004,,,,,,,,,,,,,
SSD,2005,,,,,,,,,,0.0,0.0,0.0,23.0
SSD,2006,,,,,,,,,,0.0,0.0,0.0,27.0
SSD,2007,,,,,,,,,,0.0,0.0,2.0,24.0
SSD,2008,,,,,,,,2289.18415375563,14.473310470581,2.0,2.0,0.0,31.0
SSD,2009,,,,,,,,2293.80166888543,,0.0,0.0,0.0,33.0
SSD,2010,,15.3910038351303,2.05213384468404e-05,,,,1.0,2295.07026096006,,0.0,2.0,0.0,24.0
SSD,2011,,17.4959266080871,3.88798369068601e-05,,,,1.0,2073.23981819145,,,,,
SSD,2012,1.5,21.3829367883201,0.0001580477936528,,,,1.6,1069.19619080938,,,,,
SSD,2013,2.200000048,25.5521917559795,0.000895553799275,,,,2.1,1165.16202707495,,0.0,0.0,0.0,51.0
SSD,2014,2.599999905,25.599272919722,0.0008900698731552,,,,2.6,1197.09491969479,,0.0,0.0,0.0,50.0
SSD,2015,3.0,26.0993389998038,0.001350431476361,,,,3.2,1080.14718624765,,,,,
SSD,2016,3.5,24.930513119821,0.0013850285066567,,,,3.7,,,,,,
SSD,2017,4.1,27.1848244017002,0.001949478485263,,,,2.9,,,,,,
SSD,2018,4.800000191,18.9297575209348,0.0019757033923913,,,,4.8,,,,,,
SSD,2019,6.671000004,21.3171365460584,0.0019187626590366,,,,5.1,,,0.0,0.0,0.0,78.0
SSD,2020,,,,,,,5.4,,,1.0,1.0,0.0,111.0
SSD,2021,,30.151042999214,0.0018406409848165,,,,5.7,,,1.0,1.0,0.0,143.0
SSD,2022,,48.4888320004297,0.0018146882134276,,,,1.7,,,0.0,2.0,0.0,177.0
SSD,2023,,46.6152369503945,0.0017416484040317,,,,1.8,,,0.0,0.0,0.0,154.0
SSD,2024,,,,,,,0.7,,,0.0,0.0,1.0,202.0
SSF,1990,,0.0015393272625151,,,,3.07052993774414,,1279.83580055029,,,,,
SSF,1991,,0.001825493791559,,,,3.19055008888245,,1250.47868032554,,,,,
SSF,1992,,0.0034697755422743,,,,3.31670999526977,,1211.18047015045,,,,,
SSF,1993,,0.0114871946982522,,,,3.46866011619568,,1166.16737156087,,,,,
SSF,1994,,0.0706401704704249,,,,3.63604998588562,,1147.24187256318,,,,,
SSF,1995,,0.103020696609934,,,,3.70559000968933,,1154.3902119079,,,,,
SSF,1996,,0.18060689182626,,,,3.78944993019104,,1181.68670515653,,,,,
SSF,1997,,0.340743407538495,,,,3.89790010452271,,1197.89221793831,,,,,
SSF,1998,,0.613159873272705,,,,3.98570990562439,,1195.8523183401,,,,,
SSF,1999,,0.997876917760792,,,,4.03235006332397,,1189.78158389521,,,,,
SSF,2000,,1.72076740866635,,,,4.38447999954224,11.7170330552878,1198.41035230362,,,,,
SSF,2001,,2.49660398851137,,,,4.7371997833252,13.9088178559122,1215.95723291217,,,,,
SSF,2002,,3.58014716477979,,,,5.08393001556396,,1259.36882961546,,,,,
SSF,2003,,4.9578340282572,,,,5.46747016906738,14.0616335693901,1276.36045213934,,,,,
SSF,2004,,7.38870510824264,,,,5.72870016098022,13.1562119003918,1325.18723336594,,,,,
SSF,2005,2.0,11.9905095836555,0.039060915274992,,,6.05515003204346,12.836671846324,1366.97314297454,,,,,
SSF,2006,2.6,17.6782496829208,,,,6.24377012252808,14.5582716516483,1410.57668732902,,,,,
SSF,2007,3.1,23.0558320274898,0.0989773508900984,0.442468713514599,,6.42028999328613,14.1899326224363,1456.90044586522,,,,,
SSF,2008,3.6,31.6966758556946,0.112351093251462,,,6.74998998641968,15.2262052444875,1490.82485147612,,,,,
SSF,2009,4.3,37.4114164834,0.132447440235802,,,7.13790988922119,16.8123674295811,1495.84741754789,,,,,
SSF,2010,6.0,44.0939840180983,0.161017933756273,,,7.58255004882812,16.827359717128,1543.42062336352,,,,,
SSF,2011,7.5,52.1634151225671,0.262648443794632,,,7.91926002502441,18.2260349168204,1566.14176154754,,,,,
SSF,2012,9.2,58.5825096571309,0.246115329510253,,,8.23978996276855,19.082311356997,1574.72990968301,,,,,
SSF,2013,11.2,64.7110646670392,0.315008159463166,,,8.56149959564209,20.2920825802007,1613.00691852166,,,,,
SSF,2014,13.4,69.3784866915021,0.379554950771693,,,8.72679042816162,19.3399832395253,1644.07050150089,,,,,
SSF,2015,16.2,73.3,0.4,,,8.83660984039307,18.4911203954586,1647.32085826836,,,,,
SSF,2016,18.3,71.5,0.4,,,8.84762001037598,25.3331364484408,1625.38221431193,,,,,
SSF,2017,20.0,70.8,0.4,,,8.98320960998535,24.5654860354815,1622.88510482914,,,,,
SSF,2018,22.0,74.4,0.4,,,9.08197975158691,27.3017065552533,1624.6365666885,,,,,
SSF,2019,24.4,77.4,0.5,,,9.09492015838623,28.0923542652665,1623.20798700291,,,,,
SSF,2020,26.7,80.8,0.45,,,9.19791030883789,28.8215748340143,1529.91025762634,,,,,
SSF,2021,29.0,83.0,0.51,,,9.27116012573242,30.4129569040906,1545.11388324435,,,,,
SSF,2022,31.1,87.6,0.56,,,,30.9411284005143,1568.02152788113,,,,,
SSF,2023,32.3,90.0,0.66,,,,33.070978820353,1571.4055801623,,,,,
SSF,2024,33.6,89.2,0.84,,,,35.6988497074765,1588.93961326571,,,,,
SST,1990,,0.190538176225088,,,,6.44184017181396,,6848.1645376059,,,,,
SST,1991,,0.30692899669095,,,,6.81321001052856,,6714.76802596532,,,,,
SST,1992,,0.438187485424229,,,,7.64163017272949,,6589.89328405278,,,,,
SST,1993,,0.632759198899933,,,,7.34355020523071,,6576.72670509285,,,,,
SST,1994,,0.956157521106821,,,,7.6034197807312,,6722.31942499984,,,,,
SST,1995,,1.68810885535383,,,,7.8176097869873,,6931.55765640986,,,,,
SST,1996,,2.59791986144046,,,,8.56110954284668,,7117.95692917037,,,,,
SST,1997,,3.872500233543,,,,8.79374980926514,,7400.13921257681,,,,,
SST,1998,,5.74107669459841,,,,9.44421005249023,,7587.03885631315,,,,,
SST,1999,,9.02462999336559,,,,9.2608003616333,,7814.13390268946,,,,,
SST,2000,,14.2798076168429,,,,10.0239400863647,58.8810234268432,8233.73342913905,,,,,
SST,2001,,20.2392854235018,,,,10.8100900650024,62.2249861573785,8334.94332625642,,,,,
SST,2002,,25.9103864188081,,,,11.1305904388428,58.527993724438,8509.09600338007,,,,,
SST,2003,,30.9744016092641,,0.728870052377194,,11.9303302764893,60.1058788353105,8809.07593512754,,,,,
SST,2004,,39.5696746262134,3.12934993911426,,,12.5509300231934,61.8738916398709,9118.62424504978,,,,,
SST,2005,19.6,46.5733758085214,3.40492168789539,,,12.6359996795654,63.5020476049285,9464.63468920637,,,,,
SST,2006,21.1,55.0857191455198,5.17158603273708,,,12.8919200897217,63.8904782044229,9984.06367153864,,,,,
SST,2007,23.3,66.5656625666859,5.69772748358238,,,13.8059597015381,69.8099772772046,10342.0337309381,,,,,
SST,2008,25.6,76.9035454399225,6.32748043580627,,,15.073920249939,68.1942457099738,10357.4606783297,,,,,
SST,2009,28.7,82.4715996949295,7.45869944453699,,,16.4898891448975,67.6634099972813,9809.37789211833,,,,,
SST,2010,32.0,86.8401357337238,8.15928342003818,,,17.1129703521729,70.9391223212073,9914.45968595479,,,,,
SST,2011,35.5,92.3152995526394,9.52819344558355,,,17.8525390625,74.2127407601766,10066.3427831055,,,,,
SST,2012,38.5,97.4350187782237,10.2318125208496,,,18.7524394989014,75.477029152991,10180.0751029745,,,,,
SST,2013,41.2,100.503608519213,10.6322446122341,,,19.2426204681396,76.0641399863949,10195.8863691367,,,,,
SST,2014,44.7,107.332880489191,11.0626820982597,,,19.6605091094971,78.4852844584634,10328.383721223,,,,,
SST,2015,47.7,109.5,11.4,,,19.9418296813965,80.2282491194669,10451.9964952878,,,,,
SST,2016,50.9,115.4,11.8,,,19.9832496643066,82.2079246317143,10529.0592324888,,,,,
SST,2017,55.6,113.3,12.2,,,20.5163993835449,86.564332669832,10755.3448582832,,,,,
SST,2018,58.0,111.8,12.4,0.853701889474843,,20.7374591827393,85.8628274580042,10991.2219783357,,,,,
SST,2019,62.1,111.0,13.2,,,21.3656902313232,87.8962693865757,11210.5608938361,,,,,
SST,2020,65.6,111.5,15.12,,,21.8676891326904,89.6931464562111,10333.0141438009,,,,,
SST,2021,69.1,114.0,15.39,,,22.3052196502686,90.7682817756348,10988.3149576582,,,,,
SST,2022,70.5,117.2,16.0,,,22.5005798339844,91.3000547580664,11682.1880704072,,,,,
SST,2023,71.7,131.0,16.13,,,22.5767707824707,92.1617428840377,12160.0587635306,,,,,
SST,2024,72.5,143.1,16.64,,,22.8753509521484,92.2683344972475,12794.3634985188,,,,,
STP,1990,0.0,0.0,,,,,,967.490807502814,,,,,
STP,1991,,0.0,,,,,,957.946483063679,,,,,
STP,1992,,0.0,,,,,,946.482495103288,,,,,
STP,1993,,0.0,,,,,,939.606669438019,,,,,
STP,1994,,0.0,,,,,,943.891404294867,,,,,
STP,1995,,0.0,,,,,,947.331538535199,,,,,
STP,1996,,0.0,,,,,,947.030151309961,,,,,
STP,1997,,0.0,,,,,,942.971185295678,,,,,
STP,1998,0.296,0.0,,,,,,953.9855008639,,,,,
STP,1999,0.363,0.0,,,,,,966.2268289095,,,,,
STP,2000,4.6385168164075,0.0,,,,,40.1,959.938180991352,,0.0,0.0,0.0,47.0
STP,2001,6.31091788794615,0.0,,,,,36.5,973.424252100436,,0.0,0.0,0.0,44.0
STP,2002,7.580665168911,1.3206867571137,,,,,37.4,982.32906557627,,0.0,0.0,0.0,47.0
STP,2003,10.1618443069961,3.13300479800278,,,,,38.4,1036.86196260207,,0.0,0.0,0.0,61.0
STP,2004,13.3228526892178,4.91106813354047,,,,,39.4,1047.05796134884,,0.0,0.0,0.0,85.0
STP,2005,13.75949955,7.39487376190152,,,,,40.4,1089.14778798762,,0.0,0.0,0.0,90.0
STP,2006,14.18200016,11.1230514736957,0.07546577476183,,,,41.4,1157.0861446542,,0.0,0.0,0.0,96.0
STP,2007,14.5904831987414,17.736593989393,0.181496758986447,,,,42.5,1170.51612474435,,0.0,0.0,0.0,117.0
STP,2008,15.47999954,29.0869022342672,0.197936625755928,,,,43.7,1214.14114724792,,0.0,0.0,0.0,139.0
STP,2009,16.40999985,45.4470827031312,0.249082107133419,,,3.92682003974915,34.1,1225.60541902997,,2.0,2.0,0.0,163.0
STP,2010,18.75,56.5065290810882,0.321778638298809,,,4.22901010513306,46.2,1216.3502521663,,0.0,0.0,0.0,175.0
STP,2011,20.16119957,61.9653216553819,0.396985709591756,,,,47.5,1214.96130276731,,0.0,0.0,0.0,171.0
STP,2012,21.57239914,64.4914721889368,0.410686289517998,,,7.83568000793457,42.8,1225.6945255615,,0.0,0.0,0.0,230.0
STP,2013,23.0,64.8875473729989,0.506347464120778,,,,50.4,1263.70423995281,,0.0,2.0,0.0,193.0
STP,2014,24.40999985,65.3056660923834,0.559036830362815,,,9.24396991729736,52.4,1301.32146445028,,0.0,1.0,0.0,215.0
STP,2015,25.81999969,92.3511291071491,0.656045453864627,,,12.8210802078247,53.8,1298.10946596396,,0.0,0.0,0.0,213.0
STP,2016,28.0,87.4112004084658,0.69959595265331,,,,58.6,1342.533807689,,0.0,0.0,0.0,302.0
STP,2017,32.61640167,84.0522781079383,0.714596318307001,,,,76.2,1375.59403284199,,0.0,0.0,0.0,235.0
STP,2018,37.99380112,77.3644421396185,0.740768934329906,,,,55.7,1413.84348618541,,0.0,1.0,0.0,217.0
STP,2019,44.25790024,77.6791069955762,0.769475894129115,,,,68.2,1420.66008316091,,0.0,0.0,0.0,252.0
STP,2020,51.55469894,80.1172764274381,1.15528778715478,,,,71.0,1430.84119299096,,0.0,0.0,0.0,353.0
STP,2021,54.94950104,85.2577705092336,1.54216281238596,,,,73.7,1428.28676097975,,0.0,1.0,0.0,416.0
STP,2022,58.56779861,86.7784626941517,2.02470117761428,,,,76.4,1403.23356704678,,1.0,2.0,1.0,451.0
STP,2023,58.70130157,63.4540500972405,2.50139688397417,,,,69.6,1380.60169416257,,1.0,3.0,0.0,768.0
STP,2024,59.11759949,62.4367400312479,2.9940221452347,,,,75.1,1373.27082138436,,0.0,5.0,0.0,546.0
SUR,1990,0.0,0.0,,,,9.56165981292725,,6474.95571162121,,,,,
SUR,1991,,0.0,,,,,,6609.4013410012,,,,,
SUR,1992,,0.0,,,,,,6594.9041494915,,,,,
SUR,1993,,0.255223439,,,,,,6127.17764098658,,,,,
SUR,1994,,0.323996361,,,,,,6290.15749631679,,,,,
SUR,1995,0.115,0.388271307,,,,,,6184.2834422862,,,,,
SUR,1996,0.226,0.544347662,,,,,,6114.83571706509,,,,,
SUR,1997,1.0,0.498580217,,,,,,6330.13718248353,,,,,
SUR,1998,1.67,1.300923229,,,,,,6343.51344766536,,,,,
SUR,1999,1.89,3.719779449,,,,,99.62406,6127.31035739875,,,,,
SUR,2000,2.50641105226881,8.6118961151218,,,,,90.6,6128.31602380553,,,,,
SUR,2001,3.06444838873752,17.8806313712595,,,,,90.4,6255.55274185687,,0.0,0.0,0.0,8.0
SUR,2002,4.1615687449541,21.8231359920733,0.018930583162656,,,11.2604503631592,90.1,6301.31731043167,,,,,
SUR,2003,4.71987539528956,33.2775160244385,0.0426528492498233,,,,89.9,6567.84309876847,,,,,
SUR,2004,6.0760478144456,41.410678253357,0.0817243050028895,,,,89.6,7021.98919924338,8.69515991210938,0.0,0.0,0.0,14.0
SUR,2005,6.40308628759062,44.8255676249198,0.213166240783497,,,,89.3,7261.8171350196,,,,,
SUR,2006,9.49960041,60.952729253691,0.505907652805635,,,,81.8,7599.35696921481,,,,,
SUR,2007,14.11,71.560932250629,0.791878210826039,,,,88.8,7897.25648915828,,,,,
SUR,2008,21.05999947,122.310305354168,1.07139200923229,,,,88.6,8129.11464659446,,,,,
SUR,2009,31.36,140.536602596179,1.66842051040532,,,,88.4,8276.69079768793,,,,,
SUR,2010,31.59,94.7707224465971,2.75365823942625,,,,79.4,8603.90786745855,,,,,
SUR,2011,32.0,95.9107913617333,4.16345329328077,,,,88.0,9003.28597674886,,,,,
SUR,2012,34.68119812,101.14390730725,5.20197002308787,,,,87.9,9140.92898611536,24.7160491943359,0.0,0.0,0.0,35.0
SUR,2013,37.40000153,152.648413061052,6.51910301922604,,,,87.7,9303.46008775809,,0.0,0.0,0.0,36.0
SUR,2014,40.08000183,161.251918320811,8.06433391904034,,,,87.3,9224.24378410547,,0.0,1.0,0.0,0.0
SUR,2015,42.76380157,129.027366336157,9.05924243544402,,,,88.2,8813.61705392067,,0.0,0.0,0.0,61.0
SUR,2016,45.40000153,137.281393501056,12.1167421230202,,,,90.4,8293.31553031406,,0.0,0.0,0.0,77.0
SUR,2017,48.94520187,134.049784997128,11.9951895949727,,,,92.3,8338.69235401862,,0.0,0.0,0.0,86.0
SUR,2018,55.10210037,125.480181413914,12.2059071279522,,,,94.3,8666.64870697797,20.239839553833,0.0,0.0,0.0,102.0
SUR,2019,62.03350067,134.34912375695,13.2740587155479,,,5.26435130947432,95.4,8677.30522021731,,0.0,1.0,0.0,102.0
SUR,2020,,146.874739718153,15.0689920417039,,,5.30574712643678,96.5,7213.10766669943,,0.0,1.0,0.0,113.0
SUR,2021,,146.654129497521,19.899950800782,,,8.45416298008342,97.5,6973.89941868115,,0.0,1.0,0.0,145.0
SUR,2022,,149.052255906952,20.0260284612076,,,5.02487384130847,98.0,7081.33357325783,26.8269500732422,0.0,0.0,1.0,109.0
SUR,2023,87.4,157.24614636039,17.5373597122531,,,4.93785087797966,98.8,7186.47308144145,,0.0,0.0,1.0,199.0
SUR,2024,,142.122626416427,18.7523938773484,,,2.56642457392281,97.1,7246.25768221495,,0.0,0.0,0.0,105.0
SVK,1990,0.0,0.0,,,,,100.0,8597.46391527645,,,,,
SVK,1991,,0.002253691,,,,,100.0,7338.79874023232,9.59595966339111,,,,
SVK,1992,,0.028989651,,,,,100.0,6843.30017436782,,,,,
SVK,1993,0.128,0.058720083,,,,,100.0,6946.84564117976,,,,,
SVK,1994,0.319,0.111373113,,,,,100.0,7348.918397432,,,,,
SVK,1995,0.523,0.230187088,,,,,100.0,7755.6233338553,,,,,
SVK,1996,0.783,0.534834907,,0.88102,1868.13993,,100.0,8212.83193942756,,,,,
SVK,1997,1.17,3.729898959,,1.04585,1862.07768,,100.0,8647.39434311517,,,,,
SVK,1998,2.69,8.664253744,,0.76234,1888.15391,,100.0,8966.21926231252,,,,,
SVK,1999,5.44,12.35570143,,0.64406,1711.85647,,100.0,8914.68326467255,,,,,
SVK,2000,9.42680320061637,23.1177738137126,,0.63865,1850.51312,,100.0,8997.21199594319,,0.0,35.0,2.0,3515.0
SVK,2001,12.5283218484637,39.9173928424108,,0.62571,1781.46308,30.8164901733398,100.0,9277.35808851002,41.753978729248,0.0,17.0,2.0,3554.0
SVK,2002,40.14,54.3613352057613,0.0759248212242882,0.564,1706.99261,32.7422409057617,100.0,9690.68468262889,,0.0,20.0,0.0,3793.0
SVK,2003,43.04,68.4270811555234,0.417786107500545,0.56511,1790.43354,34.5505905151367,100.0,10168.02256533,,0.0,22.0,0.0,3786.0
SVK,2004,52.89,79.5225777793981,1.46509381072083,0.50263,1993.83051,36.6599617004395,100.0,10718.2101858841,,0.0,24.0,0.0,4179.0
SVK,2005,55.19,84.445444645828,3.37638642325815,0.49537,2031.13681,40.7710609436035,100.0,11412.1593630008,,0.0,22.0,0.0,4394.0
SVK,2006,56.08,91.0056192794065,5.66531010930944,0.47498,2190.13371,45.0326881408691,100.0,12430.2015488557,,0.0,40.0,0.0,5181.0
SVK,2007,61.8,112.852224819086,10.1667119521503,0.44734,2297.64491,50.5563583374023,100.0,13770.9602691527,81.510523517521,1.0,29.0,2.0,5543.0
SVK,2008,66.05,102.619815137048,11.24139264415,0.4616,2340.90823,54.1637115478516,100.0,14497.1114407172,82.7361933432545,0.0,46.0,0.0,6319.0
SVK,2009,70.0,102.091819368094,14.3926739711792,0.47302,2469.7369,56.7700996398926,100.0,13680.7537106597,83.9916534018988,3.0,46.0,2.0,7516.0
SVK,2010,75.71,109.888273989767,16.2644145767381,0.60583,2817.3661,58.0442390441895,100.0,14596.1477776887,84.2525262038285,2.0,36.0,0.0,7077.0
SVK,2011,74.4399971746757,110.836202084841,17.6561458836789,0.65398,2840.91952,57.1524887084961,100.0,14950.8735178599,84.8493118286133,0.0,61.0,3.0,7822.0
SVK,2012,76.7099901181121,112.758768895687,19.3434773928924,0.79377,2827.14865,57.0384407043457,100.0,15159.6570420004,85.3790512084961,2.0,66.0,1.0,8870.0
SVK,2013,77.8826,114.749126777911,20.4985858774048,0.8184,2723.15005,55.253978729248,100.0,15249.8824513785,85.9608764648438,2.0,86.0,0.0,9864.0
SVK,2014,79.9843017656729,117.780685215586,21.9975144176702,0.87462,2723.67121,53.8843002319336,100.0,15647.6491763517,85.3176193237305,0.0,86.0,2.0,11614.0
SVK,2015,77.6346820339875,123.158867497202,23.5008610259474,1.15366,2658.90096,52.7206687927246,100.0,16442.0760860018,86.6858291625977,1.0,73.0,2.0,11698.0
SVK,2016,80.475857275668,128.792489910653,24.626445872585,0.78513,2609.14992,50.3014488220215,100.0,16740.7413996428,87.3202133178711,1.0,91.0,1.0,12354.0
SVK,2017,81.6256675172655,130.944551759663,25.8590797873319,0.88153,2803.05136,49.1256103515625,100.0,17195.2888721963,87.0716171264648,0.0,114.0,4.0,12167.0
SVK,2018,80.4489224826099,133.040480361667,27.6953839189658,0.83184,3003.38839,47.8138313293457,100.0,17869.0149173679,87.777717590332,1.0,173.0,0.0,12566.0
SVK,2019,82.8536605021784,135.755672834643,29.181106904051,0.82138,3116.82472,48.1902389526367,100.0,18250.9802475637,87.7003021240234,6.0,230.0,5.0,13973.0
SVK,2020,89.92090413,133.632904273198,31.192548373756,0.88944,3167.43232,48.3790016174316,100.0,17763.8563847352,89.1387053737615,13.0,373.0,1.0,14688.0
SVK,2021,88.92560523,135.268252737261,32.6060735005904,0.90093,3211.13115,50.7342491149902,100.0,18808.4540496595,89.8134922978643,9.0,373.0,8.0,15387.0
SVK,2022,89.06766196,136.029289645522,33.9988127597088,0.97686,3387.47411,52.4959106445312,100.0,18964.8298400624,90.2027102905863,9.0,475.0,7.0,13603.0
SVK,2023,87.2131343,138.232946210214,33.17259432898,1.03359,3506.62001,53.417610168457,100.0,19383.3732009401,90.0778830546204,17.0,568.0,4.0,14855.0
SVK,2024,89.82507032,139.967676092657,33.8136036435218,,,54.4743194580078,100.0,19776.1758069498,,19.0,684.0,3.0,14281.0
SVN,1990,0.0,0.0,,,,,100.0,13615.5853511552,,,,,
SVN,1991,,0.026284088,,,,,100.0,12395.9173883243,10.5476703643799,,,,
SVN,1992,,0.175761045,,,,,100.0,11735.8458123902,,,,,
SVN,1993,0.41,0.326356829,,,,,100.0,12098.3412867237,,,,,
SVN,1994,1.07,0.820106365,,,,,100.0,12757.6301288509,,,,,
SVN,1995,2.9,1.371147493,,,,,100.0,13278.7428559643,,,,,
SVN,1996,5.07,2.069909231,,1.26688,2257.90178,,100.0,13674.183297426,,,,,
SVN,1997,7.59,4.70447697,,1.24861,2025.7301,,100.0,14400.670888341,,,,,
SVN,1998,10.1,8.127933756,,1.31033,2160.49912,,100.0,14874.2904782546,65.9195299981192,,,,
SVN,1999,12.6,31.78892401,,1.34289,2239.48814,,100.0,15646.6885879812,67.3159685751289,,,,
SVN,2000,15.1102595640388,61.183370780183,,1.36862,2183.7261,,100.0,16146.1216848394,68.648119728644,0.0,28.0,1.0,2584.0
SVN,2001,30.1759104700854,73.8855363101284,0.27642649894782,1.4824,2262.53562,60.8455085754395,100.0,16576.7158840406,68.8803859050261,0.0,34.0,0.0,2648.0
SVN,2002,27.8388854180687,83.71447278833,2.84875465210397,1.46036,2331.11354,66.6545715332031,100.0,17099.658209132,70.2314616788334,0.0,80.0,0.0,3591.0
SVN,2003,31.8547930120441,87.285055382963,2.91052903653218,1.25957,1895.25158,69.6047668457031,100.0,17635.3608581831,71.9450184331403,0.0,63.0,0.0,3827.0
SVN,2004,40.81,92.7311397535546,5.77207938621902,1.38062,2021.91495,73.348876953125,100.0,18425.2601213581,74.0511016845703,1.0,67.0,0.0,3927.0
SVN,2005,46.81,88.0975344957269,9.84769499337478,1.42797,2634.49569,81.2728118896484,100.0,19102.2776603905,73.6207885742188,2.0,66.0,0.0,4189.0
SVN,2006,54.01,90.8371665317101,13.9689503443139,1.54569,2928.65083,85.2738876342773,100.0,20166.5323431214,75.0342864990234,0.0,43.0,1.0,4683.0
SVN,2007,56.74,95.7428364606947,17.1127091320542,1.43261,3115.13903,87.2651672363281,100.0,21485.780992381,73.2106323242188,0.0,61.0,0.0,5168.0
SVN,2008,58.0,101.472234498799,21.0012913038218,1.63465,3477.77233,88.5987091064453,100.0,22175.2369557321,75.8000183105469,3.0,50.0,0.0,5723.0
SVN,2009,64.0,103.184650482804,22.0587657348566,1.83331,3671.25911,87.96533203125,100.0,20307.6188322273,77.3182067871094,0.0,73.0,0.0,6204.0
SVN,2010,70.0,103.782526953769,23.0130215414954,2.06914,3770.38211,90.2514877319336,100.0,20444.1201295876,77.6738128662109,1.0,67.0,0.0,6370.0
SVN,2011,67.3399948092396,105.844580545528,24.1297849867532,2.4311,4287.95887,87.1887130737305,100.0,20535.4155754108,78.4461212158203,1.0,71.0,0.0,7182.0
SVN,2012,68.3499745287825,109.148058194505,24.8054736692412,2.58339,4330.67354,89.0215606689453,100.0,19894.8697964548,79.1578216552734,0.0,73.0,0.0,7635.0
SVN,2013,72.6756,111.044907196462,25.5111136181393,2.59426,4236.51087,87.8572082519531,100.0,19704.2186005128,79.7796478271484,1.0,65.0,0.0,8139.0
SVN,2014,71.5862515855601,113.019086174171,27.0022702087688,2.38854,4166.88131,84.3780288696289,100.0,20228.7081986391,80.0910873413086,2.0,72.0,0.0,8668.0
SVN,2015,73.0986599745829,114.271192414174,27.6233320566015,2.21611,3836.54008,82.1997833251953,100.0,20697.2748530619,81.4500274658203,0.0,86.0,0.0,9359.0
SVN,2016,75.4985042610791,115.736307790972,28.5889065200718,2.02922,3939.83347,79.4747467041016,100.0,21309.7122138949,81.8688430786133,0.0,87.0,1.0,9639.0
SVN,2017,78.8854263554775,118.461993493049,29.180424842781,1.88219,4510.81305,79.2703475952148,100.0,22397.7634988337,82.5606307983398,0.0,110.0,1.0,9547.0
SVN,2018,79.7499765956562,119.153401263409,29.6086313428343,1.96365,4880.49036,77.3015975952148,100.0,23293.966665323,82.7784258411314,1.0,164.0,4.0,10264.0
SVN,2019,83.1083578026717,120.568876746571,30.1395433223627,2.05725,5060.56961,76.4720077514648,100.0,23943.1800949889,82.9429702758789,7.0,211.0,6.0,10770.0
SVN,2020,86.60130109,121.331428226248,30.9930132861242,2.15559,5187.16109,75.8166809082031,100.0,22811.8050540778,84.8297258764264,6.0,318.0,2.0,12199.0
SVN,2021,89.00399524,123.362924143622,31.5502669986288,2.13847,5235.17998,82.2400436401367,100.0,24665.4410464026,86.0023322405167,5.0,399.0,2.0,13086.0
SVN,2022,88.91248552,126.45918075971,32.0104972135392,2.1,5370.37458,82.3922576904297,100.0,25275.715967757,86.0007499688961,10.0,411.0,3.0,12260.0
SVN,2023,90.37794678,129.227963043737,31.8814801387465,2.13385,5616.34857,80.0806884765625,100.0,25773.9015835069,82.339101036363,12.0,539.0,1.0,12703.0
SVN,2024,90.76355487,130.86090177123,34.2332575162942,,,,100.0,26134.627203987,,18.0,604.0,9.0,13449.0
SWE,1990,0.584,5.395157881,,,,,100.0,34903.3480401006,58.7847518920898,,,,
SWE,1991,1.16,6.611458698,,,,,100.0,34268.9743998346,60.0308303833008,,,,
SWE,1992,1.5,7.592353574,,,,,100.0,33673.8489875564,62.7166481018066,,,,
SWE,1993,1.72,8.919313209,,,,,100.0,32787.2810455518,64.5060424804688,,,,
SWE,1994,3.41,15.83087445,,,,,100.0,33862.4221711967,65.7017288208008,,,,
SWE,1995,5.1,22.92631064,,,,,100.0,35064.4138802129,67.0355377197266,,,,
SWE,1996,9.04,28.36493884,,,,,100.0,35605.4537507466,,,,,
SWE,1997,23.7,35.97919088,,3.27265,4169.89584,,100.0,36675.7506543343,,,,,
SWE,1998,33.5,46.54174661,,,,,100.0,38211.7233090832,,,,,
SWE,1999,41.4,57.92826117,,3.37825,4508.76656,,100.0,39786.0271902555,,,,,
SWE,2000,45.6876522122282,71.8240245461588,2.80655055662689,,,,100.0,41561.7747635857,,3.0,81.0,1.0,20257.0
SWE,2001,51.7656649372808,80.6877500977403,6.59845490490019,3.87215,5177.98913,70.0115203857422,100.0,42014.4022302506,,1.0,74.0,0.0,21198.0
SWE,2002,70.57,89.0639567500317,9.4117151427886,,,74.7414321899414,100.0,42831.7584103774,,0.0,116.0,0.0,25552.0
SWE,2003,79.13,98.2426498568778,12.2231225534918,3.5823,5389.38189,80.4902877807617,100.0,43475.3655433221,,0.0,120.0,1.0,25125.0
SWE,2004,83.89,97.6783137909993,15.6774527541615,3.36628,5434.9691,83.0349807739258,100.0,45114.6701230708,78.2497787475586,1.0,90.0,1.0,25282.0
SWE,2005,84.83,100.822047425123,27.929833436529,3.3641,6103.30894,81.7390899658203,100.0,46189.6828420555,79.0401763916016,0.0,102.0,1.0,27068.0
SWE,2006,87.76,105.79670579871,27.4100136080972,3.47963,6159.34885,79.3352279663086,100.0,48078.3520110084,79.7420883178711,0.0,119.0,2.0,29012.0
SWE,2007,82.01,110.587549083029,30.3915033589943,3.24176,5026.89783,75.3943710327148,100.0,49262.152916545,80.3960723876953,1.0,102.0,0.0,29258.0
SWE,2008,90.0,108.612891679953,31.4844304168158,3.49083,5468.69683,71.158073425293,100.0,48428.6587081751,76.2738800048828,1.0,100.0,1.0,32798.0
SWE,2009,91.0,112.273275734132,31.6719577060978,3.41266,5110.718,71.0115814208984,100.0,45974.3911151254,76.9570770263672,1.0,104.0,2.0,35492.0
SWE,2010,90.0,117.211932910169,31.9840349438999,3.18756,5279.17412,73.0818328857422,100.0,48205.5492512742,77.6163787841797,0.0,118.0,3.0,36288.0
SWE,2011,92.7699860554046,121.218520944341,32.0391154481002,3.20686,5172.47477,71.9184112548828,100.0,49356.5905257047,78.3214797973633,4.0,124.0,1.0,38893.0
SWE,2012,93.1799880065108,124.465204900222,32.2829791143157,3.24636,5196.71759,68.742301940918,100.0,48789.7906883637,79.0048828125,1.0,140.0,5.0,42759.0
SWE,2013,94.7836,125.141584605994,32.7855388506159,3.27557,6717.6193,65.7820892333984,100.0,48928.4994141291,73.9167327880859,3.0,161.0,4.0,44538.0
SWE,2014,92.5236065037579,126.980024510044,33.841393015349,3.12457,6909.46438,64.9541931152344,100.0,49557.6183647959,74.4703674316406,2.0,204.0,4.0,47740.0
SWE,2015,90.6101966398616,128.974452830716,35.6778078349251,3.24088,6846.13413,66.4283218383789,100.0,51188.1652120493,75.0337524414062,1.0,220.0,4.0,49434.0
SWE,2016,89.6509476102355,126.401633330915,37.0821744423215,3.25643,7143.443,68.306037902832,100.0,51626.3235312369,75.5588836669922,1.0,262.0,5.0,54868.0
SWE,2017,93.0062669652127,124.472904877796,38.3266046004608,3.39374,7316.6476,70.4342498779297,100.0,51894.3748177808,76.1459503173828,2.0,439.0,6.0,53697.0
SWE,2018,89.2469631588137,124.086284526267,38.7413375683818,3.34602,7425.66896,73.4083786010742,100.0,52203.0872589761,83.172673189653,8.0,705.0,2.0,56309.0
SWE,2019,94.4934434072202,125.456729050381,39.2905524546107,3.39847,7685.83827,75.1148529052734,100.0,53024.4099494317,77.2551116943359,17.0,1251.0,5.0,59159.0
SWE,2020,94.53943122,123.548656971054,40.3679810262741,3.50181,7754.64384,79.1196365356445,100.0,51624.5811789573,84.2121403696943,22.0,1750.0,9.0,65240.0
SWE,2021,94.6703163,124.96149481991,40.8351431063991,3.41565,8159.79705,85.9426193237305,100.0,53997.1337068799,83.1048471312952,45.0,2276.0,17.0,67459.0
SWE,2022,95.00970335,140.781664517726,40.6093424279832,3.47239,8639.24439,83.8976135253906,100.0,54304.1877501033,83.959668073826,55.0,2609.0,12.0,64788.0
SWE,2023,95.70327461,140.265691285045,40.7340135908716,3.59978,8910.73864,81.3998184204102,100.0,53937.7967122429,84.7437742934447,55.0,3067.0,16.0,67882.0
SWE,2024,95.52930428,140.686673016562,40.6156538715616,,,83.9988098144531,100.0,54316.2619329718,,84.0,3502.0,17.0,65820.0
SWZ,1990,0.0,0.0,,,,3.92527008056641,,2027.97481893357,,,,,
SWZ,1991,,0.0,,,,3.75163006782532,,1982.41521742784,,,,,
SWZ,1992,,0.0,,,,3.34717011451721,,1969.96082517613,,,,,
SWZ,1993,,0.0,,,,4.43348979949951,,1972.8034062953,,,,,
SWZ,1994,,0.0,,,,,,2020.38481816452,,,,,
SWZ,1995,0.00103,0.0,,,,,,2119.58163612274,,,,,
SWZ,1996,0.0504,0.0,,,,5.9414701461792,,2157.86134438392,,,,,
SWZ,1997,0.0885,0.0,,,,,,2187.69829843414,,,,,
SWZ,1998,0.0961,0.46758818,,,,,,2216.00896777397,,,,,
SWZ,1999,0.471,1.374745917,,,,4.54553985595703,,2256.76912984402,,,,,
SWZ,2000,0.926191777269401,3.16876861651562,,,,4.26582002639771,10.4,2273.04683761056,,0.0,0.0,0.0,38.0
SWZ,2001,1.28159005046719,5.23279267485139,,,,,18.3,2283.98316815361,,0.0,0.0,0.0,23.0
SWZ,2002,1.81620380712642,6.41847917911427,,,,4.41731977462769,16.7,2358.56935643468,,0.0,1.0,0.0,35.0
SWZ,2003,2.43707385055863,7.96850098434424,,,,,19.8,2448.83792077995,,2.0,3.0,0.0,28.0
SWZ,2004,3.22868507316111,13.511511341749,,,,5.39188003540039,23.0,2522.14342097167,,0.0,2.0,0.0,50.0
SWZ,2005,3.697000027,18.5353032653644,,,,4.7824501991272,26.1,2658.75180508187,,0.0,0.0,0.0,39.0
SWZ,2006,3.69653878906882,23.0534582031581,,,,4.6042799949646,27.3,2823.48728215402,,0.0,0.0,0.0,36.0
SWZ,2007,4.1,34.8398512888453,,,,,32.4,2928.46845823015,,0.0,0.0,0.0,41.0
SWZ,2008,6.85,48.4152042043874,0.0703038272784314,,,,35.5,2950.67334362132,,0.0,0.0,0.0,48.0
SWZ,2009,8.94,60.1212682768811,0.136089754088348,,,,28.9,2973.83456912379,,0.0,0.0,0.0,58.0
SWZ,2010,11.04,65.2905141006612,0.329060405703234,,,,39.8,3069.52175725884,,0.0,0.0,0.0,84.0
SWZ,2011,18.13,68.5737493883254,0.717817419954501,,,7.02840092827937,44.7,3108.70225253092,,0.0,0.0,0.0,80.0
SWZ,2012,20.78179932,71.6279475345304,0.305108362852056,,,,48.2,3218.50138205493,,0.0,0.0,0.0,79.0
SWZ,2013,24.70000076,79.0272480287436,0.371684705174382,,,6.43545771863543,51.8,3332.11983927912,,0.0,0.0,0.0,95.0
SWZ,2014,25.0,80.6829892484285,0.448825529196101,,,,59.3,3381.79292071291,,0.0,0.0,0.0,99.0
SWZ,2015,25.64299965,82.3406804087808,0.525020278908273,0.27807,137.91577,,59.1,3419.82276559528,,0.0,0.0,0.0,107.0
SWZ,2016,28.56999969,86.5588465316001,0.608956709267538,,,,58.1,3500.17688847942,,0.0,1.0,0.0,116.0
SWZ,2017,35.33160019,88.7130405501664,1.34191565323629,,,,69.8,3596.23605400492,,0.0,0.0,0.0,133.0
SWZ,2018,39.38100052,89.2003705956478,1.8710289504324,,,,69.7,3565.54285067501,,0.0,0.0,0.0,182.0
SWZ,2019,43.93389893,91.0519258836113,2.04369280109571,,,,72.9,3759.67106964666,,0.0,3.0,0.0,241.0
SWZ,2020,49.01300049,104.747264466614,2.29004241533492,,,,76.1,3609.3669136859,,0.0,4.0,0.0,301.0
SWZ,2021,53.99530029,118.627490794327,2.55280778191155,,,,79.1,3719.03838239806,,0.0,11.0,0.0,268.0
SWZ,2022,57.34370041,121.491701239707,2.18530055779024,,,,81.6,3695.64957179548,35.8065490722656,0.0,19.0,0.0,301.0
SWZ,2023,61.33330154,128.399211381334,2.76365982774566,,,,84.9,3790.16576788091,,0.0,9.0,0.0,272.0
SWZ,2024,63.40309906,139.833459658744,2.5065536335855,,,,88.3,3866.37127926695,,0.0,21.0,0.0,292.0
SXM,1990,,,,,,,,,,,,,
SXM,1991,,,,,,,,,,,,,
SXM,1992,,,,,,,,,,,,,
SXM,1993,,,,,,,,,,,,,
SXM,1994,,,,,,,,,,,,,
SXM,1995,,,,,,,,,,,,,
SXM,1996,,,,,,,,,,,,,
SXM,1997,,,,,,,,,,,,,
SXM,1998,,,,,,,,,,,,,
SXM,1999,,,,,,,,,,,,,
SXM,2000,,,,,,,,,,,,,
SXM,2001,,,,,,,,,,,,,
SXM,2002,,,,,,,,,,,,,
SXM,2003,,,,,,,,,,,,,
SXM,2004,,,,,,,,,,,,,
SXM,2005,,,,,,,,,,,,,
SXM,2006,,,,,,,,,,0.0,0.0,0.0,17.0
SXM,2007,,,,,,,,,,,,,
SXM,2008,,,,,,,,,,,,,
SXM,2009,,,,,,,,37548.9474627441,,,,,
SXM,2010,,,,,,,100.0,38403.0705201664,,,,,
SXM,2011,,,,,,,100.0,39615.1371367338,,,,,
SXM,2012,,196.556548553808,,,,7.8405017921147,100.0,39298.9873567827,,,,,
SXM,2013,,,,,,,100.0,38889.7715088035,,0.0,1.0,0.0,0.0
SXM,2014,,,,,,7.32811856731165,100.0,38623.1999405819,,,,,
SXM,2015,,,,,,7.93456032719836,100.0,37839.6283815163,,,,,
SXM,2016,,,,,,,100.0,37428.7027557069,,,,,
SXM,2017,,,,,,9.85608373310074,100.0,33945.4185182499,,,,,
SXM,2018,,,,,,,100.0,31047.7241050626,,,,,
SXM,2019,,,,,,,100.0,33877.976645467,,,,,
SXM,2020,,,,,,,100.0,28920.3773007159,,,,,
SXM,2021,,,,,,,100.0,29834.6350068383,,0.0,0.0,0.0,104.0
SXM,2022,,205.372695128029,,,,8.259449370042,100.0,33523.6042042737,,0.0,0.0,0.0,114.0
SXM,2023,,,,,,7.65284309533989,100.0,34300.9630414348,,0.0,4.0,0.0,152.0
SXM,2024,,,,,,,100.0,34840.1808133458,,0.0,7.0,0.0,112.0
SYC,1990,0.0,0.0,,,,,,8779.85231337378,,,,,
SYC,1991,,0.0,,,,,,8902.83798776266,,,,,
SYC,1992,,0.0,,,,,,9497.7554107084,,,,,
SYC,1993,,0.0,,,,,,9981.2446035158,,,,,
SYC,1994,,0.0,,,,,81.3051281349631,9481.8805265777,,,,,
SYC,1995,,0.066903057,,,,,85.5084110027475,9388.81967720743,,,,,
SYC,1996,0.651,1.380542687,,,,,86.1666082810887,10177.0904671696,,,,,
SYC,1997,1.28,2.936065124,,,,,84.9802673137764,11284.8459766598,,,,,
SYC,1998,2.53,6.68263288,,,,,87.5086747413272,11339.3481297046,,,,,
SYC,1999,6.23,20.69691627,,,,,88.1962329164559,11326.9386083063,,,,,
SYC,2000,7.39562918315276,31.1589332437168,,,,,89.5,11703.7535246117,,0.0,0.0,0.0,25.0
SYC,2001,11.0151029300174,43.3574450984564,,0.39968,,,90.0,11427.9413083015,,,,,
SYC,2002,14.3041708309972,52.0994211304844,,0.3826,,,93.4,11218.2606464315,46.0364685058594,0.0,0.0,0.0,30.0
SYC,2003,14.5925043169492,56.5629524094032,,0.38707,,,91.0,10677.9692081272,,0.0,0.0,0.0,23.0
SYC,2004,24.2721392249906,61.6736240301284,0.395889105676301,0.32574,,,91.5,10412.0868936027,,0.0,2.0,0.0,32.0
SYC,2005,25.4132681462836,65.8772657002666,1.06199448838304,0.28393,146.54162,,92.1,11297.3118190493,,,,,
SYC,2006,34.95197117065,77.8329810894847,2.73864981797661,,,,99.2,12105.4475265558,,0.0,0.0,0.0,42.0
SYC,2007,38.38,84.4863777495955,3.81882188306293,,,,93.1,13112.8210098816,,0.0,0.0,0.0,36.0
SYC,2008,40.44,101.003814278151,3.69217802846121,,,,93.7,12473.2921769121,,2.0,2.0,0.0,39.0
SYC,2009,,118.199683855257,4.86392959371128,,,,94.3,12116.3783687977,,0.0,0.0,0.0,39.0
SYC,2010,41.0,123.813585199693,7.15270977456276,,,,94.4,12313.5566919249,,0.0,0.0,0.0,46.0
SYC,2011,43.16400146,130.476995382586,9.7006926121372,,,2.91756715035505,96.4,13843.7116081878,,0.0,0.0,0.0,53.0
SYC,2012,47.07600021,137.106577057151,10.6255588037331,,,1.55593589544111,96.7,14135.0010570653,,0.0,0.0,0.0,57.0
SYC,2013,50.40000153,133.985679723389,12.1565631336135,,,3.50154479917611,96.2,14050.3135581314,,0.0,0.0,0.0,65.0
SYC,2014,51.25469971,144.60603512527,11.3010491715558,,,7.29119296649992,100.0,14395.6158118771,77.5646073783786,0.0,0.0,0.0,65.0
SYC,2015,54.25960159,138.248624452112,12.5151543411359,,,16.4973007303906,100.0,15333.1051727105,81.2712572651761,0.0,0.0,0.0,53.0
SYC,2016,56.51470184,138.276832299833,12.7798872711048,0.2017,,25.6358902463449,100.0,16962.6753972731,81.2984687550495,0.0,0.0,0.0,70.0
SYC,2017,62.55310059,148.791660366282,13.5385628007507,,,42.2082018927445,100.0,17921.5731976918,84.0101616522604,0.0,0.0,0.0,69.0
SYC,2018,69.23660278,155.551112656467,17.114916550765,,,38.8581314878893,100.0,18628.1862276696,83.8579192289549,0.0,1.0,0.0,77.0
SYC,2019,76.63420105,164.617084572886,22.9273268168296,,,41.2970430107527,100.0,19481.6461053742,84.9096744727077,0.0,0.0,0.0,72.0
SYC,2020,79.25170135,152.5450781854,29.067843812089,,,26.934264107039,100.0,17048.361729788,84.3140997583049,0.0,0.0,0.0,121.0
SYC,2021,81.99530029,149.479213250181,33.5645230796751,,,26.8701526144608,100.0,17005.0422063679,,0.0,1.0,0.0,136.0
SYC,2022,84.83380127,163.429518331448,29.8314239734867,,,13.930414075936,100.0,15471.2109575418,,0.0,0.0,0.0,116.0
SYC,2023,86.001297,129.24400747161,30.7719361318005,,,14.0341370902195,100.0,16286.8557867673,,0.0,2.0,0.0,117.0
SYC,2024,87.81800079,125.616862703001,31.5968654633563,,,14.5342502593994,100.0,16612.6374865452,,1.0,0.0,0.0,139.0
SYR,1990,0.0,0.0,,,,17.3862705230713,,931.884004809498,,,,,
SYR,1991,0.0,0.0,,,,17.3162403106689,,972.284722031189,,,,,
SYR,1992,0.0,0.0,,,,16.5408096313477,,1065.20347690082,,,,,
SYR,1993,0.0,0.0,,,,16.5476303100586,,1097.10915461797,,,,,
SYR,1994,0.0,0.0,,,,15.1282196044922,,1142.06267499391,,,,,
SYR,1995,0.0,0.0,,,,14.5729703903198,,1188.1740389135,,,,,
SYR,1996,0.0,0.0,,,,,,1270.04979705395,,,,,
SYR,1997,0.0326,0.0,,,,,,1299.29708277572,,,,,
SYR,1998,0.0637,0.0,,,,,,1352.12635287652,,,,,
SYR,1999,0.124,0.025155331,,,,,,1271.32082241485,,,,,
SYR,2000,0.181698580104333,0.180311347209453,,,,,87.1,1248.38345857564,,0.0,1.0,0.0,160.0
SYR,2001,0.353759130007247,1.1729284822106,,,,,86.4,1264.321407912,,0.0,0.0,0.0,147.0
SYR,2002,2.09310101861765,2.2898580127742,,,,12.6482696533203,72.2,1331.12579353123,10.431960105896,0.0,4.0,0.0,180.0
SYR,2003,3.39797261356623,6.62407285339792,,,,13.2320003509522,84.8,1307.48124980131,,0.0,1.0,0.0,191.0
SYR,2004,4.32159377785571,12.7938920890283,0.0032720951634343,,,15.2420597076416,84.0,1363.6138135409,,0.0,7.0,1.0,269.0
SYR,2005,5.648099899,15.6797370651604,0.0143509457884519,,,18.2976398468018,83.1,1411.6316668592,,0.0,0.0,0.0,245.0
SYR,2006,7.832600117,23.807072172145,0.0265722572394124,,,20.8499908447266,99.2,1420.72014052107,,0.0,3.0,1.0,270.0
SYR,2007,11.5,29.8536903030412,0.0333123844068162,,,21.3354091644287,81.5,1411.68909698729,21.8524703979492,0.0,0.0,0.0,291.0
SYR,2008,14.0,32.6121929526333,0.0510940646583256,,,21.8033008575439,80.8,1423.59407304833,21.3533096313477,0.0,9.0,0.0,358.0
SYR,2009,17.3,45.6016523479648,0.157696905337583,,,22.903039932251,80.2,1484.40718049155,21.8995704650879,0.0,3.0,0.0,354.0
SYR,2010,20.7,52.0228671102636,0.310540399541491,,,24.7345008850098,83.6,1526.36518590261,,0.0,3.0,0.0,513.0
SYR,2011,22.5,56.4601130740851,0.530201417967525,,,24.5282592773438,81.2,1542.71903961106,,0.0,1.0,0.0,594.0
SYR,2012,24.30010033,57.0304708357464,1.06395659743909,,,28.8359394073486,80.0,1142.29215064994,,0.0,1.0,0.0,640.0
SYR,2013,26.20000076,56.7277291919289,1.59757846490112,,,31.4127197265625,79.8,884.328816905262,,0.0,7.0,0.0,614.0
SYR,2014,28.09000015,69.2511845049776,2.47214378026187,,,44.4609794616699,79.8,847.658909813856,,0.0,2.0,0.0,615.0
SYR,2015,29.97979927,73.6810937543276,3.75431321223408,0.01942,83.04849,47.8358993530273,79.1,847.731545352582,,0.0,3.0,0.0,661.0
SYR,2016,31.8696003,69.5528574436978,5.26009550775525,,,43.7606582641602,78.4,802.968607901263,,0.0,7.0,0.0,659.0
SYR,2017,32.70000076,80.032591460097,7.40231248726896,,,,77.7,795.881817153216,,0.0,2.0,0.0,644.0
SYR,2018,33.77000046,87.4952069545959,6.78669179370865,,,,69.5,792.412864720441,,1.0,11.0,0.0,782.0
SYR,2019,,87.1297289207859,7.33616579803782,,,,76.2,771.517948289192,,2.0,30.0,1.0,1064.0
SYR,2020,,79.1482419784404,7.35459379919522,,,,75.4,753.135305709477,,1.0,36.0,0.0,1355.0
SYR,2021,,78.5558300193552,7.28562915466706,,,,74.5,746.077458768389,,1.0,56.0,0.0,1644.0
SYR,2022,,78.6567844526885,7.16283326639858,0.04217,139.93785,,75.0,716.943843933856,,0.0,55.0,0.0,2022.0
SYR,2023,,72.4405852977604,6.86124546257849,,,,72.8,,,11.0,81.0,0.0,2293.0
SYR,2024,,71.2231424453527,,,,,61.6,,,8.0,110.0,2.0,2578.0
TCA,1990,0.0,0.0,,,,,56.6418975604167,,,,,,
TCA,1991,,0.0,,,,,63.9897826510626,,,,,,
TCA,1992,,0.0,,,,,63.6777732784282,,,,,,
TCA,1993,,0.0,,,,,63.4153928079111,,,,,,
TCA,1994,,0.0,,,,,63.2214277931774,,,,,,
TCA,1995,,0.0,,,,,63.1171486146988,,,,,,
TCA,1996,,0.0,,,,,63.1257800417762,,,,,,
TCA,1997,,,,,,,63.2278234031507,,,,,,
TCA,1998,,,,,,,63.4221512167133,,,,,,
TCA,1999,,,,,,,63.759660558811,,,,,,
TCA,2000,,,,,,,72.7,,,,,,
TCA,2001,,,,,,,66.9,,,,,,
TCA,2002,,43.9481477885129,,,,,67.5,,,,,,
TCA,2003,,89.1103235605468,,,,,68.2,,,,,,
TCA,2004,,109.752362618131,,,,,69.0,,,,,,
TCA,2005,,,,,,,70.0,,,,,,
TCA,2006,,,,,,,71.0,,,,,,
TCA,2007,,,,,,,72.2,37466.1822614725,,0.0,2.0,0.0,0.0
TCA,2008,,,,,,0.116480000317097,73.5,38854.1075698814,,,,,
TCA,2009,,,,,,,100.0,29988.5997375172,,,,,
TCA,2010,,,,,,0.30978998541832,100.0,29111.8729223189,,,,,
TCA,2011,,,,,,,100.0,29363.9475927366,,,,,
TCA,2012,,,,,,,100.0,27441.3335987017,,,,,
TCA,2013,,,,,,,100.0,26477.5410719582,,,,,
TCA,2014,,,,,,13.5160680529301,100.0,27636.8210228067,,,,,
TCA,2015,,,,,,12.3809523809524,100.0,29457.0140691162,,0.0,1.0,0.0,0.0
TCA,2016,,,,,,11.0619469026549,100.0,30183.0002949881,,,,,
TCA,2017,,,,,,11.8171251452925,100.0,50586.1032335151,,0.0,1.0,0.0,0.0
TCA,2018,,,,,,11.3000755857899,100.0,51863.1830309332,,0.0,2.0,0.0,0.0
TCA,2019,,,,,,11.7383177570093,100.0,52419.8862128617,75.117431640625,0.0,4.0,0.0,0.0
TCA,2020,,,,,,,100.0,33739.4253991739,,0.0,1.0,0.0,0.0
TCA,2021,,,,,,,100.0,42907.7492465912,,0.0,1.0,0.0,0.0
TCA,2022,,,,,,16.973180770874,100.0,48307.3079245499,,,,,
TCA,2023,,,,,,25.2537080405933,100.0,54523.0330927151,,,,,
TCA,2024,,,,,,,100.0,57179.29601876,,0.0,4.0,0.0,0.0
TCD,1990,0.0,0.0,,,,,,602.670685765046,,,,,
TCD,1991,,0.0,,,,,,630.620682697131,,,,,
TCD,1992,,0.0,,,,,,652.785002167398,,,,,
TCD,1993,,0.0,,,,,,537.410535926223,,,,,
TCD,1994,,0.0,,,,,,578.423503785715,,,,,
TCD,1995,,0.0,,,,,,560.331446829175,,,,,
TCD,1996,,0.0,,,,0.503790020942688,,547.925799475536,,,,,
TCD,1997,0.000658,0.0,,,,0.543320000171661,,559.25985583523,,,,,
TCD,1998,0.00427,0.0,,,,0.672879993915558,0.957223532051433,577.909573477303,,,,,
TCD,1999,0.0123,0.0,,,,,1.12140713399091,554.148900751381,,,,,
TCD,2000,0.03570707628555,0.0646139556980874,,,,0.79297000169754,1.2,530.600331266396,,0.0,0.0,0.0,23.0
TCD,2001,0.0459341343557353,0.249882895788383,,,,0.816110014915466,1.3,572.806706826392,,0.0,0.0,0.0,18.0
TCD,2002,0.166069664674347,0.375156644353256,,,,,1.4,600.171451974963,,0.0,0.0,0.0,31.0
TCD,2003,0.320308555366775,0.685087943685349,,,,0.942139983177185,1.5,661.55691667897,,0.0,0.0,0.0,54.0
TCD,2004,0.360920107034467,1.2399148551477,,,,1.20975995063782,,845.518131165737,5.51997995376587,0.0,0.0,0.0,27.0
TCD,2005,0.399257700084004,2.03328940137249,,,,1.4159699678421,1.6,952.871910087319,,0.0,0.0,0.0,37.0
TCD,2006,0.581045764229641,4.35334898001424,,,,,1.8,914.21066458867,,0.0,0.0,0.0,44.0
TCD,2007,0.847224520710968,8.28716997272972,,,,,1.9,920.35281567764,,0.0,0.0,0.0,37.0
TCD,2008,1.19,13.9417805187318,,,,1.95048999786377,2.0,916.08727463451,,0.0,0.0,0.0,31.0
TCD,2009,1.5,19.1808238172742,0.0024971089867841,,,2.01651000976562,2.2,871.485311278207,5.10442018508911,0.0,0.0,0.0,43.0
TCD,2010,1.700000048,23.3525805934177,0.0026883084976132,,,2.0962732183809,3.0,956.953018707396,,0.0,0.0,0.0,26.0
TCD,2011,1.899999976,28.7390189115685,0.123865180054531,,,2.21312898390939,7.7,965.286963559567,,0.0,0.0,0.0,41.0
TCD,2012,2.099999905,33.3228572133612,0.147256096776337,,,,3.0,1016.42152061942,,0.0,0.0,0.0,50.0
TCD,2013,2.5,33.3154384690936,0.107288841149774,,,,3.0,1008.61711428961,,0.0,0.0,0.0,65.0
TCD,2014,2.900000095,37.0123277165075,0.071402000947516,,,3.38820626861646,3.0,993.321157706456,,0.0,0.0,0.0,78.0
TCD,2015,3.5,37.3152541289811,0.0773982341569324,,,3.22750677590433,0.5,993.990730610869,,0.0,0.0,0.0,106.0
TCD,2016,5.800000191,36.9555838356879,0.0339141052177506,0.23294,56.72121,,2.8,923.565872051196,,0.0,1.0,0.0,97.0
TCD,2017,6.351900101,40.7648866631048,0.0021187038729842,,,,4.2,879.075895464417,,0.0,1.0,0.0,371.0
TCD,2018,6.956299782,43.2279057924006,0.0020672754565939,,,,2.3,898.834794005046,7.48449118741297,0.0,1.0,0.0,121.0
TCD,2019,7.618199825,45.9378876746208,0.0004075462461604,,,,,917.203710060136,4.55690002441406,0.0,0.0,0.0,130.0
TCD,2020,8.343099594,50.434327397335,0.0,,,4.39665967267065,1.6,884.980541934939,,0.0,1.0,0.0,147.0
TCD,2021,9.653699875,58.0323175441615,0.0,,,,1.3,857.52763057976,,0.0,2.0,0.0,234.0
TCD,2022,11.17029953,65.4377795535985,0.0,,,,1.3,862.602128172536,,0.0,0.0,0.0,256.0
TCD,2023,12.03590012,70.1873962423852,0.0,,,,0.4,856.985507283698,,0.0,0.0,0.0,310.0
TCD,2024,12.62689972,72.9289782617702,0.0,,,,100.0,855.999353179333,,0.0,4.0,1.0,326.0
TEA,1990,,0.0116487596387499,,,,4.8690299987793,,1085.38647875566,,,,,
TEA,1991,,0.0221831860126453,,,,5.50631999969482,,1155.42204972484,,,,,
TEA,1992,,0.0437933349075813,,,,5.54217004776001,,1267.1415341059,,,,,
TEA,1993,,0.0934383826003796,,,,5.22213983535767,,1391.27134973283,,,,,
TEA,1994,,0.18697920236832,,,,6.66963005065918,,1523.06855301591,,,,,
TEA,1995,,0.391578578721572,,,,7.02889013290405,,1652.400614639,,,,,
TEA,1996,,0.686963183724535,,0.460024805480053,425.444542669836,7.83038997650146,,1779.91841308712,,,,,
TEA,1997,,1.14257418983634,,0.560601146769203,442.520208092577,8.79578971862793,,1887.83148838086,,,,,
TEA,1998,,1.76992058808844,,0.622093409712827,372.820348019524,9.51282024383545,,1921.51989066734,,,,,
TEA,1999,,3.04946249664452,,0.68714004253487,397.751558821605,10.3489799499512,,2023.42082138268,,,,,
TEA,2000,,5.83717736234857,0.0018035796860524,0.722183945753278,496.586860431784,11.1288003921509,87.0096108283012,2157.85535603795,,,,,
TEA,2001,,9.95567168404756,0.0221163558270547,0.789926278334075,501.515060371933,12.2932901382446,88.561606113451,2286.87458531728,,,,,
TEA,2002,,14.3618897757779,0.198459442621956,0.899560875386689,542.808826187397,14.0914402008057,88.2742484993965,2451.23083387714,,,,,
TEA,2003,,18.8626449730796,0.641292593964863,0.991672504944057,615.212019064266,16.0474491119385,88.2288416738338,2649.71946543958,,,,,
TEA,2004,,24.026659013196,1.41852413262407,1.09127312539587,709.488308210953,17.7994499206543,89.7105705327293,2868.82269353821,,,,,
TEA,2005,8.4,28.6845714190938,2.08011566692221,1.16299926803795,785.040321989598,19.1879806518555,88.7541591252174,3131.6805514233,,,,,
TEA,2006,10.3,34.4267316663862,2.84128678085807,1.2323368827159,920.13701826978,20.5814304351807,90.4703697164663,3450.71267623218,,,,,
TEA,2007,14.5,43.3479184862917,3.75800506757765,1.22844908069114,980.660561223548,21.5844192504883,90.1273152682074,3849.69181744448,,,,,
TEA,2008,19.5,53.3166122088424,4.70632711961243,1.32549350236945,1185.38385816256,22.3570995330811,91.0740318601143,4149.89172169115,,,,,
TEA,2009,24.0,61.697463326788,5.93738902959578,1.38091860941462,695.473951278306,23.7103404998779,91.8975694154436,4448.80407260716,,,,,
TEA,2010,29.3,71.0725019935395,7.40818531583903,1.6573354928432,910.471570028839,25.4230098724365,92.8294782232856,4852.63859013079,,,,,
TEA,2011,32.7,81.1327438033427,8.69709182542804,1.5918170884932,907.993800815338,26.9515590667725,93.5375812163679,5227.95136482515,,,,,
TEA,2012,36.1,89.9824899417363,9.94165075843194,1.85116850389039,1044.86502001173,29.1261692047119,93.8602752624683,5575.01390464133,,,,,
TEA,2013,38.7,96.9950982616019,10.649773234774,1.6819873872822,988.180504000522,31.6151294708252,94.1619848521775,5931.54927372231,,,,,
TEA,2014,41.1,102.093043213241,11.2411159368169,1.90789568520804,1113.22619756965,38.9852485656738,94.3585803762619,6296.37014710907,,,,,
TEA,2015,44.1,102.2,14.7,1.87217417493176,1067.01889080476,41.5367698669434,94.8314094961415,6664.53447337008,,,,,
TEA,2016,50.2,108.6,17.0,1.87088501634354,1067.2876605696,43.3201484680176,94.7577633876715,7045.16072110558,,,,,
TEA,2017,54.6,115.1,20.5,1.87006122731623,1033.74202275589,44.0927085876465,96.1867300264277,7457.82890009373,,,,,
TEA,2018,59.8,119.9,21.3,1.88271981025066,1092.61398843962,45.0661506652832,95.9159636062935,7894.29743865068,,,,,
TEA,2019,64.3,127.8,23.5,1.95159268838599,1206.30652242499,47.2565612792969,96.2604247649425,8312.8476797593,,,,,
TEA,2020,72.7,125.0,25.36,2.11819098023791,1313.50010006214,50.6974411010742,95.9051086097306,8386.41483907815,,,,,
TEA,2021,78.3,126.2,28.12,2.30357679372756,1574.67143354107,54.3689193725586,96.6669885091041,9005.51806406365,,,,,
TEA,2022,82.3,126.8,30.76,2.41879972397241,1770.92813324062,57.9160804748535,96.4263302176915,9303.40405088781,,,,,
TEA,2023,85.0,128.1,32.88,2.47582029067574,1938.0043224953,60.657829284668,97.1237449197492,9774.78042985959,,,,,
TEA,2024,86.8,129.5,34.57,,,62.1942710876465,97.2418705718474,10241.9890248099,,,,,
TEC,1990,,0.0076314620807796,,,,,,5346.60951951545,,,,,
TEC,1991,,0.0118683990106256,,,,,,5006.96939084445,,,,,
TEC,1992,,0.0178927912007257,,,,,,4511.55178801154,,,,,
TEC,1993,,0.0291461500447447,,,,,,4289.41225201665,,,,,
TEC,1994,,0.0659219694584531,,,,,,3919.92053424655,,,,,
TEC,1995,,0.163677847677076,,,,,,3912.46445833365,,,,,
TEC,1996,,0.335901009112562,,0.733647327727587,,,99.8200702147684,3946.28035788844,,,,,
TEC,1997,,0.817310779347505,,0.777100960706311,,,99.7989438126885,4058.47185144406,,,,,
TEC,1998,,1.75869179559755,,0.650630641350442,,,99.8122116235766,4029.1180787729,,,,,
TEC,1999,,3.84117709516312,,0.676455288276437,,36.4291915893555,99.4411537526931,4130.40464657393,,,,,
TEC,2000,,7.60929247166759,,0.695753116263651,2046.21238314449,39.5721206665039,97.4627392790146,4437.3279983663,,,,,
TEC,2001,,11.6598194145568,,0.775475145797565,2036.76921286273,42.5860595703125,97.6564422844245,4558.68495710412,,,,,
TEC,2002,,17.2685197418913,0.0554831853195105,0.786369092159285,2008.66742208824,45.6075897216797,97.8459579182706,4789.40719343969,,,,,
TEC,2003,,25.5049023033631,0.266562217585872,0.785176750060116,1970.689074019,48.6035614013672,97.9586571054932,5084.48553032781,,,,,
TEC,2004,,41.2384702354248,0.642352701908141,0.758884448761341,1956.18329925068,49.6661491394043,98.0209168647074,5481.95683609424,,,,,
TEC,2005,14.6,62.1449170147877,1.17793113589781,0.749885726257765,1941.41976757141,51.7776718139648,98.1999559380354,5843.32142618431,,,,,
TEC,2006,17.7,81.4649389328274,2.65547299505495,0.756156434581896,1866.71290732208,53.9830513000488,98.2695437921915,6297.57598769406,,,,,
TEC,2007,23.0,95.7997878406211,4.31415406821992,0.809569692825588,1828.67298480959,55.8291511535645,98.4218795138498,6778.5300441514,,,,,
TEC,2008,28.2,108.538527350352,6.16354567163725,0.790089119097277,1797.83388793981,57.3591613769531,98.5056304807003,7066.17131599245,,,,,
TEC,2009,34.7,117.730406754684,7.90609095884799,0.887348395541812,1784.60924191104,58.7855110168457,98.6639841377118,6711.53031024933,,,,,
TEC,2010,40.0,122.284842739145,9.46872552141353,0.852646127041152,1801.09287571712,60.5026206970215,99.190521788148,7000.76886191211,,,,,
TEC,2011,45.4,120.028710531338,10.768626702696,0.814193621082567,1815.11189329987,61.4155616760254,99.120912949011,7380.61822115828,,,,,
TEC,2012,50.7,122.918504822013,12.1154338047303,0.84688472495892,1823.45620589225,62.2472190856934,99.3285461063231,7600.7808253936,,,,,
TEC,2013,53.5,127.108381947864,13.4257455185845,0.833029484110431,1827.77692467216,64.0805892944336,99.4016296546812,7818.91433979736,,,,,
TEC,2014,57.7,128.02998454354,14.0291020317441,0.857834097660022,1845.58081204162,65.699821472168,99.4945406903079,7958.16097502701,,,,,
TEC,2015,59.4,127.9,15.2,0.880670374935927,1864.71164200667,66.5678024291992,98.6299745654957,8034.6842596255,,,,,
TEC,2016,63.3,126.8,15.9,0.915249173262369,1859.08193157961,68.5775833129883,99.6934143989093,8146.53010473417,,,,,
TEC,2017,67.0,124.1,17.3,0.944309610200855,1892.97132064413,70.3993377685547,99.8486798765314,8464.38023977556,,,,,
TEC,2018,71.8,124.5,18.2,0.93200573035798,1920.02987562621,72.1406326293945,99.899655755896,8750.28088810459,,,,,
TEC,2019,75.2,129.0,18.8,0.968313707742464,1924.46708772711,73.6460266113281,99.9498042064987,8959.32260249973,,,,,
TEC,2020,78.6,126.7,20.51,1.00845409233774,1960.00631372005,76.050666809082,99.9738605184449,8812.50868521582,,,,,
TEC,2021,82.6,130.9,21.68,0.966865197619736,1998.99286844993,79.2664413452148,99.9468127652317,9476.65110748915,,,,,
TEC,2022,85.2,131.1,22.66,0.928838565644767,2061.74716421767,81.2411270141602,99.9823867704836,9708.77674684136,,,,,
TEC,2023,87.3,136.8,24.09,0.993324007184082,2258.09635076527,82.1417770385742,100.0,10132.3013270566,,,,,
TEC,2024,88.9,139.6,25.36,,,88.6189193725586,99.9944739939692,10509.1101785927,,,,,
TGO,1990,0.0,0.0,,,,2.16568994522095,,757.568150002531,,,,,
TGO,1991,0.0,0.0,,,,2.39435005187988,,730.890821015159,,,,,
TGO,1992,0.0,0.0,,,,2.63255000114441,,682.175898912642,,,,,
TGO,1993,0.0,0.0,,,,2.21612000465393,,585.840956389145,,,,,
TGO,1994,0.0,0.0,,,,2.38979005813599,,670.817431721652,,,,,
TGO,1995,0.0,0.0,,,,2.71031999588013,,687.145176769208,,,,,
TGO,1996,0.0109,0.0,,,,2.69524002075195,,716.372671266443,,,,,
TGO,1997,0.211,0.065214314,,,,,,792.111709235126,,,,,
TGO,1998,0.306,0.158619478,,,,3.07287001609802,3.10279958670469,754.708267677364,,,,,
TGO,1999,0.59,0.349223553,,,,,3.13197689466699,754.520837025414,,,,,
TGO,2000,0.8,0.97275564358778,,,,,6.4,730.148392769906,,0.0,0.0,0.0,62.0
TGO,2001,0.9,1.80013499117555,,,,,5.4,718.084179469825,,0.0,0.0,0.0,65.0
TGO,2002,1.0,3.05061225424761,,,,,6.5,727.322768684689,,0.0,2.0,0.0,68.0
TGO,2003,1.2,4.38771023998378,,,25.90716,,7.6,757.076842057466,,0.0,0.0,0.0,89.0
TGO,2004,1.5,5.83805025815816,,,24.36325,,8.7,731.610797958447,,0.0,2.0,0.0,92.0
TGO,2005,1.799999952,7.41937343863111,,,32.23686,,9.8,680.485159475257,,2.0,2.0,0.0,94.0
TGO,2006,2.0,11.7790568369439,,,22.97503,4.9507098197937,7.4,678.890227390526,,0.0,0.0,0.0,88.0
TGO,2007,2.200000048,19.2348550759298,0.0194074537549949,,35.399,5.5628399848938,11.8,650.046681355874,,0.0,0.0,0.0,120.0
TGO,2008,2.400000095,24.3301576494957,0.0300055960201055,,,,12.9,654.896723036341,,0.0,0.0,0.0,107.0
TGO,2009,2.599999905,33.384906435038,0.0635849487130764,,,,13.9,668.669623161752,8.90192031860352,0.0,0.0,0.0,109.0
TGO,2010,3.0,38.6520343582485,0.404376324713075,0.16962,33.17308,8.90678270945479,9.3,686.014185396121,7.7044535598519,0.0,1.0,0.0,169.0
TGO,2011,3.5,38.9697843149559,0.492143829355825,,33.30328,9.66968081043628,16.3,706.442158827353,9.25691032409668,0.0,0.0,0.0,159.0
TGO,2012,4.0,46.6464180614517,0.584347876051159,0.15973,34.58561,10.7079137745625,15.8,733.683602929868,,0.0,0.0,0.0,207.0
TGO,2013,4.5,58.5138554393817,0.0949153119330303,,,10.8397865677878,17.1,759.841612443554,,2.0,4.0,0.0,246.0
TGO,2014,5.699999809,60.4368580586019,0.168753220162062,0.19074,36.81025,10.5384945175632,21.1,786.587399651446,,0.0,0.0,1.0,296.0
TGO,2015,7.119999886,63.3574638254671,0.862199121906724,,34.96857,10.8146472215817,19.8,813.894676975085,,0.0,0.0,0.0,384.0
TGO,2016,11.31000042,70.0588130571426,0.620529481672155,,31.14208,12.0913340463942,21.0,832.959515987733,,0.0,1.0,0.0,422.0
TGO,2017,12.3602249692905,75.3357270694068,0.627393839501362,,37.49789,12.3068653432672,19.5,851.735728621337,9.46590042114258,0.0,2.0,1.0,440.0
TGO,2018,15.5,74.3997114343066,0.316705449644003,,46.47372,12.9031599603185,26.3,876.562800915869,,0.0,2.0,0.0,563.0
TGO,2019,20.72730064,73.7224727486533,0.376920048379618,,45.29645,13.1551472123617,23.9,900.166602437871,14.2901183239008,0.0,7.0,0.0,580.0
TGO,2020,29.02370071,75.164019137873,0.607931974735055,,44.10873,14.9029897765252,24.3,899.748802355348,,0.0,6.0,0.0,732.0
TGO,2021,30.33839989,70.4496733018494,0.749325974933037,,43.68693,,24.7,928.301087692897,,0.0,11.0,0.0,825.0
TGO,2022,35.60749817,72.2147547047011,1.03723561669214,,43.2285,,25.9,970.535975822983,10.9790802001953,2.0,10.0,1.0,912.0
TGO,2023,37.57020187,75.7906769713952,1.22815843837127,,41.39064,,30.5,1011.2308927823,,4.0,18.0,1.0,988.0
TGO,2024,39.48320007,80.8035554767112,1.41538265577438,0.22229,57.79402,,33.9,1053.81653764697,,2.0,25.0,1.0,956.0
THA,1990,0.0,0.114475503,,,,15.9281196594238,,2631.51971095863,,,,,
THA,1991,5.22e-05,0.220234042,,,,,,2810.56702001316,,,,,
THA,1992,0.000344,0.440091874,,,,,,2989.85385369019,,,,,
THA,1993,0.0136,0.715792739,,,,19.8854808807373,,3186.99707103229,,,,,
THA,1994,0.0386,1.257947235,,,,,,3391.48986604062,,,,,
THA,1995,0.0748,2.183979176,,,,21.1048393249512,,3614.93244016732,,,,,
THA,1996,0.115,3.063599772,,0.11918,101.45653,22.2134990692139,,3766.86364433088,,,,,
THA,1997,0.361,3.613604252,,0.10214,73.08507,24.7779598236084,,3614.60848543994,,,,,
THA,1998,1.09,3.201797801,,,,28.7875995635986,,3295.36018381294,,,,,
THA,1999,2.43,3.746479249,,0.24836,168.24107,34.5813102722168,,3403.08737356896,,,,,
THA,2000,3.68904127944164,4.85019199602462,,0.24471,,35.3038711547852,74.0,3514.71662970608,10.9080495390968,0.0,15.0,0.0,2410.0
THA,2001,5.55632612097332,11.8615312803269,0.0025341258218764,0.25231,279.59954,38.9344787597656,85.9,3599.02524877358,,0.0,20.0,0.0,2765.0
THA,2002,7.53125033488567,27.1524154979994,,0.23055,,40.1257095336914,86.6,3783.75422073266,,0.0,49.0,0.0,3794.0
THA,2003,9.29902723805965,33.3243736226487,0.0178993807224333,0.24534,280.52762,41.1551513671875,87.4,4018.15538187068,,0.0,50.0,0.0,4192.0
THA,2004,10.6773033237281,41.1989375977806,0.251749192809814,0.23828,,42.1445999145508,88.1,4232.77157261934,22.6436290740967,0.0,48.0,0.0,4578.0
THA,2005,15.0260043588909,46.1396976737352,0.841437002536603,0.21889,311.93079,44.3367195129395,88.9,4372.25730206261,,0.0,66.0,1.0,5743.0
THA,2006,17.1607147169285,60.2776989983143,1.34231492826242,0.23271,,44.1761817932129,98.8,4551.5250018314,22.5699596405029,0.0,77.0,0.0,7016.0
THA,2007,20.03,78.9450134968359,1.92741409494272,0.2008,320.05038,47.55419921875,90.6,4760.66708464831,21.9606498681637,1.0,72.0,3.0,7327.0
THA,2008,18.2,91.4482689471417,3.06537150418746,0.20331,,46.3521308898926,91.5,4805.76393990836,,2.0,86.0,0.0,8596.0
THA,2009,20.1,96.8163056134753,3.8523728631431,0.23455,324.12834,46.2023391723633,98.9,4737.45679763314,,1.0,100.0,2.0,9491.0
THA,2010,22.4,104.588624052335,4.74172823236676,,,46.3783774485726,99.5,5059.35747831657,27.3381099700928,3.0,100.0,2.0,10981.0
THA,2011,23.669925618731,112.233203232914,5.64433790742555,0.36146,528.55687,52.7332765596589,99.0,5070.23740191942,,5.0,116.0,2.0,11771.0
THA,2012,26.46,122.431994954555,6.50814220580194,,,50.7403100613359,98.8,5403.87846036273,,2.0,130.0,1.0,14140.0
THA,2013,28.94,134.367308785551,7.43359084502317,0.44163,773.81018,49.6879408184566,99.0,5516.61164164135,29.2922706604004,2.0,116.0,0.0,14720.0
THA,2014,34.8860535783465,138.28115031927,7.74748143833759,0.47988,941.80061,49.9091820021394,99.2,5541.46599361845,31.1241301304379,5.0,164.0,3.0,16824.0
THA,2015,39.3161267365004,145.932577028654,8.83035128821556,0.61609,844.08077,45.713134717198,99.5,5688.85335397884,32.2173025321347,3.0,160.0,0.0,17294.0
THA,2016,47.5049656215909,168.88127084564,10.187716904417,0.77829,1179.07394,49.3227291503798,99.9,5857.78052935926,32.6746711730957,6.0,198.0,1.0,18691.0
THA,2017,52.8919293439676,170.783699598766,11.5345396717409,1.00165,1315.74983,47.427491541895,99.9,6076.74307700082,33.2606201829033,5.0,249.0,12.0,20861.0
THA,2018,56.8174809301456,175.266001933225,12.8740610702362,1.11375,1712.15367,46.1667791174286,99.7,6314.19948412043,33.3059310913086,8.0,390.0,10.0,22119.0
THA,2019,66.6524194587528,181.221874232713,14.1338059581469,1.14317,1744.16222,44.9880040072053,99.9,6434.53770518034,35.2588500976562,17.0,564.0,11.0,23391.0
THA,2020,77.84374066,162.327737376294,16.021813562656,1.32818,2018.34788,42.5900878816865,100.0,6032.42244606793,35.5546011622631,22.0,670.0,12.0,25746.0
THA,2021,85.26956666,168.485285358167,17.3168855632327,1.20822,1695.79586,43.4690405127808,100.0,6119.11018526099,36.1886879229945,48.0,1059.0,21.0,29141.0
THA,2022,87.97724503,176.22279253783,17.5125815621477,1.15902,1863.07585,43.29484965617,100.0,6279.82250415973,39.3285713195801,84.0,1442.0,17.0,31203.0
THA,2023,89.53525238,168.642808295144,14.5089451983046,0.93628,1591.96746,45.4407811172674,100.0,6423.99101164149,39.4400587660553,75.0,1773.0,23.0,32424.0
THA,2024,90.86718789,160.639312286761,14.8870491187484,,,44.9845744019321,100.0,6616.58539335928,39.1148991116155,134.0,2241.0,47.0,36139.0
TJK,1990,0.0,0.0,,,,21.2453308105469,,1312.94701318034,,,,,
TJK,1991,,0.0,,,,21.2790393829346,,1188.37461269952,,,,,
TJK,1992,,0.0,,,,21.0363006591797,,827.586884623268,,,,,
TJK,1993,,0.0,,,,20.7430591583252,,682.727259317268,,,,,
TJK,1994,,0.0,,,,20.4126892089844,,528.04821736829,,,,,
TJK,1995,,0.0,,,,20.391580581665,,452.904385394465,,,,,
TJK,1996,,0.001689973,,,,,,369.934883507426,,,,,
TJK,1997,,0.005231264,,,,,,371.661243144454,,,,,
TJK,1998,,0.006821721,,,,,,389.089746664022,,,,,
TJK,1999,0.0328,0.01009764,,,,16.6428604125977,95.9328799309966,401.406381787908,,,,,
TJK,2000,0.048599594582182,0.0184574210368456,,,,17.1997108459473,98.0,429.537300984643,78.9637222290039,0.0,0.0,0.0,38.0
TJK,2001,0.0512591325352927,0.0254394270853736,,0.08953,,16.7238998413086,98.2,461.681195760256,,0.0,0.0,0.0,48.0
TJK,2002,0.0554628269910006,0.202092298308442,,0.07068,,16.9350700378418,98.8,501.80856647117,,0.0,0.0,0.0,45.0
TJK,2003,0.0645837771508553,0.715122980517603,0.0001501822837468,0.06885,,18.3057403564453,100.0,546.391479808684,76.6137649109339,0.0,0.0,0.0,32.0
TJK,2004,0.0774799071356825,1.98805781036491,,0.06697,,19.5840606689453,98.2,590.957111385699,,0.0,0.0,0.0,49.0
TJK,2005,0.298690023682825,3.82686953407502,,0.0957,,20.1519508361816,99.2,618.333702588577,,0.0,0.0,0.0,51.0
TJK,2006,3.77240620666448,30.4637604522579,,0.10732,,21.302490234375,98.3,649.163328755334,,0.0,0.0,0.0,78.0
TJK,2007,7.19761951797855,29.6445453922502,0.0506638634052204,0.06778,,22.2864494323731,98.3,686.48090192413,75.5284041488601,0.0,0.0,0.0,76.0
TJK,2008,8.78,50.0588479537033,0.0498473577970575,0.06983,,22.7512302398682,98.4,726.185491338269,,0.0,0.0,0.0,64.0
TJK,2009,10.07,65.4185519002754,0.0587431894614718,0.08577,,22.5239295959473,98.9,739.212878526331,76.2276910259915,0.0,0.0,0.0,66.0
TJK,2010,11.55000019,77.6363373335646,0.0614207187243413,0.08914,,22.8308906555176,98.6,770.604105393791,,0.0,0.0,0.0,103.0
TJK,2011,13.02999973,80.8201119902975,0.0641551173610521,0.12148,,22.3199405670166,98.7,809.368229154093,,0.0,0.0,0.0,121.0
TJK,2012,14.51000023,81.4565956633347,0.0673813750891555,0.11432,,22.6923599243164,98.8,849.519080831738,,0.0,0.0,0.0,107.0
TJK,2013,16.0,91.7287717099905,0.0705877427548984,0.11851,,22.6164398193359,98.9,889.882383099979,,0.0,1.0,0.0,129.0
TJK,2014,17.48999977,94.9385868130658,0.0723988173119103,0.11624,,24.2260093688965,99.0,925.970961482804,,0.0,0.0,0.0,149.0
TJK,2015,18.97999954,98.2086665185843,0.0694135939582408,0.1034,,26.0669097900391,97.8,956.916310930656,,0.0,0.0,0.0,182.0
TJK,2016,20.46999931,106.027422075203,0.067677077920342,0.10622,,28.5179100036621,99.2,997.352614556708,82.3367962379108,0.0,1.0,0.0,202.0
TJK,2017,21.95999908,109.003509375909,0.0660360517220772,0.10957,,30.2374706268311,99.3,1042.26391757642,80.6697616577148,0.0,0.0,0.0,301.0
TJK,2018,32.59999847,107.442164151643,,0.09401,,,99.3,1094.8002018221,,0.0,0.0,0.0,309.0
TJK,2019,22.68630028,115.372919483658,0.0629593012189131,0.09367,,,99.6,1148.34676712493,,0.0,2.0,0.0,405.0
TJK,2020,27.54409981,62.2826230779409,0.369964643651705,0.08969,,34.6676458195911,99.7,1171.90127480359,,0.0,5.0,0.0,635.0
TJK,2021,36.70560074,64.0874682499327,0.495991334524208,,,37.4220713871838,99.8,1254.06999592306,,0.0,4.0,0.0,573.0
TJK,2022,48.91429901,63.8442080716763,0.585196433548591,,,37.2834392884446,100.0,1325.75545290849,,0.0,4.0,0.0,632.0
TJK,2023,54.41550064,76.215892145748,0.983936262867068,,,34.9689625947729,100.0,1407.1075436221,,0.0,8.0,0.0,606.0
TJK,2024,55.79339981,,,,,35.6398418742497,99.9,1496.33813395037,,0.0,19.0,0.0,779.0
TKM,1990,0.0,0.0,,,,11.7992095947266,,3497.89920091387,,,,,
TKM,1991,,0.0,,,,21.0249099731445,,3254.31337476988,,,,,
TKM,1992,,0.0,,,,,,2704.98191255663,,,,,
TKM,1993,,0.0,,,,,,2685.83184101107,,,,,
TKM,1994,,0.0,,,,,,2175.72604028722,,,,,
TKM,1995,,0.0,,,,,,1983.16344483491,77.0722808837891,,,,
TKM,1996,,0.0,,,,,,2079.99758720175,,,,,
TKM,1997,,0.057291199,,,,,,1811.89459160428,,,,,
TKM,1998,,0.067696893,,,,,,1908.07863828898,,,,,
TKM,1999,0.045,0.088867561,,,,,,2182.50137303073,,,,,
TKM,2000,0.13328218259348,0.163659799719684,,,,,99.5,2256.40240323977,,0.0,0.0,0.0,22.0
TKM,2001,0.175209517731422,0.174808236028121,,,,,99.6,2307.71956018735,,0.0,0.0,0.0,21.0
TKM,2002,0.302132016152841,0.171360938805505,,,,,99.6,2268.02824244615,,0.0,0.0,0.0,22.0
TKM,2003,0.425182631884743,0.18888270953244,,,,,99.5,2296.70842307223,,0.0,0.0,0.0,23.0
TKM,2004,0.754053982724623,1.01046914610113,,,,,99.5,2365.72190264503,,0.0,0.0,0.0,29.0
TKM,2005,0.997300029,2.07827907408511,,,,,99.5,2624.2315668841,,0.0,0.0,0.0,16.0
TKM,2006,1.3195731180963,4.21339762837556,,,,,99.8,2858.53224143565,,0.0,0.0,0.0,30.0
TKM,2007,1.40636068812023,7.27815888724088,,,,,99.5,3115.9792751828,,0.0,0.0,0.0,27.0
TKM,2008,1.75,21.2374900117474,0.0014031729294639,,,,99.5,3506.50453694834,,,,,
TKM,2009,1.950000048,39.1241677660397,0.0085296185040993,,,,99.6,3647.67813083756,,0.0,0.0,0.0,20.0
TKM,2010,3.0,57.4662009404143,0.012993417387385,,,,100.0,3902.54200118683,,0.0,0.0,0.0,29.0
TKM,2011,5.0,93.2537591382086,0.0193545537834018,,,,99.7,4383.14380872567,,0.0,0.0,0.0,41.0
TKM,2012,7.195799828,101.574473198628,0.0241024173691661,,,,99.8,4762.66047536389,,0.0,0.0,0.0,41.0
TKM,2013,9.600000381,103.130970254107,0.0303063925778971,,,,99.9,5131.14087328544,,,,,
TKM,2014,12.19999981,118.613404511362,0.0378583186988985,,,7.00093637977294,100.0,5535.50161297771,,0.0,0.0,0.0,48.0
TKM,2015,14.99680042,126.162969350539,0.453684740587248,0.11,,,100.0,5759.497903834,29.0045890808106,0.0,0.0,0.0,65.0
TKM,2016,17.99029922,134.826174862709,0.73436633505979,0.16,,,100.0,5979.47627661058,,0.0,0.0,0.0,66.0
TKM,2017,,,1.15619017556467,0.09,,,100.0,6221.41962759021,,0.0,1.0,0.0,131.0
TKM,2018,,87.7729687399519,1.71364418489063,0.08,,,100.0,6460.13015920839,,0.0,1.0,0.0,153.0
TKM,2019,,88.2099411752948,2.59674388854464,0.11,,11.0507708201956,99.9,6719.32320157703,,0.0,1.0,0.0,185.0
TKM,2020,,88.7029504834018,3.40423015428109,0.13,,12.4085702576356,100.0,6964.38162887016,,0.0,0.0,0.0,153.0
TKM,2021,,88.1929367884543,4.08263176069293,0.1,,14.5425982703266,100.0,7244.61385880341,,0.0,1.0,0.0,199.0
TKM,2022,,,5.21710831232306,0.14,,16.7316012007071,100.0,7549.25301930356,98.383918762207,0.0,2.0,0.0,337.0
TKM,2023,,,,0.09,,18.8084201812744,100.0,7879.96559789716,,0.0,2.0,0.0,476.0
TKM,2024,,,,,,20.4250351701637,100.0,8229.67261114232,,0.0,4.0,0.0,227.0
TLA,1990,,0.0241802772724568,,,,,,5654.49592365493,,,,,
TLA,1991,,0.0602162142240876,,,,,,5745.44151810499,,,,,
TLA,1992,,0.131845668652166,,,,,64.1638885955646,5805.60465847547,,,,,
TLA,1993,,0.229938021881822,,,,,65.158180682764,5963.72313787531,,,,,
TLA,1994,,0.452628482911911,,,,,67.2868851380428,6161.00695983795,,,,,
TLA,1995,,0.777590379467091,,,,,63.2605030812836,6106.18930980932,,,,,
TLA,1996,,1.32804382040787,,,,,65.8330827126474,6238.87936325984,,,,,
TLA,1997,,2.55908256038033,,,,,66.7133694279139,6477.31836726158,,,,,
TLA,1998,,4.20362340093857,,,,,68.3200700192639,6558.45212186438,,,,,
TLA,1999,,7.87530935175632,,,,22.2505493164062,69.7598490176482,6476.33939338891,,,,,
TLA,2000,,12.3284277142754,0.0354192642601538,0.55901999067423,298.460538992096,23.4782104492188,70.6817455338813,6609.75491780903,,,,,
TLA,2001,,16.1608368823173,0.14324010697336,0.530626577704823,308.037555218886,24.9325294494629,73.6902185727596,6536.56971674071,,,,,
TLA,2002,,19.1554128422761,0.316693220673338,0.515429052438189,357.673708656542,26.7873706817627,74.1800370789169,6458.56096728307,,,,,
TLA,2003,,23.5711692150151,0.487151538909195,0.551649594638023,382.764632435085,28.3239593505859,74.583383247952,6518.71090729152,,,,,
TLA,2004,,32.2907843881023,1.19932027033072,0.55603974159638,446.513076849097,29.5181694030762,75.4728748129401,6799.2914773993,,,,,
TLA,2005,16.7,44.0167732097791,1.57179191221047,0.584073293124665,461.238916110719,31.132360458374,76.5327500341592,6997.30872821488,,,,,
TLA,2006,20.9,55.4574652974779,2.41508955718022,0.58536053179378,460.120148480415,37.6753311157227,78.8429184694775,7284.00945702325,,,,,
TLA,2007,23.9,68.4306798386611,3.68496439070124,0.622687514800935,472.649084503284,35.0256118774414,79.3137804394321,7589.78302426148,,,,,
TLA,2008,26.7,81.538039521488,5.02946231892444,0.668231615752068,487.923131125271,37.754810333252,81.7016698734919,7789.67796085559,,,,,
TLA,2009,31.3,89.9574030186632,6.03434008646189,0.699144542842875,510.263368127076,38.8017082214355,82.3061950669333,7519.4352696386,,,,,
TLA,2010,35.0,99.1116952270899,6.83736182398784,0.734198967308324,540.766374471365,40.6646003723145,83.7935485220162,7913.20182058713,,,,,
TLA,2011,39.7,107.926713897609,8.2177924017233,0.713057309586719,573.99606836999,42.4470100402832,84.8387859629968,8183.49690860235,,,,,
TLA,2012,43.4,112.534194535657,8.70245386344257,0.683877003969143,582.631882365115,43.9397506713867,86.1879375499862,8314.56455528008,,,,,
TLA,2013,46.4,118.251030266306,9.42169419486327,0.720821623162584,563.282246645249,45.221851348877,87.1303332402041,8456.92525770353,,,,,
TLA,2014,49.0,117.662118244664,10.1449175647055,0.757922274757321,582.691393644504,46.9943084716797,87.7629356679303,8473.41365340212,,,,,
TLA,2015,54.7,113.9,11.0,0.741071136453956,,48.3502616882324,88.9563884508934,8404.04978849743,,,,,
TLA,2016,57.7,112.1,11.6,0.694354703019606,,50.4026489257812,93.3738890676317,8259.95033794012,,,,,
TLA,2017,60.2,108.5,12.3,0.651330024451738,,51.7107086181641,90.388787607714,8315.23504920842,,,,,
TLA,2018,63.5,106.8,13.2,0.640235962347604,,52.4073104858398,90.337333627585,8349.31011182677,,,,,
TLA,2019,67.7,104.1,13.7,0.627601765260088,,53.3199310302734,91.1749831401808,8304.43005301967,,,,,
TLA,2020,73.8,103.6,15.22,0.647968615418545,,54.8506698608398,96.0143142354421,7684.93194839094,,,,,
TLA,2021,75.9,109.5,16.8,0.617603270264567,,56.7357902526855,96.7271555450348,8194.51065809746,,,,,
TLA,2022,77.3,110.6,17.79,0.657401382768952,,58.2713890075684,96.9735039892892,8479.2645101924,,,,,
TLA,2023,80.2,113.2,18.55,0.682681546543488,,60.7355194091797,92.6086832788593,8611.07781121831,,,,,
TLA,2024,81.8,115.3,19.61,,,59.0615386962891,90.8151824517992,8744.52778534944,,,,,
TLS,1990,0.0,0.0,,,,,,633.18249048302,,,,,
TLS,1991,,,,,,,,684.870530173927,,,,,
TLS,1992,,,,,,,,736.591648101201,,,,,
TLS,1993,,,,,,,,789.900697434911,,,,,
TLS,1994,,,,,,,,823.062424783438,,,,,
TLS,1995,,,,,,,,854.130472722832,,,,,
TLS,1996,,,,,,,,897.360531368488,,,,,
TLS,1997,,,,,,,,907.916565963385,,,,,
TLS,1998,,,,,,,,865.831377976116,,,,,
TLS,1999,,,,,,,,631.072912537914,,,,,
TLS,2000,,,,,,,1.2,1117.56429796112,,,,,
TLS,2001,,,,,,,10.7,1192.74796162196,10.3576565345495,,,,
TLS,2002,0.0,,,,,8.40392971038818,7.9,1028.1319342253,,,,,
TLS,2003,,2.18764110383279,0.0009815918802719,,,,12.1,964.32256461813,,,,,
TLS,2004,,2.76856310692152,0.0013992426868042,,,,14.6,955.470548287377,,,,,
TLS,2005,0.0990317678179026,3.48746350089791,0.0023199140366398,,,,18.0,964.026614173558,,,,,
TLS,2006,0.5,5.02766238274334,0.0029694950936773,,,,21.4,897.573763670928,,,,,
TLS,2007,1.0,7.7834467289422,0.0049756739301554,,,,19.9,961.848462090269,,,,,
TLS,2008,1.5,12.1075638131048,0.0068769862140641,,,,28.4,1042.86835443002,,,,,
TLS,2009,2.0,33.1410054194348,0.0444850781369536,,,16.5156002044678,31.9,1120.09698448398,,,,,
TLS,2010,3.0,43.6092152609205,0.0460965871008842,,,17.7029094696045,20.6,1195.38067803197,21.4712104797363,,,,
TLS,2011,4.0,55.3186027470553,0.0495403109510208,,,,39.0,1237.48383284275,,,,,
TLS,2012,7.0,54.7192006238518,0.0528687928732867,,,,42.6,1269.41629276068,,,,,
TLS,2013,11.0,56.0975925502397,0.0604127919771812,,,,46.2,1281.92864092574,,,,,
TLS,2014,17.5,116.401176746315,0.0869783730136906,,,,49.8,1312.96494079465,,,,,
TLS,2015,18.60000038,114.23397124462,0.0853019298316946,,,,55.6,1319.59297370991,29.7305847225893,,,,
TLS,2016,21.20000076,121.477605038459,,,,,67.2,1333.6585468432,26.1449508666992,,,,
TLS,2017,24.20000076,124.360491266698,0.267315808941898,,,,70.9,1267.08660142883,,0.0,1.0,0.0,67.0
TLS,2018,27.60000038,115.089356319443,0.0054860696934619,,,,78.8,1237.20064730412,,4.0,5.0,0.0,84.0
TLS,2019,28.00460052,109.555438546595,0.0068411808339322,,,,86.5,1507.24748294374,,0.0,2.0,0.0,86.0
TLS,2020,32.01269913,103.911005065408,0.0062591766694091,,,,94.2,1947.83997138866,,0.0,0.0,0.0,116.0
TLS,2021,35.04199982,102.668836319816,0.0101471033723194,,,,100.0,2015.82039246197,,0.0,2.0,0.0,121.0
TLS,2022,,108.158358863503,0.0100051486348815,,,,100.0,1579.71084680858,63.4583282470703,0.0,2.0,0.0,179.0
TLS,2023,,112.647241971673,0.0057791525739623,,,30.9611108169641,100.0,1279.2112241611,,0.0,2.0,0.0,240.0
TLS,2024,,116.382391453038,0.0059972669597711,,,,92.1,1149.21889002201,,0.0,6.0,0.0,318.0
TMN,1990,,0.0034195673117871,,,,,,2056.93672405299,,,,,
TMN,1991,,0.0057751818144923,,,,,,2024.44712949302,,,,,
TMN,1992,,0.0074795353291608,,,,,,2067.65788441487,,,,,
TMN,1993,,0.0111568281875528,,,,,,2044.26757222052,,,,,
TMN,1994,,0.0176531742461408,,,,,,2039.30445093544,,,,,
TMN,1995,,0.0787631533872729,,,,,,2048.74084383873,,,,,
TMN,1996,,0.138256232121304,,,,,,2120.61135983005,,,,,
TMN,1997,,0.318694154195762,,,,,,2142.27037446434,,,,,
TMN,1998,,0.472675847413921,,,,,64.4682356978396,2205.28063635609,,,,,
TMN,1999,,0.825005702984421,,,,,64.6405771598292,2245.20163627688,,,,,
TMN,2000,,2.17052949504321,,,,,73.5582439967868,2324.47374187732,,,,,
TMN,2001,,4.24608019871189,,,,,74.2970136890867,2341.85548813008,,,,,
TMN,2002,,5.818413666187,,,,,74.6546118157242,2369.04863370009,,,,,
TMN,2003,,8.14040642404474,0.0440630215990572,,,,71.0749195551253,2378.2687729575,,,,,
TMN,2004,,12.5871415152739,,,,,71.6064366282686,2502.27907345539,,,,,
TMN,2005,7.4,21.6460302476208,,0.399556830861665,,,73.5575291302506,2566.36310130843,,,,,
TMN,2006,8.3,33.1103866091259,0.330884520894819,,,,76.3290892957075,2645.26623060397,,,,,
TMN,2007,9.6,46.9567718993274,0.539314706230876,,,,75.4411210338809,2739.2081362149,,,,,
TMN,2008,11.6,57.5618085377433,0.798198070019449,,,,76.8318787910361,2772.98146343357,,,,,
TMN,2009,13.4,69.7757784126744,1.12353588160181,0.323503886504332,361.021608610144,,78.1530961188152,2788.38392625619,,,,,
TMN,2010,15.3,78.7211620411818,1.52856511750859,,,,81.6285298489682,2860.48869374477,,,,,
TMN,2011,16.7,85.3937365970812,2.26901909583183,,,,81.7945268755148,2789.01231595172,,,,,
TMN,2012,18.6,91.0179340883458,3.05770043087241,,,,83.7872117901837,2830.4473285746,,,,,
TMN,2013,21.1,96.3030911371994,3.69984920218183,,,,86.7386904340674,2807.49675855009,,,,,
TMN,2014,24.5,96.666101641677,4.48231791057781,,,,88.3935397237835,2822.91033070601,,,,,
TMN,2015,27.4,94.9,4.2,0.39337321029174,441.343705069749,,87.2052392271718,2805.48695611112,,,,,
TMN,2016,30.6,94.8,4.8,,,,90.6828526841451,2912.85149131795,,,,,
TMN,2017,34.6,96.3,6.6,0.493582619748358,626.559035302757,,92.5307622419328,2962.3615987999,,,,,
TMN,2018,37.4,95.0,7.3,,,,93.710983725234,2972.03291109214,,,,,
TMN,2019,41.3,101.8,7.5,0.493250414559265,691.375466041428,,92.3738334015261,2960.32844444325,,,,,
TMN,2020,46.2,90.7,5.56,,,,92.8415323691485,2834.79641974013,,,,,
TMN,2021,50.0,93.8,6.05,0.538755837378145,830.795069047066,,93.0647233378539,2907.14478110535,,,,,
TMN,2022,53.8,96.5,6.32,,,,92.155613972539,2981.95267795857,,,,,
TMN,2023,55.7,97.0,6.66,,,,92.8167993722509,3016.38786220006,,,,,
TMN,2024,57.8,99.0,6.96,,,,93.8121704796967,3037.56299208501,,,,,
TON,1990,0.0,0.0,,,,,,2987.63694151968,,,,,
TON,1991,,0.0,,,,,,3173.08632726861,,,,,
TON,1992,,0.0,,,,,,3177.04257553004,,,,,
TON,1993,,0.0,,,,,,3293.13542006864,,,,,
TON,1994,,0.0,,,,,75.447018033592,3454.05483581131,,,,,
TON,1995,0.123,0.300072017,,,,,77.6986529216515,3667.018949682,,,,,
TON,1996,0.164,0.301412246,,,,,78.6292575166609,3668.59609669275,,,,,
TON,1997,0.511,0.119215562,,,,,79.5615483665546,3632.11240437129,,,,,
TON,1998,0.765,0.128277237,,,,,80.495119142253,3689.21670248881,,,,,
TON,1999,1.02,0.137279128,,,,3.42492008209229,81.4290171613995,3749.82348312358,,,,,
TON,2000,2.4343980443669,0.175307030785862,,,,5.37392997741699,82.4,3866.68591314331,,0.0,0.0,0.0,11.0
TON,2001,2.82537183911525,0.228487336379831,,,,4.62669992446899,83.2,3901.1807203994,,,,,
TON,2002,2.90729731626382,3.22891195101758,0.0105897529699444,,,6.1286997795105,84.1,4050.98962313421,,0.0,0.0,0.0,12.0
TON,2003,2.98581736750435,10.7213968448461,0.0210598866595191,,,6.82398986816406,84.9,4030.19690552619,,0.0,0.0,0.0,15.0
TON,2004,3.95237389457043,15.6084933045274,0.317880290470253,,,,85.8,3928.06030724493,,0.0,0.0,0.0,13.0
TON,2005,4.907800198,28.2688722544501,0.610385063073123,,,,86.6,3880.07054158497,,,,,
TON,2006,5.853899956,28.2824955530667,0.595747884765607,,,,90.7,3775.24848570829,,0.0,0.0,0.0,15.0
TON,2007,7.179900169,43.5929389277215,0.730843468320747,,,,88.4,3665.89549972281,,,,,
TON,2008,8.11076994380395,47.1612782657447,0.673705849373949,,,,89.3,3833.60169058266,,,,,
TON,2009,10.0,49.4389149557382,0.932809716146003,,,,90.3,3630.76096995072,,,,,
TON,2010,16.0,50.5586592178771,1.02420856610801,,,,91.2,3653.97817265087,,,,,
TON,2011,25.0,51.1294970716743,1.20851538533048,,,,90.6,3892.76807750666,54.1289100646973,,,,
TON,2012,30.0,52.1124139214591,1.39586823003908,,,,91.3,3932.59367180675,,,,,
TON,2013,32.75400162,53.6991725657932,1.58762771064084,,,,94.1,3962.16980948788,,,,,
TON,2014,35.95439911,63.7844834863848,1.68841279816901,,,,95.0,4058.81584447473,,,,,
TON,2015,38.65129852,69.2709364249022,2.31679155473868,,,,100.0,4123.90347238813,,,,,
TON,2016,39.95000076,75.8121375232175,2.84295515712066,,,,96.5,4419.8147470039,,,,,
TON,2017,46.20080185,102.450738448688,2.84748851512966,,,,97.8,4568.62484962494,,0.0,0.0,0.0,56.0
TON,2018,48.80789948,102.245967016208,2.38616234239867,,,,98.8,4583.55968565688,63.8764236121148,,,,
TON,2019,51.56299973,58.772203768371,3.5043390209049,,,,97.9,4566.07508700721,,0.0,0.0,0.0,60.0
TON,2020,54.47370148,58.6543555589192,4.73018996442897,,,21.2782986508118,99.8,4647.0077529158,,0.0,1.0,0.0,91.0
TON,2021,57.549,60.9801876955162,6.4574841217177,,,,100.0,4612.90086913298,68.7770133541221,0.0,1.0,0.0,87.0
TON,2022,61.60739899,61.7257858761257,8.17387330781973,,,,100.0,4533.96809820124,,0.0,0.0,0.0,85.0
TON,2023,64.13140106,,,,,42.8611738148984,100.0,4680.30010664357,41.5525585042607,0.0,0.0,0.0,93.0
TON,2024,67.4417038,,,,,,100.0,4779.92399898557,,0.0,0.0,0.0,102.0
TSA,1990,,0.0002637314087698,,,,,,543.339636497627,,,,,
TSA,1991,,0.0008829979973271,,,,,,539.975756355243,,,,,
TSA,1992,,0.0013748852223014,,,,,,557.346083105101,,,,,
TSA,1993,,0.0025580305889457,,,,,39.5803384393815,572.21718916658,,,,,
TSA,1994,,0.0044093944702563,,,,,32.9241937450199,596.466356439365,,,,,
TSA,1995,,0.0134702643590395,,,,,34.7094836201833,626.757959530257,,,,,
TSA,1996,,0.0362514508452175,,0.623488631237301,154.675615188746,,36.1339792308437,657.930640222156,,,,,
TSA,1997,,0.0874085232305301,,0.68669,,,37.6157360897892,672.358162095982,,,,,
TSA,1998,,0.121395926439991,,0.70378,116.49341,,40.0768307388465,698.977290576909,,,,,
TSA,1999,,0.185814386759095,,0.72413,,9.23464012145996,43.8688253436735,742.115275298079,,,,,
TSA,2000,,0.327706654002566,,0.736011405769646,111.021125572941,9.22157001495361,45.2711362901904,758.133172433103,,,,,
TSA,2001,,0.593067077477571,0.004583969545547,0.73591,,9.43124008178711,47.2753060764815,778.357238654588,,,,,
TSA,2002,,1.14862608034088,0.007442945717039,0.72567,,9.87176036834717,48.3047209482436,793.587791994034,,,,,
TSA,2003,,2.63223408158974,0.0126895364523067,0.71929,,10.3095397949219,51.899055660489,838.605352866225,,,,,
TSA,2004,,4.16208109336284,0.021733187308294,0.740626265197392,,10.5721397399902,50.4761168883182,887.193101541892,,,,,
TSA,2005,2.1,7.58727388098178,0.100995855641243,0.82411,135.14649,10.4651298522949,55.9959155561047,940.169908937804,,,,,
TSA,2006,2.6,14.6325867593635,0.165700706915966,0.78632736913797,,11.3078498840332,55.5908853081955,999.335555352338,,,,,
TSA,2007,3.7,21.8458687959642,0.20795846846557,0.80507,,12.8670997619629,60.0472461056035,1059.31634784168,,,,,
TSA,2008,4.1,31.2158073477115,0.349097245827315,0.826499370275792,,14.7031297683716,63.0944228607208,1081.29827128245,,,,,
TSA,2009,4.9,43.0204317955014,0.529235666162965,0.827694335291312,,15.8038501739502,63.5804133159791,1145.46231054376,,,,,
TSA,2010,7.1,57.6291791693912,0.753262837507806,0.762064289662439,155.309017011634,17.6207408905029,65.4697208890479,1222.51823005713,,,,,
TSA,2011,9.4,67.2807573132345,0.934407983198297,0.75502,,21.8057098388672,69.5079419297212,1272.07513801273,,,,,
TSA,2012,10.4,66.3926203399348,1.03706450536129,0.74399,,23.1186695098877,70.573074261638,1326.51107387395,,,,,
TSA,2013,11.7,68.7336008576658,1.08906977786143,0.682172287887328,,22.6903400421143,73.8912785854177,1392.20217832083,,,,,
TSA,2014,13.0,72.4889791719549,1.23808459681213,0.678025269824795,,24.041389465332,76.2262841749626,1475.21676492149,,,,,
TSA,2015,14.7,74.4,1.4,0.670154902767671,212.609130741671,25.3642196655273,81.4025363045187,1570.54142452744,,,,,
TSA,2016,16.7,81.8,1.6,0.649546154608078,,25.5159492492676,83.4714021385025,1676.35409771736,,,,,
TSA,2017,18.8,84.8,1.6,0.647201451866441,,26.079870223999,87.6922741949142,1770.26291313502,,,,,
TSA,2018,20.9,85.5,1.7,0.64176002005904,247.697205482982,26.8766307830811,92.6372386562574,1863.72112635371,,,,,
TSA,2019,29.7,83.9,1.7,0.65942,,27.6625595092773,93.3714324437154,1920.39706306333,,,,,
TSA,2020,42.5,86.3,2.23,0.629398082170943,256.825157725473,28.2194099426269,95.2834463102927,1806.99045379049,,,,,
TSA,2021,48.0,86.2,2.6,,,29.8268604278564,99.225480726567,1957.51785298129,,,,,
TSA,2022,54.2,85.0,3.06,,,30.9421100616455,99.075948466226,2079.70096039385,,,,,
TSA,2023,58.3,85.3,3.5,,,32.438419342041,99.203337716228,2201.34248982502,,,,,
TSA,2024,62.8,83.4,3.86,,,32.7833213806152,99.8174261769095,2329.35958665331,,,,,
TSS,1990,,0.0015393272625151,,,,3.07052993774414,,1279.83580055029,,,,,
TSS,1991,,0.001825493791559,,,,3.19055008888245,,1250.47868032554,,,,,
TSS,1992,,0.0034697755422743,,,,3.31670999526977,,1211.18047015045,,,,,
TSS,1993,,0.0114871946982522,,,,3.46866011619568,,1166.16737156087,,,,,
TSS,1994,,0.0706401704704249,,,,3.63604998588562,,1147.24187256318,,,,,
TSS,1995,,0.103020696609934,,,,3.70559000968933,,1154.3902119079,,,,,
TSS,1996,,0.18060689182626,,,,3.78944993019104,,1181.68670515653,,,,,
TSS,1997,,0.340743407538495,,,,3.89790010452271,,1197.89221793831,,,,,
TSS,1998,,0.613159873272705,,,,3.98570990562439,,1195.8523183401,,,,,
TSS,1999,,0.997876917760792,,,,4.03235006332397,,1189.78158389521,,,,,
TSS,2000,,1.72076740866635,,,,4.38447999954224,11.7170330552878,1198.41035230362,,,,,
TSS,2001,,2.49660398851137,,,,4.7371997833252,13.9088178559122,1215.95723291217,,,,,
TSS,2002,,3.58014716477979,,,,5.08393001556396,,1259.36882961546,,,,,
TSS,2003,,4.9578340282572,,,,5.46747016906738,14.0616335693901,1276.36045213934,,,,,
TSS,2004,,7.38870510824265,,,,5.72870016098022,13.1562119003918,1325.18723336594,,,,,
TSS,2005,2.0,11.9905095836555,0.039060915274992,,,6.05515003204346,12.836671846324,1366.97314297454,,,,,
TSS,2006,2.5,17.6782496829208,,,,6.24377012252808,14.5582716516484,1410.57668732902,,,,,
TSS,2007,3.4,23.0558320274898,0.0989773508900984,0.442468713514599,,6.42028999328613,14.1899326224363,1456.90044586522,,,,,
TSS,2008,3.8,31.6966758556946,0.112351093251462,,,6.74998998641968,15.2262052444875,1490.82485147612,,,,,
TSS,2009,4.5,37.4114164834,0.132447440235802,,,7.13790988922119,16.8123674295811,1495.84741754789,,,,,
TSS,2010,6.1,44.0939840180983,0.161017933756273,,,7.58255004882812,16.827359717128,1543.42062336352,,,,,
TSS,2011,7.6,52.1634151225671,0.262648443794632,,,7.91926002502441,18.2260349168204,1566.14176154754,,,,,
TSS,2012,9.2,58.5825096571309,0.246115329510253,,,8.23978996276855,19.082311356997,1574.72990968301,,,,,
TSS,2013,11.1,64.7110646670392,0.315008159463166,,,8.56149959564209,20.2920825802007,1613.00691852166,,,,,
TSS,2014,13.3,69.3784866915021,0.379554950771693,,,8.72679042816162,19.3399832395253,1644.07050150089,,,,,
TSS,2015,16.1,73.3,0.4,,,8.83660984039307,18.4911203954586,1647.32085826836,,,,,
TSS,2016,18.2,71.5,0.4,,,8.84762001037598,25.3331364484408,1625.38221431193,,,,,
TSS,2017,19.9,70.8,0.4,,,8.98320960998535,24.5654860354815,1622.88510482914,,,,,
TSS,2018,22.1,74.4,0.4,,,9.08197975158691,27.3017065552533,1624.6365666885,,,,,
TSS,2019,24.4,77.4,0.5,,,9.09492015838623,28.0923542652665,1623.20798700291,,,,,
TSS,2020,26.8,80.8,0.45,,,9.19791030883789,28.8215748340143,1529.91025762634,,,,,
TSS,2021,28.9,83.0,0.51,,,9.27116012573242,30.4129569040906,1545.11388324435,,,,,
TSS,2022,31.1,87.6,0.56,,,,30.9411284005143,1568.02152788113,,,,,
TSS,2023,32.1,90.0,0.66,,,,33.070978820353,1571.4055801623,,,,,
TSS,2024,33.3,89.2,0.84,,,,35.6988497074766,1588.93961326571,,,,,
TTO,1990,0.0,0.0,,,,,,6058.21521640153,,,,,
TTO,1991,,0.03337972,,,,6.57351016998291,,6197.46242847246,,,,,
TTO,1992,,0.099338624,,,,6.72268009185791,,6771.98415842128,,,,,
TTO,1993,,0.129755312,,,,7.21654987335205,,6680.48480038241,,,,,
TTO,1994,,0.199709081,,,,,,6876.49857217898,,,,,
TTO,1995,0.158,0.48576947,,,,,,7100.85381245723,,,,,
TTO,1996,0.393,0.725883448,,0.10325,,,,7573.78560828675,,,,,
TTO,1997,1.17,1.300286533,,0.11553,,,,8112.94285878867,,,,,
TTO,1998,2.72,1.989078855,,0.12715,,,,8742.6993105224,,,,,
TTO,1999,5.81,2.913126892,,0.12292,,5.81035995483398,,9412.08108378445,,,,,
TTO,2000,7.72141147401745,12.2642209954129,,0.108,,5.75815010070801,80.2,10023.0206669207,,0.0,0.0,0.0,126.0
TTO,2001,15.384627218944,19.3204870066922,,0.10417,,6.25368022918701,91.8,10395.2041042218,,0.0,0.0,0.0,157.0
TTO,2002,21.9986754804449,19.7274647131292,0.0132131040959872,0.13178,,8.58695983886719,92.3,11165.960015838,,0.0,0.0,0.0,178.0
TTO,2003,25.9717641091609,25.1251018705335,0.066033768354437,0.11501,,8.70431995391846,92.8,12714.5004334846,,0.0,1.0,0.0,185.0
TTO,2004,27.0242700782714,48.4018641573385,0.314632297194845,0.11441,,11.8308000564575,93.3,13657.2534995604,,0.0,0.0,0.0,197.0
TTO,2005,28.97669983,68.3488728833742,0.799018367881281,0.11431,,,89.3,15075.4179709902,,0.0,3.0,0.0,239.0
TTO,2006,30.00370026,111.783486838135,1.5171141784267,0.07233,,,100.0,17021.2241679562,,0.0,1.0,0.0,225.0
TTO,2007,32.3,110.577518150665,2.59935534288332,0.05922,,,100.0,17758.6995224652,,0.0,5.0,0.0,337.0
TTO,2008,34.8,131.633340232814,6.22753417429254,0.03072,,,100.0,18285.2735441992,57.0230712890625,0.0,0.0,0.0,299.0
TTO,2009,44.3,133.884700838835,9.43087155271432,0.05665,,,100.0,17461.9640940055,56.7341194152832,0.0,2.0,0.0,463.0
TTO,2010,48.5,136.605093988839,11.7440976624306,0.04771,,,100.0,17938.0949459463,51.1673111150451,0.0,3.0,0.0,509.0
TTO,2011,55.2,130.911989608476,12.3526953375059,0.04024,,,100.0,17746.509252615,52.6712228603187,0.0,2.0,0.0,496.0
TTO,2012,57.5,134.183710177097,14.3473934132065,0.04155,,,100.0,18835.6674122954,53.5626945676498,0.0,6.0,1.0,472.0
TTO,2013,59.90000153,137.604422317441,15.0424768149008,0.0541,,,100.0,19392.1974593783,54.1681766785809,0.0,2.0,0.0,478.0
TTO,2014,62.40000153,139.365477214979,17.4584890485114,0.07657,,,100.0,20032.5402001718,56.2645348062478,0.0,0.0,0.0,575.0
TTO,2015,65.09999847,148.572056300501,19.4881289235566,0.08051,,,100.0,19887.2327716498,56.7309580645389,0.0,2.0,0.0,469.0
TTO,2016,67.80000305,150.717314787624,17.7852731961704,0.08662,,,100.0,18331.034459758,,0.0,3.0,0.0,640.0
TTO,2017,70.59999847,140.503134035998,22.6101721419176,0.08587,496.90234,,100.0,17402.6155328454,,0.0,6.0,0.0,628.0
TTO,2018,72.76029968,134.142866663312,23.2707114091769,0.08371,543.60048,,100.0,17205.615135339,,0.0,7.0,0.0,682.0
TTO,2019,74.98670197,145.715788467056,22.8528096955069,0.06007,459.95724,,100.0,17225.361633712,52.3339197209346,0.0,15.0,0.0,676.0
TTO,2020,77.28130341,134.231180588566,25.4398983406076,0.06455,604.73029,,100.0,15679.9611486825,52.6581979027097,0.0,19.0,0.0,941.0
TTO,2021,84.36576986,134.221562299819,24.9299429931902,0.05445,539.19183,,100.0,15558.0940536829,,5.0,23.0,0.0,977.0
TTO,2022,81.69760132,133.631989924602,26.0331929293058,0.05039,492.71552,,100.0,15712.230497272,63.4034996032715,2.0,27.0,1.0,867.0
TTO,2023,81.9681015,134.230557337258,26.8942307436398,,,,98.0,15922.7668349788,,4.0,43.0,3.0,925.0
TTO,2024,82.15989685,118.786668099235,27.0294379426204,,,23.8493010569383,100.0,16312.4849555716,,1.0,59.0,1.0,862.0
TUN,1990,0.0,0.011291437,,,,7.63667011260986,,2114.47034536085,,,,,
TUN,1991,,0.014368794,,,,8.36275959014893,,2151.20851677353,,,,,
TUN,1992,,0.022425345,,,,9.21152973175049,,2270.86449442765,,,,,
TUN,1993,,0.025275217,,,,10.3985395431519,,2274.64182637585,,,,,
TUN,1994,0.00738,0.029628764,,,,11.0246095657349,66.2887795086333,2305.16127524434,,,,,
TUN,1995,0.0112,0.034269045,,,,11.4788904190063,70.821527662192,2322.59207185194,,,,,
TUN,1996,0.0276,0.06892493,,,,12.3348503112793,74.9412991978345,2452.90929820496,,,,,
TUN,1997,0.0437,0.080100875,,,,13.0872402191162,78.911073569339,2551.55055160864,,,,,
TUN,1998,0.108,0.402990633,,,,14.4664297103882,81.9126247410442,2639.87498120997,,,,,
TUN,1999,1.6,0.564544562,,,,16.0545997619629,84.4631206306756,2766.57007135231,,,,,
TUN,2000,2.75074029298135,1.22033582404798,,,,18.2472705841064,86.8,2864.54703666618,,0.0,5.0,1.0,1680.0
TUN,2001,4.29796603474685,3.94347251688176,,,,20.5963401794434,93.6,2941.73893592906,,0.0,3.0,0.0,1845.0
TUN,2002,5.25288729548421,5.75974663829919,0.000260742725654,0.54302,,22.0570907592773,94.4,2950.20410959054,,0.0,19.0,0.0,2582.0
TUN,2003,6.49084579532797,19.0389204053524,0.0025715792634202,0.65044,,25.9742908477783,96.0,3058.22895827842,,0.0,26.0,0.0,2741.0
TUN,2004,8.52881775162591,36.746361434496,0.0279259736441369,0.73095,,28.3220500946045,97.7,3218.72320748457,,0.0,11.0,0.0,2925.0
TUN,2005,9.655099869,55.3921457734954,0.171352425319868,0.71195,,30.4263496398926,98.3,3301.93817216029,34.2868203169449,0.0,27.0,0.0,3694.0
TUN,2006,12.98639965,70.9332705740445,0.423770177288547,0.67729,,31.5884609222412,98.8,3444.5513526091,35.1950112275729,1.0,42.0,0.0,4388.0
TUN,2007,17.1,75.1086269269129,0.918585878049383,0.6654,1078.62762,32.1416816711426,98.8,3642.11977444786,36.1463397299551,0.0,25.0,0.0,4481.0
TUN,2008,27.53,81.5940606878641,2.15627307594354,0.63933,1208.60937,33.5827484130859,98.8,3760.11828478704,37.0811263261569,0.0,41.0,0.0,5164.0
TUN,2009,34.07,91.9849726040992,3.50106251421857,0.70644,1480.83462,35.3081817626953,99.1,3835.25011939301,39.0773794846914,0.0,32.0,0.0,5726.0
TUN,2010,36.8,103.234503500842,4.47896057767152,0.65806,1375.49899,36.0425300598145,98.6,3906.90625867605,39.33471236499,1.0,53.0,0.0,6217.0
TUN,2011,39.1,113.794012236779,5.13830793305368,0.67458,1420.37634,35.942798614502,98.9,3784.7412903401,40.3687623798555,0.0,64.0,1.0,7543.0
TUN,2012,41.4416008,116.660316175441,4.78950869178639,0.64937,1614.44868,36.0693092346191,98.5,3900.04620132702,39.8205524272948,3.0,87.0,0.0,8171.0
TUN,2013,43.79999924,114.100647129197,4.66714973152741,0.637,1781.88853,34.2130088806152,99.1,3947.58763533174,40.8919272118125,0.0,99.0,0.0,9460.0
TUN,2014,46.15999985,126.692106854109,5.03392320650315,0.61988,1795.0618,33.7252311706543,99.4,4021.59954703591,24.5912218702907,1.0,111.0,1.0,10462.0
TUN,2015,46.4999943435776,128.008569175385,5.03388625276524,0.59413,1774.94539,33.373851776123,99.9,4014.94773686432,41.6188369952506,0.0,86.0,1.0,12054.0
TUN,2016,49.5999948415756,123.883093580407,5.55369160408213,0.56539,1969.10018,31.2128105163574,100.0,4015.28893802703,41.1825525043116,1.0,153.0,3.0,13450.0
TUN,2017,55.5001550633671,123.034053994945,6.8819804955977,0.69953,1919.04269,30.9277496337891,100.0,4062.80606534519,41.7812639293989,2.0,210.0,3.0,14692.0
TUN,2018,64.1908102327387,125.532926143303,8.6185014951323,0.71645,1789.95356,30.9594707489014,99.6,4127.97005697994,,2.0,253.0,3.0,15574.0
TUN,2019,66.6999983024144,124.386924181822,10.0541966829532,0.74658,1726.2166,31.4410896301269,100.0,4153.27978615515,,7.0,363.0,2.0,16554.0
TUN,2020,68.55639648,124.041976750236,11.1467984493476,,1644.57277,32.5181999206543,99.7,3749.26841452928,,10.0,527.0,6.0,18991.0
TUN,2021,68.31552226,129.846077003661,12.4220429522978,,1610.3428,33.2740287780762,99.7,3902.53322990199,,22.0,684.0,6.0,20789.0
TUN,2022,,131.875365428496,13.9309222767522,,1703.91532,37.1276893615723,100.0,3986.54558325666,,33.0,910.0,8.0,16270.0
TUN,2023,,132.653682480562,14.0829860846719,,,38.1219482421875,100.0,3967.33387634534,19.4402809143066,47.0,1112.0,14.0,16269.0
TUN,2024,76.5,117.606816067203,14.9741523024679,,1667.61164,,100.0,4006.20588267443,,65.0,1304.0,19.0,17208.0
TUR,1990,0.0,0.058554077,,,,12.0200004577637,,5188.18244439241,,,,,
TUR,1991,,0.086455146,,,,12.9068098068237,,5134.41760877172,,,,,
TUR,1992,,0.109045788,,,,13.753210067749,,5301.80855982172,,,,,
TUR,1993,0.00846,0.146933448,,,,15.4898300170898,,5609.85056730997,,,,,
TUR,1994,0.0499,0.29973978,,,,18.9496097564697,,5255.80339736897,,,,,
TUR,1995,0.0817,0.737081845,,,,19.2497100830078,,5577.82539654281,,,,,
TUR,1996,0.193,1.337350088,,0.45159,294.0892,,,5887.67309798528,,,,,
TUR,1997,0.474,2.627083259,,0.49168,302.97728,22.7995204925537,,6230.18622126407,,,,,
TUR,1998,0.699,5.633037995,,0.36198,298.97969,22.0010604858398,,6261.28870069222,,,,,
TUR,1999,2.29,12.85342716,,0.45557,312.68431,22.4771995544434,,5989.55700860592,,,,,
TUR,2000,3.761685035075,24.659026406964,,0.46558,355.04829,,100.0,6326.25746472488,12.7576237445264,1.0,54.0,0.0,7768.0
TUR,2001,5.18948146078506,29.5461682857644,0.0164766833871919,0.52247,344.81485,25.0384502410889,100.0,5906.92348536699,12.8697608480764,0.0,35.0,0.0,9495.0
TUR,2002,11.38,34.7852903247553,0.0316262208739173,0.50904,360.00407,25.9334297180176,100.0,6211.70542960394,13.8504532336948,0.0,172.0,0.0,12806.0
TUR,2003,12.33,41.1128169663371,0.293850680205267,0.46532,484.24236,29.7210502624512,100.0,6496.07277294612,14.9029898355808,0.0,171.0,0.0,15774.0
TUR,2004,14.58,50.5995404724097,0.842555693712634,0.49713,496.59332,30.7662506103516,100.0,7061.62219794984,21.0269203186035,1.0,238.0,1.0,18953.0
TUR,2005,15.46,62.9009716591727,2.29305950995764,0.56381,567.50023,33.2225189208984,100.0,7623.14640948457,22.1900291442871,1.0,289.0,2.0,20308.0
TUR,2006,18.24,75.1837213345885,3.95984178763961,0.55292,612.17385,37.3102416992188,100.0,8078.5153787571,23.2007503509521,1.0,351.0,1.0,23217.0
TUR,2007,28.63,87.5975882376437,6.71903551441963,0.68616,705.52013,39.3874015808105,100.0,8477.53328393352,23.6869201660156,1.0,382.0,1.0,24875.0
TUR,2008,34.37,91.981497306586,8.04468546010892,0.68741,742.74528,40.7729606628418,99.9,8447.93976396947,26.4928703308106,4.0,430.0,2.0,25573.0
TUR,2009,36.4,86.6344934581247,8.90126340981216,0.80363,801.95239,46.9404602050781,99.9,7925.30110421185,27.7024993896484,6.0,439.0,4.0,28186.0
TUR,2010,39.82,84.215890954924,9.67754012450092,0.79369,882.50416,56.7506217956543,100.0,8472.57809050119,29.9863891601562,4.0,433.0,4.0,31249.0
TUR,2011,43.065710430925,88.0166628392838,10.2288570173419,0.79393,977.26304,61.516300201416,100.0,9265.85910238578,31.7986698150635,6.0,478.0,1.0,35204.0
TUR,2012,45.13,90.0040810031246,10.4644431033188,0.82595,1100.18611,70.1044998168945,100.0,9588.32066531438,32.7662582397461,9.0,436.0,2.0,39343.0
TUR,2013,46.25,91.1758435342703,11.640102340966,0.81206,1175.90164,79.6469573974609,100.0,10269.4489140773,33.7585105895996,5.0,519.0,3.0,46141.0
TUR,2014,51.0373665521645,92.1219361989572,11.3618631179594,0.8564,1163.53689,86.9976806640625,100.0,10597.9801881716,35.237419128418,14.0,505.0,1.0,54000.0
TUR,2015,53.7449791423583,92.0327105332494,11.8786301825878,0.96732,1136.18026,95.5645065307617,100.0,11064.6494504662,37.073558807373,11.0,631.0,14.0,62152.0
TUR,2016,58.3477340145685,91.9286950751339,12.859061240418,1.11979,1263.789,103.71558380127,100.0,11279.6169531569,37.6567001342773,12.0,765.0,6.0,68621.0
TUR,2017,64.6846176835371,93.6407569517097,14.3528880563786,1.17632,1420.59574,110.534072875977,100.0,12005.6459824832,39.0266990661621,27.0,970.0,10.0,70801.0
TUR,2018,71.0427608433809,94.9085818111026,15.8823338271459,1.27093,1585.08328,115.462463378906,100.0,12255.0082146169,33.5020027713147,16.0,1258.0,12.0,80313.0
TUR,2019,73.9767022871511,94.6498130829997,16.6733436685105,1.3196,1737.57621,117.005470275879,100.0,12238.2950220128,42.1706085205078,36.0,1823.0,14.0,95319.0
TUR,2020,77.6695605,95.3960853737199,19.4384064376386,1.36748,1964.65668,118.883682250977,100.0,12338.643833135,36.4845848043889,82.0,2445.0,21.0,111021.0
TUR,2021,81.40843745,99.5415432248525,20.9211211378579,1.40209,2209.69913,125.763786315918,100.0,13670.938029516,37.7613341085524,107.0,3550.0,24.0,129719.0
TUR,2022,83.43716576,103.720593629066,21.8230372591075,1.32342,2478.67633,127.577972412109,100.0,14273.5747654873,39.2632895114887,184.0,4603.0,30.0,137436.0
TUR,2023,85.96074155,105.684032912794,22.4591697943845,1.42224,2644.6573,105.88606262207,100.0,14932.8851363122,41.0625784422624,274.0,5758.0,39.0,147137.0
TUR,2024,87.3078767,107.826875714392,23.4317347919186,,,,100.0,15395.0278894893,,360.0,7361.0,79.0,139773.0
TUV,1990,0.0,0.0,,,,,,2445.52642936988,,,,,
TUV,1991,,0.0,,,,,,2496.89560711865,,,,,
TUV,1992,,0.0,,,,,,2535.29195812982,,,,,
TUV,1993,,0.0,,,,,,2614.06109903264,,,,,
TUV,1994,,0.0,,,,,,2857.51231666669,,,,,
TUV,1995,,0.0,,,,,,2693.15612225087,,,,,
TUV,1996,,0.0,,,,,,2515.79896868216,,,,,
TUV,1997,,0.0,,,,,,2750.38612782493,,,,,
TUV,1998,,0.0,,,,,,3159.58561799858,,,,,
TUV,1999,,0.0,,,,,,3095.43517251256,,,,,
TUV,2000,5.24163958486214,0.0,,,,,93.4,3051.37894204891,,,,,
TUV,2001,5.7,0.0,,,,,93.6,3059.14305159403,,,,,
TUV,2002,6.3,0.0,,,,,94.0,3300.84183236169,,,,,
TUV,2003,6.9,0.0,,,,,93.9,3133.78208016242,,,,,
TUV,2004,7.6,5.09372453137734,0.509372453137734,,,,94.1,3036.7117312686,,,,,
TUV,2005,8.300000191,13.0784708249497,1.50905432595573,,,,94.2,2886.47360709377,,,,,
TUV,2006,9.100000381,15.9108989657916,2.48607796340493,,,,94.4,2890.2979042629,,,,,
TUV,2007,10.0,17.6782557454331,2.65173836181497,,,,94.7,3051.64998981595,,,,,
TUV,2008,11.19999981,,2.80980525142912,,,,94.7,3208.62150790145,,,,,
TUV,2009,12.80000019,9.5593155530064,0.955931555300641,,,,94.9,2987.77161613649,,,,,
TUV,2010,14.60000038,15.0744299981157,2.26116449971735,,,,95.1,2872.02011343345,18.0450005165907,,,,
TUV,2011,16.5,19.7588126159555,4.17439703153989,,,,95.2,3040.4474312404,,,,,
TUV,2012,18.70000076,25.6081946222791,4.115602707152,,,,96.2,2912.10912265748,,,,,
TUV,2013,21.20000076,30.9062812471593,4.09053722388874,,,,95.7,3004.5049231989,,,,,
TUV,2014,24.10000038,34.5957756737072,4.09686817188638,,,,96.0,3059.3244224989,,,,,
TUV,2015,27.29999924,60.2024993158807,4.10471586244641,,,,96.3,3352.66722400181,,,,,
TUV,2016,31.0,69.5333943275389,4.11710887465691,,,,93.8,3523.41345550387,43.2030771804805,,,,
TUV,2017,35.20000076,73.6038273990248,4.14021529119514,,,,97.0,3658.98029250415,,,,,
TUV,2018,,79.0624127988094,,,,,97.4,3750.43562817208,,,,,
TUV,2019,,85.0581230507513,,,,,99.5,4323.09703196938,33.1257514953613,,,,
TUV,2020,,86.5467833445524,,,,,98.4,4265.46279289261,,,,,
TUV,2021,,88.2872277810477,4.41436138905238,,,,99.1,4351.24068896314,,,,,
TUV,2022,,98.8590872698158,4.52361889511609,,,,99.1,3953.66795349958,,,,,
TUV,2023,,,,,,19.3509615384615,100.0,4165.7693870564,,,,,
TUV,2024,,,,,,,100.0,4382.8876648687,,,,,
TWN,2000,,,,,,,,,,0.0,187.0,0.0,15821.0
TWN,2001,,,,,,,,,,0.0,210.0,0.0,18404.0
TWN,2002,,,,,,,,,,4.0,621.0,1.0,27130.0
TWN,2003,,,,,,,,,,1.0,360.0,1.0,26013.0
TWN,2004,,,,,,,,,,0.0,319.0,1.0,26905.0
TWN,2005,,,,,,,,,,0.0,494.0,1.0,30950.0
TWN,2006,,,,,,,,,,4.0,610.0,3.0,35388.0
TWN,2007,,,,,,,,,,4.0,567.0,2.0,35467.0
TWN,2008,,,,,,,,,,6.0,599.0,3.0,38547.0
TWN,2009,,,,,,,,,,3.0,598.0,2.0,40588.0
TWN,2010,,,,,,,,,,9.0,655.0,1.0,44437.0
TWN,2011,,,,,,,,,,3.0,642.0,2.0,47104.0
TWN,2012,,,,,,,,,,7.0,590.0,1.0,47147.0
TWN,2013,,,,,,,,,,11.0,565.0,1.0,48279.0
TWN,2014,,,,,,,,,,3.0,529.0,3.0,48190.0
TWN,2015,,,,,,,,,,5.0,495.0,1.0,45414.0
TWN,2016,,,,,,,,,,6.0,558.0,0.0,43945.0
TWN,2017,,,,,,,,,,9.0,779.0,0.0,43276.0
TWN,2018,,,,,,,,,,19.0,1261.0,6.0,43160.0
TWN,2019,,,,,,,,,,48.0,1983.0,15.0,45929.0
TWN,2020,,,,,,,,,,66.0,2893.0,19.0,51131.0
TWN,2021,,,,,,,,,,98.0,3589.0,24.0,54123.0
TWN,2022,,,,,,,,,,112.0,4108.0,18.0,55742.0
TWN,2023,,,,,,,,,,105.0,4337.0,19.0,54391.0
TWN,2024,,,,,,,,,,136.0,4699.0,36.0,54605.0
TZA,1990,0.0,0.0,,,,,,541.544799804688,,,,,
TZA,1991,,0.0,,,,0.33186000585556,,538.966979980469,,,,,
TZA,1992,,0.0,,,,0.338530004024506,2.64826052829766,528.781555175781,,,,,
TZA,1993,,0.0,,,,0.378969997167587,,518.66259765625,,,,,
TZA,1994,,0.001253449,,,,0.394089996814728,,506.972503662109,,,,,
TZA,1995,,0.011452853,,,,0.448469996452331,,508.840423583984,,,,,
TZA,1996,0.00162,0.02902308,,,,0.505940020084381,2.50879709356004,522.333251953125,,,,,
TZA,1997,0.0079,0.063550298,,,,0.603569984436035,,529.954223632813,,,,,
TZA,1998,0.00924,0.116285848,,,,0.521799981594086,0.853170550879861,535.363159179688,,,,,
TZA,1999,0.0751,0.152090587,,,,0.602710008621216,2.57321178552214,546.605529785156,,,,,
TZA,2000,0.11719444010825,0.322584797452223,,,,0.64341002702713,1.7,555.348083496094,,0.0,4.0,0.0,684.0
TZA,2001,0.171300350668948,0.782878740816424,,,,0.662460029125214,2.5,573.400146484375,0.808757879682355,0.0,4.0,4.0,778.0
TZA,2002,0.222484413923909,1.68005839434811,,,,0.697420001029968,3.2,598.421569824219,1.62287998199463,0.0,0.0,0.0,817.0
TZA,2003,0.676962856510303,3.49963756642537,,,,0.897960007190704,3.2,621.720703125,,0.0,0.0,2.0,821.0
TZA,2004,0.87757497099259,5.09581977990467,,,,1.21524000167847,2.6,650.516540527344,,0.0,0.0,2.0,916.0
TZA,2005,1.100000024,7.56468340268647,0.0066076131341279,,,1.42771995067596,4.9,680.051208496094,,0.0,1.0,0.0,1016.0
TZA,2006,1.299999952,13.9198750253816,0.0074401471431795,,,,5.5,704.502746582031,1.31394619692309,0.0,1.0,0.0,1221.0
TZA,2007,1.6,19.9152842614808,0.0081910415394408,0.33462,,1.46310997009277,6.0,731.52001953125,,2.0,3.0,2.0,1233.0
TZA,2008,1.899999976,30.5533722608643,0.0150854831517093,,,,1.0,752.540466308594,1.63577972944282,2.0,5.0,3.0,1307.0
TZA,2009,2.400000095,40.036423904653,0.0159210772924644,,,,,772.929565429688,,2.0,6.0,4.0,1498.0
TZA,2010,2.900000095,46.8823991552172,0.0168772457192924,0.37307,36.24107,2.13913621753427,2.5,801.29931640625,2.0456363458292,0.0,7.0,0.0,1508.0
TZA,2011,3.200000048,55.7610427273527,0.0614129670738248,,,,2.6,838.999267578125,,0.0,4.0,2.0,1689.0
TZA,2012,3.950000048,57.4558483868666,0.0872309140026673,,,3.96461947161333,2.3,851.910705566406,3.39596009254456,0.0,2.0,4.0,2016.0
TZA,2013,4.400000095,56.2075025692215,0.11556786021862,0.51456,19.31703,3.67337417645482,1.7,882.8115234375,,0.0,6.0,2.0,1972.0
TZA,2014,7.0,63.2804353521698,0.168018787598672,,,,10.0,913.811218261719,6.03727175759067,0.0,5.0,2.0,2555.0
TZA,2015,10.0,76.2492627491202,0.203764013437506,,,3.98361077132501,11.3,939.127319335938,5.27380990982056,0.0,5.0,1.0,2464.0
TZA,2016,13.5042328468919,74.3983656514054,0.591695,,,3.72893939925404,17.3,970.156127929688,,3.0,6.0,1.0,2413.0
TZA,2017,14.46339989,71.7911684370749,1.37184,,,4.78205361153138,16.0,1001.55895996094,,2.0,8.0,1.0,2678.0
TZA,2018,15.49069977,75.7301934140355,1.49944,,,4.27996511118124,18.1,1024.01525878906,4.05194997787476,0.0,10.0,1.0,2992.0
TZA,2019,16.59090042,80.5835569684446,1.75692,,,2.85588898826608,19.0,1051.7666015625,,6.0,30.0,2.0,3578.0
TZA,2020,19.48139954,84.0050558283384,1.86248,,,7.18188265775187,22.0,1041.25964355469,,5.0,50.0,1.0,4667.0
TZA,2021,22.87540054,86.0162814148027,1.97842,,,3.59164319762461,23.3,1054.31726074219,,11.0,69.0,2.0,5025.0
TZA,2022,26.86059952,93.0159746238635,0.110774196881278,,,5.32159018874409,36.0,1070.58532714844,6.54216003417969,11.0,119.0,1.0,5942.0
TZA,2023,28.43190002,105.40028112088,0.10501728326893,,,5.16887784940301,27.9,1092.86413574219,,29.0,168.0,4.0,6711.0
TZA,2024,31.16209984,126.559163217786,0.246433216306666,,,4.01880979537964,33.7,1120.77416992188,,27.0,239.0,8.0,7650.0
UGA,1990,0.0,0.0,,,,1.05559003353119,,369.839286985576,,,,,
UGA,1991,,0.0,,,,1.23331999778748,1.97801908193011,377.780503685951,1.8545800447464,,,,
UGA,1992,,0.0,,,,1.20323002338409,,377.609612721367,,,,,
UGA,1993,,0.0,,,,1.30781996250153,,395.163949168597,,,,,
UGA,1994,,0.0,,,,1.45316004753113,,406.592301920177,,,,,
UGA,1995,0.00286,0.008447436,,,,1.5566600561142,1.87703039726314,441.226201168263,,,,,
UGA,1996,0.00463,0.018823909,,,,1.78656005859375,,468.427898950193,,,,,
UGA,1997,0.0103,0.022855121,,,,,,478.250663988847,,,,,
UGA,1998,0.0653,0.133110548,,,,,,487.008977266219,,,,,
UGA,1999,0.106,0.24209546,,,,1.9514000415802,0.525055022127252,509.455395054388,,,,,
UGA,2000,0.163714063074854,0.528800861661281,,,,2.61231994628906,1.6,509.19755319016,,4.0,6.0,2.0,610.0
UGA,2001,0.237945087191408,1.14573552163214,,,,2.85116004943848,2.3,519.456547890884,,0.0,0.0,2.0,703.0
UGA,2002,0.384093504951945,1.54040654262525,,0.36756,,3.54375004768372,2.0,547.405338919875,6.45393991470337,0.0,4.0,0.0,786.0
UGA,2003,0.464849840113968,2.94537548472374,,0.25612,,3.77904009819031,4.1,564.720539196569,,0.0,6.0,1.0,806.0
UGA,2004,0.719970679914031,4.29039148738249,,0.26056,,3.65948009490967,4.9,585.339489080616,,0.0,5.0,0.0,866.0
UGA,2005,1.742200017,4.70366701141629,0.0030396996576475,0.21514,,,0.7,604.404813057618,,2.0,6.0,0.0,931.0
UGA,2006,2.52940011,6.97651521394924,0.0042022639228036,0.30033,,3.56147003173828,2.1,650.270540867444,,0.0,4.0,2.0,1095.0
UGA,2007,3.67196535074744,14.147698933985,0.0062724615668406,0.38821,,,7.4,684.542241787248,,0.0,6.0,3.0,1040.0
UGA,2008,3.880000114,28.0124073852685,0.0157107735008433,0.32632,,3.80542993545532,8.3,722.565167003452,8.77392959594727,0.0,3.0,2.0,1181.0
UGA,2009,4.099999905,29.8359001233373,0.0190772032476649,0.25547,,4.19193983078003,1.9,749.342865535423,,2.0,4.0,2.0,1341.0
UGA,2010,4.300000191,39.6046507276973,0.043222146830449,0.3599,39.56548,3.9166100025177,3.5,768.624091660131,10.666729927063,2.0,3.0,2.0,1656.0
UGA,2011,4.599999905,50.0591238800663,0.106474251498514,,,4.37658023834229,4.5,816.516366587228,8.22214427238142,1.0,5.0,2.0,1809.0
UGA,2012,4.800000191,47.6342672974029,0.1118312903834,,,3.74987006187439,11.7,823.580468285493,9.86979961395264,2.0,6.0,0.0,2108.0
UGA,2013,5.099999905,51.1323160552035,0.117440503367543,,,,2.8,828.988669729986,,0.0,6.0,0.0,2130.0
UGA,2014,5.400000095,55.9572451997482,0.151661444002794,0.14265,28.67676,4.61899995803833,11.9,845.978664791099,10.4185403831742,0.0,7.0,3.0,2633.0
UGA,2015,5.699999809,53.8755501186925,0.215083639463292,,,,9.0,862.934610355811,,0.0,3.0,1.0,2590.0
UGA,2016,5.9,58.8633638178484,0.237414982677972,,,,17.7,874.648370639216,12.2728204727173,1.0,9.0,0.0,2644.0
UGA,2017,7.417900085,62.0968142578109,,,,,23.0,871.093880017151,,1.0,9.0,2.0,2921.0
UGA,2018,9.326299667,58.8753608703264,,,,,32.5,895.07512785438,,2.0,22.0,1.0,3220.0
UGA,2019,11.72579956,59.0598078769828,0.0752797052682096,,,,31.8,920.939101515671,14.2377504791157,3.0,21.0,1.0,3951.0
UGA,2020,7.4,62.2824129624858,0.077818750062982,,,,32.8,917.0350317644,,9.0,58.0,0.0,5058.0
UGA,2021,10.0,65.6220730009172,0.0838841644026815,,,,35.9,919.401675217265,,3.0,67.0,3.0,5294.0
UGA,2022,9.636899948,70.1401117953081,0.0850849430150062,,,,35.9,933.094056370423,,9.0,123.0,3.0,5806.0
UGA,2023,9.286999702,76.2966796632588,0.0912969650305002,0.4383,81.30601,,42.4,955.745797275462,,19.0,178.0,9.0,6719.0
UGA,2024,8.949831061,83.165031466902,0.207613333991268,,,,44.8,986.090145363924,13.1884098052978,30.0,299.0,8.0,7692.0
UKR,1990,0.0,0.0,,,,46.6147499084473,100.0,3102.310546875,,,,,
UKR,1991,,0.0,,,,45.6067581176758,100.0,2826.06469726563,,,,,
UKR,1992,,0.0,,,,45.6464614868164,100.0,2538.85278320313,,,,,
UKR,1993,0.000777,0.000126662,,,,43.9720497131348,100.0,2177.23486328125,,,,,
UKR,1994,0.0136,0.00977526,,,,41.6465492248535,100.0,1687.48449707031,,,,,
UKR,1995,0.0431,0.027501844,,,,43.5848693847656,100.0,1493.38208007813,,,,,
UKR,1996,0.0986,0.059309101,,,,43.0763893127441,100.0,1355.57336425781,,,,,
UKR,1997,0.199,0.113968483,,1.1923,,,100.0,1326.27795410156,,,,,
UKR,1998,0.301,0.232167426,,1.06993,,46.2560806274414,100.0,1311.59362792969,,,,,
UKR,1999,0.405,0.439366038,,0.96968,,48.1569786071777,100.0,1319.533203125,,,,,
UKR,2000,0.716183762031043,1.67592702664619,,0.92904,,50.5071182250977,98.3,1409.22265625,,0.0,12.0,0.0,5452.0
UKR,2001,1.23875954748114,4.59600703553104,,0.98944,,52.9101104736328,98.5,1547.2783203125,74.3192291259766,1.0,16.0,0.0,6069.0
UKR,2002,1.87388511643427,7.69639725156479,,0.96269,,56.645679473877,98.7,1644.28125,,1.0,22.0,1.0,7444.0
UKR,2003,3.14812758815439,13.657727308332,,1.07166,,60.2553215026855,98.8,1814.25854492188,,1.0,26.0,0.0,6922.0
UKR,2004,3.4894778812677,29.0897362980988,,1.04392,,63.4407501220703,99.0,2042.44494628906,,0.0,23.0,0.0,7462.0
UKR,2005,3.749799967,64.0053648197035,0.277231826563428,0.99518,,66.8898620605469,99.8,2122.6015625,,0.0,27.0,0.0,6963.0
UKR,2006,4.50612456357379,105.276792245749,1.11548751663283,0.91403,1451.9222,71.939811706543,99.3,2298.13232421875,,0.0,38.0,0.0,10858.0
UKR,2007,6.55,119.08760668951,1.72464510306964,0.81869,1430.03134,76.2627563476562,99.6,2498.35205078125,,1.0,26.0,0.0,8810.0
UKR,2008,11.0,120.558086000585,3.4642209843887,0.80991,1404.84115,79.7325210571289,99.6,2567.69409179688,,0.0,29.0,0.0,9082.0
UKR,2009,17.9,119.456421121144,4.14770623244446,0.82596,1324.32376,82.4992523193359,99.8,2188.17016601563,,0.0,26.0,0.0,9360.0
UKR,2010,23.3,117.767819669863,6.45490404640707,0.80278,1306.70104,81.9082510858655,99.9,2285.93383789063,,0.0,30.0,0.0,10749.0
UKR,2011,28.7082628400713,121.941606633464,6.95621082243456,0.7109,1237.47634,84.7981059629784,100.0,2418.12084960938,,0.0,52.0,2.0,10714.0
UKR,2012,35.27,130.859020572585,8.03755151150735,0.72363,1210.04567,83.8798999891598,99.8,2426.92944335938,,0.0,35.0,0.0,12671.0
UKR,2013,40.954128997,138.441124320457,8.85842948316205,0.733,1139.62164,81.5320112568844,100.0,2432.41625976563,,0.0,87.0,1.0,15082.0
UKR,2014,46.2359754571651,144.278847394403,9.3062102695115,0.65034,1002.50854,83.7842174613245,100.0,2308.6435546875,,2.0,97.0,0.0,16456.0
UKR,2015,48.8846436813218,142.003037907188,11.6437042355302,0.61477,1005.99722,76.8646556476929,100.0,2094.47387695313,,4.0,80.0,3.0,17748.0
UKR,2016,53.0009695981884,133.168953931474,12.0342584918375,0.48339,1037.24086,77.0398374695438,100.0,2156.0830078125,,4.0,142.0,1.0,21737.0
UKR,2017,58.8894794459775,131.356511508927,12.3535432124088,0.44878,994.07744,80.1990246943391,100.0,2217.7529296875,,10.0,216.0,2.0,26762.0
UKR,2018,62.5531553933869,127.753861022152,12.8032560497243,0.47113,988.07663,81.4946716210446,100.0,2308.6669921875,74.8526755373297,10.0,363.0,3.0,34475.0
UKR,2019,70.1248442995263,130.629436256062,16.1591311845578,0.43384,880.55411,84.48135621115,100.0,2398.07836914063,70.9834079875464,14.0,597.0,7.0,47086.0
UKR,2020,75.03790912,129.341230786476,18.617022844321,0.40318,846.24846,82.1345992180731,100.0,2324.107421875,71.541758874926,9.0,764.0,17.0,55187.0
UKR,2021,79.21829353,135.025688989835,18.2677942438439,0.38478,774.07275,75.9079435107907,100.0,2426.6123046875,72.4826763598536,27.0,968.0,13.0,54567.0
UKR,2022,80.47429657,120.261144906234,17.5398140646824,0.32673,586.07925,,100.0,1874.66296386719,,28.0,1013.0,21.0,50087.0
UKR,2023,81.58059692,133.38012811971,21.3774151510902,0.32209,,82.5533599853516,100.0,2164.26123046875,,54.0,1732.0,29.0,58198.0
UKR,2024,82.47489929,,21.6539327212609,0.36988,,87.1920013427734,100.0,2226.05810546875,,83.0,2491.0,36.0,51601.0
URY,1990,0.0,0.0,,,,30.11083984375,,8320.3559048693,,,,,
URY,1991,,0.0,,,,30.7541999816894,,8565.26927800028,,,,,
URY,1992,,0.054284892,,,,28.0859699249268,77.2005902678541,9193.55122074713,,,,,
URY,1993,,0.156664401,,,,,73.2686698192808,9388.10939080161,,,,,
URY,1994,0.0625,0.213953532,,,,,73.5476591596717,10019.3479243955,,,,,
URY,1995,0.31,1.243773961,,,,,73.9571549138308,9822.89680356996,,,,,
URY,1996,1.85,2.436006067,,0.26501,,29.964319229126,62.0482294524734,10316.2027570949,,,,,
URY,1997,3.36,3.058024344,,0.34994,,,73.9576901943799,11138.8676127212,,,,,
URY,1998,6.99,4.638544413,,0.19186,,35.4384002685547,74.7242211245104,11584.9491858277,25.6161838475002,,,,
URY,1999,9.97,9.732680729,,0.22417,223.02794,33.6197891235352,76.9679349981963,11357.0866859804,25.3303740962957,,,,
URY,2000,10.5390577480141,12.5768858424729,,0.20925,282.62753,33.8414497375488,78.1,11096.3309569487,25.2426686718162,0.0,2.0,0.0,560.0
URY,2001,11.1214376832783,15.8812198576102,,,,37.7791595458984,80.3,10643.5574019273,29.9504705836157,0.0,3.0,0.0,611.0
URY,2002,11.4194701966853,15.6617514525597,,0.23818,378.96957,39.5832290649414,80.9,9806.7713064359,30.3218574469913,0.0,4.0,0.0,728.0
URY,2003,15.9371367159756,15.163114800563,,,,41.7629699707031,81.6,9878.75684344081,34.4547996520996,0.0,0.0,0.0,781.0
URY,2004,17.0630983403661,18.2680768579424,0.822381446099902,,,42.7656097412109,82.2,10366.9067382871,33.4081001985142,0.0,3.0,3.0,912.0
URY,2005,20.0881895579305,35.1492237286165,1.47724841445128,0.46031,,44.3836708068848,82.8,11131.3984890038,,0.0,2.0,0.0,1095.0
URY,2006,29.39999962,70.8316385499829,3.24006096964103,0.36385,,45.3399810791016,86.6,11574.470540231,24.7390003204346,0.0,11.0,0.0,1216.0
URY,2007,34.0,91.1740061842348,5.00790099883071,0.42159,,50.3921318054199,88.2,12310.482735502,,0.0,2.0,1.0,1232.0
URY,2008,39.3,106.227376666968,7.40514515121388,0.37442,433.22906,51.0627593994141,88.0,13165.83628166,26.9772205352783,0.0,4.0,0.0,1511.0
URY,2009,41.8,124.212899282829,9.59139794041916,0.40239,565.96314,50.9438095092773,92.6,13691.71420689,27.7509708404541,0.0,3.0,0.0,1529.0
URY,2010,46.4,133.706525080004,11.5576240440188,0.32882,637.83958,51.8884303512712,94.2,14722.3780081191,27.1735992431641,0.0,3.0,0.0,1900.0
URY,2011,51.4046610563616,143.001961329496,14.2140328992358,0.32962,628.67776,52.5558159999377,94.6,15443.9961926395,27.0184593200684,0.0,3.0,0.0,2108.0
URY,2012,54.453768680746,149.770867131119,17.4092710291806,0.30808,647.29155,54.7069093768187,100.0,15949.3176985435,27.5437107086182,0.0,8.0,0.0,2241.0
URY,2013,57.69,157.471339957678,22.0329969745948,0.29118,651.49701,59.9512588300598,100.0,16639.4054750651,27.5788993835449,0.0,2.0,0.0,2459.0
URY,2014,61.4624951684405,163.782686705197,25.0350829208297,0.31707,664.34395,59.826704311423,100.0,17122.0364563225,28.4531497955322,0.0,6.0,1.0,2681.0
URY,2015,64.5707870971624,153.368406394623,26.7496571424669,0.35109,687.09204,57.7897211461691,100.0,17125.9016800298,28.7477607727051,1.0,10.0,2.0,3071.0
URY,2016,66.40000153,151.414841550708,27.2743360055965,0.37391,739.46982,59.6462945758069,100.0,17357.2349992841,28.7478008270264,0.0,9.0,0.0,3479.0
URY,2017,70.3223543994698,150.440084782428,28.1333463973666,0.44052,756.67885,59.7518904286933,100.0,17611.6036800874,30.018440246582,1.0,22.0,0.0,3553.0
URY,2018,80.7268428795854,131.363332934653,28.7930537740968,0.50484,787.06548,60.2781342968002,100.0,17608.94412947,30.4411907196045,0.0,21.0,0.0,3815.0
URY,2019,83.3515337667548,133.236724531865,29.8012543248776,0.56805,803.42212,61.9644279466795,100.0,17758.4384273402,31.5105800628662,1.0,30.0,1.0,4154.0
URY,2020,85.47100067,133.90170192835,31.2948224284548,0.67606,820.55725,64.9332150107214,100.0,16443.363490131,,6.0,43.0,0.0,5008.0
URY,2021,87.64440155,138.112989243956,32.5451063460216,0.61467,845.8214,75.1713873701582,100.0,17416.0052308469,33.5,4.0,70.0,2.0,5319.0
URY,2022,89.87304314,139.828801269747,33.4865565704576,0.62206,880.30452,76.3977408357972,100.0,18249.2912168828,34.8,3.0,67.0,2.0,4671.0
URY,2023,90.92590332,141.71948663565,32.4032099586757,0.70196,902.41575,79.9536903496537,100.0,18403.6753125157,34.0,4.0,80.0,1.0,5293.0
URY,2024,91.99109007,145.501755749445,33.0440254320868,,937.57039,,99.3,19024.1204266155,35.0092582702637,6.0,78.0,3.0,5374.0
USA,1990,0.785,2.129545117,,,,71.4957275390625,100.0,39200.0658091762,,,,,
USA,1991,1.16,3.004111275,,,,72.8127975463867,100.0,38637.8398179104,,,,,
USA,1992,1.72,4.323596882,,,,77.0626602172852,100.0,39447.9472850606,,,,,
USA,1993,2.27,6.186519908,,,,78.7144165039062,100.0,40002.4762253198,,,,,
USA,1994,4.86,9.202002036,,,,79.476432800293,100.0,41106.9881833481,89.0161772479126,,,,
USA,1995,9.24,12.71760532,,,,80.342529296875,100.0,41710.8207256668,89.411039858669,,,,
USA,1996,16.4,16.37381226,,2.45013,3206.67656,79.3373336791992,100.0,42783.8165724095,89.6436036581065,,,,
USA,1997,21.6,20.30588082,,2.47714,3310.87683,,100.0,44151.6860410035,90.0273232016357,,,,
USA,1998,30.1,25.09083926,0.255913845,2.49621,3472.48581,70.8996200561523,100.0,45596.4306879224,90.3566959582523,,,,
USA,1999,35.8,30.82116044,0.986557204,2.54362,3547.1262,71.37548828125,100.0,47234.2455290381,90.835679574916,,,,
USA,2000,43.0791626375201,38.8931449211963,2.51164212166547,2.61982,3556.3917,,100.0,48616.2546282435,90.835575067592,15.0,1886.0,46.0,458970.0
USA,2001,49.0808315896951,45.2019710071462,4.50008028890173,2.63715,3598.59475,,100.0,48597.4246124122,91.1667627020552,13.0,1855.0,44.0,468847.0
USA,2002,58.7854038836952,49.3931508029532,6.92533390658183,2.54746,3645.74808,,100.0,48967.3661217576,91.3540456900476,20.0,6073.0,67.0,615236.0
USA,2003,61.6971171244207,55.4096280855899,9.57004719771541,2.55014,3851.4654,,100.0,49905.5233080788,91.4598239108993,19.0,3757.0,79.0,595668.0
USA,2004,64.7582564759896,63.1242068595345,12.7576071681207,2.48685,3710.14634,,100.0,51348.3473386025,85.9772567749023,27.0,2658.0,93.0,600127.0
USA,2005,67.9681015,68.8835039746019,17.2991096639721,2.50192,3635.29099,80.6348266601562,100.0,52649.5713060461,85.191780090332,21.0,3403.0,64.0,650836.0
USA,2006,68.93119812,76.8586480652849,20.1645830201257,2.54545,3674.19384,,100.0,53596.315236412,85.7510070800781,22.0,3366.0,44.0,696924.0
USA,2007,75.0,82.5922706237223,23.7552995298973,2.61516,3624.05411,,100.0,54152.8292673551,92.4371478045846,19.0,3254.0,59.0,708377.0
USA,2008,74.0,85.680465188068,25.290984615215,2.74481,3751.46069,,100.0,53703.962897927,86.614128112793,29.0,3270.0,59.0,771199.0
USA,2009,71.0,89.0461412720864,25.9694510145971,2.7918,3877.89208,,100.0,51863.6183416558,86.7090835571289,44.0,3377.0,64.0,782499.0
USA,2010,71.69,91.6593077558393,27.1720060120338,2.71443,3643.92768,,100.0,52812.6829869279,87.1494064331055,36.0,3464.0,65.0,817710.0
USA,2011,69.7294607619268,94.682964660635,28.117023946999,2.73803,3754.88228,,100.0,53215.5362314388,87.5908889770508,36.0,3995.0,58.0,870737.0
USA,2012,74.7,96.1284261999864,29.1736109719443,2.67272,3734.6577,,100.0,54000.8410778217,87.6791000366211,33.0,3985.0,54.0,882883.0
USA,2013,71.4,97.0595305732914,29.9996164764959,2.69591,3815.20951,88.7264175415039,100.0,54728.860179812,88.1503067016602,43.0,4483.0,61.0,931543.0
USA,2014,73.0,99.839569071329,30.270920842,2.70882,3915.0339,88.6268692016602,100.0,55665.2411187802,88.3135833740234,60.0,4995.0,61.0,960462.0
USA,2015,74.5542024462761,101.831958781319,31.3412129772455,2.77328,3949.66371,88.8894119262695,100.0,56849.4697923159,88.4119720458984,65.0,6394.0,82.0,987089.0
USA,2016,85.5444212887222,102.751864866695,32.1144006365866,2.83677,3897.11007,88.8350524902344,100.0,57430.8499298804,89.0923614501953,106.0,8497.0,108.0,1001599.0
USA,2017,87.2748891687657,102.380562632686,32.5702836317829,2.88315,4020.59227,88.1673889160156,100.0,58435.9707535619,89.8141326904297,151.0,13067.0,143.0,1031047.0
USA,2018,88.498903165152,103.935307364,33.0559177307939,2.98956,4322.78826,88.2991790771484,100.0,59817.6556798612,89.8053588867188,238.0,20954.0,180.0,1135718.0
USA,2019,89.4302848575712,105.32074052965,33.835216356436,3.14297,4367.20971,87.8887100219727,100.0,61047.9648238812,94.6938014055522,483.0,30981.0,228.0,1192864.0
USA,2020,90.34470367,103.855170008567,35.7156999293054,3.41788,4567.79267,87.5676574707031,100.0,59533.609024416,90.9405212402344,686.0,41343.0,284.0,1432011.0
USA,2021,91.2684021,106.324514306135,37.0074278936277,3.4689,4900.77179,84.8550872802734,100.0,63096.7856149746,91.313362121582,933.0,47798.0,294.0,1334297.0
USA,2022,92.72850037,108.785640656159,37.4887954801437,3.48736,4937.49441,79.361930847168,100.0,64322.2332819139,91.190803527832,1130.0,49268.0,313.0,1741770.0
USA,2023,93.52559662,112.410910606372,38.0939254696383,3.44716,,,100.0,65667.281580468,91.4612884521484,1325.0,58710.0,452.0,1275011.0
USA,2024,94.69380188,113.190481805755,38.8571729185246,,,,100.0,66856.5131698371,91.6156005859375,1785.0,69806.0,537.0,1210537.0
UZB,1990,0.0,0.0,,,,16.854549407959,,1726.30546724627,,,,,
UZB,1991,,0.0,,,,17.0046997070312,,1677.00705207512,,,,,
UZB,1992,,0.0,,,,16.4374408721924,,1452.98873488236,,,,,
UZB,1993,,0.002263886,,,,,,1387.10439786651,,,,,
UZB,1994,,0.003997388,,,,,,1287.14935182537,,,,,
UZB,1995,0.00153,0.016203277,,,,,,1250.27933587957,,,,,
UZB,1996,0.00429,0.040526847,,,,,99.2830513335245,1247.8810920149,,,,,
UZB,1997,0.0105,0.072168997,,,,,99.0158555986669,1290.28380529458,,,,,
UZB,1998,0.0208,0.110591783,,,,,99.101657729826,1324.80194060935,,,,,
UZB,1999,0.0307,0.164164855,,,,12.9796800613403,99.1964889120685,1362.51315204654,,,,,
UZB,2000,0.484347307694947,0.214337694185037,,0.36063,665.80742,13.0081100463867,99.4,1397.01202350998,,0.0,0.0,0.0,492.0
UZB,2001,0.597567993875805,0.510205484728889,,0.34544,618.85551,13.297869682312,99.4,1437.5947280451,,0.0,1.0,0.0,514.0
UZB,2002,1.08193974248733,0.735827351045158,,0.29356,635.0763,13.7379999160767,99.5,1476.49258739973,,0.0,1.0,0.0,515.0
UZB,2003,1.91259517784997,1.24776075726202,0.01072292881496,0.26825,592.78249,13.8350601196289,99.3,1520.35493285443,,0.0,0.0,0.0,562.0
UZB,2004,2.59372542084924,2.09033264372718,0.0211837790801537,0.27041,583.10334,13.8527898788452,99.2,1613.64273882937,,0.0,0.0,0.0,567.0
UZB,2005,3.34350988825952,2.73172471423598,0.0313806876547859,0.23741,638.4791,9.84444999694824,99.2,1704.33893207214,,0.0,0.0,0.0,601.0
UZB,2006,6.38832196706805,9.47736216612708,0.0323569650043262,0.22395,571.67593,9.96053028106689,99.2,1807.87328626177,,0.0,2.0,0.0,641.0
UZB,2007,7.49060468138629,21.020299595125,0.0708376212623368,0.21721,563.73574,9.83143043518066,99.2,1951.57878907892,,0.0,2.0,0.0,729.0
UZB,2008,9.0801145234501,45.0095498148121,0.239900135203875,0.19354,587.88058,9.89933967590332,99.2,2095.38214534409,,0.0,0.0,0.0,704.0
UZB,2009,11.9,58.7627376005608,0.317598905743188,0.20315,580.2566,9.8161096572876,99.2,2228.0552685669,,0.0,2.0,0.0,783.0
UZB,2010,15.89999962,73.8123181598383,0.415705113729521,0.1543,551.74753,8.85653237012253,99.2,2359.64199067641,,0.0,3.0,0.0,881.0
UZB,2011,18.6,88.2684522563008,0.512642664609435,0.14877,582.25635,8.58497947573208,99.3,2512.68783806993,,0.0,0.0,0.0,827.0
UZB,2012,23.60000038,69.2849333824939,0.753795814305037,0.15512,520.30903,7.84954008903504,99.4,2657.09909084172,,0.0,1.0,0.0,8530.0
UZB,2013,26.79999924,72.3319640163618,1.03047816642845,0.155,514.76473,7.97676963416095,99.6,2823.00205379328,91.5406112670898,0.0,0.0,0.0,914.0
UZB,2014,35.5,71.5984657244746,2.71465494120139,0.15335,508.96456,7.99231869405469,99.7,2990.56339751192,91.9476318359375,0.0,1.0,0.0,994.0
UZB,2015,42.79999924,70.8415066778981,5.81406186655157,0.16497,504.73687,8.05320814639575,99.8,3172.89899391083,92.0795822143555,0.0,3.0,0.0,1226.0
UZB,2016,46.79130173,74.3669818295078,8.77864127770599,0.17238,512.96908,8.33958377998093,99.9,3327.90932206401,92.5646209716797,0.0,3.0,0.0,1373.0
UZB,2017,48.6999988524556,76.2604866788199,10.4346190212708,0.13212,501.98291,8.64750307019382,99.9,3425.78819696408,,3.0,6.0,0.0,1378.0
UZB,2018,55.2000006732722,71.744368617656,12.7372983265011,0.11164,481.96007,9.95855522351711,100.0,3559.85436594803,96.1492462158203,1.0,7.0,0.0,1695.0
UZB,2019,70.3999986481458,101.259829415713,10.5554301857614,0.10128,422.11189,13.0316667432446,100.0,3733.50435754861,96.6762924194336,1.0,32.0,1.0,3092.0
UZB,2020,71.09999824,99.4063901870675,15.8070422134311,0.12554,426.4918,15.9720957084892,100.0,3723.82133264406,98.2941967056424,1.0,61.0,2.0,7204.0
UZB,2021,76.59043014,102.410090312681,21.8944210928633,0.11843,523.87885,22.0939011675309,99.8,3951.99657327359,96.0379867553711,3.0,133.0,7.0,15660.0
UZB,2022,83.90000012,105.471643327627,25.7992232452287,0.14297,543.83922,31.701936179599,100.0,4109.08421031655,96.8379516601562,6.0,176.0,2.0,14772.0
UZB,2023,89.01361047,106.884847592051,30.2699233460544,0.11093,542.07268,45.7591768686293,100.0,4281.20542121225,,15.0,349.0,17.0,17490.0
UZB,2024,89.50550079,110.492018573638,34.7381414135069,0.10416,639.53651,56.517478700865,100.0,4477.90745486742,,30.0,599.0,20.0,15180.0
VAT,2000,,,,,,,,,,0.0,0.0,0.0,13.0
VAT,2003,,,,,,,,,,0.0,0.0,0.0,18.0
VAT,2004,,,,,,,,,,0.0,0.0,0.0,17.0
VAT,2005,,,,,,,,,,0.0,0.0,0.0,25.0
VAT,2006,,,,,,,,,,0.0,0.0,0.0,23.0
VAT,2008,,,,,,,,,,0.0,0.0,0.0,20.0
VAT,2009,,,,,,,,,,0.0,0.0,0.0,34.0
VAT,2010,,,,,,,,,,0.0,0.0,0.0,31.0
VAT,2011,,,,,,,,,,0.0,0.0,0.0,30.0
VAT,2012,,,,,,,,,,0.0,0.0,0.0,29.0
VAT,2013,,,,,,,,,,0.0,0.0,0.0,47.0
VAT,2016,,,,,,,,,,0.0,0.0,0.0,56.0
VAT,2017,,,,,,,,,,0.0,0.0,0.0,56.0
VAT,2018,,,,,,,,,,0.0,1.0,0.0,99.0
VAT,2019,,,,,,,,,,0.0,1.0,0.0,69.0
VAT,2020,,,,,,,,,,0.0,1.0,0.0,0.0
VAT,2021,,,,,,,,,,0.0,2.0,0.0,0.0
VAT,2023,,,,,,,,,,0.0,0.0,0.0,94.0
VCT,1990,0.0,0.0,,,,6.06251001358032,,3784.79942946706,,,,,
VCT,1991,,,,,,,56.8838745754464,3813.79398874435,,,,,
VCT,1992,,0.06182544,,,,,60.233395579953,4046.68638456042,,,,,
VCT,1993,,0.073049876,,,,,61.9366819340052,4210.24289444354,,,,,
VCT,1994,,0.131643614,,,,,63.6547768256025,4150.97674020379,,,,,
VCT,1995,0.129,0.188309072,,,,,65.3887713431267,4468.26394261096,,,,,
VCT,1996,0.483,0.244990813,,,,,67.1409093785034,4522.93058114134,,,,,
VCT,1997,0.926,0.302775736,,,,,68.9138392921728,4680.55582185707,,,,,
VCT,1998,1.85,0.656949651,,,,,70.7087132362425,4870.32086653059,,,,,
VCT,1999,2.78,1.245679597,,,,,72.5261210276992,4994.11436770598,,,,,
VCT,2000,3.24503741064558,2.07935179884627,,,,,74.5,5067.96739467376,,,,,
VCT,2001,5.09480977832946,6.60082290023876,0.0713650099999119,0.04008,,,78.8,5158.56617678847,,,,,
VCT,2002,5.54959487957379,8.80658508826877,0.958119756147053,0.1139,,,78.0,5441.52648867536,,,,,
VCT,2003,6.46227416659743,55.6040692587126,1.01289541368735,,,,79.7,5816.20788359407,,,,,
VCT,2004,7.37116584201749,63.8099880356272,1.16984978065317,,,,81.5,6071.94945269221,,,,,
VCT,2005,9.19827808234299,62.8012449977768,3.24321920853713,,,,83.3,6244.35953746008,,,,,
VCT,2006,12.0,78.2348634992055,5.01544449800918,,,,85.1,6707.27875985734,,,,,
VCT,2007,16.0,99.067523827456,7.14778850723117,,,,86.6,6960.17151500732,,,,,
VCT,2008,21.0,117.175847533955,8.43390856360558,,,,88.8,7019.9950843874,,,,,
VCT,2009,31.0,109.597495203967,10.4128207912549,,,,90.7,6955.82358345268,,,,,
VCT,2010,33.70000076,119.85467310543,11.3696923398721,,,13.4546976354886,92.7,6678.04200697308,,,,,
VCT,2011,36.70000076,120.539739732416,12.1162516346743,,,20.6017072662919,94.7,6674.58198966102,,,,,
VCT,2012,40.0,116.789287816363,12.5220718069453,,,19.8016733808491,96.7,6790.68325958275,,,,,
VCT,2013,43.5,115.945808480141,13.505340546539,,,19.7655115169122,98.7,6996.57386151332,,,,,
VCT,2014,47.4,106.957734691031,13.684846794067,,,23.9405403137207,100.0,7116.22071347207,,,,,
VCT,2015,49.40000153,105.99382946896,15.8563949139865,,,23.6186294555664,100.0,7353.73556054184,,,,,
VCT,2016,51.5,105.923892091134,20.5596667575624,,,23.6683079677708,100.0,7702.8942635647,,,,,
VCT,2017,53.70000076,109.635350122559,18.2400651126695,,,25.7215423689679,100.0,7872.92690537077,,,,,
VCT,2018,56.0,107.164096601414,23.4574843222843,,,26.0140359224456,100.0,8179.99598957084,,0.0,2.0,0.0,0.0
VCT,2019,59.57630157,92.5177839430914,20.8463332917335,,,29.6853960093035,100.0,8294.67434486665,,,,,
VCT,2020,63.38100052,96.9437629194598,23.8906168498735,,,33.6692278624512,100.0,7989.74651933597,,,,,
VCT,2021,68.83339691,95.5173520288601,27.1020312910221,,,35.7032258064516,100.0,8211.33588012942,,0.0,1.0,0.0,0.0
VCT,2022,74.75479889,102.334241420536,28.9967269662701,,,41.4983277591973,100.0,8532.7381341339,,,,,
VCT,2023,75.53679657,101.631416361537,30.4935700680004,,,,100.0,9051.35208011007,,,,,
VCT,2024,76.19010162,108.354536057883,29.4605231772283,,,,100.0,9485.18771201686,,,,,
VEN,1990,0.0,0.037578645,,,,26.8769798278809,,3761.00501781068,,,,,
VEN,1991,,0.082071711,,,,27.4910392761231,,4024.34298644958,,,,,
VEN,1992,0.0121,0.379508456,,,,27.0434608459473,85.7920054399949,4168.51186162522,,,,,
VEN,1993,0.0416,0.862455779,,,,,90.5958557563391,4086.137450399,,,,,
VEN,1994,0.0555,1.474065254,,,,,90.5267747081296,3905.12306758015,,,,,
VEN,1995,0.122,1.826547139,,,,,94.6949943288534,3973.55920518961,,,,,
VEN,1996,0.248,2.577074097,,,,,90.5297469482926,3881.59743994053,,,,,
VEN,1997,0.391,4.652836296,,,,,92.209364056285,4044.09570748455,,,,,
VEN,1998,1.38,8.550767856,,,49.59925,,92.3986895888197,3982.54013627533,,,,,
VEN,1999,2.84,15.79146876,,,56.05112,,94.7896844920653,3673.62857141093,,,,,
VEN,2000,3.3595974645036,22.2091444151412,0.0182372620084196,,61.52819,27.8114891052246,91.9,3732.15152475602,30.1,0.0,13.0,0.0,2040.0
VEN,2001,4.63600094778677,25.9111457593823,0.146661787014387,,71.13539,,99.2,3789.56578237406,41.8175811767578,1.0,30.0,0.0,2305.0
VEN,2002,4.91044632720325,25.7193686771621,0.307249610202931,,69.86922,37.518970489502,99.8,3396.89746362025,31.7,0.0,55.0,0.0,2831.0
VEN,2003,7.49996346522407,27.0930423911324,0.451853172687301,,95.45289,39.2063407897949,67.3,3078.26141026099,32.5,0.0,14.0,0.0,2692.0
VEN,2004,8.40446959241215,31.9692942191133,0.798034595558425,,105.25189,41.2058296203613,95.6,3576.82370624267,32.5,0.0,21.0,0.0,2749.0
VEN,2005,12.5529979098299,46.6505354851398,1.32980141271847,0.18907,122.2736,,93.0,3875.81409628464,35.1,0.0,20.0,0.0,3310.0
VEN,2006,15.2247114771787,69.0162817672167,1.97478127020455,0.31742,147.25143,,97.2,4190.56607050126,35.0905418395996,0.0,12.0,0.0,3834.0
VEN,2007,20.83,86.1507478490553,3.10246568790753,0.2011,164.09665,,93.1,4489.56571662594,39.7827415466309,0.0,25.0,0.0,4234.0
VEN,2008,25.88,97.7210881589364,3.97495217742432,0.23803,188.85344,78.2515029907227,93.2,4655.65136715099,41.443660736084,0.0,10.0,0.0,4544.0
VEN,2009,32.7,98.8932952316626,4.92838214157542,0.24014,184.39061,78.2699203491211,93.3,4451.37446074164,42.9877090454102,0.0,30.0,0.0,4678.0
VEN,2010,37.37,96.7619972595105,5.80665024566429,0.18823,202.71225,,93.4,4323.73301534677,44.9,0.0,20.0,0.0,4471.0
VEN,2011,40.22,98.6184338835709,6.22108895422792,0.15296,231.7288,,90.8,4444.55159079494,46.9,1.0,17.0,1.0,4549.0
VEN,2012,49.0500830729861,103.435247267139,6.89152396038334,0.2501,295.73383,,94.1,4638.41209800487,47.3,1.0,22.0,0.0,4066.0
VEN,2013,54.90000153,103.28923003251,7.4666228138768,0.31853,364.33159,,94.7,4642.55149314778,49.7,2.0,16.0,0.0,4081.0
VEN,2014,57.0,100.905474597326,7.9330889563685,0.33713,272.27029,,100.0,4412.9795921313,51.4,0.0,5.0,0.0,4081.0
VEN,2015,58.0,95.1577930404332,8.47031913288859,,246.15054,,100.0,4096.61989137473,55.793270111084,2.0,17.0,0.0,3941.0
VEN,2016,60.0,89.713138519105,8.49644019382612,,291.69278,,94.9,3374.43091608185,61.9245986938477,0.0,12.0,0.0,4047.0
VEN,2017,,80.1355411817503,8.53198574083448,,,,93.2,2863.33227846365,58.0678240724531,0.0,19.0,1.0,3910.0
VEN,2018,,69.5499623049054,8.73796850144755,,,,99.0,2359.38238345005,,0.0,24.0,0.0,3676.0
VEN,2019,49.05009842,63.8474442929871,8.85037434042832,,230.87605,,98.7,1759.05547364548,,1.0,33.0,2.0,3483.0
VEN,2020,72.44110107,58.1625657953324,9.00606477756336,,289.59954,,99.3,1255.86457068119,,2.0,25.0,1.0,4368.0
VEN,2021,74.11219788,60.2344883065715,9.2424360147272,,276.3565,,99.9,1272.94397516527,,2.0,52.0,2.0,4483.0
VEN,2022,75.82180023,66.4667731210739,9.58036143387288,,350.37843,,100.0,1376.93801227125,,7.0,63.0,0.0,4010.0
VEN,2023,76.33190155,70.2197325918151,10.638053537183,,179.95961,,100.0,1427.88655943805,,6.0,64.0,4.0,4480.0
VEN,2024,76.67890167,71.0075917225029,12.9446636524427,,,,100.0,1501.22207949327,,5.0,99.0,3.0,3997.0
VGB,1990,0.0,0.0,,,,,94.0837968319117,,,,,,
VGB,1991,,,,,,,94.2709901768486,,20.2121696472168,,,,
VGB,1992,,,,,,,94.4866680317912,,,,,,
VGB,1993,,,,,,,94.7034622008672,,,,,,
VGB,1994,,,,,,,94.9221384530102,,,,,,
VGB,1995,,,,,,,95.144044124297,,,,,,
VGB,1996,,6.622516556,,,,,95.370310113308,,,,,,
VGB,1997,,,,,,,95.6021055274617,,,,,,
VGB,1998,,,,,,,95.84089306977,,,,,,
VGB,1999,,,,,,57.7987785339355,96.0867978807906,,,,,,
VGB,2000,,,,,,49.8008003234863,96.7,,,0.0,2.0,0.0,376.0
VGB,2001,,,,,,43.8400993347168,96.8,,,0.0,8.0,0.0,336.0
VGB,2002,18.8857412653447,37.3308446103593,,,,47.8233413696289,96.9,,,0.0,19.0,0.0,393.0
VGB,2003,,,,,,,97.0,,,0.0,11.0,0.0,337.0
VGB,2004,,,,,,65.4377899169922,97.1,,,0.0,10.0,0.0,422.0
VGB,2005,,,,,,,97.3,,,0.0,12.0,0.0,506.0
VGB,2006,,,,,,,97.4,,,0.0,29.0,0.0,580.0
VGB,2007,,81.6052984309706,,,,,97.6,,,0.0,20.0,0.0,582.0
VGB,2008,,87.492391965916,,,,,97.7,,,0.0,2.0,0.0,469.0
VGB,2009,36.0,172.793739437137,28.2533617459034,,,70.4889373779297,97.9,,,0.0,9.0,0.0,532.0
VGB,2010,37.0,171.721770551039,24.8563685636856,,,,97.5,,,0.0,12.0,0.0,658.0
VGB,2011,37.4,162.302333681644,25.4301637060258,,,,98.0,,,0.0,3.0,0.0,554.0
VGB,2012,37.6,160.497610809029,24.5015653320152,,,,98.2,,,0.0,5.0,0.0,640.0
VGB,2013,,168.457243793963,19.4997318865722,,,,98.4,,,0.0,5.0,0.0,708.0
VGB,2014,,166.142831138887,19.3950609793095,,,,98.7,,,0.0,7.0,0.0,892.0
VGB,2015,,165.792219838831,19.3054669835933,,,40.3414634146341,100.0,,,0.0,8.0,0.0,925.0
VGB,2016,77.7014296797074,117.152724481965,18.3540941023673,,,39.173320807891,100.0,,,0.0,6.0,0.0,774.0
VGB,2017,77.7042682926829,134.692192421787,15.3001620844674,,,,100.0,,,0.0,7.0,0.0,670.0
VGB,2018,,115.28406959633,13.6047551721153,,,17.7551020408163,100.0,,,0.0,23.0,0.0,694.0
VGB,2019,,108.624811100426,16.290699271878,,,24.2532322781988,100.0,,,0.0,51.0,0.0,749.0
VGB,2020,,94.6896458866299,19.0925003366097,,,30.475763016158,100.0,,,0.0,60.0,0.0,621.0
VGB,2021,,99.5556613504721,20.8865614007247,,,30.3667262969589,100.0,,,1.0,84.0,0.0,742.0
VGB,2022,,92.8912549909966,20.5485529371852,,,29.0409725348942,100.0,,,3.0,103.0,0.0,629.0
VGB,2023,,90.8246761574965,23.5269975631653,,,26.6493055555556,100.0,,,0.0,12.0,0.0,143.0
VGB,2024,,93.1316662866408,24.9119606799929,,,29.5605306799337,100.0,,,0.0,7.0,0.0,101.0
VIR,1990,0.0,0.0,,,,,100.0,,,,,,
VIR,1991,,,,,,29.536470413208,100.0,,,,,,
VIR,1992,,,,,,31.2717208862305,100.0,,,,,,
VIR,1993,,,,,,33.5513496398926,100.0,,,,,,
VIR,1994,0.941,,,,,,100.0,,,,,,
VIR,1995,2.8,,,,,,100.0,,,,,,
VIR,1996,4.65,,,,,,100.0,,,,,,
VIR,1997,6.95,15.12501772,,,,,100.0,,,,,,
VIR,1998,9.25,23.39334506,,,,,100.0,,,,,,
VIR,1999,11.1,27.82234505,,,,,100.0,,,,,,
VIR,2000,13.8150805419196,32.2345941664594,,,,,100.0,,,0.0,0.0,0.0,24.0
VIR,2001,18.3757660397468,37.7793135222299,,,,,100.0,,,0.0,0.0,0.0,18.0
VIR,2002,27.4944323774436,41.6443763950635,,0.06617,,,100.0,43205.7246740388,,,,,
VIR,2003,27.4290729887632,45.5764075067024,,0.03776,,,100.0,43036.1815136022,,0.0,0.0,0.0,21.0
VIR,2004,27.3770087880198,59.5354013075532,1.37617656604998,0.03424,,,100.0,44466.2872190216,,0.0,0.0,0.0,42.0
VIR,2005,27.3443196733265,74.6240915934056,2.75728119249856,0.02936,,,100.0,46021.5905731819,,0.0,0.0,0.0,28.0
VIR,2006,27.3326105376325,,,0.03122,,,100.0,47671.567182812,,0.0,1.0,0.0,47.0
VIR,2007,27.3393358364014,,5.53301812009811,0.02717,,,100.0,49598.1259079427,,0.0,0.0,0.0,43.0
VIR,2008,27.3617774210613,,6.93343305908751,,,,100.0,50174.7528938473,,0.0,0.0,0.0,27.0
VIR,2009,27.3965096846662,,8.43020260586929,,,,100.0,46862.8076001874,,0.0,0.0,0.0,49.0
VIR,2010,31.22,,8.55979155496609,,,,100.0,47162.7375570431,,0.0,1.0,0.0,42.0
VIR,2011,35.6,,,,,,100.0,43320.176769501,,0.0,1.0,0.0,57.0
VIR,2012,40.5479,,,,,,100.0,36938.1682086351,,0.0,1.0,0.0,32.0
VIR,2013,45.3,,8.82150508448288,,,,100.0,34663.6460602129,,0.0,1.0,0.0,52.0
VIR,2014,50.07,,8.9216560946676,,,,100.0,34098.7109972738,,0.0,0.0,0.0,79.0
VIR,2015,54.839137296,,8.97773521666268,,,,100.0,34007.3529411765,,0.0,0.0,0.0,48.0
VIR,2016,59.60831579895,,,,,,100.0,34614.7482633247,,0.0,1.0,0.0,79.0
VIR,2017,64.3774942980087,,,,,,100.0,34435.4944455756,,0.0,1.0,0.0,77.0
VIR,2018,,,,,,,100.0,35174.1019944986,,0.0,2.0,0.0,79.0
VIR,2019,,89.5124925872467,,,,,100.0,36309.7438446842,,0.0,1.0,0.0,86.0
VIR,2020,,91.2127880328822,,,,,100.0,35850.7433148653,,0.0,3.0,0.0,116.0
VIR,2021,,91.7189273471447,,,,,100.0,37313.0484931531,,0.0,1.0,0.0,132.0
VIR,2022,,91.4619626157421,10.0662374143133,,,,100.0,36983.431060272,,0.0,3.0,0.0,125.0
VIR,2023,,,,,,,100.0,,,0.0,5.0,0.0,148.0
VIR,2024,,,,,,,100.0,,,0.0,0.0,0.0,97.0
VNM,1990,0.0,0.0,,,,3.05396008491516,,687.860316254161,,,,,
VNM,1991,,0.0,,,,2.04989004135132,,713.747210806804,,,,,
VNM,1992,,0.001146317,,,,1.62644994258881,,759.910853953724,,,,,
VNM,1993,,0.005704137,,,,2.01602005958557,,805.606443630458,,,,,
VNM,1994,,0.017241121,,,,2.24714994430542,,861.122422555836,,,,,
VNM,1995,,0.031860471,,,,2.83200001716614,,927.625512005765,,,,,
VNM,1996,0.000135,0.091945652,,,,4.06363010406494,,998.924907248853,,,,,
VNM,1997,0.00398,0.210964958,,,,6.84087991714478,72.3781526090116,1064.77802859908,,,,,
VNM,1998,0.0131,0.288739207,,,,9.53810024261475,82.2703123770582,1110.1126773248,,,,,
VNM,1999,0.129,0.420705811,,,,10.4174203872681,83.2338242443129,1148.04465210832,,,,,
VNM,2000,0.254248275754934,1.02205833472481,,,,9.24740982055664,84.7,1212.19657794381,,0.0,4.0,2.0,1279.0
VNM,2001,1.26565123612317,1.60472650276049,,,,9.30103015899658,85.5,1273.8052690094,,0.0,7.0,0.0,1423.0
VNM,2002,1.85499923592581,2.41504924375374,0.0013659637183787,0.19273,119.01999,9.55722999572754,85.6,1340.51670460271,,0.0,6.0,0.0,1717.0
VNM,2003,3.78028081370641,3.44629189737938,0.0115379137921016,,,9.91792964935303,87.1,1418.74337471509,,0.0,5.0,2.0,1838.0
VNM,2004,7.64240852842363,6.17384058852335,0.0656082587863865,,,,88.0,1510.94449049599,,2.0,12.0,0.0,1663.0
VNM,2005,12.7399292907031,11.8305581224757,0.25900649826073,,,15.8760204315185,94.8,1609.96268313651,,0.0,10.0,0.0,1779.0
VNM,2006,17.2545617186662,22.9925319860626,0.628674967791862,,,16.8052501678467,94.8,1699.67620343393,,0.0,9.0,0.0,2160.0
VNM,2007,20.7554447679753,53.8350245939495,1.54736192339482,,,18.9504508972168,90.6,1788.9485028957,,0.0,11.0,0.0,2192.0
VNM,2008,23.92,87.903278335388,2.40555802078403,,,20.0552005767822,91.6,1856.00519883979,,1.0,22.0,0.0,2698.0
VNM,2009,26.55,113.606245143275,3.71753218927158,,,21.5007190704346,94.6,1927.13427057454,25.6799507141113,0.0,28.0,0.0,3241.0
VNM,2010,30.65,127.574189111237,4.19566019392431,,,23.9250975429329,96.4,2027.58184375924,25.8374403591898,0.0,26.0,1.0,3329.0
VNM,2011,35.07,143.91372373164,4.33850926558858,0.14955,,25.8674734818525,98.5,2132.90453762087,26.6146215842897,0.0,30.0,0.0,4004.0
VNM,2012,36.79999924,147.104457946743,5.33498939497012,,,25.7487091222031,97.0,2224.11404253256,27.2692824436299,2.0,70.0,0.0,4716.0
VNM,2013,38.5,136.614018439735,5.68885880294,0.29932,684.84168,25.6249412769592,97.8,2320.08431444934,28.1382815132216,0.0,59.0,1.0,5613.0
VNM,2014,41.0,148.504309214861,6.54510757019409,,,31.3306389293887,98.9,2439.28655744423,29.043781123718,0.0,100.0,2.0,6544.0
VNM,2015,45.0,129.627056599416,8.24967739226207,0.35629,681.68167,29.7250797402999,98.9,2577.56885340113,28.1156023838483,2.0,105.0,0.0,7092.0
VNM,2016,53.0,128.297962650408,9.679017739946,,,29.0811980839409,98.8,2715.57887431272,29.2793082925931,3.0,173.0,2.0,8498.0
VNM,2017,58.1400000036297,126.097912313395,11.8410316814328,0.41895,707.70007,25.9526307046456,100.0,2868.13680013379,30.3265025972093,5.0,236.0,3.0,10079.0
VNM,2018,69.8479286837965,146.137840768403,13.5025072757898,,,,100.0,3048.28327602145,30.6719487337608,10.0,408.0,4.0,12387.0
VNM,2019,68.6615802057338,140.192561828615,15.2328957557438,0.41652,754.61752,30.2241191864014,99.1,3241.07648966529,31.9328708648682,24.0,852.0,1.0,17401.0
VNM,2020,70.30000012,141.655558720912,17.0262915402718,,,,99.7,3303.16949807493,36.2106082275165,66.0,1409.0,7.0,24098.0
VNM,2021,74.20999985,136.806313165021,19.5362327330994,0.42494,767.88667,41.9554971195048,100.0,3358.21734764714,36.9125116087881,65.0,1563.0,4.0,24717.0
VNM,2022,78.58999918,137.852422819653,21.3681380805533,,,44.7536854027422,100.0,3617.66311280437,41.9241218566895,73.0,1858.0,10.0,25112.0
VNM,2023,78.08,130.991428667547,22.6806675035061,0.41456,836.10677,32.8415128147815,99.8,3772.36029116103,39.4747561493698,89.0,2126.0,25.0,27769.0
VNM,2024,84.15,127.606471743496,23.711259212336,,,37.5923642016718,100.0,4012.50779921084,,108.0,2673.0,21.0,31079.0
VUT,1990,0.0,0.0,,,,,,2967.38199450714,,,,,
VUT,1991,,0.0,,,,,,2985.57198500513,,,,,
VUT,1992,,0.0,,,,,,2987.67246596791,,,,,
VUT,1993,,0.0,,,,,,2936.88740967171,,,,,
VUT,1994,,0.038424592,,,,,4.24851072954145,3128.05786349354,,,,,
VUT,1995,,0.070921154,,,,,,3087.19404922191,,,,,
VUT,1996,0.0568,0.088144053,,,,,,3089.28646118538,,,,,
VUT,1997,0.14,0.115725858,,,,,1.16437370874822,3171.92553062882,,,,,
VUT,1998,0.274,0.120160797,,,,,3.02101556005673,3142.89632206241,,,,,
VUT,1999,0.538,0.160058048,,,,4.55672979354858,3.33059627538822,3088.79816363894,,,,,
VUT,2000,2.10833689115184,0.195940541440082,,,,4.54419994354248,6.8,3197.45596137228,,0.0,0.0,0.0,10.0
VUT,2001,2.83057223877678,0.183216336615523,,,,4.5063099861145,8.6,3012.01602489196,,,,,
VUT,2002,3.51003871071264,2.50174867126512,,,,5.41701984405518,10.4,2784.99720920365,,0.0,0.0,0.0,14.0
VUT,2003,3.90329584542948,3.88550705867116,0.0074721289589829,,,4.86402988433838,12.3,2833.77914920751,,0.0,0.0,0.0,12.0
VUT,2004,4.74660261917533,5.10619266835512,0.0111807341367258,,,4.87792015075684,14.1,2875.65032353901,,0.0,0.0,0.0,13.0
VUT,2005,5.082300186,6.02201556272537,0.0279939267413171,,,,16.0,2955.66861124127,,0.0,0.0,0.0,25.0
VUT,2006,5.850599766,6.94692089309615,0.0439971656562756,,,,9.2,3129.08540327369,,0.0,0.0,0.0,19.0
VUT,2007,6.800000191,11.7500316347006,0.0587501581735028,,,,17.8,3141.20026364818,,0.0,0.0,0.0,21.0
VUT,2008,7.26911992337492,15.8662999788449,0.088146110993583,,,,21.7,3234.97623699324,,,,,
VUT,2009,7.5,56.5812031916676,0.214840309198173,,,,17.6,3249.66193798709,,0.0,0.0,0.0,22.0
VUT,2010,8.0,71.3269366374534,0.209865350391189,,,,31.7,3214.3726213639,,0.0,0.0,0.0,32.0
VUT,2011,9.199999809,56.2507701027625,0.138413136515603,,,,27.9,3244.13703026186,,0.0,0.0,0.0,37.0
VUT,2012,10.59799957,58.6958530715236,0.124556518524769,,,,30.0,3205.68705963169,,,,,
VUT,2013,11.30000019,50.0011788653029,0.121816081294551,,,,13.8,3149.6849727764,,0.0,0.0,0.0,41.0
VUT,2014,18.79999924,59.9642637565324,1.75568705810022,,,,36.2,3175.63375342175,,0.0,0.0,0.0,36.0
VUT,2015,22.35140038,65.6961078688167,1.61480039533861,,,,39.9,3214.41948587141,,0.0,0.0,0.0,63.0
VUT,2016,,80.3430520385024,1.61198440204787,,,,46.6,3257.49719984988,,,,,
VUT,2017,,81.8708326900222,,,,,53.0,3316.81034596861,,,,,
VUT,2018,,88.1402514907505,,,,,50.9,3319.75630455318,,0.0,1.0,0.0,0.0
VUT,2019,,90.8330907409627,2.70150863914242,,,,54.3,3349.5593410421,20.8766313678964,,,,
VUT,2020,,82.3909682859418,0.931880692502794,,,,57.5,3085.16558189305,19.1758354728476,,,,
VUT,2021,,81.6914485987419,1.03214458524592,,,,60.7,2979.39062838967,,,,,
VUT,2022,,81.6202730589115,1.1263520377197,,,,60.8,3073.86062658113,,,,,
VUT,2023,,89.2943082123161,1.23342353055002,,,,54.0,3178.3031116212,12.2388801574707,,,,
VUT,2024,,,1.15566375920214,,,,58.5,3223.85237984109,,,,,
WLD,1990,,0.211594271247073,,,,13.307559967041,,6804.1256624154,,,,,
WLD,1991,,0.302299140293289,,,,13.5430002212524,,6773.41556784101,,,,,
WLD,1992,,0.427741587995374,,,,14.8865699768066,,6801.30548790075,,,,,
WLD,1993,,0.61917529433752,,,,15.3053102493286,,6818.5696934514,,,,,
WLD,1994,,0.991495034555743,,,,15.8401098251343,,6944.09107891381,,,,,
WLD,1995,,1.58624957062705,,,,16.3353996276856,,7057.77278518959,,,,,
WLD,1996,,2.49966341127963,,1.96493893801616,,16.392370223999,,7202.73987066597,,,,,
WLD,1997,,3.65525621935149,,1.9626668481595,,17.93284034729,,7381.77119872805,,,,,
WLD,1998,,5.33358304332039,,1.97178662319723,,18.058629989624,,7478.78410824619,,,,,
WLD,1999,,8.12312872482729,,2.04650060133132,,18.7848205566406,,7638.92854068848,,,,,
WLD,2000,,,,2.04500045332699,1080.91203644041,19.484260559082,66.5045177650343,7879.61788990331,,,,,
WLD,2001,,,,2.06218411545921,,20.3930397033691,68.3536840721159,7932.44247045676,,,,,
WLD,2002,,,,2.02635273484562,,21.6429405212402,68.5592898302818,8010.64724039979,,,,,
WLD,2003,,,,2.01586800611062,,22.7504901885986,67.3771165113731,8151.0370050525,,,,,
WLD,2004,,,,1.96742558956221,,23.6235904693604,67.0821323220253,8408.56458732623,,,,,
WLD,2005,15.6,33.9,3.4,1.94742294314691,1195.00530509726,24.3295593261719,68.4018582074757,8639.35934743695,,,,,
WLD,2006,17.2,41.7,4.3,1.95948046250741,,25.7015895843506,69.0590197673579,8913.15666856363,,,,,
WLD,2007,20.2,50.6,5.2,1.92478790620051,,26.303430557251,69.0999727743199,9191.47419679425,,,,,
WLD,2008,22.8,59.7,6.1,1.97782056990498,,27.350980758667,70.880380709995,9265.52655477352,,,,,
WLD,2009,25.3,68.0,6.9,2.01385351337703,,28.2910709381104,72.426719975586,9028.22055162901,,,,,
WLD,2010,28.4,76.6,7.6,1.99889242984883,1267.05357069179,29.5784606933594,73.0631473832239,9322.21791578106,,,,,
WLD,2011,30.9,84.2,8.6,1.98165761122278,,31.1437301635742,74.2077064170812,9514.51951048996,,,,,
WLD,2012,33.3,88.5,9.2,2.01288483345794,,32.3113899230957,74.8641059352209,9653.62748273357,,,,,
WLD,2013,35.3,93.1,9.7,1.975191691907,,33.0915985107422,75.9412984209976,9811.02619687608,,,,,
WLD,2014,37.4,96.7,10.1,2.08659703677765,,35.5645713806152,76.1336089878728,10000.5832738734,,,,,
WLD,2015,39.9,96.1,11.3,2.10431830423067,1380.78739706283,36.6130981445312,76.5936242261213,10191.9752512662,,,,,
WLD,2016,43.6,99.3,12.2,2.14865606825884,,37.1431999206543,79.1645819936555,10355.0449873521,,,,,
WLD,2017,46.3,101.4,13.5,2.14199917077902,,37.4994316101074,80.8575292596875,10591.5550846784,,,,,
WLD,2018,49.4,103.1,14.0,2.21817463707231,1523.81859406191,37.8525314331055,81.9366171403556,10822.5745320636,,,,,
WLD,2019,53.9,105.9,14.7,2.26339308318271,,38.6688690185547,82.6158530717673,10996.909518407,,,,,
WLD,2020,60.1,104.8,15.58,2.45606936077903,1651.5851690472,39.7074089050293,82.9481576662001,10575.2194883029,,,,,
WLD,2021,63.8,106.7,16.74,2.5227995854217,,41.0742492675781,84.4796396816111,11167.6044923385,,,,,
WLD,2022,67.0,108.0,17.73,2.5711591602204,,42.0465698242188,84.0067645437043,11452.0202124616,,,,,
WLD,2023,69.2,109.8,18.58,2.59737836465431,,43.197868347168,84.4090302366377,11670.8224680822,,,,,
WLD,2024,71.2,110.4,19.31,,,43.6151390075684,84.8934296194104,11894.2521505051,,,,,
WSM,1990,0.0,0.0,,,,,,2534.12204893501,,,,,
WSM,1991,,0.0,,,,,73.8819044183384,2471.07143007975,,,,,
WSM,1992,,0.0,,,,,77.430973090742,2452.18685335209,,,,,
WSM,1993,,0.0,,,,,78.3658504639317,2531.28193070432,,,,,
WSM,1994,,0.0,,,,,75.2197021127811,2447.20260205264,,,,,
WSM,1995,,0.0,,,,,80.2407426538531,2589.40524057852,,,,,
WSM,1996,,0.0,,,,,81.1808712088695,2751.65426684601,,,,,
WSM,1997,0.175,0.429028301,,,,,82.1231409035882,2746.33660844689,,,,,
WSM,1998,0.23,0.820467334,,,,8.555100440979,83.06693319734,2785.31171323751,,,,,
WSM,1999,0.285,1.334716345,,,,11.0324897766113,84.0124695850263,2824.55330392791,,,,,
WSM,2000,0.566392532680849,1.37600792580565,,,,7.18760013580322,85.2,2945.37217923198,,,,,
WSM,2001,1.68990283058724,1.36488212877936,,,,,86.0,3137.46403765812,63.0376281738281,0.0,0.0,0.0,9.0
WSM,2002,2.24483267578443,1.46364469211963,,,,,86.8,3291.3424477268,,0.0,0.0,0.0,12.0
WSM,2003,2.79963044878076,5.66251415628539,,,,,87.6,3444.99857743289,,0.0,0.0,0.0,12.0
WSM,2004,3.07552941044897,8.59065015114175,0.0171813003022835,,,,88.4,3535.73813824914,,,,,
WSM,2005,3.35259211246829,12.8357346853641,0.0347634481061943,,,,89.2,3755.78242822467,,,,,
WSM,2006,4.46917387320954,24.2396475395426,0.0522084716236302,,,,95.8,3820.92239453139,,,,,
WSM,2007,4.75,45.5621897400306,0.0688730775139998,,,,90.9,3818.25503804332,,,,,
WSM,2008,5.031599998,,0.0841631291851431,,,,98.1,3925.8743329936,,,,,
WSM,2009,6.0,,0.104431552949408,,,,97.4,3875.94291686166,,,,,
WSM,2010,7.0,46.6265678183429,0.103614595151873,,,,95.8,4081.15535978003,,,,,
WSM,2011,11.0,,,,,,96.2,4201.45663738908,,0.0,0.0,0.0,28.0
WSM,2012,12.92249966,51.0447943490519,0.551659558875917,,,,96.2,4007.91092846814,54.5442561147149,,,,
WSM,2013,15.30000019,50.3797889725019,0.624407367805193,,,,96.4,3976.39289268132,,,,,
WSM,2014,21.20000076,53.2521483525548,1.01031309207797,,,,97.5,3967.23730470679,,,,,
WSM,2015,,59.7263383255196,1.03279777185279,,,,97.8,4084.36083819933,,,,,
WSM,2016,,74.2057700529241,1.06585290345407,,,,98.7,4373.23792440391,,0.0,0.0,0.0,51.0
WSM,2017,,60.4683202297787,0.823698366721028,,,13.2596995097127,96.1,4393.37316255965,,0.0,0.0,0.0,57.0
WSM,2018,,48.1737337534083,0.815099575107668,,,14.1633542972529,99.8,4321.00518344962,,0.0,0.0,0.0,55.0
WSM,2019,,40.0419487081705,0.806559252550291,,,13.5792119039657,99.0,4466.08075482035,39.5637283325195,0.0,0.0,0.0,65.0
WSM,2020,,32.5557694485336,0.798324085607519,,,17.3303454643177,100.0,4283.06392492734,,0.0,0.0,0.0,97.0
WSM,2021,,32.2763227445165,0.791471566430753,,,19.1409681560724,97.9,4032.1373106241,,0.0,0.0,0.0,101.0
WSM,2022,,62.398669522115,0.87753935919651,,,18.5508413272527,99.0,4095.15875576978,43.901946573245,0.0,2.0,0.0,116.0
WSM,2023,,,,,,14.6106638814429,100.0,4688.46305366113,,0.0,2.0,0.0,0.0
WSM,2024,,,,,,16.0263900756836,100.0,4880.54418032056,,,,,
XKX,1990,,,,,,,100.0,,,,,,
XKX,1991,,,,,,,100.0,,,,,,
XKX,1992,,,,,,,100.0,,,,,,
XKX,1993,,,,,,,100.0,,,,,,
XKX,1994,,,,,,,100.0,,,,,,
XKX,1995,,,,,,,100.0,,,,,,
XKX,1996,,,,,,,100.0,,,,,,
XKX,1997,,,,,,,100.0,,,,,,
XKX,1998,,,,,,,100.0,,,,,,
XKX,1999,,,,,,,100.0,,,,,,
XKX,2000,,,,,,,,,,,,,
XKX,2001,,,,,,,,,,,,,
XKX,2002,,,,,,,,,,,,,
XKX,2003,,,,,,,,,,,,,
XKX,2004,,,,,,,,,,,,,
XKX,2005,,30.9070731001774,,,,,,,,,,,
XKX,2006,,30.9969946152374,,,,,,,,,,,
XKX,2007,,31.0996550262466,,,,,,,,,,,
XKX,2008,,31.2073467202855,,,,,,2543.5980687089,,,,,
XKX,2009,,31.3147573301328,,,,,,2680.85995592712,,,,,
XKX,2010,,31.41871135205,,,,,,2822.63227046091,,,,,
XKX,2011,,,,,,,,2995.64811314457,,,,,
XKX,2012,,,,,,,,3021.35000691677,,,,,
XKX,2013,,,,,,,,3163.4704088827,,,,,
XKX,2014,,,,,,,,3279.02345017707,,,,,
XKX,2015,,,,,,,,3520.62685324451,,,,,
XKX,2016,,,,,,,,3739.17386677497,,,,,
XKX,2017,83.8935968102791,,,,,,,3890.17624537261,,,,,
XKX,2018,89.4430319734879,,,,,,,4009.11952439378,,,,,
XKX,2019,,,,,,,,4219.06495675744,,,,,
XKX,2020,,,,,,,,3990.94425586648,,,,,
XKX,2021,,,,,,,,4429.87389440857,,,,,
XKX,2022,,34.5402009143477,,,,,,4666.38918595784,,,,,
XKX,2023,,,,,,,,5102.74674921908,,,,,
XKX,2024,,,,,,,,5631.67958854422,,,,,
YEM,1990,0.0,0.0,,,,,,1722.22439411789,,,,,
YEM,1991,,0.0,,,,,,1761.81146099568,,,,,
YEM,1992,,0.010738704,,,,3.99025011062622,30.7704468883827,1835.28111559428,,,,,
YEM,1993,,0.034494156,,,,,25.8951904860915,1838.28268593285,,,,,
YEM,1994,,0.052664502,,,,,26.93787919263,1890.75509687978,,,,,
YEM,1995,,0.051231611,,,,,28.0406666148087,1927.42298079078,,,,,
YEM,1996,0.000621,0.053026527,,,,,29.1963538905913,1949.99754744654,,,,,
YEM,1997,0.015,0.071571853,,,,3.97206997871399,27.0815793448585,1987.6265785116,,,,,
YEM,1998,0.0233,0.091696258,,,,,31.5388622478998,2041.67107777046,,,,,
YEM,1999,0.0566,0.152788763,,,,9.01142978668213,32.7253593273838,2053.79786274001,,,,,
YEM,2000,0.0825003865143108,0.163278484393279,,,,,34.0,2114.67265566851,,0.0,0.0,0.0,118.0
YEM,2001,0.0908024587169292,0.730920229146955,,,,,35.1,2129.77268762778,,0.0,0.0,0.0,120.0
YEM,2002,0.518796032123435,2.3358050933891,,,,9.18375968933105,36.3,2148.88860494788,,0.0,0.0,0.0,103.0
YEM,2003,0.604734100431821,3.14667260491624,,,,8.78116989135742,37.4,2164.86083019467,,2.0,3.0,0.0,121.0
YEM,2004,0.881222988679516,6.68019390846876,,,,8.35861015319824,32.9,2185.78999159086,,0.0,1.0,0.0,171.0
YEM,2005,1.048599958,9.99363977799995,0.0065730338434455,,,8.33720016479492,40.1,2237.63762643152,,0.0,5.0,0.0,193.0
YEM,2006,1.24782404904485,12.6482202861877,0.0118123866784992,,,8.00743007659912,39.4,2234.74266863312,,0.0,2.0,0.0,226.0
YEM,2007,5.01,17.8838117249543,0.0452338305298913,,,9.04864025115967,42.1,2235.75075901067,,0.0,3.0,0.0,228.0
YEM,2008,6.89,25.6650810066812,0.103536401268225,,,9.20860004425049,43.4,2244.04491655237,,0.0,2.0,0.0,302.0
YEM,2009,9.96,32.0622049201079,0.208271269780564,,,9.69779014587402,44.7,2257.46902086832,,0.0,3.0,0.0,323.0
YEM,2010,12.35,41.4324574134328,0.313967200967826,,,9.26154041290283,42.5,2356.19960422096,,0.0,2.0,0.0,503.0
YEM,2011,14.90499973,42.3015755016596,0.39517241426816,,,8.80690002441406,44.0,1994.83663337222,,0.0,11.0,0.0,677.0
YEM,2012,17.44650078,48.8857444140036,0.588387412982935,,,,29.4,1981.45800046603,,0.0,8.0,0.0,701.0
YEM,2013,20.0,57.4650413919417,0.876063250129158,,,,64.0,2014.7289059487,,0.0,9.0,0.0,951.0
YEM,2014,22.54999924,56.5732322792042,1.12484789327073,,,,50.6,1950.1625450589,18.6036268879874,0.0,13.0,0.0,1063.0
YEM,2015,24.08539963,48.2100525815999,1.26767609842289,,,,53.7,1362.1738120601,,0.0,19.0,2.0,881.0
YEM,2016,24.57920074,51.1789525743709,0.860253866438112,,,,55.6,1197.95865971172,,0.0,15.0,0.0,951.0
YEM,2017,,46.4111228575355,1.11512157670075,,,,71.4,1103.45634849842,,0.0,14.0,0.0,1022.0
YEM,2018,,44.8810541777362,1.13342507603451,,,,,1079.32938366255,,0.0,28.0,0.0,1357.0
YEM,2019,17.49099922,43.3990001198471,1.08796548403869,,,,60.7,,,1.0,65.0,0.0,1698.0
YEM,2020,,42.0037568704771,1.08205751326634,,,,62.1,,,1.0,87.0,1.0,2408.0
YEM,2021,,47.8090200303014,1.09217148089821,,,,63.4,,,1.0,183.0,2.0,2996.0
YEM,2022,,46.4534353720531,1.27124133725573,,,,63.5,,,11.0,240.0,3.0,3402.0
YEM,2023,,50.8937810578557,,,,,75.3,,25.6095199584961,7.0,302.0,3.0,4371.0
YEM,2024,,,,,,,81.3,,,8.0,386.0,2.0,4688.0
ZAF,1990,0.0,0.014243596,,,,11.43630027771,,4544.23023212165,,,,,
ZAF,1991,0.0133,0.017354763,,,,11.8450698852539,,4396.36069450543,,,,,
ZAF,1992,0.0389,0.029956355,,,,12.3273200988769,,4225.814328485,,,,,
ZAF,1993,0.114,0.094061343,,,,13.6232995986938,,4193.59826135345,,,,,
ZAF,1994,0.247,0.785800456,,,,15.7045001983643,,4258.26184733408,,,,,
ZAF,1995,0.677,1.216293771,,,,,,4337.29729686998,,,,,
ZAF,1996,0.842,2.133823992,,,,,23.7916102466752,4465.50649854807,,,,,
ZAF,1997,1.63,4.054318326,,0.52694,188.02634,,49.6544141692749,4527.04992403877,,,,,
ZAF,1998,2.91,7.27773689,,,,,40.4060402668527,4494.85711232358,,,,,
ZAF,1999,4.12,11.18955156,,,,,52.8789748424114,4552.85007973031,,,,,
ZAF,2000,5.34855973203537,17.6824632903347,,,,,54.9,4700.87555500704,,0.0,28.0,1.0,6473.0
ZAF,2001,6.34661931839768,22.6775818427979,,0.64224,299.48395,,49.4,4786.482450463,26.9764499664307,2.0,29.0,0.0,6686.0
ZAF,2002,6.71032243705404,28.5342918067619,0.0055581685033022,,,,64.3,4916.81498068625,,0.0,92.0,1.0,7995.0
ZAF,2003,7.00769172611251,34.762637167057,0.0418821737114134,0.6765,292.80758,,66.3,5011.62223150169,,0.0,58.0,2.0,8143.0
ZAF,2004,8.4251186825406,42.5360187041727,0.122470421913257,0.72681,367.54743,,73.2,5187.35683424034,,0.0,30.0,1.0,8822.0
ZAF,2005,7.48854252992921,68.6197925954101,0.333986441269902,0.77024,351.38625,,73.4,5406.07581377638,,2.0,51.0,2.0,9659.0
ZAF,2006,7.60713967477381,79.3267335992398,0.670247096714953,0.80291,373.41244,,72.9,5650.9883176549,,1.0,57.0,3.0,11160.0
ZAF,2007,8.06537517355504,83.7149918944889,0.748091416929475,0.79364,384.41697,,75.9,5891.42069421698,,2.0,70.0,2.0,11834.0
ZAF,2008,8.43,88.0374704690533,0.833421387107038,0.80567,381.59248,,75.3,6009.71963138635,,3.0,52.0,2.0,13512.0
ZAF,2009,10.0,89.7686684071896,0.929854627958011,0.74993,384.84932,,76.7,5847.05811084505,36.5986027043363,0.0,87.0,2.0,14853.0
ZAF,2010,24.0,96.2325212467793,1.41945452406807,0.66284,359.80904,,76.9,5953.94506512821,37.3779548196508,2.0,70.0,2.0,16577.0
ZAF,2011,33.97,120.765642853915,1.71147559482032,0.66753,381.96714,,78.6,6067.12482726885,38.1154279412128,3.0,109.0,5.0,20662.0
ZAF,2012,41.0,127.16760060932,2.0586596396561,0.66934,400.95517,17.9447234835981,82.6,6121.55783860713,,2.0,93.0,4.0,23444.0
ZAF,2013,46.5,140.576037974212,2.95399728205402,0.6633,430.44849,18.6088225305342,82.4,6170.87670863373,39.6898406450314,2.0,124.0,4.0,26161.0
ZAF,2014,49.0,142.60448245213,3.06919322257941,0.70987,427.63838,18.4813356370067,84.1,6155.00589462516,40.7220812391492,0.0,135.0,3.0,29238.0
ZAF,2015,51.91910172,155.137526067883,2.48458942184794,0.73147,466.56084,19.0332949537661,82.1,6112.27382485974,40.8310099723,0.0,124.0,1.0,29490.0
ZAF,2016,54.0,143.92861725374,2.00974331775672,0.74992,481.99586,18.9292980324153,77.9,6095.295060428,41.187928727249,5.0,184.0,2.0,32363.0
ZAF,2017,56.16740036,153.547950468153,1.94879126044618,0.76257,516.53674,21.0902909603212,79.1,6125.6920507497,42.4025035840145,6.0,238.0,6.0,33191.0
ZAF,2018,62.40000153,157.691905248121,1.88868165955195,0.68586,500.79079,22.3515425184231,79.7,6117.2701406047,42.8261385016175,7.0,334.0,10.0,34347.0
ZAF,2019,69.69689941,162.73854828041,2.09833928490665,0.61304,479.86558,22.2442465104023,80.4,6032.82972598668,43.6190376104454,22.0,509.0,11.0,36836.0
ZAF,2020,72.1128006,158.447269436121,2.15159473337087,0.60296,459.98774,22.6148742572009,95.5,5569.58483319272,49.127311706543,34.0,838.0,13.0,42188.0
ZAF,2021,74.96859741,163.12806305125,2.75540858002384,0.6139,454.79773,22.3431289991291,93.4,5750.90937479584,50.0408210754395,37.0,1007.0,16.0,45130.0
ZAF,2022,78.29319763,160.728511675754,3.12297476001713,0.61479,444.16298,23.7271036201865,93.4,5786.86505344736,45.5105018615723,62.0,1328.0,22.0,45986.0
ZAF,2023,78.33670044,171.508619260428,3.4056617766544,,,23.493768799339,94.0,5756.55049453121,47.1957817077637,81.0,1693.0,34.0,47292.0
ZAF,2024,78.35759735,179.336329840585,5.34791194620067,,,,86.3,5715.47531469148,47.9632415771484,144.0,2270.0,48.0,49505.0
ZMB,1990,0.0,0.0,,,,2.08488011360169,,878.589205998477,15.9228496551514,,,,
ZMB,1991,,0.0,,,,,,856.761723583768,,,,,
ZMB,1992,,0.0,,,,,6.67226875555072,821.850104215064,,,,,
ZMB,1993,,0.0,,,,,,857.039669609389,,,,,
ZMB,1994,0.00678,0.0,,,,,0.572324599248719,764.639411345433,,,,,
ZMB,1995,0.00878,0.017814096,,,,,1.29155598900718,768.035201563368,,,,,
ZMB,1996,0.00907,0.0305661,,0.01104,50.04499,,1.80335801462763,796.018059633101,,,,,
ZMB,1997,0.00933,0.049818486,,0.00737,54.29949,,2.75654799307165,805.53240180321,,,,,
ZMB,1998,0.0302,0.088130826,,,56.4222,2.3989999294281,2.88768282232819,781.663383813883,,,,,
ZMB,1999,0.147,0.292997637,,,55.79382,2.38265991210938,4.25715558615297,796.377985981253,,,,,
ZMB,2000,0.191071642503428,0.986790190215631,0.0002096304006406,,,,2.1,804.48463418783,,0.0,0.0,0.0,176.0
ZMB,2001,0.233129556342332,1.17382884665021,0.0003002367512059,,,,5.8,822.020935308251,,0.0,0.0,0.0,202.0
ZMB,2002,0.477750906947484,1.30627973518656,0.000450791039664,0.00544,,,2.2,833.021177549004,,0.0,0.0,0.0,242.0
ZMB,2003,0.980483039426114,2.19418141328044,0.0008285083344751,0.00847,,,1.9,863.650190656785,,0.0,0.0,0.0,256.0
ZMB,2004,1.1,4.095483250513,0.0022049359166244,0.02223,,,4.7,895.475258534826,,0.0,0.0,0.0,259.0
ZMB,2005,1.299999952,8.10285575705197,0.0021333207723406,0.02493,,,6.7,929.079255855905,,0.0,2.0,0.0,279.0
ZMB,2006,1.600000024,13.7130197625584,0.0192834806031187,,,,7.0,968.563565019492,,0.0,0.0,0.0,337.0
ZMB,2007,1.899999976,21.0028503587521,0.0318342454507868,,,,0.6,1013.08567432637,,0.0,0.0,0.0,341.0
ZMB,2008,2.200000048,27.1785188664379,0.0437973895742092,0.27819,41.90146,,7.4,1053.58612301068,,0.0,0.0,0.0,412.0
ZMB,2009,2.5,32.6653441943001,0.0793305515504408,,,,7.6,1110.71918102486,,0.0,0.0,2.0,437.0
ZMB,2010,3.0,39.0029310604332,0.0735163860556164,,,,4.0,1183.41712409199,,0.0,0.0,0.0,506.0
ZMB,2011,3.5,56.5498570557445,0.113694638710784,,,3.99062158481189,8.1,1208.46424569634,,0.0,0.0,0.0,545.0
ZMB,2012,4.099999905,70.5708583739075,0.100572436125372,,,3.96159738763825,8.2,1258.78938578996,,0.0,0.0,0.0,628.0
ZMB,2013,4.8,67.5095981900639,0.0873238692104427,,,,8.4,1280.77012176778,,0.0,1.0,1.0,806.0
ZMB,2014,6.5,63.6342658198343,0.129100933199499,,,,4.2,1299.01241762504,,0.0,2.0,0.0,942.0
ZMB,2015,8.8,70.4778478853307,0.142629874135082,,,,4.7,1295.87788680068,24.021322426791,0.0,0.0,0.0,986.0
ZMB,2016,10.30000019,71.0460770668914,0.18791063697532,,,,9.9,1303.57513869133,,0.0,3.0,0.0,1040.0
ZMB,2017,12.19999981,77.0500111230113,0.205901846878562,,,,14.0,1308.76829240086,,0.0,1.0,0.0,1119.0
ZMB,2018,14.2999970950012,86.0723321005416,0.401856748651311,,,,12.4,1321.25045711573,19.9344501495361,1.0,6.0,0.0,1232.0
ZMB,2019,14.47189999,93.0147820773422,0.48013272665923,,,,14.2,1301.18132976178,,3.0,19.0,0.0,1500.0
ZMB,2020,14.64579964,100.235122888213,0.431897234933218,,,,14.0,1228.73500113195,,4.0,27.0,0.0,2071.0
ZMB,2021,14.82190037,103.28257957834,0.411108017009319,,,,14.5,1269.10821808895,,1.0,21.0,0.0,2266.0
ZMB,2022,15.0,98.4372601156219,0.428949863290405,,,,15.0,1298.8480495593,,5.0,44.0,3.0,2633.0
ZMB,2023,16.45070076,102.06156495632,0.681389878819039,,,,17.6,1330.85998216751,,4.0,84.0,1.0,4815.0
ZMB,2024,17.10099983,108.704779873813,0.789797548725881,,,,31.3,1343.38966380353,24.3801898956299,10.0,100.0,6.0,3320.0
ZWE,1990,0.0,0.0,,,,5.23507022857666,,1653.56521361694,,,,,
ZWE,1991,,0.0,,,,5.29875993728638,,1700.16751573044,,,,,
ZWE,1992,,0.0,,,,6.0151801109314,3.0640699844598,1503.8338876162,,,,,
ZWE,1993,,0.0,,,,,6.81137772522481,1497.59397309998,,,,,
ZWE,1994,0.00174,0.0,,,,,4.23310749673117,1633.9654774338,,,,,
ZWE,1995,0.00768,0.0,,,,,7.02126705731805,1621.41919547814,,,,,
ZWE,1996,0.0168,0.0,,,,,7.12563619406345,1759.94136824269,,,,,
ZWE,1997,0.0331,0.050464682,,,,,7.23135784697343,1773.50690066801,,,,,
ZWE,1998,0.0816,0.164525469,,,,,7.33813858843812,1789.35135307089,,,,,
ZWE,1999,0.162,1.485090967,,,,,13.8849303894306,1746.22663873399,,,,,
ZWE,2000,0.401433535211582,2.24049586047155,,,,,7.3,1677.34896793251,,0.0,0.0,2.0,414.0
ZWE,2001,0.799846045633137,2.62282489639699,0.0064400799839557,,,,7.6,1690.14666163116,,0.0,0.0,0.0,411.0
ZWE,2002,1.1,2.80268634448722,0.023552959371021,,,,7.2,1525.07935706564,10.3575096130371,0.0,5.0,0.0,390.0
ZWE,2003,1.8,2.97286950320066,0.0522059464911121,,,,8.8,1250.91948331231,,0.0,2.0,0.0,387.0
ZWE,2004,2.1,3.44289649532877,0.0725139528910804,,,,9.8,1165.54447081543,,0.0,1.0,0.0,376.0
ZWE,2005,2.400000095,5.18375075059487,0.0815881401845262,,,,10.7,1088.63148420699,,0.0,1.0,0.0,374.0
ZWE,2006,2.400000095,6.71981716376718,0.0807189047235991,,,,9.4,1038.22375658033,,0.0,2.0,0.0,411.0
ZWE,2007,3.0,9.57238712914296,0.118790464710485,,,,12.7,987.200362596937,,0.0,1.0,0.0,456.0
ZWE,2008,3.5,12.7687473922863,0.138898009429477,,,,13.8,803.044944654991,,0.0,3.0,0.0,487.0
ZWE,2009,4.0,30.3664594808256,0.358599658063471,,,,19.6,896.915532877845,,0.0,3.0,0.0,436.0
ZWE,2010,6.400000095,57.6496262357609,0.24706982672469,,,6.9457720142893,15.8,1056.20884563889,,0.0,1.0,0.0,587.0
ZWE,2011,8.399999619,67.6698277302716,0.250084145959699,,,7.111226643716,14.1,1184.93421020563,,0.0,0.0,0.0,739.0
ZWE,2012,12.0,91.2870035773198,0.520376234079784,,95.1253,7.12874147164551,23.8,1360.15230034275,6.08305978775024,0.0,2.0,0.0,888.0
ZWE,2013,15.5,97.2838146490947,0.741525786567077,,,7.31873655658947,18.9,1367.81831689463,,1.0,6.0,2.0,1481.0
ZWE,2014,16.3647399572904,83.0460608477621,1.0715151211425,,,,7.7,1381.25404125871,15.1919898986816,0.0,3.0,1.0,1558.0
ZWE,2015,22.74279976,88.5991977366782,1.13887667161631,,,11.0489020370076,10.9,1387.12632595026,11.7817697525024,0.0,2.0,1.0,1496.0
ZWE,2016,23.12000084,88.2100456333277,1.17009972538909,,,,21.9,1378.34256192374,,1.0,7.0,0.0,1273.0
ZWE,2017,24.39999962,95.136682697741,1.26454162104636,,,,24.2,1422.91948946927,12.2648897171021,1.0,10.0,0.0,1540.0
ZWE,2018,25.0,85.8627371320218,1.35060459802592,,,,26.4,1472.14603844842,,0.0,8.0,1.0,1605.0
ZWE,2019,26.5883007,86.4094297249598,1.33860961244598,,,,28.3,1357.53087818754,13.274299621582,1.0,10.0,3.0,1842.0
ZWE,2020,29.29856532,84.9604118996672,1.31037848666133,,,,37.1,1230.81933361016,,4.0,34.0,1.0,2416.0
ZWE,2021,32.5923996,90.2538486226365,1.29980547197891,,,,31.6,1312.20001358807,,6.0,46.0,7.0,2797.0
ZWE,2022,36.25650024,88.9958314912836,1.62150159909829,,,,33.7,1369.19761495571,,4.0,72.0,5.0,2955.0
ZWE,2023,38.67480087,91.6344110473757,1.5745780720211,,,,51.4,1418.47184628799,,8.0,155.0,5.0,3387.0
ZWE,2024,41.64279938,94.2451753366358,1.93865437549104,,,7.74912957845971,46.6,1416.80065463874,,13.0,201.0,5.0,3394.0
