Area Code,Item,Element,Year,Unit,Value
5000,"Abaca, manila hemp, raw",Yield,1961,kg/ha,520.4
5000,"Abaca, manila hemp, raw",Yield,1962,kg/ha,603.3
5000,"Abaca, manila hemp, raw",Yield,1963,kg/ha,650.5
5000,"Abaca, manila hemp, raw",Yield,1964,kg/ha,607.5
5000,"Abaca, manila hemp, raw",Yield,1965,kg/ha,556.1
5000,"Abaca, manila hemp, raw",Yield,1966,kg/ha,699.4
5000,"Abaca, manila hemp, raw",Yield,1967,kg/ha,651.7
5000,"Abaca, manila hemp, raw",Yield,1968,kg/ha,635.1
5000,"Abaca, manila hemp, raw",Yield,1969,kg/ha,636.4
5000,"Abaca, manila hemp, raw",Yield,1970,kg/ha,724.7
5000,"Abaca, manila hemp, raw",Yield,1971,kg/ha,698.2
5000,"Abaca, manila hemp, raw",Yield,1972,kg/ha,776.9
5000,"Abaca, manila hemp, raw",Yield,1973,kg/ha,744.6
5000,"Abaca, manila hemp, raw",Yield,1974,kg/ha,764.1
5000,"Abaca, manila hemp, raw",Yield,1975,kg/ha,766.0
5000,"Abaca, manila hemp, raw",Yield,1976,kg/ha,602.3
5000,"Abaca, manila hemp, raw",Yield,1977,kg/ha,635.3
5000,"Abaca, manila hemp, raw",Yield,1978,kg/ha,544.8
5000,"Abaca, manila hemp, raw",Yield,1979,kg/ha,638.4
5000,"Abaca, manila hemp, raw",Yield,1980,kg/ha,673.0
5000,"Abaca, manila hemp, raw",Yield,1981,kg/ha,564.9
5000,"Abaca, manila hemp, raw",Yield,1982,kg/ha,580.4
5000,"Abaca, manila hemp, raw",Yield,1983,kg/ha,533.8
5000,"Abaca, manila hemp, raw",Yield,1984,kg/ha,560.7
5000,"Abaca, manila hemp, raw",Yield,1985,kg/ha,518.8
5000,"Abaca, manila hemp, raw",Yield,1986,kg/ha,699.4
5000,"Abaca, manila hemp, raw",Yield,1987,kg/ha,742.4
5000,"Abaca, manila hemp, raw",Yield,1988,kg/ha,836.3
5000,"Abaca, manila hemp, raw",Yield,1989,kg/ha,653.3
5000,"Abaca, manila hemp, raw",Yield,1990,kg/ha,635.1
5000,"Abaca, manila hemp, raw",Yield,1991,kg/ha,659.2
5000,"Abaca, manila hemp, raw",Yield,1992,kg/ha,693.2
5000,"Abaca, manila hemp, raw",Yield,1993,kg/ha,667.9
5000,"Abaca, manila hemp, raw",Yield,1994,kg/ha,695.9
5000,"Abaca, manila hemp, raw",Yield,1995,kg/ha,687.9
5000,"Abaca, manila hemp, raw",Yield,1996,kg/ha,698.9
5000,"Abaca, manila hemp, raw",Yield,1997,kg/ha,700.2
5000,"Abaca, manila hemp, raw",Yield,1998,kg/ha,772.0
5000,"Abaca, manila hemp, raw",Yield,1999,kg/ha,759.8
5000,"Abaca, manila hemp, raw",Yield,2000,kg/ha,769.4
5000,"Abaca, manila hemp, raw",Yield,2001,kg/ha,783.7
5000,"Abaca, manila hemp, raw",Yield,2002,kg/ha,638.0
5000,"Abaca, manila hemp, raw",Yield,2003,kg/ha,691.6
5000,"Abaca, manila hemp, raw",Yield,2004,kg/ha,696.7
5000,"Abaca, manila hemp, raw",Yield,2005,kg/ha,650.3
5000,"Abaca, manila hemp, raw",Yield,2006,kg/ha,615.3
5000,"Abaca, manila hemp, raw",Yield,2007,kg/ha,618.3
5000,"Abaca, manila hemp, raw",Yield,2008,kg/ha,621.5
5000,"Abaca, manila hemp, raw",Yield,2009,kg/ha,616.5
5000,"Abaca, manila hemp, raw",Yield,2010,kg/ha,623.7
5000,"Abaca, manila hemp, raw",Yield,2011,kg/ha,622.6
5000,"Abaca, manila hemp, raw",Yield,2012,kg/ha,624.1
5000,"Abaca, manila hemp, raw",Yield,2013,kg/ha,605.2
5000,"Abaca, manila hemp, raw",Yield,2014,kg/ha,643.4
5000,"Abaca, manila hemp, raw",Yield,2015,kg/ha,665.1
5000,"Abaca, manila hemp, raw",Yield,2016,kg/ha,664.5
5000,"Abaca, manila hemp, raw",Yield,2017,kg/ha,661.3
5000,"Abaca, manila hemp, raw",Yield,2018,kg/ha,672.7
5000,"Abaca, manila hemp, raw",Yield,2019,kg/ha,682.7
5000,"Abaca, manila hemp, raw",Yield,2020,kg/ha,672.6
5000,"Abaca, manila hemp, raw",Yield,2021,kg/ha,623.5
5000,"Abaca, manila hemp, raw",Yield,2022,kg/ha,669.7
5000,"Abaca, manila hemp, raw",Yield,2023,kg/ha,661.2
5000,"Abaca, manila hemp, raw",Yield,2024,kg/ha,652.6
5000,"Agave fibres, raw, n.e.c.",Yield,1961,kg/ha,1077.9
5000,"Agave fibres, raw, n.e.c.",Yield,1962,kg/ha,998.8
5000,"Agave fibres, raw, n.e.c.",Yield,1963,kg/ha,1026.1
5000,"Agave fibres, raw, n.e.c.",Yield,1964,kg/ha,1044.7
5000,"Agave fibres, raw, n.e.c.",Yield,1965,kg/ha,1040.8
5000,"Agave fibres, raw, n.e.c.",Yield,1966,kg/ha,1044.3
5000,"Agave fibres, raw, n.e.c.",Yield,1967,kg/ha,1066.6
5000,"Agave fibres, raw, n.e.c.",Yield,1968,kg/ha,1073.0
5000,"Agave fibres, raw, n.e.c.",Yield,1969,kg/ha,1067.3
5000,"Agave fibres, raw, n.e.c.",Yield,1970,kg/ha,1070.8
5000,"Agave fibres, raw, n.e.c.",Yield,1971,kg/ha,1069.7
5000,"Agave fibres, raw, n.e.c.",Yield,1972,kg/ha,1101.8
5000,"Agave fibres, raw, n.e.c.",Yield,1973,kg/ha,1147.2
5000,"Agave fibres, raw, n.e.c.",Yield,1974,kg/ha,1184.7
5000,"Agave fibres, raw, n.e.c.",Yield,1975,kg/ha,1180.6
5000,"Agave fibres, raw, n.e.c.",Yield,1976,kg/ha,1174.9
5000,"Agave fibres, raw, n.e.c.",Yield,1977,kg/ha,1218.3
5000,"Agave fibres, raw, n.e.c.",Yield,1978,kg/ha,1172.5
5000,"Agave fibres, raw, n.e.c.",Yield,1979,kg/ha,1168.4
5000,"Agave fibres, raw, n.e.c.",Yield,1980,kg/ha,1255.3
5000,"Agave fibres, raw, n.e.c.",Yield,1981,kg/ha,1168.3
5000,"Agave fibres, raw, n.e.c.",Yield,1982,kg/ha,1145.3
5000,"Agave fibres, raw, n.e.c.",Yield,1983,kg/ha,1125.4
5000,"Agave fibres, raw, n.e.c.",Yield,1984,kg/ha,1135.2
5000,"Agave fibres, raw, n.e.c.",Yield,1985,kg/ha,1145.0
5000,"Agave fibres, raw, n.e.c.",Yield,1986,kg/ha,1125.4
5000,"Agave fibres, raw, n.e.c.",Yield,1987,kg/ha,1083.4
5000,"Agave fibres, raw, n.e.c.",Yield,1988,kg/ha,1065.0
5000,"Agave fibres, raw, n.e.c.",Yield,1989,kg/ha,1052.9
5000,"Agave fibres, raw, n.e.c.",Yield,1990,kg/ha,1052.9
5000,"Agave fibres, raw, n.e.c.",Yield,1991,kg/ha,1107.7
5000,"Agave fibres, raw, n.e.c.",Yield,1992,kg/ha,955.3
5000,"Agave fibres, raw, n.e.c.",Yield,1993,kg/ha,967.3
5000,"Agave fibres, raw, n.e.c.",Yield,1994,kg/ha,962.6
5000,"Agave fibres, raw, n.e.c.",Yield,1995,kg/ha,1039.8
5000,"Agave fibres, raw, n.e.c.",Yield,1996,kg/ha,1045.4
5000,"Agave fibres, raw, n.e.c.",Yield,1997,kg/ha,1118.0
5000,"Agave fibres, raw, n.e.c.",Yield,1998,kg/ha,928.6
5000,"Agave fibres, raw, n.e.c.",Yield,1999,kg/ha,899.9
5000,"Agave fibres, raw, n.e.c.",Yield,2000,kg/ha,855.3
5000,"Agave fibres, raw, n.e.c.",Yield,2001,kg/ha,855.8
5000,"Agave fibres, raw, n.e.c.",Yield,2002,kg/ha,861.4
5000,"Agave fibres, raw, n.e.c.",Yield,2003,kg/ha,872.9
5000,"Agave fibres, raw, n.e.c.",Yield,2004,kg/ha,928.9
5000,"Agave fibres, raw, n.e.c.",Yield,2005,kg/ha,903.2
5000,"Agave fibres, raw, n.e.c.",Yield,2006,kg/ha,862.6
5000,"Agave fibres, raw, n.e.c.",Yield,2007,kg/ha,856.0
5000,"Agave fibres, raw, n.e.c.",Yield,2008,kg/ha,830.4
5000,"Agave fibres, raw, n.e.c.",Yield,2009,kg/ha,810.8
5000,"Agave fibres, raw, n.e.c.",Yield,2010,kg/ha,793.7
5000,"Agave fibres, raw, n.e.c.",Yield,2011,kg/ha,775.3
5000,"Agave fibres, raw, n.e.c.",Yield,2012,kg/ha,747.0
5000,"Agave fibres, raw, n.e.c.",Yield,2013,kg/ha,755.6
5000,"Agave fibres, raw, n.e.c.",Yield,2014,kg/ha,726.3
5000,"Agave fibres, raw, n.e.c.",Yield,2015,kg/ha,696.6
5000,"Agave fibres, raw, n.e.c.",Yield,2016,kg/ha,704.7
5000,"Agave fibres, raw, n.e.c.",Yield,2017,kg/ha,693.0
5000,"Agave fibres, raw, n.e.c.",Yield,2018,kg/ha,702.7
5000,"Agave fibres, raw, n.e.c.",Yield,2019,kg/ha,689.2
5000,"Agave fibres, raw, n.e.c.",Yield,2020,kg/ha,688.8
5000,"Agave fibres, raw, n.e.c.",Yield,2021,kg/ha,684.7
5000,"Agave fibres, raw, n.e.c.",Yield,2022,kg/ha,680.4
5000,"Agave fibres, raw, n.e.c.",Yield,2023,kg/ha,686.0
5000,"Agave fibres, raw, n.e.c.",Yield,2024,kg/ha,684.7
5000,"Almonds, in shell",Yield,1961,kg/ha,1029.8
5000,"Almonds, in shell",Yield,1962,kg/ha,579.7
5000,"Almonds, in shell",Yield,1963,kg/ha,781.9
5000,"Almonds, in shell",Yield,1964,kg/ha,807.9
5000,"Almonds, in shell",Yield,1965,kg/ha,766.1
5000,"Almonds, in shell",Yield,1966,kg/ha,758.8
5000,"Almonds, in shell",Yield,1967,kg/ha,926.7
5000,"Almonds, in shell",Yield,1968,kg/ha,824.4
5000,"Almonds, in shell",Yield,1969,kg/ha,734.4
5000,"Almonds, in shell",Yield,1970,kg/ha,737.2
5000,"Almonds, in shell",Yield,1971,kg/ha,635.5
5000,"Almonds, in shell",Yield,1972,kg/ha,725.0
5000,"Almonds, in shell",Yield,1973,kg/ha,609.4
5000,"Almonds, in shell",Yield,1974,kg/ha,798.4
5000,"Almonds, in shell",Yield,1975,kg/ha,688.3
5000,"Almonds, in shell",Yield,1976,kg/ha,827.3
5000,"Almonds, in shell",Yield,1977,kg/ha,716.9
5000,"Almonds, in shell",Yield,1978,kg/ha,783.4
5000,"Almonds, in shell",Yield,1979,kg/ha,698.8
5000,"Almonds, in shell",Yield,1980,kg/ha,752.6
5000,"Almonds, in shell",Yield,1981,kg/ha,973.1
5000,"Almonds, in shell",Yield,1982,kg/ha,830.7
5000,"Almonds, in shell",Yield,1983,kg/ha,651.9
5000,"Almonds, in shell",Yield,1984,kg/ha,857.0
5000,"Almonds, in shell",Yield,1985,kg/ha,849.1
5000,"Almonds, in shell",Yield,1986,kg/ha,708.7
5000,"Almonds, in shell",Yield,1987,kg/ha,890.8
5000,"Almonds, in shell",Yield,1988,kg/ha,812.3
5000,"Almonds, in shell",Yield,1989,kg/ha,886.8
5000,"Almonds, in shell",Yield,1990,kg/ha,909.2
5000,"Almonds, in shell",Yield,1991,kg/ha,880.1
5000,"Almonds, in shell",Yield,1992,kg/ha,903.7
5000,"Almonds, in shell",Yield,1993,kg/ha,871.9
5000,"Almonds, in shell",Yield,1994,kg/ha,934.8
5000,"Almonds, in shell",Yield,1995,kg/ha,700.1
5000,"Almonds, in shell",Yield,1996,kg/ha,853.1
5000,"Almonds, in shell",Yield,1997,kg/ha,1014.9
5000,"Almonds, in shell",Yield,1998,kg/ha,824.2
5000,"Almonds, in shell",Yield,1999,kg/ha,1029.9
5000,"Almonds, in shell",Yield,2000,kg/ha,868.5
5000,"Almonds, in shell",Yield,2001,kg/ha,920.1
5000,"Almonds, in shell",Yield,2002,kg/ha,1093.3
5000,"Almonds, in shell",Yield,2003,kg/ha,1097.8
5000,"Almonds, in shell",Yield,2004,kg/ha,986.0
5000,"Almonds, in shell",Yield,2005,kg/ha,1083.5
5000,"Almonds, in shell",Yield,2006,kg/ha,1253.0
5000,"Almonds, in shell",Yield,2007,kg/ha,1349.6
5000,"Almonds, in shell",Yield,2008,kg/ha,1468.3
5000,"Almonds, in shell",Yield,2009,kg/ha,1357.3
5000,"Almonds, in shell",Yield,2010,kg/ha,1481.3
5000,"Almonds, in shell",Yield,2011,kg/ha,1746.3
5000,"Almonds, in shell",Yield,2012,kg/ha,1627.7
5000,"Almonds, in shell",Yield,2013,kg/ha,1602.4
5000,"Almonds, in shell",Yield,2014,kg/ha,1565.1
5000,"Almonds, in shell",Yield,2015,kg/ha,1508.1
5000,"Almonds, in shell",Yield,2016,kg/ha,1564.3
5000,"Almonds, in shell",Yield,2017,kg/ha,1612.6
5000,"Almonds, in shell",Yield,2018,kg/ha,1625.0
5000,"Almonds, in shell",Yield,2019,kg/ha,1662.9
5000,"Almonds, in shell",Yield,2020,kg/ha,1913.7
5000,"Almonds, in shell",Yield,2021,kg/ha,1783.7
5000,"Almonds, in shell",Yield,2022,kg/ha,1563.8
5000,"Almonds, in shell",Yield,2023,kg/ha,1502.9
5000,"Almonds, in shell",Yield,2024,kg/ha,1646.3
5000,"Anise, badian, coriander, cumin, caraway, fennel and juniper berries, raw",Yield,1961,kg/ha,667.1
5000,"Anise, badian, coriander, cumin, caraway, fennel and juniper berries, raw",Yield,1962,kg/ha,674.9
5000,"Anise, badian, coriander, cumin, caraway, fennel and juniper berries, raw",Yield,1963,kg/ha,655.9
5000,"Anise, badian, coriander, cumin, caraway, fennel and juniper berries, raw",Yield,1964,kg/ha,677.9
5000,"Anise, badian, coriander, cumin, caraway, fennel and juniper berries, raw",Yield,1965,kg/ha,703.5
5000,"Anise, badian, coriander, cumin, caraway, fennel and juniper berries, raw",Yield,1966,kg/ha,652.2
5000,"Anise, badian, coriander, cumin, caraway, fennel and juniper berries, raw",Yield,1967,kg/ha,683.6
5000,"Anise, badian, coriander, cumin, caraway, fennel and juniper berries, raw",Yield,1968,kg/ha,749.8
5000,"Anise, badian, coriander, cumin, caraway, fennel and juniper berries, raw",Yield,1969,kg/ha,656.0
5000,"Anise, badian, coriander, cumin, caraway, fennel and juniper berries, raw",Yield,1970,kg/ha,651.6
5000,"Anise, badian, coriander, cumin, caraway, fennel and juniper berries, raw",Yield,1971,kg/ha,755.9
5000,"Anise, badian, coriander, cumin, caraway, fennel and juniper berries, raw",Yield,1972,kg/ha,702.0
5000,"Anise, badian, coriander, cumin, caraway, fennel and juniper berries, raw",Yield,1973,kg/ha,640.8
5000,"Anise, badian, coriander, cumin, caraway, fennel and juniper berries, raw",Yield,1974,kg/ha,646.2
5000,"Anise, badian, coriander, cumin, caraway, fennel and juniper berries, raw",Yield,1975,kg/ha,628.7
5000,"Anise, badian, coriander, cumin, caraway, fennel and juniper berries, raw",Yield,1976,kg/ha,608.9
5000,"Anise, badian, coriander, cumin, caraway, fennel and juniper berries, raw",Yield,1977,kg/ha,709.9
5000,"Anise, badian, coriander, cumin, caraway, fennel and juniper berries, raw",Yield,1978,kg/ha,633.2
5000,"Anise, badian, coriander, cumin, caraway, fennel and juniper berries, raw",Yield,1979,kg/ha,641.8
5000,"Anise, badian, coriander, cumin, caraway, fennel and juniper berries, raw",Yield,1980,kg/ha,735.1
5000,"Anise, badian, coriander, cumin, caraway, fennel and juniper berries, raw",Yield,1981,kg/ha,866.9
5000,"Anise, badian, coriander, cumin, caraway, fennel and juniper berries, raw",Yield,1982,kg/ha,759.7
5000,"Anise, badian, coriander, cumin, caraway, fennel and juniper berries, raw",Yield,1983,kg/ha,807.8
5000,"Anise, badian, coriander, cumin, caraway, fennel and juniper berries, raw",Yield,1984,kg/ha,902.9
5000,"Anise, badian, coriander, cumin, caraway, fennel and juniper berries, raw",Yield,1985,kg/ha,717.7
5000,"Anise, badian, coriander, cumin, caraway, fennel and juniper berries, raw",Yield,1986,kg/ha,754.1
5000,"Anise, badian, coriander, cumin, caraway, fennel and juniper berries, raw",Yield,1987,kg/ha,699.6
5000,"Anise, badian, coriander, cumin, caraway, fennel and juniper berries, raw",Yield,1988,kg/ha,706.6
5000,"Anise, badian, coriander, cumin, caraway, fennel and juniper berries, raw",Yield,1989,kg/ha,651.8
5000,"Anise, badian, coriander, cumin, caraway, fennel and juniper berries, raw",Yield,1990,kg/ha,790.0
5000,"Anise, badian, coriander, cumin, caraway, fennel and juniper berries, raw",Yield,1991,kg/ha,705.7
5000,"Anise, badian, coriander, cumin, caraway, fennel and juniper berries, raw",Yield,1992,kg/ha,602.5
5000,"Anise, badian, coriander, cumin, caraway, fennel and juniper berries, raw",Yield,1993,kg/ha,573.1
5000,"Anise, badian, coriander, cumin, caraway, fennel and juniper berries, raw",Yield,1994,kg/ha,513.7
5000,"Anise, badian, coriander, cumin, caraway, fennel and juniper berries, raw",Yield,1995,kg/ha,546.0
5000,"Anise, badian, coriander, cumin, caraway, fennel and juniper berries, raw",Yield,1996,kg/ha,563.1
5000,"Anise, badian, coriander, cumin, caraway, fennel and juniper berries, raw",Yield,1997,kg/ha,613.0
5000,"Anise, badian, coriander, cumin, caraway, fennel and juniper berries, raw",Yield,1998,kg/ha,612.6
5000,"Anise, badian, coriander, cumin, caraway, fennel and juniper berries, raw",Yield,1999,kg/ha,623.9
5000,"Anise, badian, coriander, cumin, caraway, fennel and juniper berries, raw",Yield,2000,kg/ha,607.4
5000,"Anise, badian, coriander, cumin, caraway, fennel and juniper berries, raw",Yield,2001,kg/ha,678.4
5000,"Anise, badian, coriander, cumin, caraway, fennel and juniper berries, raw",Yield,2002,kg/ha,674.1
5000,"Anise, badian, coriander, cumin, caraway, fennel and juniper berries, raw",Yield,2003,kg/ha,562.3
5000,"Anise, badian, coriander, cumin, caraway, fennel and juniper berries, raw",Yield,2004,kg/ha,757.8
5000,"Anise, badian, coriander, cumin, caraway, fennel and juniper berries, raw",Yield,2005,kg/ha,767.2
5000,"Anise, badian, coriander, cumin, caraway, fennel and juniper berries, raw",Yield,2006,kg/ha,755.8
5000,"Anise, badian, coriander, cumin, caraway, fennel and juniper berries, raw",Yield,2007,kg/ha,711.7
5000,"Anise, badian, coriander, cumin, caraway, fennel and juniper berries, raw",Yield,2008,kg/ha,736.6
5000,"Anise, badian, coriander, cumin, caraway, fennel and juniper berries, raw",Yield,2009,kg/ha,684.7
5000,"Anise, badian, coriander, cumin, caraway, fennel and juniper berries, raw",Yield,2010,kg/ha,742.3
5000,"Anise, badian, coriander, cumin, caraway, fennel and juniper berries, raw",Yield,2011,kg/ha,884.3
5000,"Anise, badian, coriander, cumin, caraway, fennel and juniper berries, raw",Yield,2012,kg/ha,909.2
5000,"Anise, badian, coriander, cumin, caraway, fennel and juniper berries, raw",Yield,2013,kg/ha,922.4
5000,"Anise, badian, coriander, cumin, caraway, fennel and juniper berries, raw",Yield,2014,kg/ha,765.2
5000,"Anise, badian, coriander, cumin, caraway, fennel and juniper berries, raw",Yield,2015,kg/ha,809.4
5000,"Anise, badian, coriander, cumin, caraway, fennel and juniper berries, raw",Yield,2016,kg/ha,919.0
5000,"Anise, badian, coriander, cumin, caraway, fennel and juniper berries, raw",Yield,2017,kg/ha,1021.1
5000,"Anise, badian, coriander, cumin, caraway, fennel and juniper berries, raw",Yield,2018,kg/ha,1032.6
5000,"Anise, badian, coriander, cumin, caraway, fennel and juniper berries, raw",Yield,2019,kg/ha,965.9
5000,"Anise, badian, coriander, cumin, caraway, fennel and juniper berries, raw",Yield,2020,kg/ha,1001.9
5000,"Anise, badian, coriander, cumin, caraway, fennel and juniper berries, raw",Yield,2021,kg/ha,1063.6
5000,"Anise, badian, coriander, cumin, caraway, fennel and juniper berries, raw",Yield,2022,kg/ha,1025.8
5000,"Anise, badian, coriander, cumin, caraway, fennel and juniper berries, raw",Yield,2023,kg/ha,1053.8
5000,"Anise, badian, coriander, cumin, caraway, fennel and juniper berries, raw",Yield,2024,kg/ha,1041.9
5000,Apples,Yield,1961,kg/ha,9905.9
5000,Apples,Yield,1962,kg/ha,11888.0
5000,Apples,Yield,1963,kg/ha,11228.3
5000,Apples,Yield,1964,kg/ha,11636.8
5000,Apples,Yield,1965,kg/ha,10760.1
5000,Apples,Yield,1966,kg/ha,10763.0
5000,Apples,Yield,1967,kg/ha,11763.9
5000,Apples,Yield,1968,kg/ha,10581.5
5000,Apples,Yield,1969,kg/ha,11640.6
5000,Apples,Yield,1970,kg/ha,9718.6
5000,Apples,Yield,1971,kg/ha,9504.5
5000,Apples,Yield,1972,kg/ha,8547.9
5000,Apples,Yield,1973,kg/ha,9555.9
5000,Apples,Yield,1974,kg/ha,8894.8
5000,Apples,Yield,1975,kg/ha,9456.2
5000,Apples,Yield,1976,kg/ha,9220.9
5000,Apples,Yield,1977,kg/ha,8839.5
5000,Apples,Yield,1978,kg/ha,9347.8
5000,Apples,Yield,1979,kg/ha,9677.3
5000,Apples,Yield,1980,kg/ha,9494.3
5000,Apples,Yield,1981,kg/ha,9206.6
5000,Apples,Yield,1982,kg/ha,10934.0
5000,Apples,Yield,1983,kg/ha,10747.0
5000,Apples,Yield,1984,kg/ha,10582.2
5000,Apples,Yield,1985,kg/ha,9058.5
5000,Apples,Yield,1986,kg/ha,9147.8
5000,Apples,Yield,1987,kg/ha,7890.1
5000,Apples,Yield,1988,kg/ha,8296.2
5000,Apples,Yield,1989,kg/ha,8278.4
5000,Apples,Yield,1990,kg/ha,8048.3
5000,Apples,Yield,1991,kg/ha,7331.8
5000,Apples,Yield,1992,kg/ha,8556.7
5000,Apples,Yield,1993,kg/ha,8514.9
5000,Apples,Yield,1994,kg/ha,7630.3
5000,Apples,Yield,1995,kg/ha,7748.6
5000,Apples,Yield,1996,kg/ha,8647.0
5000,Apples,Yield,1997,kg/ha,9127.4
5000,Apples,Yield,1998,kg/ha,9540.6
5000,Apples,Yield,1999,kg/ha,10130.2
5000,Apples,Yield,2000,kg/ha,10812.6
5000,Apples,Yield,2001,kg/ha,11013.0
5000,Apples,Yield,2002,kg/ha,11006.5
5000,Apples,Yield,2003,kg/ha,11865.7
5000,Apples,Yield,2004,kg/ha,12913.3
5000,Apples,Yield,2005,kg/ha,12790.6
5000,Apples,Yield,2006,kg/ha,13386.9
5000,Apples,Yield,2007,kg/ha,13527.6
5000,Apples,Yield,2008,kg/ha,14741.1
5000,Apples,Yield,2009,kg/ha,15046.9
5000,Apples,Yield,2010,kg/ha,14623.8
5000,Apples,Yield,2011,kg/ha,15552.4
5000,Apples,Yield,2012,kg/ha,15610.7
5000,Apples,Yield,2013,kg/ha,16206.0
5000,Apples,Yield,2014,kg/ha,16770.7
5000,Apples,Yield,2015,kg/ha,15941.1
5000,Apples,Yield,2016,kg/ha,17525.1
5000,Apples,Yield,2017,kg/ha,17999.4
5000,Apples,Yield,2018,kg/ha,18624.5
5000,Apples,Yield,2019,kg/ha,18660.9
5000,Apples,Yield,2020,kg/ha,19344.9
5000,Apples,Yield,2021,kg/ha,19957.7
5000,Apples,Yield,2022,kg/ha,20547.9
5000,Apples,Yield,2023,kg/ha,21182.9
5000,Apples,Yield,2024,kg/ha,20890.8
5000,Apricots,Yield,1961,kg/ha,6175.3
5000,Apricots,Yield,1962,kg/ha,4872.3
5000,Apricots,Yield,1963,kg/ha,6002.1
5000,Apricots,Yield,1964,kg/ha,5770.9
5000,Apricots,Yield,1965,kg/ha,5920.9
5000,Apricots,Yield,1966,kg/ha,5485.5
5000,Apricots,Yield,1967,kg/ha,6808.4
5000,Apricots,Yield,1968,kg/ha,6630.9
5000,Apricots,Yield,1969,kg/ha,6318.8
5000,Apricots,Yield,1970,kg/ha,5872.2
5000,Apricots,Yield,1971,kg/ha,5597.6
5000,Apricots,Yield,1972,kg/ha,5318.1
5000,Apricots,Yield,1973,kg/ha,5982.9
5000,Apricots,Yield,1974,kg/ha,5537.2
5000,Apricots,Yield,1975,kg/ha,5717.1
5000,Apricots,Yield,1976,kg/ha,6604.6
5000,Apricots,Yield,1977,kg/ha,5539.5
5000,Apricots,Yield,1978,kg/ha,5801.8
5000,Apricots,Yield,1979,kg/ha,6337.9
5000,Apricots,Yield,1980,kg/ha,5898.7
5000,Apricots,Yield,1981,kg/ha,6421.7
5000,Apricots,Yield,1982,kg/ha,7719.9
5000,Apricots,Yield,1983,kg/ha,7714.2
5000,Apricots,Yield,1984,kg/ha,7869.0
5000,Apricots,Yield,1985,kg/ha,6460.9
5000,Apricots,Yield,1986,kg/ha,6818.2
5000,Apricots,Yield,1987,kg/ha,6112.7
5000,Apricots,Yield,1988,kg/ha,7027.5
5000,Apricots,Yield,1989,kg/ha,7474.7
5000,Apricots,Yield,1990,kg/ha,6897.0
5000,Apricots,Yield,1991,kg/ha,6203.2
5000,Apricots,Yield,1992,kg/ha,6265.2
5000,Apricots,Yield,1993,kg/ha,5865.5
5000,Apricots,Yield,1994,kg/ha,6431.2
5000,Apricots,Yield,1995,kg/ha,5220.3
5000,Apricots,Yield,1996,kg/ha,6275.8
5000,Apricots,Yield,1997,kg/ha,5764.5
5000,Apricots,Yield,1998,kg/ha,6327.5
5000,Apricots,Yield,1999,kg/ha,6226.7
5000,Apricots,Yield,2000,kg/ha,6575.9
5000,Apricots,Yield,2001,kg/ha,6094.5
5000,Apricots,Yield,2002,kg/ha,5951.6
5000,Apricots,Yield,2003,kg/ha,6200.2
5000,Apricots,Yield,2004,kg/ha,5853.9
5000,Apricots,Yield,2005,kg/ha,7547.3
5000,Apricots,Yield,2006,kg/ha,6646.4
5000,Apricots,Yield,2007,kg/ha,6485.4
5000,Apricots,Yield,2008,kg/ha,7198.1
5000,Apricots,Yield,2009,kg/ha,6824.1
5000,Apricots,Yield,2010,kg/ha,5857.3
5000,Apricots,Yield,2011,kg/ha,7119.5
5000,Apricots,Yield,2012,kg/ha,7266.5
5000,Apricots,Yield,2013,kg/ha,7347.2
5000,Apricots,Yield,2014,kg/ha,6035.6
5000,Apricots,Yield,2015,kg/ha,7038.2
5000,Apricots,Yield,2016,kg/ha,7698.7
5000,Apricots,Yield,2017,kg/ha,8487.1
5000,Apricots,Yield,2018,kg/ha,7077.7
5000,Apricots,Yield,2019,kg/ha,7196.6
5000,Apricots,Yield,2020,kg/ha,6534.9
5000,Apricots,Yield,2021,kg/ha,6428.7
5000,Apricots,Yield,2022,kg/ha,6693.3
5000,Apricots,Yield,2023,kg/ha,6358.3
5000,Apricots,Yield,2024,kg/ha,7016.6
5000,Areca nuts,Yield,1961,kg/ha,712.7
5000,Areca nuts,Yield,1962,kg/ha,688.5
5000,Areca nuts,Yield,1963,kg/ha,698.3
5000,Areca nuts,Yield,1964,kg/ha,691.5
5000,Areca nuts,Yield,1965,kg/ha,676.0
5000,Areca nuts,Yield,1966,kg/ha,666.8
5000,Areca nuts,Yield,1967,kg/ha,720.2
5000,Areca nuts,Yield,1968,kg/ha,739.7
5000,Areca nuts,Yield,1969,kg/ha,699.1
5000,Areca nuts,Yield,1970,kg/ha,685.2
5000,Areca nuts,Yield,1971,kg/ha,680.7
5000,Areca nuts,Yield,1972,kg/ha,707.3
5000,Areca nuts,Yield,1973,kg/ha,678.7
5000,Areca nuts,Yield,1974,kg/ha,736.1
5000,Areca nuts,Yield,1975,kg/ha,720.3
5000,Areca nuts,Yield,1976,kg/ha,741.7
5000,Areca nuts,Yield,1977,kg/ha,756.1
5000,Areca nuts,Yield,1978,kg/ha,826.5
5000,Areca nuts,Yield,1979,kg/ha,817.3
5000,Areca nuts,Yield,1980,kg/ha,814.0
5000,Areca nuts,Yield,1981,kg/ha,852.1
5000,Areca nuts,Yield,1982,kg/ha,858.0
5000,Areca nuts,Yield,1983,kg/ha,931.7
5000,Areca nuts,Yield,1984,kg/ha,880.6
5000,Areca nuts,Yield,1985,kg/ha,1082.3
5000,Areca nuts,Yield,1986,kg/ha,1041.7
5000,Areca nuts,Yield,1987,kg/ha,1056.1
5000,Areca nuts,Yield,1988,kg/ha,1062.3
5000,Areca nuts,Yield,1989,kg/ha,1138.8
5000,Areca nuts,Yield,1990,kg/ha,1227.5
5000,Areca nuts,Yield,1991,kg/ha,1187.9
5000,Areca nuts,Yield,1992,kg/ha,1186.6
5000,Areca nuts,Yield,1993,kg/ha,1281.4
5000,Areca nuts,Yield,1994,kg/ha,1321.0
5000,Areca nuts,Yield,1995,kg/ha,1406.8
5000,Areca nuts,Yield,1996,kg/ha,1386.3
5000,Areca nuts,Yield,1997,kg/ha,1384.4
5000,Areca nuts,Yield,1998,kg/ha,1450.3
5000,Areca nuts,Yield,1999,kg/ha,1318.3
5000,Areca nuts,Yield,2000,kg/ha,1364.0
5000,Areca nuts,Yield,2001,kg/ha,1323.4
5000,Areca nuts,Yield,2002,kg/ha,1417.5
5000,Areca nuts,Yield,2003,kg/ha,1311.9
5000,Areca nuts,Yield,2004,kg/ha,1315.4
5000,Areca nuts,Yield,2005,kg/ha,1512.9
5000,Areca nuts,Yield,2006,kg/ha,1560.6
5000,Areca nuts,Yield,2007,kg/ha,1585.1
5000,Areca nuts,Yield,2008,kg/ha,1579.9
5000,Areca nuts,Yield,2009,kg/ha,1594.3
5000,Areca nuts,Yield,2010,kg/ha,1536.5
5000,Areca nuts,Yield,2011,kg/ha,1710.2
5000,Areca nuts,Yield,2012,kg/ha,1880.8
5000,Areca nuts,Yield,2013,kg/ha,1790.3
5000,Areca nuts,Yield,2014,kg/ha,1668.9
5000,Areca nuts,Yield,2015,kg/ha,1854.9
5000,Areca nuts,Yield,2016,kg/ha,1842.1
5000,Areca nuts,Yield,2017,kg/ha,1862.7
5000,Areca nuts,Yield,2018,kg/ha,1867.6
5000,Areca nuts,Yield,2019,kg/ha,1982.6
5000,Areca nuts,Yield,2020,kg/ha,2018.2
5000,Areca nuts,Yield,2021,kg/ha,2124.7
5000,Areca nuts,Yield,2022,kg/ha,2100.4
5000,Areca nuts,Yield,2023,kg/ha,1736.1
5000,Areca nuts,Yield,2024,kg/ha,1764.7
5000,Artichokes,Yield,1961,kg/ha,8275.0
5000,Artichokes,Yield,1962,kg/ha,7335.1
5000,Artichokes,Yield,1963,kg/ha,6535.6
5000,Artichokes,Yield,1964,kg/ha,8268.0
5000,Artichokes,Yield,1965,kg/ha,8779.0
5000,Artichokes,Yield,1966,kg/ha,8908.0
5000,Artichokes,Yield,1967,kg/ha,8988.1
5000,Artichokes,Yield,1968,kg/ha,8684.2
5000,Artichokes,Yield,1969,kg/ha,9360.2
5000,Artichokes,Yield,1970,kg/ha,9670.8
5000,Artichokes,Yield,1971,kg/ha,10173.3
5000,Artichokes,Yield,1972,kg/ha,10764.2
5000,Artichokes,Yield,1973,kg/ha,10261.3
5000,Artichokes,Yield,1974,kg/ha,10669.2
5000,Artichokes,Yield,1975,kg/ha,10796.5
5000,Artichokes,Yield,1976,kg/ha,10346.7
5000,Artichokes,Yield,1977,kg/ha,9793.7
5000,Artichokes,Yield,1978,kg/ha,10946.4
5000,Artichokes,Yield,1979,kg/ha,9052.9
5000,Artichokes,Yield,1980,kg/ha,10758.6
5000,Artichokes,Yield,1981,kg/ha,9734.2
5000,Artichokes,Yield,1982,kg/ha,10391.8
5000,Artichokes,Yield,1983,kg/ha,9996.5
5000,Artichokes,Yield,1984,kg/ha,9890.5
5000,Artichokes,Yield,1985,kg/ha,9135.7
5000,Artichokes,Yield,1986,kg/ha,10647.9
5000,Artichokes,Yield,1987,kg/ha,10162.9
5000,Artichokes,Yield,1988,kg/ha,11221.2
5000,Artichokes,Yield,1989,kg/ha,11469.3
5000,Artichokes,Yield,1990,kg/ha,11316.9
5000,Artichokes,Yield,1991,kg/ha,11879.0
5000,Artichokes,Yield,1992,kg/ha,11114.5
5000,Artichokes,Yield,1993,kg/ha,10460.2
5000,Artichokes,Yield,1994,kg/ha,10555.9
5000,Artichokes,Yield,1995,kg/ha,10241.2
5000,Artichokes,Yield,1996,kg/ha,10019.1
5000,Artichokes,Yield,1997,kg/ha,10968.0
5000,Artichokes,Yield,1998,kg/ha,10335.0
5000,Artichokes,Yield,1999,kg/ha,10337.4
5000,Artichokes,Yield,2000,kg/ha,10828.0
5000,Artichokes,Yield,2001,kg/ha,10544.5
5000,Artichokes,Yield,2002,kg/ha,10437.3
5000,Artichokes,Yield,2003,kg/ha,10330.6
5000,Artichokes,Yield,2004,kg/ha,11130.2
5000,Artichokes,Yield,2005,kg/ha,10089.7
5000,Artichokes,Yield,2006,kg/ha,10796.9
5000,Artichokes,Yield,2007,kg/ha,11108.4
5000,Artichokes,Yield,2008,kg/ha,11358.3
5000,Artichokes,Yield,2009,kg/ha,11526.2
5000,Artichokes,Yield,2010,kg/ha,11402.0
5000,Artichokes,Yield,2011,kg/ha,11568.6
5000,Artichokes,Yield,2012,kg/ha,12628.5
5000,Artichokes,Yield,2013,kg/ha,12197.7
5000,Artichokes,Yield,2014,kg/ha,11978.0
5000,Artichokes,Yield,2015,kg/ha,12086.1
5000,Artichokes,Yield,2016,kg/ha,11170.8
5000,Artichokes,Yield,2017,kg/ha,12534.9
5000,Artichokes,Yield,2018,kg/ha,12696.3
5000,Artichokes,Yield,2019,kg/ha,12619.6
5000,Artichokes,Yield,2020,kg/ha,12575.4
5000,Artichokes,Yield,2021,kg/ha,14145.0
5000,Artichokes,Yield,2022,kg/ha,13855.8
5000,Artichokes,Yield,2023,kg/ha,14666.7
5000,Artichokes,Yield,2024,kg/ha,14927.0
5000,Asparagus,Yield,1961,kg/ha,2649.5
5000,Asparagus,Yield,1962,kg/ha,2776.7
5000,Asparagus,Yield,1963,kg/ha,2901.1
5000,Asparagus,Yield,1964,kg/ha,2876.3
5000,Asparagus,Yield,1965,kg/ha,2914.0
5000,Asparagus,Yield,1966,kg/ha,3036.6
5000,Asparagus,Yield,1967,kg/ha,2992.8
5000,Asparagus,Yield,1968,kg/ha,3362.1
5000,Asparagus,Yield,1969,kg/ha,3555.8
5000,Asparagus,Yield,1970,kg/ha,3787.5
5000,Asparagus,Yield,1971,kg/ha,3792.6
5000,Asparagus,Yield,1972,kg/ha,3558.3
5000,Asparagus,Yield,1973,kg/ha,3554.6
5000,Asparagus,Yield,1974,kg/ha,3688.2
5000,Asparagus,Yield,1975,kg/ha,3522.4
5000,Asparagus,Yield,1976,kg/ha,3702.6
5000,Asparagus,Yield,1977,kg/ha,3664.6
5000,Asparagus,Yield,1978,kg/ha,3421.5
5000,Asparagus,Yield,1979,kg/ha,3580.1
5000,Asparagus,Yield,1980,kg/ha,3489.1
5000,Asparagus,Yield,1981,kg/ha,3554.3
5000,Asparagus,Yield,1982,kg/ha,3377.7
5000,Asparagus,Yield,1983,kg/ha,3401.0
5000,Asparagus,Yield,1984,kg/ha,3417.4
5000,Asparagus,Yield,1985,kg/ha,3523.7
5000,Asparagus,Yield,1986,kg/ha,3445.1
5000,Asparagus,Yield,1987,kg/ha,3505.2
5000,Asparagus,Yield,1988,kg/ha,3451.8
5000,Asparagus,Yield,1989,kg/ha,3367.2
5000,Asparagus,Yield,1990,kg/ha,3470.2
5000,Asparagus,Yield,1991,kg/ha,3448.3
5000,Asparagus,Yield,1992,kg/ha,3732.0
5000,Asparagus,Yield,1993,kg/ha,3866.8
5000,Asparagus,Yield,1994,kg/ha,4084.1
5000,Asparagus,Yield,1995,kg/ha,3971.7
5000,Asparagus,Yield,1996,kg/ha,3989.7
5000,Asparagus,Yield,1997,kg/ha,4146.3
5000,Asparagus,Yield,1998,kg/ha,4199.8
5000,Asparagus,Yield,1999,kg/ha,4264.8
5000,Asparagus,Yield,2000,kg/ha,4357.7
5000,Asparagus,Yield,2001,kg/ha,4451.4
5000,Asparagus,Yield,2002,kg/ha,4799.9
5000,Asparagus,Yield,2003,kg/ha,5091.3
5000,Asparagus,Yield,2004,kg/ha,5069.0
5000,Asparagus,Yield,2005,kg/ha,5108.5
5000,Asparagus,Yield,2006,kg/ha,5137.4
5000,Asparagus,Yield,2007,kg/ha,5073.5
5000,Asparagus,Yield,2008,kg/ha,5108.4
5000,Asparagus,Yield,2009,kg/ha,5196.4
5000,Asparagus,Yield,2010,kg/ha,5248.1
5000,Asparagus,Yield,2011,kg/ha,5630.6
5000,Asparagus,Yield,2012,kg/ha,5583.4
5000,Asparagus,Yield,2013,kg/ha,5422.0
5000,Asparagus,Yield,2014,kg/ha,5396.9
5000,Asparagus,Yield,2015,kg/ha,5680.6
5000,Asparagus,Yield,2016,kg/ha,5290.8
5000,Asparagus,Yield,2017,kg/ha,5447.8
5000,Asparagus,Yield,2018,kg/ha,5501.0
5000,Asparagus,Yield,2019,kg/ha,5547.9
5000,Asparagus,Yield,2020,kg/ha,5606.7
5000,Asparagus,Yield,2021,kg/ha,5650.4
5000,Asparagus,Yield,2022,kg/ha,5663.7
5000,Asparagus,Yield,2023,kg/ha,5668.8
5000,Asparagus,Yield,2024,kg/ha,5677.1
5000,Avocados,Yield,1961,kg/ha,9103.5
5000,Avocados,Yield,1962,kg/ha,9183.2
5000,Avocados,Yield,1963,kg/ha,9340.6
5000,Avocados,Yield,1964,kg/ha,9191.1
5000,Avocados,Yield,1965,kg/ha,9603.2
5000,Avocados,Yield,1966,kg/ha,9491.8
5000,Avocados,Yield,1967,kg/ha,9688.7
5000,Avocados,Yield,1968,kg/ha,9380.5
5000,Avocados,Yield,1969,kg/ha,9368.2
5000,Avocados,Yield,1970,kg/ha,9053.5
5000,Avocados,Yield,1971,kg/ha,9353.6
5000,Avocados,Yield,1972,kg/ha,9025.7
5000,Avocados,Yield,1973,kg/ha,8779.6
5000,Avocados,Yield,1974,kg/ha,8341.7
5000,Avocados,Yield,1975,kg/ha,8376.5
5000,Avocados,Yield,1976,kg/ha,8358.6
5000,Avocados,Yield,1977,kg/ha,7811.0
5000,Avocados,Yield,1978,kg/ha,7782.8
5000,Avocados,Yield,1979,kg/ha,7612.8
5000,Avocados,Yield,1980,kg/ha,8375.6
5000,Avocados,Yield,1981,kg/ha,7667.4
5000,Avocados,Yield,1982,kg/ha,7965.1
5000,Avocados,Yield,1983,kg/ha,7820.1
5000,Avocados,Yield,1984,kg/ha,7630.1
5000,Avocados,Yield,1985,kg/ha,6465.9
5000,Avocados,Yield,1986,kg/ha,7400.1
5000,Avocados,Yield,1987,kg/ha,7032.9
5000,Avocados,Yield,1988,kg/ha,6660.1
5000,Avocados,Yield,1989,kg/ha,6213.7
5000,Avocados,Yield,1990,kg/ha,6477.8
5000,Avocados,Yield,1991,kg/ha,6917.3
5000,Avocados,Yield,1992,kg/ha,7066.8
5000,Avocados,Yield,1993,kg/ha,6861.0
5000,Avocados,Yield,1994,kg/ha,7037.5
5000,Avocados,Yield,1995,kg/ha,7257.4
5000,Avocados,Yield,1996,kg/ha,7543.6
5000,Avocados,Yield,1997,kg/ha,7978.4
5000,Avocados,Yield,1998,kg/ha,8050.6
5000,Avocados,Yield,1999,kg/ha,8029.3
5000,Avocados,Yield,2000,kg/ha,8214.8
5000,Avocados,Yield,2001,kg/ha,8567.0
5000,Avocados,Yield,2002,kg/ha,8688.5
5000,Avocados,Yield,2003,kg/ha,8793.7
5000,Avocados,Yield,2004,kg/ha,8625.8
5000,Avocados,Yield,2005,kg/ha,8990.8
5000,Avocados,Yield,2006,kg/ha,9284.6
5000,Avocados,Yield,2007,kg/ha,8763.8
5000,Avocados,Yield,2008,kg/ha,8198.2
5000,Avocados,Yield,2009,kg/ha,8973.8
5000,Avocados,Yield,2010,kg/ha,8405.8
5000,Avocados,Yield,2011,kg/ha,8754.7
5000,Avocados,Yield,2012,kg/ha,8971.5
5000,Avocados,Yield,2013,kg/ha,8763.7
5000,Avocados,Yield,2014,kg/ha,9058.8
5000,Avocados,Yield,2015,kg/ha,9053.0
5000,Avocados,Yield,2016,kg/ha,9048.5
5000,Avocados,Yield,2017,kg/ha,9455.0
5000,Avocados,Yield,2018,kg/ha,9422.5
5000,Avocados,Yield,2019,kg/ha,9638.3
5000,Avocados,Yield,2020,kg/ha,10209.1
5000,Avocados,Yield,2021,kg/ha,10396.4
5000,Avocados,Yield,2022,kg/ha,10483.1
5000,Avocados,Yield,2023,kg/ha,11111.5
5000,Avocados,Yield,2024,kg/ha,11174.9
5000,"Bambara beans, dry",Yield,1961,kg/ha,730.9
5000,"Bambara beans, dry",Yield,1962,kg/ha,725.3
5000,"Bambara beans, dry",Yield,1963,kg/ha,720.0
5000,"Bambara beans, dry",Yield,1964,kg/ha,720.0
5000,"Bambara beans, dry",Yield,1965,kg/ha,720.0
5000,"Bambara beans, dry",Yield,1966,kg/ha,730.9
5000,"Bambara beans, dry",Yield,1967,kg/ha,678.1
5000,"Bambara beans, dry",Yield,1968,kg/ha,692.9
5000,"Bambara beans, dry",Yield,1969,kg/ha,773.7
5000,"Bambara beans, dry",Yield,1970,kg/ha,674.8
5000,"Bambara beans, dry",Yield,1971,kg/ha,690.4
5000,"Bambara beans, dry",Yield,1972,kg/ha,754.6
5000,"Bambara beans, dry",Yield,1973,kg/ha,670.7
5000,"Bambara beans, dry",Yield,1974,kg/ha,669.1
5000,"Bambara beans, dry",Yield,1975,kg/ha,688.7
5000,"Bambara beans, dry",Yield,1976,kg/ha,665.2
5000,"Bambara beans, dry",Yield,1977,kg/ha,657.0
5000,"Bambara beans, dry",Yield,1978,kg/ha,737.8
5000,"Bambara beans, dry",Yield,1979,kg/ha,741.6
5000,"Bambara beans, dry",Yield,1980,kg/ha,682.6
5000,"Bambara beans, dry",Yield,1981,kg/ha,677.8
5000,"Bambara beans, dry",Yield,1982,kg/ha,676.3
5000,"Bambara beans, dry",Yield,1983,kg/ha,681.3
5000,"Bambara beans, dry",Yield,1984,kg/ha,661.4
5000,"Bambara beans, dry",Yield,1985,kg/ha,662.2
5000,"Bambara beans, dry",Yield,1986,kg/ha,716.0
5000,"Bambara beans, dry",Yield,1987,kg/ha,720.6
5000,"Bambara beans, dry",Yield,1988,kg/ha,651.8
5000,"Bambara beans, dry",Yield,1989,kg/ha,708.0
5000,"Bambara beans, dry",Yield,1990,kg/ha,674.2
5000,"Bambara beans, dry",Yield,1991,kg/ha,633.8
5000,"Bambara beans, dry",Yield,1992,kg/ha,662.5
5000,"Bambara beans, dry",Yield,1993,kg/ha,737.6
5000,"Bambara beans, dry",Yield,1994,kg/ha,650.1
5000,"Bambara beans, dry",Yield,1995,kg/ha,1100.5
5000,"Bambara beans, dry",Yield,1996,kg/ha,789.5
5000,"Bambara beans, dry",Yield,1997,kg/ha,603.0
5000,"Bambara beans, dry",Yield,1998,kg/ha,812.7
5000,"Bambara beans, dry",Yield,1999,kg/ha,849.9
5000,"Bambara beans, dry",Yield,2000,kg/ha,708.1
5000,"Bambara beans, dry",Yield,2001,kg/ha,780.5
5000,"Bambara beans, dry",Yield,2002,kg/ha,700.9
5000,"Bambara beans, dry",Yield,2003,kg/ha,692.0
5000,"Bambara beans, dry",Yield,2004,kg/ha,651.3
5000,"Bambara beans, dry",Yield,2005,kg/ha,750.4
5000,"Bambara beans, dry",Yield,2006,kg/ha,724.2
5000,"Bambara beans, dry",Yield,2007,kg/ha,669.7
5000,"Bambara beans, dry",Yield,2008,kg/ha,727.0
5000,"Bambara beans, dry",Yield,2009,kg/ha,678.4
5000,"Bambara beans, dry",Yield,2010,kg/ha,771.1
5000,"Bambara beans, dry",Yield,2011,kg/ha,698.3
5000,"Bambara beans, dry",Yield,2012,kg/ha,628.3
5000,"Bambara beans, dry",Yield,2013,kg/ha,580.3
5000,"Bambara beans, dry",Yield,2014,kg/ha,610.6
5000,"Bambara beans, dry",Yield,2015,kg/ha,603.3
5000,"Bambara beans, dry",Yield,2016,kg/ha,593.0
5000,"Bambara beans, dry",Yield,2017,kg/ha,582.7
5000,"Bambara beans, dry",Yield,2018,kg/ha,679.9
5000,"Bambara beans, dry",Yield,2019,kg/ha,644.9
5000,"Bambara beans, dry",Yield,2020,kg/ha,697.5
5000,"Bambara beans, dry",Yield,2021,kg/ha,617.8
5000,"Bambara beans, dry",Yield,2022,kg/ha,642.5
5000,"Bambara beans, dry",Yield,2023,kg/ha,625.7
5000,"Bambara beans, dry",Yield,2024,kg/ha,692.2
5000,Bananas,Yield,1961,kg/ha,10645.9
5000,Bananas,Yield,1962,kg/ha,10662.1
5000,Bananas,Yield,1963,kg/ha,10818.2
5000,Bananas,Yield,1964,kg/ha,11060.8
5000,Bananas,Yield,1965,kg/ha,11186.4
5000,Bananas,Yield,1966,kg/ha,11165.0
5000,Bananas,Yield,1967,kg/ha,11408.7
5000,Bananas,Yield,1968,kg/ha,11688.3
5000,Bananas,Yield,1969,kg/ha,11781.7
5000,Bananas,Yield,1970,kg/ha,11585.1
5000,Bananas,Yield,1971,kg/ha,12114.3
5000,Bananas,Yield,1972,kg/ha,11782.4
5000,Bananas,Yield,1973,kg/ha,11159.5
5000,Bananas,Yield,1974,kg/ha,11476.0
5000,Bananas,Yield,1975,kg/ha,11595.3
5000,Bananas,Yield,1976,kg/ha,12077.8
5000,Bananas,Yield,1977,kg/ha,12501.7
5000,Bananas,Yield,1978,kg/ha,12867.4
5000,Bananas,Yield,1979,kg/ha,12936.9
5000,Bananas,Yield,1980,kg/ha,13039.1
5000,Bananas,Yield,1981,kg/ha,13239.2
5000,Bananas,Yield,1982,kg/ha,13006.5
5000,Bananas,Yield,1983,kg/ha,12767.4
5000,Bananas,Yield,1984,kg/ha,13159.1
5000,Bananas,Yield,1985,kg/ha,13195.6
5000,Bananas,Yield,1986,kg/ha,13654.4
5000,Bananas,Yield,1987,kg/ha,13629.1
5000,Bananas,Yield,1988,kg/ha,12410.9
5000,Bananas,Yield,1989,kg/ha,12963.7
5000,Bananas,Yield,1990,kg/ha,13406.5
5000,Bananas,Yield,1991,kg/ha,13218.2
5000,Bananas,Yield,1992,kg/ha,13504.3
5000,Bananas,Yield,1993,kg/ha,14089.7
5000,Bananas,Yield,1994,kg/ha,15101.3
5000,Bananas,Yield,1995,kg/ha,15022.3
5000,Bananas,Yield,1996,kg/ha,14463.9
5000,Bananas,Yield,1997,kg/ha,14519.3
5000,Bananas,Yield,1998,kg/ha,14597.1
5000,Bananas,Yield,1999,kg/ha,15172.7
5000,Bananas,Yield,2000,kg/ha,14223.5
5000,Bananas,Yield,2001,kg/ha,14798.5
5000,Bananas,Yield,2002,kg/ha,15083.1
5000,Bananas,Yield,2003,kg/ha,15112.3
5000,Bananas,Yield,2004,kg/ha,15907.5
5000,Bananas,Yield,2005,kg/ha,16774.0
5000,Bananas,Yield,2006,kg/ha,16901.0
5000,Bananas,Yield,2007,kg/ha,17938.3
5000,Bananas,Yield,2008,kg/ha,18370.9
5000,Bananas,Yield,2009,kg/ha,18686.5
5000,Bananas,Yield,2010,kg/ha,18962.7
5000,Bananas,Yield,2011,kg/ha,18765.7
5000,Bananas,Yield,2012,kg/ha,19153.1
5000,Bananas,Yield,2013,kg/ha,19746.1
5000,Bananas,Yield,2014,kg/ha,20993.3
5000,Bananas,Yield,2015,kg/ha,21054.1
5000,Bananas,Yield,2016,kg/ha,21245.0
5000,Bananas,Yield,2017,kg/ha,21557.8
5000,Bananas,Yield,2018,kg/ha,22268.3
5000,Bananas,Yield,2019,kg/ha,22216.1
5000,Bananas,Yield,2020,kg/ha,22401.9
5000,Bananas,Yield,2021,kg/ha,22773.1
5000,Bananas,Yield,2022,kg/ha,22786.1
5000,Bananas,Yield,2023,kg/ha,23242.6
5000,Bananas,Yield,2024,kg/ha,23702.9
5000,Barley,Yield,1961,kg/ha,1328.2
5000,Barley,Yield,1962,kg/ha,1525.4
5000,Barley,Yield,1963,kg/ha,1428.6
5000,Barley,Yield,1964,kg/ha,1551.2
5000,Barley,Yield,1965,kg/ha,1547.9
5000,Barley,Yield,1966,kg/ha,1653.5
5000,Barley,Yield,1967,kg/ha,1695.5
5000,Barley,Yield,1968,kg/ha,1793.1
5000,Barley,Yield,1969,kg/ha,1782.1
5000,Barley,Yield,1970,kg/ha,1805.5
5000,Barley,Yield,1971,kg/ha,1939.7
5000,Barley,Yield,1972,kg/ha,1822.8
5000,Barley,Yield,1973,kg/ha,1937.2
5000,Barley,Yield,1974,kg/ha,1952.5
5000,Barley,Yield,1975,kg/ha,1697.7
5000,Barley,Yield,1976,kg/ha,2055.8
5000,Barley,Yield,1977,kg/ha,1907.3
5000,Barley,Yield,1978,kg/ha,2175.6
5000,Barley,Yield,1979,kg/ha,1851.9
5000,Barley,Yield,1980,kg/ha,1997.7
5000,Barley,Yield,1981,kg/ha,1834.6
5000,Barley,Yield,1982,kg/ha,2073.0
5000,Barley,Yield,1983,kg/ha,2010.0
5000,Barley,Yield,1984,kg/ha,2157.7
5000,Barley,Yield,1985,kg/ha,2179.2
5000,Barley,Yield,1986,kg/ha,2237.9
5000,Barley,Yield,1987,kg/ha,2245.8
5000,Barley,Yield,1988,kg/ha,2165.7
5000,Barley,Yield,1989,kg/ha,2228.8
5000,Barley,Yield,1990,kg/ha,2411.9
5000,Barley,Yield,1991,kg/ha,2227.2
5000,Barley,Yield,1992,kg/ha,2257.4
5000,Barley,Yield,1993,kg/ha,2288.0
5000,Barley,Yield,1994,kg/ha,2230.5
5000,Barley,Yield,1995,kg/ha,2069.0
5000,Barley,Yield,1996,kg/ha,2362.0
5000,Barley,Yield,1997,kg/ha,2442.3
5000,Barley,Yield,1998,kg/ha,2425.2
5000,Barley,Yield,1999,kg/ha,2407.9
5000,Barley,Yield,2000,kg/ha,2446.4
5000,Barley,Yield,2001,kg/ha,2535.1
5000,Barley,Yield,2002,kg/ha,2471.2
5000,Barley,Yield,2003,kg/ha,2462.1
5000,Barley,Yield,2004,kg/ha,2669.7
5000,Barley,Yield,2005,kg/ha,2503.0
5000,Barley,Yield,2006,kg/ha,2472.0
5000,Barley,Yield,2007,kg/ha,2407.2
5000,Barley,Yield,2008,kg/ha,2792.0
5000,Barley,Yield,2009,kg/ha,2789.6
5000,Barley,Yield,2010,kg/ha,2635.8
5000,Barley,Yield,2011,kg/ha,2737.2
5000,Barley,Yield,2012,kg/ha,2635.2
5000,Barley,Yield,2013,kg/ha,2895.4
5000,Barley,Yield,2014,kg/ha,2882.1
5000,Barley,Yield,2015,kg/ha,3023.3
5000,Barley,Yield,2016,kg/ha,3074.8
5000,Barley,Yield,2017,kg/ha,3077.1
5000,Barley,Yield,2018,kg/ha,2919.4
5000,Barley,Yield,2019,kg/ha,3117.1
5000,Barley,Yield,2020,kg/ha,3114.7
5000,Barley,Yield,2021,kg/ha,3028.7
5000,Barley,Yield,2022,kg/ha,3376.7
5000,Barley,Yield,2023,kg/ha,3104.7
5000,Barley,Yield,2024,kg/ha,3223.8
5000,"Beans, dry",Yield,1961,kg/ha,493.2
5000,"Beans, dry",Yield,1962,kg/ha,499.6
5000,"Beans, dry",Yield,1963,kg/ha,490.4
5000,"Beans, dry",Yield,1964,kg/ha,490.1
5000,"Beans, dry",Yield,1965,kg/ha,494.3
5000,"Beans, dry",Yield,1966,kg/ha,500.0
5000,"Beans, dry",Yield,1967,kg/ha,522.1
5000,"Beans, dry",Yield,1968,kg/ha,501.4
5000,"Beans, dry",Yield,1969,kg/ha,512.4
5000,"Beans, dry",Yield,1970,kg/ha,541.1
5000,"Beans, dry",Yield,1971,kg/ha,541.3
5000,"Beans, dry",Yield,1972,kg/ha,540.6
5000,"Beans, dry",Yield,1973,kg/ha,545.4
5000,"Beans, dry",Yield,1974,kg/ha,533.9
5000,"Beans, dry",Yield,1975,kg/ha,549.1
5000,"Beans, dry",Yield,1976,kg/ha,528.6
5000,"Beans, dry",Yield,1977,kg/ha,544.8
5000,"Beans, dry",Yield,1978,kg/ha,555.1
5000,"Beans, dry",Yield,1979,kg/ha,551.0
5000,"Beans, dry",Yield,1980,kg/ha,537.6
5000,"Beans, dry",Yield,1981,kg/ha,577.9
5000,"Beans, dry",Yield,1982,kg/ha,585.3
5000,"Beans, dry",Yield,1983,kg/ha,588.1
5000,"Beans, dry",Yield,1984,kg/ha,595.1
5000,"Beans, dry",Yield,1985,kg/ha,586.7
5000,"Beans, dry",Yield,1986,kg/ha,570.9
5000,"Beans, dry",Yield,1987,kg/ha,588.1
5000,"Beans, dry",Yield,1988,kg/ha,617.9
5000,"Beans, dry",Yield,1989,kg/ha,595.0
5000,"Beans, dry",Yield,1990,kg/ha,660.7
5000,"Beans, dry",Yield,1991,kg/ha,593.3
5000,"Beans, dry",Yield,1992,kg/ha,618.2
5000,"Beans, dry",Yield,1993,kg/ha,604.6
5000,"Beans, dry",Yield,1994,kg/ha,614.5
5000,"Beans, dry",Yield,1995,kg/ha,603.7
5000,"Beans, dry",Yield,1996,kg/ha,644.6
5000,"Beans, dry",Yield,1997,kg/ha,665.8
5000,"Beans, dry",Yield,1998,kg/ha,676.8
5000,"Beans, dry",Yield,1999,kg/ha,715.8
5000,"Beans, dry",Yield,2000,kg/ha,693.4
5000,"Beans, dry",Yield,2001,kg/ha,699.7
5000,"Beans, dry",Yield,2002,kg/ha,732.3
5000,"Beans, dry",Yield,2003,kg/ha,753.3
5000,"Beans, dry",Yield,2004,kg/ha,687.7
5000,"Beans, dry",Yield,2005,kg/ha,723.4
5000,"Beans, dry",Yield,2006,kg/ha,764.7
5000,"Beans, dry",Yield,2007,kg/ha,771.1
5000,"Beans, dry",Yield,2008,kg/ha,822.8
5000,"Beans, dry",Yield,2009,kg/ha,793.1
5000,"Beans, dry",Yield,2010,kg/ha,858.1
5000,"Beans, dry",Yield,2011,kg/ha,837.5
5000,"Beans, dry",Yield,2012,kg/ha,889.8
5000,"Beans, dry",Yield,2013,kg/ha,886.4
5000,"Beans, dry",Yield,2014,kg/ha,895.1
5000,"Beans, dry",Yield,2015,kg/ha,884.1
5000,"Beans, dry",Yield,2016,kg/ha,858.0
5000,"Beans, dry",Yield,2017,kg/ha,892.0
5000,"Beans, dry",Yield,2018,kg/ha,840.4
5000,"Beans, dry",Yield,2019,kg/ha,831.7
5000,"Beans, dry",Yield,2020,kg/ha,877.0
5000,"Beans, dry",Yield,2021,kg/ha,845.3
5000,"Beans, dry",Yield,2022,kg/ha,897.9
5000,"Beans, dry",Yield,2023,kg/ha,909.9
5000,"Beans, dry",Yield,2024,kg/ha,898.4
5000,Blueberries,Yield,1961,kg/ha,11608.0
5000,Blueberries,Yield,1962,kg/ha,10120.6
5000,Blueberries,Yield,1963,kg/ha,8741.5
5000,Blueberries,Yield,1964,kg/ha,10928.5
5000,Blueberries,Yield,1965,kg/ha,10800.3
5000,Blueberries,Yield,1966,kg/ha,5165.8
5000,Blueberries,Yield,1967,kg/ha,5072.2
5000,Blueberries,Yield,1968,kg/ha,5731.4
5000,Blueberries,Yield,1969,kg/ha,2961.0
5000,Blueberries,Yield,1970,kg/ha,2903.9
5000,Blueberries,Yield,1971,kg/ha,2595.6
5000,Blueberries,Yield,1972,kg/ha,2567.3
5000,Blueberries,Yield,1973,kg/ha,2711.2
5000,Blueberries,Yield,1974,kg/ha,2744.3
5000,Blueberries,Yield,1975,kg/ha,2735.2
5000,Blueberries,Yield,1976,kg/ha,2706.1
5000,Blueberries,Yield,1977,kg/ha,2875.4
5000,Blueberries,Yield,1978,kg/ha,2774.7
5000,Blueberries,Yield,1979,kg/ha,3025.3
5000,Blueberries,Yield,1980,kg/ha,3015.9
5000,Blueberries,Yield,1981,kg/ha,3221.2
5000,Blueberries,Yield,1982,kg/ha,2881.7
5000,Blueberries,Yield,1983,kg/ha,2889.2
5000,Blueberries,Yield,1984,kg/ha,2712.2
5000,Blueberries,Yield,1985,kg/ha,2970.9
5000,Blueberries,Yield,1986,kg/ha,2975.9
5000,Blueberries,Yield,1987,kg/ha,2987.9
5000,Blueberries,Yield,1988,kg/ha,3203.9
5000,Blueberries,Yield,1989,kg/ha,2738.9
5000,Blueberries,Yield,1990,kg/ha,3064.7
5000,Blueberries,Yield,1991,kg/ha,2489.1
5000,Blueberries,Yield,1992,kg/ha,2881.9
5000,Blueberries,Yield,1993,kg/ha,3427.9
5000,Blueberries,Yield,1994,kg/ha,3211.8
5000,Blueberries,Yield,1995,kg/ha,3561.5
5000,Blueberries,Yield,1996,kg/ha,3427.8
5000,Blueberries,Yield,1997,kg/ha,3576.8
5000,Blueberries,Yield,1998,kg/ha,3209.9
5000,Blueberries,Yield,1999,kg/ha,3951.7
5000,Blueberries,Yield,2000,kg/ha,3852.1
5000,Blueberries,Yield,2001,kg/ha,4315.3
5000,Blueberries,Yield,2002,kg/ha,3614.1
5000,Blueberries,Yield,2003,kg/ha,3735.4
5000,Blueberries,Yield,2004,kg/ha,3982.1
5000,Blueberries,Yield,2005,kg/ha,3765.8
5000,Blueberries,Yield,2006,kg/ha,3878.9
5000,Blueberries,Yield,2007,kg/ha,3824.9
5000,Blueberries,Yield,2008,kg/ha,4329.5
5000,Blueberries,Yield,2009,kg/ha,4773.1
5000,Blueberries,Yield,2010,kg/ha,4584.3
5000,Blueberries,Yield,2011,kg/ha,4891.4
5000,Blueberries,Yield,2012,kg/ha,5028.4
5000,Blueberries,Yield,2013,kg/ha,5029.7
5000,Blueberries,Yield,2014,kg/ha,5720.2
5000,Blueberries,Yield,2015,kg/ha,5770.7
5000,Blueberries,Yield,2016,kg/ha,6210.5
5000,Blueberries,Yield,2017,kg/ha,5848.6
5000,Blueberries,Yield,2018,kg/ha,6059.2
5000,Blueberries,Yield,2019,kg/ha,6627.1
5000,Blueberries,Yield,2020,kg/ha,6353.1
5000,Blueberries,Yield,2021,kg/ha,6512.5
5000,Blueberries,Yield,2022,kg/ha,6963.1
5000,Blueberries,Yield,2023,kg/ha,6326.2
5000,Blueberries,Yield,2024,kg/ha,7047.1
5000,"Broad beans and horse beans, dry",Yield,1961,kg/ha,896.3
5000,"Broad beans and horse beans, dry",Yield,1962,kg/ha,1022.0
5000,"Broad beans and horse beans, dry",Yield,1963,kg/ha,1045.3
5000,"Broad beans and horse beans, dry",Yield,1964,kg/ha,1108.0
5000,"Broad beans and horse beans, dry",Yield,1965,kg/ha,1125.8
5000,"Broad beans and horse beans, dry",Yield,1966,kg/ha,951.2
5000,"Broad beans and horse beans, dry",Yield,1967,kg/ha,938.4
5000,"Broad beans and horse beans, dry",Yield,1968,kg/ha,902.8
5000,"Broad beans and horse beans, dry",Yield,1969,kg/ha,902.0
5000,"Broad beans and horse beans, dry",Yield,1970,kg/ha,947.4
5000,"Broad beans and horse beans, dry",Yield,1971,kg/ha,1049.5
5000,"Broad beans and horse beans, dry",Yield,1972,kg/ha,1047.2
5000,"Broad beans and horse beans, dry",Yield,1973,kg/ha,1016.1
5000,"Broad beans and horse beans, dry",Yield,1974,kg/ha,1071.5
5000,"Broad beans and horse beans, dry",Yield,1975,kg/ha,1065.2
5000,"Broad beans and horse beans, dry",Yield,1976,kg/ha,1077.5
5000,"Broad beans and horse beans, dry",Yield,1977,kg/ha,1052.4
5000,"Broad beans and horse beans, dry",Yield,1978,kg/ha,1182.6
5000,"Broad beans and horse beans, dry",Yield,1979,kg/ha,1182.8
5000,"Broad beans and horse beans, dry",Yield,1980,kg/ha,1199.6
5000,"Broad beans and horse beans, dry",Yield,1981,kg/ha,1149.6
5000,"Broad beans and horse beans, dry",Yield,1982,kg/ha,1313.1
5000,"Broad beans and horse beans, dry",Yield,1983,kg/ha,1244.6
5000,"Broad beans and horse beans, dry",Yield,1984,kg/ha,1294.8
5000,"Broad beans and horse beans, dry",Yield,1985,kg/ha,1247.5
5000,"Broad beans and horse beans, dry",Yield,1986,kg/ha,1282.4
5000,"Broad beans and horse beans, dry",Yield,1987,kg/ha,1326.9
5000,"Broad beans and horse beans, dry",Yield,1988,kg/ha,1519.5
5000,"Broad beans and horse beans, dry",Yield,1989,kg/ha,1397.9
5000,"Broad beans and horse beans, dry",Yield,1990,kg/ha,1576.5
5000,"Broad beans and horse beans, dry",Yield,1991,kg/ha,1555.1
5000,"Broad beans and horse beans, dry",Yield,1992,kg/ha,1212.0
5000,"Broad beans and horse beans, dry",Yield,1993,kg/ha,1603.3
5000,"Broad beans and horse beans, dry",Yield,1994,kg/ha,1458.6
5000,"Broad beans and horse beans, dry",Yield,1995,kg/ha,1579.8
5000,"Broad beans and horse beans, dry",Yield,1996,kg/ha,1574.3
5000,"Broad beans and horse beans, dry",Yield,1997,kg/ha,1495.2
5000,"Broad beans and horse beans, dry",Yield,1998,kg/ha,1559.7
5000,"Broad beans and horse beans, dry",Yield,1999,kg/ha,1540.2
5000,"Broad beans and horse beans, dry",Yield,2000,kg/ha,1503.2
5000,"Broad beans and horse beans, dry",Yield,2001,kg/ha,1502.5
5000,"Broad beans and horse beans, dry",Yield,2002,kg/ha,1609.1
5000,"Broad beans and horse beans, dry",Yield,2003,kg/ha,1690.4
5000,"Broad beans and horse beans, dry",Yield,2004,kg/ha,1645.0
5000,"Broad beans and horse beans, dry",Yield,2005,kg/ha,1706.5
5000,"Broad beans and horse beans, dry",Yield,2006,kg/ha,1712.6
5000,"Broad beans and horse beans, dry",Yield,2007,kg/ha,1602.0
5000,"Broad beans and horse beans, dry",Yield,2008,kg/ha,1692.2
5000,"Broad beans and horse beans, dry",Yield,2009,kg/ha,1789.3
5000,"Broad beans and horse beans, dry",Yield,2010,kg/ha,1754.6
5000,"Broad beans and horse beans, dry",Yield,2011,kg/ha,1871.4
5000,"Broad beans and horse beans, dry",Yield,2012,kg/ha,1859.7
5000,"Broad beans and horse beans, dry",Yield,2013,kg/ha,1923.9
5000,"Broad beans and horse beans, dry",Yield,2014,kg/ha,1970.0
5000,"Broad beans and horse beans, dry",Yield,2015,kg/ha,1937.1
5000,"Broad beans and horse beans, dry",Yield,2016,kg/ha,1964.9
5000,"Broad beans and horse beans, dry",Yield,2017,kg/ha,2225.8
5000,"Broad beans and horse beans, dry",Yield,2018,kg/ha,1951.4
5000,"Broad beans and horse beans, dry",Yield,2019,kg/ha,2061.9
5000,"Broad beans and horse beans, dry",Yield,2020,kg/ha,2141.8
5000,"Broad beans and horse beans, dry",Yield,2021,kg/ha,2226.5
5000,"Broad beans and horse beans, dry",Yield,2022,kg/ha,2251.8
5000,"Broad beans and horse beans, dry",Yield,2023,kg/ha,2236.0
5000,"Broad beans and horse beans, dry",Yield,2024,kg/ha,2255.0
5000,"Broad beans and horse beans, green",Yield,1961,kg/ha,5467.3
5000,"Broad beans and horse beans, green",Yield,1962,kg/ha,5343.0
5000,"Broad beans and horse beans, green",Yield,1963,kg/ha,4947.4
5000,"Broad beans and horse beans, green",Yield,1964,kg/ha,4884.2
5000,"Broad beans and horse beans, green",Yield,1965,kg/ha,5147.2
5000,"Broad beans and horse beans, green",Yield,1966,kg/ha,5132.2
5000,"Broad beans and horse beans, green",Yield,1967,kg/ha,5356.0
5000,"Broad beans and horse beans, green",Yield,1968,kg/ha,5215.2
5000,"Broad beans and horse beans, green",Yield,1969,kg/ha,5211.6
5000,"Broad beans and horse beans, green",Yield,1970,kg/ha,5085.9
5000,"Broad beans and horse beans, green",Yield,1971,kg/ha,5395.1
5000,"Broad beans and horse beans, green",Yield,1972,kg/ha,5086.7
5000,"Broad beans and horse beans, green",Yield,1973,kg/ha,5033.9
5000,"Broad beans and horse beans, green",Yield,1974,kg/ha,5407.6
5000,"Broad beans and horse beans, green",Yield,1975,kg/ha,5602.0
5000,"Broad beans and horse beans, green",Yield,1976,kg/ha,5147.8
5000,"Broad beans and horse beans, green",Yield,1977,kg/ha,5173.1
5000,"Broad beans and horse beans, green",Yield,1978,kg/ha,5280.9
5000,"Broad beans and horse beans, green",Yield,1979,kg/ha,5494.0
5000,"Broad beans and horse beans, green",Yield,1980,kg/ha,5537.1
5000,"Broad beans and horse beans, green",Yield,1981,kg/ha,5104.7
5000,"Broad beans and horse beans, green",Yield,1982,kg/ha,5640.0
5000,"Broad beans and horse beans, green",Yield,1983,kg/ha,5574.2
5000,"Broad beans and horse beans, green",Yield,1984,kg/ha,5094.6
5000,"Broad beans and horse beans, green",Yield,1985,kg/ha,5030.8
5000,"Broad beans and horse beans, green",Yield,1986,kg/ha,5316.9
5000,"Broad beans and horse beans, green",Yield,1987,kg/ha,5073.6
5000,"Broad beans and horse beans, green",Yield,1988,kg/ha,5324.6
5000,"Broad beans and horse beans, green",Yield,1989,kg/ha,4998.9
5000,"Broad beans and horse beans, green",Yield,1990,kg/ha,5209.0
5000,"Broad beans and horse beans, green",Yield,1991,kg/ha,5382.6
5000,"Broad beans and horse beans, green",Yield,1992,kg/ha,5536.0
5000,"Broad beans and horse beans, green",Yield,1993,kg/ha,4973.9
5000,"Broad beans and horse beans, green",Yield,1994,kg/ha,5125.5
5000,"Broad beans and horse beans, green",Yield,1995,kg/ha,5482.7
5000,"Broad beans and horse beans, green",Yield,1996,kg/ha,5386.5
5000,"Broad beans and horse beans, green",Yield,1997,kg/ha,5202.9
5000,"Broad beans and horse beans, green",Yield,1998,kg/ha,5370.6
5000,"Broad beans and horse beans, green",Yield,1999,kg/ha,5829.7
5000,"Broad beans and horse beans, green",Yield,2000,kg/ha,5403.7
5000,"Broad beans and horse beans, green",Yield,2001,kg/ha,5686.8
5000,"Broad beans and horse beans, green",Yield,2002,kg/ha,5913.0
5000,"Broad beans and horse beans, green",Yield,2003,kg/ha,6412.1
5000,"Broad beans and horse beans, green",Yield,2004,kg/ha,6403.1
5000,"Broad beans and horse beans, green",Yield,2005,kg/ha,5998.5
5000,"Broad beans and horse beans, green",Yield,2006,kg/ha,6095.0
5000,"Broad beans and horse beans, green",Yield,2007,kg/ha,6000.3
5000,"Broad beans and horse beans, green",Yield,2008,kg/ha,6571.4
5000,"Broad beans and horse beans, green",Yield,2009,kg/ha,6850.7
5000,"Broad beans and horse beans, green",Yield,2010,kg/ha,6921.2
5000,"Broad beans and horse beans, green",Yield,2011,kg/ha,6245.8
5000,"Broad beans and horse beans, green",Yield,2012,kg/ha,6205.8
5000,"Broad beans and horse beans, green",Yield,2013,kg/ha,6674.3
5000,"Broad beans and horse beans, green",Yield,2014,kg/ha,6719.9
5000,"Broad beans and horse beans, green",Yield,2015,kg/ha,6498.4
5000,"Broad beans and horse beans, green",Yield,2016,kg/ha,6530.5
5000,"Broad beans and horse beans, green",Yield,2017,kg/ha,6555.3
5000,"Broad beans and horse beans, green",Yield,2018,kg/ha,6799.6
5000,"Broad beans and horse beans, green",Yield,2019,kg/ha,6472.8
5000,"Broad beans and horse beans, green",Yield,2020,kg/ha,6451.1
5000,"Broad beans and horse beans, green",Yield,2021,kg/ha,6387.9
5000,"Broad beans and horse beans, green",Yield,2022,kg/ha,6318.4
5000,"Broad beans and horse beans, green",Yield,2023,kg/ha,6398.0
5000,"Broad beans and horse beans, green",Yield,2024,kg/ha,6282.6
5000,Buckwheat,Yield,1961,kg/ha,534.4
5000,Buckwheat,Yield,1962,kg/ha,455.9
5000,Buckwheat,Yield,1963,kg/ha,429.0
5000,Buckwheat,Yield,1964,kg/ha,536.8
5000,Buckwheat,Yield,1965,kg/ha,599.0
5000,Buckwheat,Yield,1966,kg/ha,533.6
5000,Buckwheat,Yield,1967,kg/ha,643.6
5000,Buckwheat,Yield,1968,kg/ha,719.2
5000,Buckwheat,Yield,1969,kg/ha,652.5
5000,Buckwheat,Yield,1970,kg/ha,655.6
5000,Buckwheat,Yield,1971,kg/ha,749.3
5000,Buckwheat,Yield,1972,kg/ha,660.0
5000,Buckwheat,Yield,1973,kg/ha,861.2
5000,Buckwheat,Yield,1974,kg/ha,880.8
5000,Buckwheat,Yield,1975,kg/ha,898.3
5000,Buckwheat,Yield,1976,kg/ha,968.6
5000,Buckwheat,Yield,1977,kg/ha,825.8
5000,Buckwheat,Yield,1978,kg/ha,910.1
5000,Buckwheat,Yield,1979,kg/ha,1002.5
5000,Buckwheat,Yield,1980,kg/ha,887.4
5000,Buckwheat,Yield,1981,kg/ha,862.7
5000,Buckwheat,Yield,1982,kg/ha,1023.0
5000,Buckwheat,Yield,1983,kg/ha,948.1
5000,Buckwheat,Yield,1984,kg/ha,1047.8
5000,Buckwheat,Yield,1985,kg/ha,923.8
5000,Buckwheat,Yield,1986,kg/ha,851.7
5000,Buckwheat,Yield,1987,kg/ha,1003.5
5000,Buckwheat,Yield,1988,kg/ha,871.5
5000,Buckwheat,Yield,1989,kg/ha,909.2
5000,Buckwheat,Yield,1990,kg/ha,999.2
5000,Buckwheat,Yield,1991,kg/ha,919.4
5000,Buckwheat,Yield,1992,kg/ha,996.9
5000,Buckwheat,Yield,1993,kg/ha,972.2
5000,Buckwheat,Yield,1994,kg/ha,913.2
5000,Buckwheat,Yield,1995,kg/ha,1043.4
5000,Buckwheat,Yield,1996,kg/ha,1083.2
5000,Buckwheat,Yield,1997,kg/ha,1290.5
5000,Buckwheat,Yield,1998,kg/ha,1150.2
5000,Buckwheat,Yield,1999,kg/ha,1016.2
5000,Buckwheat,Yield,2000,kg/ha,1090.6
5000,Buckwheat,Yield,2001,kg/ha,838.0
5000,Buckwheat,Yield,2002,kg/ha,885.0
5000,Buckwheat,Yield,2003,kg/ha,1196.7
5000,Buckwheat,Yield,2004,kg/ha,944.1
5000,Buckwheat,Yield,2005,kg/ha,838.3
5000,Buckwheat,Yield,2006,kg/ha,705.5
5000,Buckwheat,Yield,2007,kg/ha,868.4
5000,Buckwheat,Yield,2008,kg/ha,915.2
5000,Buckwheat,Yield,2009,kg/ha,888.7
5000,Buckwheat,Yield,2010,kg/ha,761.1
5000,Buckwheat,Yield,2011,kg/ha,1012.6
5000,Buckwheat,Yield,2012,kg/ha,908.1
5000,Buckwheat,Yield,2013,kg/ha,1000.1
5000,Buckwheat,Yield,2014,kg/ha,961.4
5000,Buckwheat,Yield,2015,kg/ha,949.9
5000,Buckwheat,Yield,2016,kg/ha,1046.5
5000,Buckwheat,Yield,2017,kg/ha,1032.5
5000,Buckwheat,Yield,2018,kg/ha,920.0
5000,Buckwheat,Yield,2019,kg/ha,937.8
5000,Buckwheat,Yield,2020,kg/ha,973.1
5000,Buckwheat,Yield,2021,kg/ha,935.4
5000,Buckwheat,Yield,2022,kg/ha,997.8
5000,Buckwheat,Yield,2023,kg/ha,1001.6
5000,Buckwheat,Yield,2024,kg/ha,1002.2
5000,Cabbages,Yield,1961,kg/ha,17285.4
5000,Cabbages,Yield,1962,kg/ha,16868.7
5000,Cabbages,Yield,1963,kg/ha,17755.2
5000,Cabbages,Yield,1964,kg/ha,18882.9
5000,Cabbages,Yield,1965,kg/ha,19153.1
5000,Cabbages,Yield,1966,kg/ha,19914.1
5000,Cabbages,Yield,1967,kg/ha,20470.4
5000,Cabbages,Yield,1968,kg/ha,20192.9
5000,Cabbages,Yield,1969,kg/ha,19976.5
5000,Cabbages,Yield,1970,kg/ha,20701.2
5000,Cabbages,Yield,1971,kg/ha,20618.0
5000,Cabbages,Yield,1972,kg/ha,20266.3
5000,Cabbages,Yield,1973,kg/ha,21748.8
5000,Cabbages,Yield,1974,kg/ha,21725.4
5000,Cabbages,Yield,1975,kg/ha,22440.0
5000,Cabbages,Yield,1976,kg/ha,23938.7
5000,Cabbages,Yield,1977,kg/ha,23324.4
5000,Cabbages,Yield,1978,kg/ha,24843.2
5000,Cabbages,Yield,1979,kg/ha,23200.8
5000,Cabbages,Yield,1980,kg/ha,22957.7
5000,Cabbages,Yield,1981,kg/ha,23197.9
5000,Cabbages,Yield,1982,kg/ha,24804.3
5000,Cabbages,Yield,1983,kg/ha,23901.4
5000,Cabbages,Yield,1984,kg/ha,25307.4
5000,Cabbages,Yield,1985,kg/ha,24165.7
5000,Cabbages,Yield,1986,kg/ha,23485.9
5000,Cabbages,Yield,1987,kg/ha,21475.6
5000,Cabbages,Yield,1988,kg/ha,22893.4
5000,Cabbages,Yield,1989,kg/ha,22771.3
5000,Cabbages,Yield,1990,kg/ha,23844.5
5000,Cabbages,Yield,1991,kg/ha,23618.8
5000,Cabbages,Yield,1992,kg/ha,22755.8
5000,Cabbages,Yield,1993,kg/ha,22885.2
5000,Cabbages,Yield,1994,kg/ha,22234.4
5000,Cabbages,Yield,1995,kg/ha,22960.6
5000,Cabbages,Yield,1996,kg/ha,22968.4
5000,Cabbages,Yield,1997,kg/ha,22848.6
5000,Cabbages,Yield,1998,kg/ha,22159.3
5000,Cabbages,Yield,1999,kg/ha,21776.6
5000,Cabbages,Yield,2000,kg/ha,27724.7
5000,Cabbages,Yield,2001,kg/ha,28041.9
5000,Cabbages,Yield,2002,kg/ha,27818.3
5000,Cabbages,Yield,2003,kg/ha,28215.1
5000,Cabbages,Yield,2004,kg/ha,28760.0
5000,Cabbages,Yield,2005,kg/ha,28215.2
5000,Cabbages,Yield,2006,kg/ha,29590.9
5000,Cabbages,Yield,2007,kg/ha,28735.4
5000,Cabbages,Yield,2008,kg/ha,29358.0
5000,Cabbages,Yield,2009,kg/ha,29386.2
5000,Cabbages,Yield,2010,kg/ha,29347.1
5000,Cabbages,Yield,2011,kg/ha,29668.4
5000,Cabbages,Yield,2012,kg/ha,28946.8
5000,Cabbages,Yield,2013,kg/ha,29550.0
5000,Cabbages,Yield,2014,kg/ha,30125.8
5000,Cabbages,Yield,2015,kg/ha,30082.0
5000,Cabbages,Yield,2016,kg/ha,29996.5
5000,Cabbages,Yield,2017,kg/ha,30064.2
5000,Cabbages,Yield,2018,kg/ha,30044.9
5000,Cabbages,Yield,2019,kg/ha,30104.1
5000,Cabbages,Yield,2020,kg/ha,30704.4
5000,Cabbages,Yield,2021,kg/ha,30586.5
5000,Cabbages,Yield,2022,kg/ha,30531.4
5000,Cabbages,Yield,2023,kg/ha,30613.0
5000,Cabbages,Yield,2024,kg/ha,30574.3
5000,Canary seed,Yield,1961,kg/ha,665.4
5000,Canary seed,Yield,1962,kg/ha,708.3
5000,Canary seed,Yield,1963,kg/ha,687.8
5000,Canary seed,Yield,1964,kg/ha,814.9
5000,Canary seed,Yield,1965,kg/ha,796.8
5000,Canary seed,Yield,1966,kg/ha,740.4
5000,Canary seed,Yield,1967,kg/ha,783.4
5000,Canary seed,Yield,1968,kg/ha,723.5
5000,Canary seed,Yield,1969,kg/ha,735.0
5000,Canary seed,Yield,1970,kg/ha,876.8
5000,Canary seed,Yield,1971,kg/ha,681.2
5000,Canary seed,Yield,1972,kg/ha,749.7
5000,Canary seed,Yield,1973,kg/ha,821.4
5000,Canary seed,Yield,1974,kg/ha,805.2
5000,Canary seed,Yield,1975,kg/ha,803.0
5000,Canary seed,Yield,1976,kg/ha,678.9
5000,Canary seed,Yield,1977,kg/ha,664.6
5000,Canary seed,Yield,1978,kg/ha,850.8
5000,Canary seed,Yield,1979,kg/ha,873.2
5000,Canary seed,Yield,1980,kg/ha,840.0
5000,Canary seed,Yield,1981,kg/ha,796.6
5000,Canary seed,Yield,1982,kg/ha,868.1
5000,Canary seed,Yield,1983,kg/ha,1066.6
5000,Canary seed,Yield,1984,kg/ha,949.0
5000,Canary seed,Yield,1985,kg/ha,1033.6
5000,Canary seed,Yield,1986,kg/ha,1207.8
5000,Canary seed,Yield,1987,kg/ha,1058.9
5000,Canary seed,Yield,1988,kg/ha,733.4
5000,Canary seed,Yield,1989,kg/ha,961.4
5000,Canary seed,Yield,1990,kg/ha,1215.4
5000,Canary seed,Yield,1991,kg/ha,1068.7
5000,Canary seed,Yield,1992,kg/ha,1145.1
5000,Canary seed,Yield,1993,kg/ha,1040.0
5000,Canary seed,Yield,1994,kg/ha,1121.0
5000,Canary seed,Yield,1995,kg/ha,1021.7
5000,Canary seed,Yield,1996,kg/ha,1169.4
5000,Canary seed,Yield,1997,kg/ha,979.7
5000,Canary seed,Yield,1998,kg/ha,1113.2
5000,Canary seed,Yield,1999,kg/ha,1046.7
5000,Canary seed,Yield,2000,kg/ha,955.2
5000,Canary seed,Yield,2001,kg/ha,717.6
5000,Canary seed,Yield,2002,kg/ha,755.9
5000,Canary seed,Yield,2003,kg/ha,797.6
5000,Canary seed,Yield,2004,kg/ha,851.8
5000,Canary seed,Yield,2005,kg/ha,962.5
5000,Canary seed,Yield,2006,kg/ha,774.8
5000,Canary seed,Yield,2007,kg/ha,754.4
5000,Canary seed,Yield,2008,kg/ha,928.6
5000,Canary seed,Yield,2009,kg/ha,978.9
5000,Canary seed,Yield,2010,kg/ha,792.0
5000,Canary seed,Yield,2011,kg/ha,889.8
5000,Canary seed,Yield,2012,kg/ha,895.3
5000,Canary seed,Yield,2013,kg/ha,981.2
5000,Canary seed,Yield,2014,kg/ha,977.9
5000,Canary seed,Yield,2015,kg/ha,898.6
5000,Canary seed,Yield,2016,kg/ha,1015.3
5000,Canary seed,Yield,2017,kg/ha,1004.0
5000,Canary seed,Yield,2018,kg/ha,1002.0
5000,Canary seed,Yield,2019,kg/ha,1079.5
5000,Canary seed,Yield,2020,kg/ha,1184.3
5000,Canary seed,Yield,2021,kg/ha,867.9
5000,Canary seed,Yield,2022,kg/ha,981.1
5000,Canary seed,Yield,2023,kg/ha,808.9
5000,Canary seed,Yield,2024,kg/ha,1117.5
5000,Cantaloupes and other melons,Yield,1961,kg/ha,11146.5
5000,Cantaloupes and other melons,Yield,1962,kg/ha,11638.3
5000,Cantaloupes and other melons,Yield,1963,kg/ha,12143.3
5000,Cantaloupes and other melons,Yield,1964,kg/ha,12183.9
5000,Cantaloupes and other melons,Yield,1965,kg/ha,12579.1
5000,Cantaloupes and other melons,Yield,1966,kg/ha,12613.3
5000,Cantaloupes and other melons,Yield,1967,kg/ha,12689.7
5000,Cantaloupes and other melons,Yield,1968,kg/ha,12841.1
5000,Cantaloupes and other melons,Yield,1969,kg/ha,12938.3
5000,Cantaloupes and other melons,Yield,1970,kg/ha,12988.6
5000,Cantaloupes and other melons,Yield,1971,kg/ha,13258.4
5000,Cantaloupes and other melons,Yield,1972,kg/ha,13368.4
5000,Cantaloupes and other melons,Yield,1973,kg/ha,13153.3
5000,Cantaloupes and other melons,Yield,1974,kg/ha,13637.0
5000,Cantaloupes and other melons,Yield,1975,kg/ha,14229.3
5000,Cantaloupes and other melons,Yield,1976,kg/ha,14004.5
5000,Cantaloupes and other melons,Yield,1977,kg/ha,13868.8
5000,Cantaloupes and other melons,Yield,1978,kg/ha,13915.7
5000,Cantaloupes and other melons,Yield,1979,kg/ha,14395.0
5000,Cantaloupes and other melons,Yield,1980,kg/ha,14076.6
5000,Cantaloupes and other melons,Yield,1981,kg/ha,14690.9
5000,Cantaloupes and other melons,Yield,1982,kg/ha,14738.9
5000,Cantaloupes and other melons,Yield,1983,kg/ha,14455.9
5000,Cantaloupes and other melons,Yield,1984,kg/ha,14973.4
5000,Cantaloupes and other melons,Yield,1985,kg/ha,15525.2
5000,Cantaloupes and other melons,Yield,1986,kg/ha,15515.5
5000,Cantaloupes and other melons,Yield,1987,kg/ha,15781.6
5000,Cantaloupes and other melons,Yield,1988,kg/ha,15552.0
5000,Cantaloupes and other melons,Yield,1989,kg/ha,14712.6
5000,Cantaloupes and other melons,Yield,1990,kg/ha,15131.8
5000,Cantaloupes and other melons,Yield,1991,kg/ha,15545.7
5000,Cantaloupes and other melons,Yield,1992,kg/ha,15788.5
5000,Cantaloupes and other melons,Yield,1993,kg/ha,16199.2
5000,Cantaloupes and other melons,Yield,1994,kg/ha,16557.7
5000,Cantaloupes and other melons,Yield,1995,kg/ha,17095.6
5000,Cantaloupes and other melons,Yield,1996,kg/ha,18376.2
5000,Cantaloupes and other melons,Yield,1997,kg/ha,18643.9
5000,Cantaloupes and other melons,Yield,1998,kg/ha,18496.5
5000,Cantaloupes and other melons,Yield,1999,kg/ha,19416.6
5000,Cantaloupes and other melons,Yield,2000,kg/ha,19552.9
5000,Cantaloupes and other melons,Yield,2001,kg/ha,19471.2
5000,Cantaloupes and other melons,Yield,2002,kg/ha,20304.6
5000,Cantaloupes and other melons,Yield,2003,kg/ha,20048.5
5000,Cantaloupes and other melons,Yield,2004,kg/ha,20932.2
5000,Cantaloupes and other melons,Yield,2005,kg/ha,20966.5
5000,Cantaloupes and other melons,Yield,2006,kg/ha,21517.7
5000,Cantaloupes and other melons,Yield,2007,kg/ha,22375.2
5000,Cantaloupes and other melons,Yield,2008,kg/ha,23046.3
5000,Cantaloupes and other melons,Yield,2009,kg/ha,23480.2
5000,Cantaloupes and other melons,Yield,2010,kg/ha,23167.5
5000,Cantaloupes and other melons,Yield,2011,kg/ha,23436.4
5000,Cantaloupes and other melons,Yield,2012,kg/ha,23875.7
5000,Cantaloupes and other melons,Yield,2013,kg/ha,24234.6
5000,Cantaloupes and other melons,Yield,2014,kg/ha,24489.8
5000,Cantaloupes and other melons,Yield,2015,kg/ha,24379.7
5000,Cantaloupes and other melons,Yield,2016,kg/ha,24373.8
5000,Cantaloupes and other melons,Yield,2017,kg/ha,25602.1
5000,Cantaloupes and other melons,Yield,2018,kg/ha,26162.3
5000,Cantaloupes and other melons,Yield,2019,kg/ha,26174.7
5000,Cantaloupes and other melons,Yield,2020,kg/ha,26396.8
5000,Cantaloupes and other melons,Yield,2021,kg/ha,26265.9
5000,Cantaloupes and other melons,Yield,2022,kg/ha,26566.4
5000,Cantaloupes and other melons,Yield,2023,kg/ha,27120.7
5000,Cantaloupes and other melons,Yield,2024,kg/ha,27093.4
5000,Carrots and turnips,Yield,1961,kg/ha,16114.4
5000,Carrots and turnips,Yield,1962,kg/ha,16054.9
5000,Carrots and turnips,Yield,1963,kg/ha,17034.2
5000,Carrots and turnips,Yield,1964,kg/ha,17115.4
5000,Carrots and turnips,Yield,1965,kg/ha,17128.5
5000,Carrots and turnips,Yield,1966,kg/ha,18053.1
5000,Carrots and turnips,Yield,1967,kg/ha,18474.1
5000,Carrots and turnips,Yield,1968,kg/ha,18524.6
5000,Carrots and turnips,Yield,1969,kg/ha,18577.4
5000,Carrots and turnips,Yield,1970,kg/ha,18377.7
5000,Carrots and turnips,Yield,1971,kg/ha,18665.7
5000,Carrots and turnips,Yield,1972,kg/ha,18483.3
5000,Carrots and turnips,Yield,1973,kg/ha,19256.8
5000,Carrots and turnips,Yield,1974,kg/ha,19055.9
5000,Carrots and turnips,Yield,1975,kg/ha,18337.7
5000,Carrots and turnips,Yield,1976,kg/ha,18225.9
5000,Carrots and turnips,Yield,1977,kg/ha,20279.5
5000,Carrots and turnips,Yield,1978,kg/ha,20379.9
5000,Carrots and turnips,Yield,1979,kg/ha,19680.6
5000,Carrots and turnips,Yield,1980,kg/ha,19812.4
5000,Carrots and turnips,Yield,1981,kg/ha,19566.9
5000,Carrots and turnips,Yield,1982,kg/ha,20550.6
5000,Carrots and turnips,Yield,1983,kg/ha,20208.6
5000,Carrots and turnips,Yield,1984,kg/ha,21767.3
5000,Carrots and turnips,Yield,1985,kg/ha,21288.8
5000,Carrots and turnips,Yield,1986,kg/ha,21508.3
5000,Carrots and turnips,Yield,1987,kg/ha,21837.5
5000,Carrots and turnips,Yield,1988,kg/ha,21422.6
5000,Carrots and turnips,Yield,1989,kg/ha,21318.4
5000,Carrots and turnips,Yield,1990,kg/ha,21911.5
5000,Carrots and turnips,Yield,1991,kg/ha,20707.0
5000,Carrots and turnips,Yield,1992,kg/ha,22029.9
5000,Carrots and turnips,Yield,1993,kg/ha,22869.5
5000,Carrots and turnips,Yield,1994,kg/ha,21872.2
5000,Carrots and turnips,Yield,1995,kg/ha,22014.6
5000,Carrots and turnips,Yield,1996,kg/ha,22711.6
5000,Carrots and turnips,Yield,1997,kg/ha,22698.2
5000,Carrots and turnips,Yield,1998,kg/ha,21746.8
5000,Carrots and turnips,Yield,1999,kg/ha,21715.2
5000,Carrots and turnips,Yield,2000,kg/ha,21724.7
5000,Carrots and turnips,Yield,2001,kg/ha,21882.1
5000,Carrots and turnips,Yield,2002,kg/ha,22198.2
5000,Carrots and turnips,Yield,2003,kg/ha,22907.1
5000,Carrots and turnips,Yield,2004,kg/ha,23182.7
5000,Carrots and turnips,Yield,2005,kg/ha,24127.2
5000,Carrots and turnips,Yield,2006,kg/ha,24923.7
5000,Carrots and turnips,Yield,2007,kg/ha,26460.7
5000,Carrots and turnips,Yield,2008,kg/ha,29221.3
5000,Carrots and turnips,Yield,2009,kg/ha,29918.6
5000,Carrots and turnips,Yield,2010,kg/ha,29686.1
5000,Carrots and turnips,Yield,2011,kg/ha,30102.8
5000,Carrots and turnips,Yield,2012,kg/ha,31027.6
5000,Carrots and turnips,Yield,2013,kg/ha,33005.1
5000,Carrots and turnips,Yield,2014,kg/ha,34395.9
5000,Carrots and turnips,Yield,2015,kg/ha,33974.2
5000,Carrots and turnips,Yield,2016,kg/ha,33721.5
5000,Carrots and turnips,Yield,2017,kg/ha,33866.7
5000,Carrots and turnips,Yield,2018,kg/ha,33946.2
5000,Carrots and turnips,Yield,2019,kg/ha,34614.5
5000,Carrots and turnips,Yield,2020,kg/ha,34385.0
5000,Carrots and turnips,Yield,2021,kg/ha,35587.6
5000,Carrots and turnips,Yield,2022,kg/ha,35167.7
5000,Carrots and turnips,Yield,2023,kg/ha,35608.0
5000,Carrots and turnips,Yield,2024,kg/ha,35622.3
5000,"Cashew nuts, in shell",Yield,1961,kg/ha,499.0
5000,"Cashew nuts, in shell",Yield,1962,kg/ha,512.7
5000,"Cashew nuts, in shell",Yield,1963,kg/ha,512.7
5000,"Cashew nuts, in shell",Yield,1964,kg/ha,542.9
5000,"Cashew nuts, in shell",Yield,1965,kg/ha,535.5
5000,"Cashew nuts, in shell",Yield,1966,kg/ha,519.6
5000,"Cashew nuts, in shell",Yield,1967,kg/ha,505.9
5000,"Cashew nuts, in shell",Yield,1968,kg/ha,533.4
5000,"Cashew nuts, in shell",Yield,1969,kg/ha,511.1
5000,"Cashew nuts, in shell",Yield,1970,kg/ha,510.9
5000,"Cashew nuts, in shell",Yield,1971,kg/ha,515.4
5000,"Cashew nuts, in shell",Yield,1972,kg/ha,525.6
5000,"Cashew nuts, in shell",Yield,1973,kg/ha,549.4
5000,"Cashew nuts, in shell",Yield,1974,kg/ha,522.0
5000,"Cashew nuts, in shell",Yield,1975,kg/ha,475.4
5000,"Cashew nuts, in shell",Yield,1976,kg/ha,471.6
5000,"Cashew nuts, in shell",Yield,1977,kg/ha,478.4
5000,"Cashew nuts, in shell",Yield,1978,kg/ha,471.2
5000,"Cashew nuts, in shell",Yield,1979,kg/ha,434.3
5000,"Cashew nuts, in shell",Yield,1980,kg/ha,409.9
5000,"Cashew nuts, in shell",Yield,1981,kg/ha,402.9
5000,"Cashew nuts, in shell",Yield,1982,kg/ha,379.0
5000,"Cashew nuts, in shell",Yield,1983,kg/ha,382.8
5000,"Cashew nuts, in shell",Yield,1984,kg/ha,357.9
5000,"Cashew nuts, in shell",Yield,1985,kg/ha,412.2
5000,"Cashew nuts, in shell",Yield,1986,kg/ha,415.4
5000,"Cashew nuts, in shell",Yield,1987,kg/ha,397.4
5000,"Cashew nuts, in shell",Yield,1988,kg/ha,434.1
5000,"Cashew nuts, in shell",Yield,1989,kg/ha,438.4
5000,"Cashew nuts, in shell",Yield,1990,kg/ha,469.0
5000,"Cashew nuts, in shell",Yield,1991,kg/ha,450.6
5000,"Cashew nuts, in shell",Yield,1992,kg/ha,443.6
5000,"Cashew nuts, in shell",Yield,1993,kg/ha,436.1
5000,"Cashew nuts, in shell",Yield,1994,kg/ha,487.8
5000,"Cashew nuts, in shell",Yield,1995,kg/ha,494.0
5000,"Cashew nuts, in shell",Yield,1996,kg/ha,517.3
5000,"Cashew nuts, in shell",Yield,1997,kg/ha,466.0
5000,"Cashew nuts, in shell",Yield,1998,kg/ha,424.8
5000,"Cashew nuts, in shell",Yield,1999,kg/ha,535.1
5000,"Cashew nuts, in shell",Yield,2000,kg/ha,567.3
5000,"Cashew nuts, in shell",Yield,2001,kg/ha,561.7
5000,"Cashew nuts, in shell",Yield,2002,kg/ha,547.4
5000,"Cashew nuts, in shell",Yield,2003,kg/ha,566.2
5000,"Cashew nuts, in shell",Yield,2004,kg/ha,589.8
5000,"Cashew nuts, in shell",Yield,2005,kg/ha,601.8
5000,"Cashew nuts, in shell",Yield,2006,kg/ha,602.1
5000,"Cashew nuts, in shell",Yield,2007,kg/ha,586.0
5000,"Cashew nuts, in shell",Yield,2008,kg/ha,629.9
5000,"Cashew nuts, in shell",Yield,2009,kg/ha,594.3
5000,"Cashew nuts, in shell",Yield,2010,kg/ha,594.4
5000,"Cashew nuts, in shell",Yield,2011,kg/ha,593.2
5000,"Cashew nuts, in shell",Yield,2012,kg/ha,547.3
5000,"Cashew nuts, in shell",Yield,2013,kg/ha,538.1
5000,"Cashew nuts, in shell",Yield,2014,kg/ha,527.2
5000,"Cashew nuts, in shell",Yield,2015,kg/ha,545.0
5000,"Cashew nuts, in shell",Yield,2016,kg/ha,554.1
5000,"Cashew nuts, in shell",Yield,2017,kg/ha,582.2
5000,"Cashew nuts, in shell",Yield,2018,kg/ha,559.1
5000,"Cashew nuts, in shell",Yield,2019,kg/ha,638.3
5000,"Cashew nuts, in shell",Yield,2020,kg/ha,637.5
5000,"Cashew nuts, in shell",Yield,2021,kg/ha,662.7
5000,"Cashew nuts, in shell",Yield,2022,kg/ha,639.3
5000,"Cashew nuts, in shell",Yield,2023,kg/ha,666.7
5000,"Cashew nuts, in shell",Yield,2024,kg/ha,611.1
5000,Cashewapple,Yield,1961,kg/ha,4203.5
5000,Cashewapple,Yield,1962,kg/ha,4197.2
5000,Cashewapple,Yield,1963,kg/ha,4282.4
5000,Cashewapple,Yield,1964,kg/ha,4239.7
5000,Cashewapple,Yield,1965,kg/ha,4415.2
5000,Cashewapple,Yield,1966,kg/ha,4027.6
5000,Cashewapple,Yield,1967,kg/ha,4520.4
5000,Cashewapple,Yield,1968,kg/ha,5144.9
5000,Cashewapple,Yield,1969,kg/ha,4892.4
5000,Cashewapple,Yield,1970,kg/ha,4274.3
5000,Cashewapple,Yield,1971,kg/ha,4539.0
5000,Cashewapple,Yield,1972,kg/ha,4694.2
5000,Cashewapple,Yield,1973,kg/ha,4735.3
5000,Cashewapple,Yield,1974,kg/ha,4762.7
5000,Cashewapple,Yield,1975,kg/ha,3836.3
5000,Cashewapple,Yield,1976,kg/ha,4493.5
5000,Cashewapple,Yield,1977,kg/ha,4470.4
5000,Cashewapple,Yield,1978,kg/ha,5305.7
5000,Cashewapple,Yield,1979,kg/ha,3306.9
5000,Cashewapple,Yield,1980,kg/ha,3408.8
5000,Cashewapple,Yield,1981,kg/ha,3459.8
5000,Cashewapple,Yield,1982,kg/ha,3843.0
5000,Cashewapple,Yield,1983,kg/ha,1698.5
5000,Cashewapple,Yield,1984,kg/ha,3432.9
5000,Cashewapple,Yield,1985,kg/ha,3082.2
5000,Cashewapple,Yield,1986,kg/ha,2088.9
5000,Cashewapple,Yield,1987,kg/ha,2407.9
5000,Cashewapple,Yield,1988,kg/ha,2475.6
5000,Cashewapple,Yield,1989,kg/ha,2454.8
5000,Cashewapple,Yield,1990,kg/ha,2353.0
5000,Cashewapple,Yield,1991,kg/ha,2365.8
5000,Cashewapple,Yield,1992,kg/ha,2404.1
5000,Cashewapple,Yield,1993,kg/ha,2377.0
5000,Cashewapple,Yield,1994,kg/ha,2320.9
5000,Cashewapple,Yield,1995,kg/ha,2328.3
5000,Cashewapple,Yield,1996,kg/ha,2996.9
5000,Cashewapple,Yield,1997,kg/ha,2913.2
5000,Cashewapple,Yield,1998,kg/ha,2379.3
5000,Cashewapple,Yield,1999,kg/ha,2484.4
5000,Cashewapple,Yield,2000,kg/ha,2496.5
5000,Cashewapple,Yield,2001,kg/ha,2465.1
5000,Cashewapple,Yield,2002,kg/ha,2446.0
5000,Cashewapple,Yield,2003,kg/ha,2390.5
5000,Cashewapple,Yield,2004,kg/ha,2372.1
5000,Cashewapple,Yield,2005,kg/ha,2394.1
5000,Cashewapple,Yield,2006,kg/ha,2374.1
5000,Cashewapple,Yield,2007,kg/ha,2417.8
5000,Cashewapple,Yield,2008,kg/ha,2415.8
5000,Cashewapple,Yield,2009,kg/ha,2417.5
5000,Cashewapple,Yield,2010,kg/ha,2401.9
5000,Cashewapple,Yield,2011,kg/ha,2427.4
5000,Cashewapple,Yield,2012,kg/ha,2420.5
5000,Cashewapple,Yield,2013,kg/ha,2614.0
5000,Cashewapple,Yield,2014,kg/ha,2790.7
5000,Cashewapple,Yield,2015,kg/ha,2714.8
5000,Cashewapple,Yield,2016,kg/ha,2603.0
5000,Cashewapple,Yield,2017,kg/ha,2550.2
5000,Cashewapple,Yield,2018,kg/ha,2615.8
5000,Cashewapple,Yield,2019,kg/ha,2619.4
5000,Cashewapple,Yield,2020,kg/ha,2648.4
5000,Cashewapple,Yield,2021,kg/ha,2669.4
5000,Cashewapple,Yield,2022,kg/ha,2670.0
5000,Cashewapple,Yield,2023,kg/ha,2677.9
5000,Cashewapple,Yield,2024,kg/ha,2685.2
5000,Cassava leaves,Yield,1990,kg/ha,10000.0
5000,"Cassava, fresh",Yield,1961,kg/ha,7404.3
5000,"Cassava, fresh",Yield,1962,kg/ha,7546.1
5000,"Cassava, fresh",Yield,1963,kg/ha,7607.8
5000,"Cassava, fresh",Yield,1964,kg/ha,7904.4
5000,"Cassava, fresh",Yield,1965,kg/ha,7935.8
5000,"Cassava, fresh",Yield,1966,kg/ha,7960.6
5000,"Cassava, fresh",Yield,1967,kg/ha,8020.6
5000,"Cassava, fresh",Yield,1968,kg/ha,8303.9
5000,"Cassava, fresh",Yield,1969,kg/ha,8348.6
5000,"Cassava, fresh",Yield,1970,kg/ha,8486.0
5000,"Cassava, fresh",Yield,1971,kg/ha,8363.4
5000,"Cassava, fresh",Yield,1972,kg/ha,8421.8
5000,"Cassava, fresh",Yield,1973,kg/ha,8170.3
5000,"Cassava, fresh",Yield,1974,kg/ha,8167.6
5000,"Cassava, fresh",Yield,1975,kg/ha,8598.1
5000,"Cassava, fresh",Yield,1976,kg/ha,8844.4
5000,"Cassava, fresh",Yield,1977,kg/ha,8935.4
5000,"Cassava, fresh",Yield,1978,kg/ha,9044.2
5000,"Cassava, fresh",Yield,1979,kg/ha,9006.7
5000,"Cassava, fresh",Yield,1980,kg/ha,9126.7
5000,"Cassava, fresh",Yield,1981,kg/ha,9258.4
5000,"Cassava, fresh",Yield,1982,kg/ha,9215.9
5000,"Cassava, fresh",Yield,1983,kg/ha,9330.1
5000,"Cassava, fresh",Yield,1984,kg/ha,9428.4
5000,"Cassava, fresh",Yield,1985,kg/ha,9820.7
5000,"Cassava, fresh",Yield,1986,kg/ha,9629.0
5000,"Cassava, fresh",Yield,1987,kg/ha,9742.1
5000,"Cassava, fresh",Yield,1988,kg/ha,9887.8
5000,"Cassava, fresh",Yield,1989,kg/ha,9957.0
5000,"Cassava, fresh",Yield,1990,kg/ha,10018.3
5000,"Cassava, fresh",Yield,1991,kg/ha,9828.2
5000,"Cassava, fresh",Yield,1992,kg/ha,9752.6
5000,"Cassava, fresh",Yield,1993,kg/ha,9850.2
5000,"Cassava, fresh",Yield,1994,kg/ha,9801.8
5000,"Cassava, fresh",Yield,1995,kg/ha,9859.9
5000,"Cassava, fresh",Yield,1996,kg/ha,9758.3
5000,"Cassava, fresh",Yield,1997,kg/ha,10096.5
5000,"Cassava, fresh",Yield,1998,kg/ha,9851.1
5000,"Cassava, fresh",Yield,1999,kg/ha,10047.0
5000,"Cassava, fresh",Yield,2000,kg/ha,10375.4
5000,"Cassava, fresh",Yield,2001,kg/ha,10678.8
5000,"Cassava, fresh",Yield,2002,kg/ha,10802.7
5000,"Cassava, fresh",Yield,2003,kg/ha,10751.5
5000,"Cassava, fresh",Yield,2004,kg/ha,11108.5
5000,"Cassava, fresh",Yield,2005,kg/ha,11136.6
5000,"Cassava, fresh",Yield,2006,kg/ha,11865.9
5000,"Cassava, fresh",Yield,2007,kg/ha,11942.2
5000,"Cassava, fresh",Yield,2008,kg/ha,12085.4
5000,"Cassava, fresh",Yield,2009,kg/ha,12160.7
5000,"Cassava, fresh",Yield,2010,kg/ha,11768.6
5000,"Cassava, fresh",Yield,2011,kg/ha,11839.0
5000,"Cassava, fresh",Yield,2012,kg/ha,10911.2
5000,"Cassava, fresh",Yield,2013,kg/ha,10841.4
5000,"Cassava, fresh",Yield,2014,kg/ha,11077.0
5000,"Cassava, fresh",Yield,2015,kg/ha,10691.1
5000,"Cassava, fresh",Yield,2016,kg/ha,11156.1
5000,"Cassava, fresh",Yield,2017,kg/ha,10942.7
5000,"Cassava, fresh",Yield,2018,kg/ha,11269.1
5000,"Cassava, fresh",Yield,2019,kg/ha,10189.7
5000,"Cassava, fresh",Yield,2020,kg/ha,10210.8
5000,"Cassava, fresh",Yield,2021,kg/ha,10213.3
5000,"Cassava, fresh",Yield,2022,kg/ha,10255.5
5000,"Cassava, fresh",Yield,2023,kg/ha,10265.4
5000,"Cassava, fresh",Yield,2024,kg/ha,10186.2
5000,Castor oil seeds,Yield,1961,kg/ha,470.3
5000,Castor oil seeds,Yield,1962,kg/ha,479.0
5000,Castor oil seeds,Yield,1963,kg/ha,493.3
5000,Castor oil seeds,Yield,1964,kg/ha,532.6
5000,Castor oil seeds,Yield,1965,kg/ha,546.6
5000,Castor oil seeds,Yield,1966,kg/ha,608.9
5000,Castor oil seeds,Yield,1967,kg/ha,612.6
5000,Castor oil seeds,Yield,1968,kg/ha,612.1
5000,Castor oil seeds,Yield,1969,kg/ha,611.3
5000,Castor oil seeds,Yield,1970,kg/ha,563.2
5000,Castor oil seeds,Yield,1971,kg/ha,588.5
5000,Castor oil seeds,Yield,1972,kg/ha,576.0
5000,Castor oil seeds,Yield,1973,kg/ha,606.3
5000,Castor oil seeds,Yield,1974,kg/ha,596.6
5000,Castor oil seeds,Yield,1975,kg/ha,571.1
5000,Castor oil seeds,Yield,1976,kg/ha,497.1
5000,Castor oil seeds,Yield,1977,kg/ha,594.5
5000,Castor oil seeds,Yield,1978,kg/ha,616.0
5000,Castor oil seeds,Yield,1979,kg/ha,620.2
5000,Castor oil seeds,Yield,1980,kg/ha,504.0
5000,Castor oil seeds,Yield,1981,kg/ha,593.3
5000,Castor oil seeds,Yield,1982,kg/ha,578.3
5000,Castor oil seeds,Yield,1983,kg/ha,655.4
5000,Castor oil seeds,Yield,1984,kg/ha,650.7
5000,Castor oil seeds,Yield,1985,kg/ha,706.5
5000,Castor oil seeds,Yield,1986,kg/ha,573.8
5000,Castor oil seeds,Yield,1987,kg/ha,611.1
5000,Castor oil seeds,Yield,1988,kg/ha,661.3
5000,Castor oil seeds,Yield,1989,kg/ha,701.1
5000,Castor oil seeds,Yield,1990,kg/ha,818.0
5000,Castor oil seeds,Yield,1991,kg/ha,806.1
5000,Castor oil seeds,Yield,1992,kg/ha,883.6
5000,Castor oil seeds,Yield,1993,kg/ha,827.4
5000,Castor oil seeds,Yield,1994,kg/ha,935.6
5000,Castor oil seeds,Yield,1995,kg/ha,874.4
5000,Castor oil seeds,Yield,1996,kg/ha,1014.7
5000,Castor oil seeds,Yield,1997,kg/ha,1005.2
5000,Castor oil seeds,Yield,1998,kg/ha,1032.2
5000,Castor oil seeds,Yield,1999,kg/ha,850.6
5000,Castor oil seeds,Yield,2000,kg/ha,779.7
5000,Castor oil seeds,Yield,2001,kg/ha,805.8
5000,Castor oil seeds,Yield,2002,kg/ha,722.4
5000,Castor oil seeds,Yield,2003,kg/ha,912.2
5000,Castor oil seeds,Yield,2004,kg/ha,907.9
5000,Castor oil seeds,Yield,2005,kg/ha,942.7
5000,Castor oil seeds,Yield,2006,kg/ha,917.2
5000,Castor oil seeds,Yield,2007,kg/ha,1012.3
5000,Castor oil seeds,Yield,2008,kg/ha,1065.4
5000,Castor oil seeds,Yield,2009,kg/ha,1021.2
5000,Castor oil seeds,Yield,2010,kg/ha,1139.7
5000,Castor oil seeds,Yield,2011,kg/ha,1258.1
5000,Castor oil seeds,Yield,2012,kg/ha,1293.0
5000,Castor oil seeds,Yield,2013,kg/ha,1326.6
5000,Castor oil seeds,Yield,2014,kg/ha,1400.0
5000,Castor oil seeds,Yield,2015,kg/ha,1343.1
5000,Castor oil seeds,Yield,2016,kg/ha,1341.6
5000,Castor oil seeds,Yield,2017,kg/ha,1464.9
5000,Castor oil seeds,Yield,2018,kg/ha,1230.4
5000,Castor oil seeds,Yield,2019,kg/ha,1427.6
5000,Castor oil seeds,Yield,2020,kg/ha,1469.3
5000,Castor oil seeds,Yield,2021,kg/ha,1514.9
5000,Castor oil seeds,Yield,2022,kg/ha,1563.6
5000,Castor oil seeds,Yield,2023,kg/ha,1528.0
5000,Castor oil seeds,Yield,2024,kg/ha,1492.0
5000,Cauliflowers and broccoli,Yield,1961,kg/ha,13887.9
5000,Cauliflowers and broccoli,Yield,1962,kg/ha,12745.6
5000,Cauliflowers and broccoli,Yield,1963,kg/ha,13402.5
5000,Cauliflowers and broccoli,Yield,1964,kg/ha,13496.6
5000,Cauliflowers and broccoli,Yield,1965,kg/ha,13902.3
5000,Cauliflowers and broccoli,Yield,1966,kg/ha,13793.7
5000,Cauliflowers and broccoli,Yield,1967,kg/ha,13979.0
5000,Cauliflowers and broccoli,Yield,1968,kg/ha,13675.5
5000,Cauliflowers and broccoli,Yield,1969,kg/ha,13719.6
5000,Cauliflowers and broccoli,Yield,1970,kg/ha,13492.8
5000,Cauliflowers and broccoli,Yield,1971,kg/ha,13630.6
5000,Cauliflowers and broccoli,Yield,1972,kg/ha,13856.8
5000,Cauliflowers and broccoli,Yield,1973,kg/ha,13427.2
5000,Cauliflowers and broccoli,Yield,1974,kg/ha,13905.4
5000,Cauliflowers and broccoli,Yield,1975,kg/ha,13653.5
5000,Cauliflowers and broccoli,Yield,1976,kg/ha,13585.1
5000,Cauliflowers and broccoli,Yield,1977,kg/ha,13529.6
5000,Cauliflowers and broccoli,Yield,1978,kg/ha,13721.1
5000,Cauliflowers and broccoli,Yield,1979,kg/ha,13500.8
5000,Cauliflowers and broccoli,Yield,1980,kg/ha,13864.0
5000,Cauliflowers and broccoli,Yield,1981,kg/ha,14146.4
5000,Cauliflowers and broccoli,Yield,1982,kg/ha,14219.7
5000,Cauliflowers and broccoli,Yield,1983,kg/ha,14123.0
5000,Cauliflowers and broccoli,Yield,1984,kg/ha,14214.8
5000,Cauliflowers and broccoli,Yield,1985,kg/ha,14408.1
5000,Cauliflowers and broccoli,Yield,1986,kg/ha,14511.9
5000,Cauliflowers and broccoli,Yield,1987,kg/ha,14654.7
5000,Cauliflowers and broccoli,Yield,1988,kg/ha,15392.5
5000,Cauliflowers and broccoli,Yield,1989,kg/ha,15252.7
5000,Cauliflowers and broccoli,Yield,1990,kg/ha,15192.6
5000,Cauliflowers and broccoli,Yield,1991,kg/ha,15684.0
5000,Cauliflowers and broccoli,Yield,1992,kg/ha,17373.6
5000,Cauliflowers and broccoli,Yield,1993,kg/ha,16656.2
5000,Cauliflowers and broccoli,Yield,1994,kg/ha,17188.2
5000,Cauliflowers and broccoli,Yield,1995,kg/ha,17663.0
5000,Cauliflowers and broccoli,Yield,1996,kg/ha,17418.5
5000,Cauliflowers and broccoli,Yield,1997,kg/ha,17888.8
5000,Cauliflowers and broccoli,Yield,1998,kg/ha,18029.8
5000,Cauliflowers and broccoli,Yield,1999,kg/ha,18222.5
5000,Cauliflowers and broccoli,Yield,2000,kg/ha,18818.2
5000,Cauliflowers and broccoli,Yield,2001,kg/ha,18603.1
5000,Cauliflowers and broccoli,Yield,2002,kg/ha,18380.7
5000,Cauliflowers and broccoli,Yield,2003,kg/ha,18423.5
5000,Cauliflowers and broccoli,Yield,2004,kg/ha,18506.2
5000,Cauliflowers and broccoli,Yield,2005,kg/ha,18353.5
5000,Cauliflowers and broccoli,Yield,2006,kg/ha,18267.1
5000,Cauliflowers and broccoli,Yield,2007,kg/ha,18253.6
5000,Cauliflowers and broccoli,Yield,2008,kg/ha,18453.9
5000,Cauliflowers and broccoli,Yield,2009,kg/ha,18453.9
5000,Cauliflowers and broccoli,Yield,2010,kg/ha,18517.2
5000,Cauliflowers and broccoli,Yield,2011,kg/ha,18403.4
5000,Cauliflowers and broccoli,Yield,2012,kg/ha,18643.4
5000,Cauliflowers and broccoli,Yield,2013,kg/ha,18963.9
5000,Cauliflowers and broccoli,Yield,2014,kg/ha,19020.6
5000,Cauliflowers and broccoli,Yield,2015,kg/ha,18823.9
5000,Cauliflowers and broccoli,Yield,2016,kg/ha,18793.3
5000,Cauliflowers and broccoli,Yield,2017,kg/ha,18680.2
5000,Cauliflowers and broccoli,Yield,2018,kg/ha,18710.2
5000,Cauliflowers and broccoli,Yield,2019,kg/ha,18828.8
5000,Cauliflowers and broccoli,Yield,2020,kg/ha,18630.9
5000,Cauliflowers and broccoli,Yield,2021,kg/ha,18794.3
5000,Cauliflowers and broccoli,Yield,2022,kg/ha,18893.0
5000,Cauliflowers and broccoli,Yield,2023,kg/ha,18827.7
5000,Cauliflowers and broccoli,Yield,2024,kg/ha,18829.4
5000,Cereals n.e.c.,Yield,1961,kg/ha,596.8
5000,Cereals n.e.c.,Yield,1962,kg/ha,571.1
5000,Cereals n.e.c.,Yield,1963,kg/ha,585.8
5000,Cereals n.e.c.,Yield,1964,kg/ha,606.1
5000,Cereals n.e.c.,Yield,1965,kg/ha,623.5
5000,Cereals n.e.c.,Yield,1966,kg/ha,610.3
5000,Cereals n.e.c.,Yield,1967,kg/ha,621.4
5000,Cereals n.e.c.,Yield,1968,kg/ha,629.6
5000,Cereals n.e.c.,Yield,1969,kg/ha,623.9
5000,Cereals n.e.c.,Yield,1970,kg/ha,630.1
5000,Cereals n.e.c.,Yield,1971,kg/ha,627.2
5000,Cereals n.e.c.,Yield,1972,kg/ha,640.3
5000,Cereals n.e.c.,Yield,1973,kg/ha,742.0
5000,Cereals n.e.c.,Yield,1974,kg/ha,744.4
5000,Cereals n.e.c.,Yield,1975,kg/ha,728.4
5000,Cereals n.e.c.,Yield,1976,kg/ha,729.9
5000,Cereals n.e.c.,Yield,1977,kg/ha,750.0
5000,Cereals n.e.c.,Yield,1978,kg/ha,845.3
5000,Cereals n.e.c.,Yield,1979,kg/ha,817.6
5000,Cereals n.e.c.,Yield,1980,kg/ha,932.9
5000,Cereals n.e.c.,Yield,1981,kg/ha,942.8
5000,Cereals n.e.c.,Yield,1982,kg/ha,830.7
5000,Cereals n.e.c.,Yield,1983,kg/ha,947.0
5000,Cereals n.e.c.,Yield,1984,kg/ha,827.1
5000,Cereals n.e.c.,Yield,1985,kg/ha,711.3
5000,Cereals n.e.c.,Yield,1986,kg/ha,768.7
5000,Cereals n.e.c.,Yield,1987,kg/ha,821.1
5000,Cereals n.e.c.,Yield,1988,kg/ha,827.1
5000,Cereals n.e.c.,Yield,1989,kg/ha,882.1
5000,Cereals n.e.c.,Yield,1990,kg/ha,922.9
5000,Cereals n.e.c.,Yield,1991,kg/ha,1390.6
5000,Cereals n.e.c.,Yield,1992,kg/ha,929.4
5000,Cereals n.e.c.,Yield,1993,kg/ha,964.4
5000,Cereals n.e.c.,Yield,1994,kg/ha,929.1
5000,Cereals n.e.c.,Yield,1995,kg/ha,763.8
5000,Cereals n.e.c.,Yield,1996,kg/ha,858.7
5000,Cereals n.e.c.,Yield,1997,kg/ha,933.6
5000,Cereals n.e.c.,Yield,1998,kg/ha,800.7
5000,Cereals n.e.c.,Yield,1999,kg/ha,834.5
5000,Cereals n.e.c.,Yield,2000,kg/ha,844.5
5000,Cereals n.e.c.,Yield,2001,kg/ha,885.2
5000,Cereals n.e.c.,Yield,2002,kg/ha,939.7
5000,Cereals n.e.c.,Yield,2003,kg/ha,799.1
5000,Cereals n.e.c.,Yield,2004,kg/ha,825.5
5000,Cereals n.e.c.,Yield,2005,kg/ha,1012.4
5000,Cereals n.e.c.,Yield,2006,kg/ha,1085.4
5000,Cereals n.e.c.,Yield,2007,kg/ha,1109.0
5000,Cereals n.e.c.,Yield,2008,kg/ha,980.2
5000,Cereals n.e.c.,Yield,2009,kg/ha,1197.5
5000,Cereals n.e.c.,Yield,2010,kg/ha,1230.7
5000,Cereals n.e.c.,Yield,2011,kg/ha,1256.2
5000,Cereals n.e.c.,Yield,2012,kg/ha,1391.1
5000,Cereals n.e.c.,Yield,2013,kg/ha,1447.6
5000,Cereals n.e.c.,Yield,2014,kg/ha,1513.7
5000,Cereals n.e.c.,Yield,2015,kg/ha,1670.1
5000,Cereals n.e.c.,Yield,2016,kg/ha,1620.0
5000,Cereals n.e.c.,Yield,2017,kg/ha,1634.7
5000,Cereals n.e.c.,Yield,2018,kg/ha,1624.7
5000,Cereals n.e.c.,Yield,2019,kg/ha,1702.8
5000,Cereals n.e.c.,Yield,2020,kg/ha,1721.1
5000,Cereals n.e.c.,Yield,2021,kg/ha,1711.8
5000,Cereals n.e.c.,Yield,2022,kg/ha,1728.8
5000,Cereals n.e.c.,Yield,2023,kg/ha,1776.1
5000,Cereals n.e.c.,Yield,2024,kg/ha,1689.9
5000,Cherries,Yield,1961,kg/ha,13908.0
5000,Cherries,Yield,1962,kg/ha,12935.1
5000,Cherries,Yield,1963,kg/ha,12906.3
5000,Cherries,Yield,1964,kg/ha,13233.1
5000,Cherries,Yield,1965,kg/ha,10870.8
5000,Cherries,Yield,1966,kg/ha,13505.8
5000,Cherries,Yield,1967,kg/ha,12521.4
5000,Cherries,Yield,1968,kg/ha,13466.1
5000,Cherries,Yield,1969,kg/ha,9200.4
5000,Cherries,Yield,1970,kg/ha,9462.6
5000,Cherries,Yield,1971,kg/ha,8899.1
5000,Cherries,Yield,1972,kg/ha,7423.5
5000,Cherries,Yield,1973,kg/ha,8568.2
5000,Cherries,Yield,1974,kg/ha,7330.8
5000,Cherries,Yield,1975,kg/ha,7940.2
5000,Cherries,Yield,1976,kg/ha,8315.5
5000,Cherries,Yield,1977,kg/ha,6780.1
5000,Cherries,Yield,1978,kg/ha,7466.3
5000,Cherries,Yield,1979,kg/ha,9052.6
5000,Cherries,Yield,1980,kg/ha,7626.9
5000,Cherries,Yield,1981,kg/ha,7147.2
5000,Cherries,Yield,1982,kg/ha,9054.8
5000,Cherries,Yield,1983,kg/ha,9373.2
5000,Cherries,Yield,1984,kg/ha,9338.4
5000,Cherries,Yield,1985,kg/ha,5267.0
5000,Cherries,Yield,1986,kg/ha,5182.8
5000,Cherries,Yield,1987,kg/ha,5347.4
5000,Cherries,Yield,1988,kg/ha,5037.3
5000,Cherries,Yield,1989,kg/ha,5288.5
5000,Cherries,Yield,1990,kg/ha,5103.3
5000,Cherries,Yield,1991,kg/ha,4681.7
5000,Cherries,Yield,1992,kg/ha,5465.7
5000,Cherries,Yield,1993,kg/ha,5461.0
5000,Cherries,Yield,1994,kg/ha,5579.1
5000,Cherries,Yield,1995,kg/ha,5209.9
5000,Cherries,Yield,1996,kg/ha,5558.7
5000,Cherries,Yield,1997,kg/ha,5023.1
5000,Cherries,Yield,1998,kg/ha,5000.3
5000,Cherries,Yield,1999,kg/ha,5520.0
5000,Cherries,Yield,2000,kg/ha,5648.3
5000,Cherries,Yield,2001,kg/ha,5270.0
5000,Cherries,Yield,2002,kg/ha,6075.6
5000,Cherries,Yield,2003,kg/ha,4878.2
5000,Cherries,Yield,2004,kg/ha,4811.5
5000,Cherries,Yield,2005,kg/ha,5350.5
5000,Cherries,Yield,2006,kg/ha,5180.5
5000,Cherries,Yield,2007,kg/ha,5245.6
5000,Cherries,Yield,2008,kg/ha,5001.6
5000,Cherries,Yield,2009,kg/ha,5603.4
5000,Cherries,Yield,2010,kg/ha,5101.8
5000,Cherries,Yield,2011,kg/ha,5416.5
5000,Cherries,Yield,2012,kg/ha,5531.5
5000,Cherries,Yield,2013,kg/ha,5584.4
5000,Cherries,Yield,2014,kg/ha,5430.0
5000,Cherries,Yield,2015,kg/ha,5616.9
5000,Cherries,Yield,2016,kg/ha,5636.4
5000,Cherries,Yield,2017,kg/ha,5858.4
5000,Cherries,Yield,2018,kg/ha,6130.3
5000,Cherries,Yield,2019,kg/ha,5973.6
5000,Cherries,Yield,2020,kg/ha,5897.6
5000,Cherries,Yield,2021,kg/ha,6171.6
5000,Cherries,Yield,2022,kg/ha,6112.2
5000,Cherries,Yield,2023,kg/ha,6575.1
5000,Cherries,Yield,2024,kg/ha,6555.2
5000,"Chestnuts, in shell",Yield,1961,kg/ha,5778.1
5000,"Chestnuts, in shell",Yield,1962,kg/ha,5243.2
5000,"Chestnuts, in shell",Yield,1963,kg/ha,5597.3
5000,"Chestnuts, in shell",Yield,1964,kg/ha,5059.1
5000,"Chestnuts, in shell",Yield,1965,kg/ha,4273.7
5000,"Chestnuts, in shell",Yield,1966,kg/ha,4412.3
5000,"Chestnuts, in shell",Yield,1967,kg/ha,4085.2
5000,"Chestnuts, in shell",Yield,1968,kg/ha,4202.9
5000,"Chestnuts, in shell",Yield,1969,kg/ha,4285.8
5000,"Chestnuts, in shell",Yield,1970,kg/ha,4144.8
5000,"Chestnuts, in shell",Yield,1971,kg/ha,4271.2
5000,"Chestnuts, in shell",Yield,1972,kg/ha,4306.9
5000,"Chestnuts, in shell",Yield,1973,kg/ha,4534.7
5000,"Chestnuts, in shell",Yield,1974,kg/ha,4042.0
5000,"Chestnuts, in shell",Yield,1975,kg/ha,3854.1
5000,"Chestnuts, in shell",Yield,1976,kg/ha,3953.7
5000,"Chestnuts, in shell",Yield,1977,kg/ha,3507.5
5000,"Chestnuts, in shell",Yield,1978,kg/ha,3496.6
5000,"Chestnuts, in shell",Yield,1979,kg/ha,3747.8
5000,"Chestnuts, in shell",Yield,1980,kg/ha,3549.0
5000,"Chestnuts, in shell",Yield,1981,kg/ha,3715.7
5000,"Chestnuts, in shell",Yield,1982,kg/ha,3630.1
5000,"Chestnuts, in shell",Yield,1983,kg/ha,3578.2
5000,"Chestnuts, in shell",Yield,1984,kg/ha,3218.2
5000,"Chestnuts, in shell",Yield,1985,kg/ha,1788.6
5000,"Chestnuts, in shell",Yield,1986,kg/ha,1868.5
5000,"Chestnuts, in shell",Yield,1987,kg/ha,2006.2
5000,"Chestnuts, in shell",Yield,1988,kg/ha,2022.1
5000,"Chestnuts, in shell",Yield,1989,kg/ha,1900.4
5000,"Chestnuts, in shell",Yield,1990,kg/ha,2041.2
5000,"Chestnuts, in shell",Yield,1991,kg/ha,2612.3
5000,"Chestnuts, in shell",Yield,1992,kg/ha,2638.0
5000,"Chestnuts, in shell",Yield,1993,kg/ha,2559.6
5000,"Chestnuts, in shell",Yield,1994,kg/ha,2731.4
5000,"Chestnuts, in shell",Yield,1995,kg/ha,2731.3
5000,"Chestnuts, in shell",Yield,1996,kg/ha,2506.6
5000,"Chestnuts, in shell",Yield,1997,kg/ha,2759.4
5000,"Chestnuts, in shell",Yield,1998,kg/ha,2816.6
5000,"Chestnuts, in shell",Yield,1999,kg/ha,3053.7
5000,"Chestnuts, in shell",Yield,2000,kg/ha,3226.7
5000,"Chestnuts, in shell",Yield,2001,kg/ha,3105.6
5000,"Chestnuts, in shell",Yield,2002,kg/ha,3243.7
5000,"Chestnuts, in shell",Yield,2003,kg/ha,3306.6
5000,"Chestnuts, in shell",Yield,2004,kg/ha,3404.8
5000,"Chestnuts, in shell",Yield,2005,kg/ha,3566.5
5000,"Chestnuts, in shell",Yield,2006,kg/ha,3552.2
5000,"Chestnuts, in shell",Yield,2007,kg/ha,3624.8
5000,"Chestnuts, in shell",Yield,2008,kg/ha,3788.8
5000,"Chestnuts, in shell",Yield,2009,kg/ha,3775.8
5000,"Chestnuts, in shell",Yield,2010,kg/ha,3823.3
5000,"Chestnuts, in shell",Yield,2011,kg/ha,3901.6
5000,"Chestnuts, in shell",Yield,2012,kg/ha,3862.3
5000,"Chestnuts, in shell",Yield,2013,kg/ha,3841.8
5000,"Chestnuts, in shell",Yield,2014,kg/ha,3830.6
5000,"Chestnuts, in shell",Yield,2015,kg/ha,3781.2
5000,"Chestnuts, in shell",Yield,2016,kg/ha,3786.0
5000,"Chestnuts, in shell",Yield,2017,kg/ha,3757.5
5000,"Chestnuts, in shell",Yield,2018,kg/ha,3894.1
5000,"Chestnuts, in shell",Yield,2019,kg/ha,3845.9
5000,"Chestnuts, in shell",Yield,2020,kg/ha,3867.6
5000,"Chestnuts, in shell",Yield,2021,kg/ha,3859.9
5000,"Chestnuts, in shell",Yield,2022,kg/ha,3836.7
5000,"Chestnuts, in shell",Yield,2023,kg/ha,3810.9
5000,"Chestnuts, in shell",Yield,2024,kg/ha,3824.3
5000,"Chick peas, dry",Yield,1961,kg/ha,649.0
5000,"Chick peas, dry",Yield,1962,kg/ha,595.5
5000,"Chick peas, dry",Yield,1963,kg/ha,585.8
5000,"Chick peas, dry",Yield,1964,kg/ha,505.8
5000,"Chick peas, dry",Yield,1965,kg/ha,638.8
5000,"Chick peas, dry",Yield,1966,kg/ha,540.5
5000,"Chick peas, dry",Yield,1967,kg/ha,491.7
5000,"Chick peas, dry",Yield,1968,kg/ha,689.4
5000,"Chick peas, dry",Yield,1969,kg/ha,613.9
5000,"Chick peas, dry",Yield,1970,kg/ha,695.7
5000,"Chick peas, dry",Yield,1971,kg/ha,647.2
5000,"Chick peas, dry",Yield,1972,kg/ha,640.6
5000,"Chick peas, dry",Yield,1973,kg/ha,645.1
5000,"Chick peas, dry",Yield,1974,kg/ha,564.9
5000,"Chick peas, dry",Yield,1975,kg/ha,590.9
5000,"Chick peas, dry",Yield,1976,kg/ha,687.6
5000,"Chick peas, dry",Yield,1977,kg/ha,681.4
5000,"Chick peas, dry",Yield,1978,kg/ha,677.1
5000,"Chick peas, dry",Yield,1979,kg/ha,721.8
5000,"Chick peas, dry",Yield,1980,kg/ha,504.0
5000,"Chick peas, dry",Yield,1981,kg/ha,645.0
5000,"Chick peas, dry",Yield,1982,kg/ha,598.2
5000,"Chick peas, dry",Yield,1983,kg/ha,704.1
5000,"Chick peas, dry",Yield,1984,kg/ha,670.6
5000,"Chick peas, dry",Yield,1985,kg/ha,657.1
5000,"Chick peas, dry",Yield,1986,kg/ha,745.5
5000,"Chick peas, dry",Yield,1987,kg/ha,672.6
5000,"Chick peas, dry",Yield,1988,kg/ha,656.6
5000,"Chick peas, dry",Yield,1989,kg/ha,724.7
5000,"Chick peas, dry",Yield,1990,kg/ha,683.8
5000,"Chick peas, dry",Yield,1991,kg/ha,710.2
5000,"Chick peas, dry",Yield,1992,kg/ha,718.6
5000,"Chick peas, dry",Yield,1993,kg/ha,669.0
5000,"Chick peas, dry",Yield,1994,kg/ha,716.6
5000,"Chick peas, dry",Yield,1995,kg/ha,801.3
5000,"Chick peas, dry",Yield,1996,kg/ha,709.6
5000,"Chick peas, dry",Yield,1997,kg/ha,772.1
5000,"Chick peas, dry",Yield,1998,kg/ha,775.7
5000,"Chick peas, dry",Yield,1999,kg/ha,775.8
5000,"Chick peas, dry",Yield,2000,kg/ha,790.6
5000,"Chick peas, dry",Yield,2001,kg/ha,739.3
5000,"Chick peas, dry",Yield,2002,kg/ha,798.0
5000,"Chick peas, dry",Yield,2003,kg/ha,737.9
5000,"Chick peas, dry",Yield,2004,kg/ha,803.9
5000,"Chick peas, dry",Yield,2005,kg/ha,829.2
5000,"Chick peas, dry",Yield,2006,kg/ha,807.2
5000,"Chick peas, dry",Yield,2007,kg/ha,865.1
5000,"Chick peas, dry",Yield,2008,kg/ha,778.9
5000,"Chick peas, dry",Yield,2009,kg/ha,901.7
5000,"Chick peas, dry",Yield,2010,kg/ha,902.2
5000,"Chick peas, dry",Yield,2011,kg/ha,915.0
5000,"Chick peas, dry",Yield,2012,kg/ha,940.5
5000,"Chick peas, dry",Yield,2013,kg/ha,1047.9
5000,"Chick peas, dry",Yield,2014,kg/ha,969.0
5000,"Chick peas, dry",Yield,2015,kg/ha,932.6
5000,"Chick peas, dry",Yield,2016,kg/ha,952.3
5000,"Chick peas, dry",Yield,2017,kg/ha,970.7
5000,"Chick peas, dry",Yield,2018,kg/ha,1048.0
5000,"Chick peas, dry",Yield,2019,kg/ha,1035.2
5000,"Chick peas, dry",Yield,2020,kg/ha,1127.9
5000,"Chick peas, dry",Yield,2021,kg/ha,1139.1
5000,"Chick peas, dry",Yield,2022,kg/ha,1236.8
5000,"Chick peas, dry",Yield,2023,kg/ha,1137.8
5000,"Chick peas, dry",Yield,2024,kg/ha,1195.2
5000,Chicory roots,Yield,1961,kg/ha,18235.5
5000,Chicory roots,Yield,1962,kg/ha,16566.3
5000,Chicory roots,Yield,1963,kg/ha,18098.8
5000,Chicory roots,Yield,1964,kg/ha,17683.5
5000,Chicory roots,Yield,1965,kg/ha,18088.0
5000,Chicory roots,Yield,1966,kg/ha,16040.4
5000,Chicory roots,Yield,1967,kg/ha,18825.7
5000,Chicory roots,Yield,1968,kg/ha,18903.2
5000,Chicory roots,Yield,1969,kg/ha,17262.9
5000,Chicory roots,Yield,1970,kg/ha,21035.0
5000,Chicory roots,Yield,1971,kg/ha,20522.3
5000,Chicory roots,Yield,1972,kg/ha,18065.8
5000,Chicory roots,Yield,1973,kg/ha,19442.0
5000,Chicory roots,Yield,1974,kg/ha,16103.0
5000,Chicory roots,Yield,1975,kg/ha,20449.4
5000,Chicory roots,Yield,1976,kg/ha,16670.5
5000,Chicory roots,Yield,1977,kg/ha,20983.5
5000,Chicory roots,Yield,1978,kg/ha,24975.9
5000,Chicory roots,Yield,1979,kg/ha,19232.1
5000,Chicory roots,Yield,1980,kg/ha,22260.7
5000,Chicory roots,Yield,1981,kg/ha,18482.4
5000,Chicory roots,Yield,1982,kg/ha,19535.7
5000,Chicory roots,Yield,1983,kg/ha,18260.2
5000,Chicory roots,Yield,1984,kg/ha,20164.6
5000,Chicory roots,Yield,1985,kg/ha,19334.4
5000,Chicory roots,Yield,1986,kg/ha,17927.4
5000,Chicory roots,Yield,1987,kg/ha,14148.9
5000,Chicory roots,Yield,1988,kg/ha,19331.3
5000,Chicory roots,Yield,1989,kg/ha,15456.8
5000,Chicory roots,Yield,1990,kg/ha,29457.5
5000,Chicory roots,Yield,1991,kg/ha,26172.2
5000,Chicory roots,Yield,1992,kg/ha,26878.4
5000,Chicory roots,Yield,1993,kg/ha,27469.7
5000,Chicory roots,Yield,1994,kg/ha,28379.8
5000,Chicory roots,Yield,1995,kg/ha,31919.3
5000,Chicory roots,Yield,1996,kg/ha,34244.5
5000,Chicory roots,Yield,1997,kg/ha,35095.8
5000,Chicory roots,Yield,1998,kg/ha,24971.6
5000,Chicory roots,Yield,1999,kg/ha,30752.8
5000,Chicory roots,Yield,2000,kg/ha,31982.3
5000,Chicory roots,Yield,2001,kg/ha,29547.1
5000,Chicory roots,Yield,2002,kg/ha,31813.3
5000,Chicory roots,Yield,2003,kg/ha,32961.0
5000,Chicory roots,Yield,2004,kg/ha,34995.2
5000,Chicory roots,Yield,2005,kg/ha,33048.6
5000,Chicory roots,Yield,2006,kg/ha,28945.3
5000,Chicory roots,Yield,2007,kg/ha,27819.8
5000,Chicory roots,Yield,2008,kg/ha,31156.7
5000,Chicory roots,Yield,2009,kg/ha,33866.2
5000,Chicory roots,Yield,2010,kg/ha,30545.7
5000,Chicory roots,Yield,2011,kg/ha,29444.1
5000,Chicory roots,Yield,2012,kg/ha,26710.9
5000,Chicory roots,Yield,2013,kg/ha,28353.3
5000,Chicory roots,Yield,2014,kg/ha,35130.6
5000,Chicory roots,Yield,2015,kg/ha,33374.4
5000,Chicory roots,Yield,2016,kg/ha,33253.7
5000,Chicory roots,Yield,2017,kg/ha,34078.9
5000,Chicory roots,Yield,2018,kg/ha,9411.6
5000,Chicory roots,Yield,2019,kg/ha,9401.8
5000,Chicory roots,Yield,2020,kg/ha,10004.7
5000,Chicory roots,Yield,2021,kg/ha,9705.8
5000,Chicory roots,Yield,2022,kg/ha,9755.7
5000,Chicory roots,Yield,2023,kg/ha,11956.5
5000,Chicory roots,Yield,2024,kg/ha,12507.8
5000,"Chillies and peppers, dry (Capsicum spp., Pimenta spp.), raw",Yield,1961,kg/ha,862.0
5000,"Chillies and peppers, dry (Capsicum spp., Pimenta spp.), raw",Yield,1962,kg/ha,897.9
5000,"Chillies and peppers, dry (Capsicum spp., Pimenta spp.), raw",Yield,1963,kg/ha,884.1
5000,"Chillies and peppers, dry (Capsicum spp., Pimenta spp.), raw",Yield,1964,kg/ha,900.4
5000,"Chillies and peppers, dry (Capsicum spp., Pimenta spp.), raw",Yield,1965,kg/ha,859.6
5000,"Chillies and peppers, dry (Capsicum spp., Pimenta spp.), raw",Yield,1966,kg/ha,880.6
5000,"Chillies and peppers, dry (Capsicum spp., Pimenta spp.), raw",Yield,1967,kg/ha,907.6
5000,"Chillies and peppers, dry (Capsicum spp., Pimenta spp.), raw",Yield,1968,kg/ha,924.2
5000,"Chillies and peppers, dry (Capsicum spp., Pimenta spp.), raw",Yield,1969,kg/ha,915.7
5000,"Chillies and peppers, dry (Capsicum spp., Pimenta spp.), raw",Yield,1970,kg/ha,940.8
5000,"Chillies and peppers, dry (Capsicum spp., Pimenta spp.), raw",Yield,1971,kg/ha,952.2
5000,"Chillies and peppers, dry (Capsicum spp., Pimenta spp.), raw",Yield,1972,kg/ha,971.2
5000,"Chillies and peppers, dry (Capsicum spp., Pimenta spp.), raw",Yield,1973,kg/ha,994.3
5000,"Chillies and peppers, dry (Capsicum spp., Pimenta spp.), raw",Yield,1974,kg/ha,994.9
5000,"Chillies and peppers, dry (Capsicum spp., Pimenta spp.), raw",Yield,1975,kg/ha,1013.6
5000,"Chillies and peppers, dry (Capsicum spp., Pimenta spp.), raw",Yield,1976,kg/ha,928.4
5000,"Chillies and peppers, dry (Capsicum spp., Pimenta spp.), raw",Yield,1977,kg/ha,1041.6
5000,"Chillies and peppers, dry (Capsicum spp., Pimenta spp.), raw",Yield,1978,kg/ha,1032.3
5000,"Chillies and peppers, dry (Capsicum spp., Pimenta spp.), raw",Yield,1979,kg/ha,1002.5
5000,"Chillies and peppers, dry (Capsicum spp., Pimenta spp.), raw",Yield,1980,kg/ha,1010.1
5000,"Chillies and peppers, dry (Capsicum spp., Pimenta spp.), raw",Yield,1981,kg/ha,1010.8
5000,"Chillies and peppers, dry (Capsicum spp., Pimenta spp.), raw",Yield,1982,kg/ha,1048.8
5000,"Chillies and peppers, dry (Capsicum spp., Pimenta spp.), raw",Yield,1983,kg/ha,1059.0
5000,"Chillies and peppers, dry (Capsicum spp., Pimenta spp.), raw",Yield,1984,kg/ha,1095.1
5000,"Chillies and peppers, dry (Capsicum spp., Pimenta spp.), raw",Yield,1985,kg/ha,1136.8
5000,"Chillies and peppers, dry (Capsicum spp., Pimenta spp.), raw",Yield,1986,kg/ha,1069.7
5000,"Chillies and peppers, dry (Capsicum spp., Pimenta spp.), raw",Yield,1987,kg/ha,1101.9
5000,"Chillies and peppers, dry (Capsicum spp., Pimenta spp.), raw",Yield,1988,kg/ha,1112.0
5000,"Chillies and peppers, dry (Capsicum spp., Pimenta spp.), raw",Yield,1989,kg/ha,1122.5
5000,"Chillies and peppers, dry (Capsicum spp., Pimenta spp.), raw",Yield,1990,kg/ha,1153.2
5000,"Chillies and peppers, dry (Capsicum spp., Pimenta spp.), raw",Yield,1991,kg/ha,1036.2
5000,"Chillies and peppers, dry (Capsicum spp., Pimenta spp.), raw",Yield,1992,kg/ha,1058.7
5000,"Chillies and peppers, dry (Capsicum spp., Pimenta spp.), raw",Yield,1993,kg/ha,1201.3
5000,"Chillies and peppers, dry (Capsicum spp., Pimenta spp.), raw",Yield,1994,kg/ha,1232.6
5000,"Chillies and peppers, dry (Capsicum spp., Pimenta spp.), raw",Yield,1995,kg/ha,1228.8
5000,"Chillies and peppers, dry (Capsicum spp., Pimenta spp.), raw",Yield,1996,kg/ha,1352.9
5000,"Chillies and peppers, dry (Capsicum spp., Pimenta spp.), raw",Yield,1997,kg/ha,1340.5
5000,"Chillies and peppers, dry (Capsicum spp., Pimenta spp.), raw",Yield,1998,kg/ha,1439.1
5000,"Chillies and peppers, dry (Capsicum spp., Pimenta spp.), raw",Yield,1999,kg/ha,1342.5
5000,"Chillies and peppers, dry (Capsicum spp., Pimenta spp.), raw",Yield,2000,kg/ha,1442.6
5000,"Chillies and peppers, dry (Capsicum spp., Pimenta spp.), raw",Yield,2001,kg/ha,1432.6
5000,"Chillies and peppers, dry (Capsicum spp., Pimenta spp.), raw",Yield,2002,kg/ha,1380.2
5000,"Chillies and peppers, dry (Capsicum spp., Pimenta spp.), raw",Yield,2003,kg/ha,1651.5
5000,"Chillies and peppers, dry (Capsicum spp., Pimenta spp.), raw",Yield,2004,kg/ha,1694.7
5000,"Chillies and peppers, dry (Capsicum spp., Pimenta spp.), raw",Yield,2005,kg/ha,1755.4
5000,"Chillies and peppers, dry (Capsicum spp., Pimenta spp.), raw",Yield,2006,kg/ha,1769.3
5000,"Chillies and peppers, dry (Capsicum spp., Pimenta spp.), raw",Yield,2007,kg/ha,1754.6
5000,"Chillies and peppers, dry (Capsicum spp., Pimenta spp.), raw",Yield,2008,kg/ha,1849.8
5000,"Chillies and peppers, dry (Capsicum spp., Pimenta spp.), raw",Yield,2009,kg/ha,1864.5
5000,"Chillies and peppers, dry (Capsicum spp., Pimenta spp.), raw",Yield,2010,kg/ha,1863.9
5000,"Chillies and peppers, dry (Capsicum spp., Pimenta spp.), raw",Yield,2011,kg/ha,1920.6
5000,"Chillies and peppers, dry (Capsicum spp., Pimenta spp.), raw",Yield,2012,kg/ha,1971.1
5000,"Chillies and peppers, dry (Capsicum spp., Pimenta spp.), raw",Yield,2013,kg/ha,2132.2
5000,"Chillies and peppers, dry (Capsicum spp., Pimenta spp.), raw",Yield,2014,kg/ha,2199.6
5000,"Chillies and peppers, dry (Capsicum spp., Pimenta spp.), raw",Yield,2015,kg/ha,2320.7
5000,"Chillies and peppers, dry (Capsicum spp., Pimenta spp.), raw",Yield,2016,kg/ha,2153.7
5000,"Chillies and peppers, dry (Capsicum spp., Pimenta spp.), raw",Yield,2017,kg/ha,2460.2
5000,"Chillies and peppers, dry (Capsicum spp., Pimenta spp.), raw",Yield,2018,kg/ha,2685.1
5000,"Chillies and peppers, dry (Capsicum spp., Pimenta spp.), raw",Yield,2019,kg/ha,2421.9
5000,"Chillies and peppers, dry (Capsicum spp., Pimenta spp.), raw",Yield,2020,kg/ha,2746.2
5000,"Chillies and peppers, dry (Capsicum spp., Pimenta spp.), raw",Yield,2021,kg/ha,2946.2
5000,"Chillies and peppers, dry (Capsicum spp., Pimenta spp.), raw",Yield,2022,kg/ha,2832.4
5000,"Chillies and peppers, dry (Capsicum spp., Pimenta spp.), raw",Yield,2023,kg/ha,3002.4
5000,"Chillies and peppers, dry (Capsicum spp., Pimenta spp.), raw",Yield,2024,kg/ha,2897.3
5000,"Chillies and peppers, green (Capsicum spp. and Pimenta spp.)",Yield,1961,kg/ha,8965.6
5000,"Chillies and peppers, green (Capsicum spp. and Pimenta spp.)",Yield,1962,kg/ha,8756.5
5000,"Chillies and peppers, green (Capsicum spp. and Pimenta spp.)",Yield,1963,kg/ha,8930.9
5000,"Chillies and peppers, green (Capsicum spp. and Pimenta spp.)",Yield,1964,kg/ha,8709.3
5000,"Chillies and peppers, green (Capsicum spp. and Pimenta spp.)",Yield,1965,kg/ha,8529.2
5000,"Chillies and peppers, green (Capsicum spp. and Pimenta spp.)",Yield,1966,kg/ha,8725.1
5000,"Chillies and peppers, green (Capsicum spp. and Pimenta spp.)",Yield,1967,kg/ha,8889.1
5000,"Chillies and peppers, green (Capsicum spp. and Pimenta spp.)",Yield,1968,kg/ha,9149.9
5000,"Chillies and peppers, green (Capsicum spp. and Pimenta spp.)",Yield,1969,kg/ha,8976.2
5000,"Chillies and peppers, green (Capsicum spp. and Pimenta spp.)",Yield,1970,kg/ha,8564.2
5000,"Chillies and peppers, green (Capsicum spp. and Pimenta spp.)",Yield,1971,kg/ha,8816.3
5000,"Chillies and peppers, green (Capsicum spp. and Pimenta spp.)",Yield,1972,kg/ha,8359.5
5000,"Chillies and peppers, green (Capsicum spp. and Pimenta spp.)",Yield,1973,kg/ha,8644.9
5000,"Chillies and peppers, green (Capsicum spp. and Pimenta spp.)",Yield,1974,kg/ha,8688.0
5000,"Chillies and peppers, green (Capsicum spp. and Pimenta spp.)",Yield,1975,kg/ha,8267.3
5000,"Chillies and peppers, green (Capsicum spp. and Pimenta spp.)",Yield,1976,kg/ha,8067.3
5000,"Chillies and peppers, green (Capsicum spp. and Pimenta spp.)",Yield,1977,kg/ha,8708.9
5000,"Chillies and peppers, green (Capsicum spp. and Pimenta spp.)",Yield,1978,kg/ha,8675.7
5000,"Chillies and peppers, green (Capsicum spp. and Pimenta spp.)",Yield,1979,kg/ha,8776.5
5000,"Chillies and peppers, green (Capsicum spp. and Pimenta spp.)",Yield,1980,kg/ha,8427.1
5000,"Chillies and peppers, green (Capsicum spp. and Pimenta spp.)",Yield,1981,kg/ha,8477.6
5000,"Chillies and peppers, green (Capsicum spp. and Pimenta spp.)",Yield,1982,kg/ha,8267.9
5000,"Chillies and peppers, green (Capsicum spp. and Pimenta spp.)",Yield,1983,kg/ha,9093.4
5000,"Chillies and peppers, green (Capsicum spp. and Pimenta spp.)",Yield,1984,kg/ha,8570.4
5000,"Chillies and peppers, green (Capsicum spp. and Pimenta spp.)",Yield,1985,kg/ha,8569.1
5000,"Chillies and peppers, green (Capsicum spp. and Pimenta spp.)",Yield,1986,kg/ha,8376.2
5000,"Chillies and peppers, green (Capsicum spp. and Pimenta spp.)",Yield,1987,kg/ha,9257.9
5000,"Chillies and peppers, green (Capsicum spp. and Pimenta spp.)",Yield,1988,kg/ha,9203.6
5000,"Chillies and peppers, green (Capsicum spp. and Pimenta spp.)",Yield,1989,kg/ha,9449.4
5000,"Chillies and peppers, green (Capsicum spp. and Pimenta spp.)",Yield,1990,kg/ha,10131.1
5000,"Chillies and peppers, green (Capsicum spp. and Pimenta spp.)",Yield,1991,kg/ha,10195.8
5000,"Chillies and peppers, green (Capsicum spp. and Pimenta spp.)",Yield,1992,kg/ha,10564.5
5000,"Chillies and peppers, green (Capsicum spp. and Pimenta spp.)",Yield,1993,kg/ha,10134.8
5000,"Chillies and peppers, green (Capsicum spp. and Pimenta spp.)",Yield,1994,kg/ha,10512.7
5000,"Chillies and peppers, green (Capsicum spp. and Pimenta spp.)",Yield,1995,kg/ha,10353.9
5000,"Chillies and peppers, green (Capsicum spp. and Pimenta spp.)",Yield,1996,kg/ha,11943.9
5000,"Chillies and peppers, green (Capsicum spp. and Pimenta spp.)",Yield,1997,kg/ha,12309.8
5000,"Chillies and peppers, green (Capsicum spp. and Pimenta spp.)",Yield,1998,kg/ha,12280.9
5000,"Chillies and peppers, green (Capsicum spp. and Pimenta spp.)",Yield,1999,kg/ha,12197.5
5000,"Chillies and peppers, green (Capsicum spp. and Pimenta spp.)",Yield,2000,kg/ha,12873.8
5000,"Chillies and peppers, green (Capsicum spp. and Pimenta spp.)",Yield,2001,kg/ha,13415.2
5000,"Chillies and peppers, green (Capsicum spp. and Pimenta spp.)",Yield,2002,kg/ha,13525.5
5000,"Chillies and peppers, green (Capsicum spp. and Pimenta spp.)",Yield,2003,kg/ha,14130.9
5000,"Chillies and peppers, green (Capsicum spp. and Pimenta spp.)",Yield,2004,kg/ha,14726.8
5000,"Chillies and peppers, green (Capsicum spp. and Pimenta spp.)",Yield,2005,kg/ha,15041.8
5000,"Chillies and peppers, green (Capsicum spp. and Pimenta spp.)",Yield,2006,kg/ha,15481.2
5000,"Chillies and peppers, green (Capsicum spp. and Pimenta spp.)",Yield,2007,kg/ha,15899.5
5000,"Chillies and peppers, green (Capsicum spp. and Pimenta spp.)",Yield,2008,kg/ha,15464.4
5000,"Chillies and peppers, green (Capsicum spp. and Pimenta spp.)",Yield,2009,kg/ha,15271.2
5000,"Chillies and peppers, green (Capsicum spp. and Pimenta spp.)",Yield,2010,kg/ha,15754.0
5000,"Chillies and peppers, green (Capsicum spp. and Pimenta spp.)",Yield,2011,kg/ha,15754.5
5000,"Chillies and peppers, green (Capsicum spp. and Pimenta spp.)",Yield,2012,kg/ha,15721.1
5000,"Chillies and peppers, green (Capsicum spp. and Pimenta spp.)",Yield,2013,kg/ha,15658.7
5000,"Chillies and peppers, green (Capsicum spp. and Pimenta spp.)",Yield,2014,kg/ha,16072.2
5000,"Chillies and peppers, green (Capsicum spp. and Pimenta spp.)",Yield,2015,kg/ha,15975.0
5000,"Chillies and peppers, green (Capsicum spp. and Pimenta spp.)",Yield,2016,kg/ha,15195.5
5000,"Chillies and peppers, green (Capsicum spp. and Pimenta spp.)",Yield,2017,kg/ha,15633.9
5000,"Chillies and peppers, green (Capsicum spp. and Pimenta spp.)",Yield,2018,kg/ha,15784.4
5000,"Chillies and peppers, green (Capsicum spp. and Pimenta spp.)",Yield,2019,kg/ha,15661.5
5000,"Chillies and peppers, green (Capsicum spp. and Pimenta spp.)",Yield,2020,kg/ha,15288.8
5000,"Chillies and peppers, green (Capsicum spp. and Pimenta spp.)",Yield,2021,kg/ha,15536.4
5000,"Chillies and peppers, green (Capsicum spp. and Pimenta spp.)",Yield,2022,kg/ha,15745.0
5000,"Chillies and peppers, green (Capsicum spp. and Pimenta spp.)",Yield,2023,kg/ha,16003.1
5000,"Chillies and peppers, green (Capsicum spp. and Pimenta spp.)",Yield,2024,kg/ha,15910.0
5000,"Cinnamon and cinnamon-tree flowers, raw",Yield,1961,kg/ha,536.7
5000,"Cinnamon and cinnamon-tree flowers, raw",Yield,1962,kg/ha,523.2
5000,"Cinnamon and cinnamon-tree flowers, raw",Yield,1963,kg/ha,548.9
5000,"Cinnamon and cinnamon-tree flowers, raw",Yield,1964,kg/ha,519.5
5000,"Cinnamon and cinnamon-tree flowers, raw",Yield,1965,kg/ha,505.6
5000,"Cinnamon and cinnamon-tree flowers, raw",Yield,1966,kg/ha,440.8
5000,"Cinnamon and cinnamon-tree flowers, raw",Yield,1967,kg/ha,491.8
5000,"Cinnamon and cinnamon-tree flowers, raw",Yield,1968,kg/ha,412.5
5000,"Cinnamon and cinnamon-tree flowers, raw",Yield,1969,kg/ha,527.5
5000,"Cinnamon and cinnamon-tree flowers, raw",Yield,1970,kg/ha,479.0
5000,"Cinnamon and cinnamon-tree flowers, raw",Yield,1971,kg/ha,489.7
5000,"Cinnamon and cinnamon-tree flowers, raw",Yield,1972,kg/ha,476.9
5000,"Cinnamon and cinnamon-tree flowers, raw",Yield,1973,kg/ha,473.0
5000,"Cinnamon and cinnamon-tree flowers, raw",Yield,1974,kg/ha,481.9
5000,"Cinnamon and cinnamon-tree flowers, raw",Yield,1975,kg/ha,555.5
5000,"Cinnamon and cinnamon-tree flowers, raw",Yield,1976,kg/ha,545.0
5000,"Cinnamon and cinnamon-tree flowers, raw",Yield,1977,kg/ha,617.4
5000,"Cinnamon and cinnamon-tree flowers, raw",Yield,1978,kg/ha,614.0
5000,"Cinnamon and cinnamon-tree flowers, raw",Yield,1979,kg/ha,548.3
5000,"Cinnamon and cinnamon-tree flowers, raw",Yield,1980,kg/ha,551.7
5000,"Cinnamon and cinnamon-tree flowers, raw",Yield,1981,kg/ha,504.3
5000,"Cinnamon and cinnamon-tree flowers, raw",Yield,1982,kg/ha,484.0
5000,"Cinnamon and cinnamon-tree flowers, raw",Yield,1983,kg/ha,575.7
5000,"Cinnamon and cinnamon-tree flowers, raw",Yield,1984,kg/ha,684.9
5000,"Cinnamon and cinnamon-tree flowers, raw",Yield,1985,kg/ha,514.1
5000,"Cinnamon and cinnamon-tree flowers, raw",Yield,1986,kg/ha,529.9
5000,"Cinnamon and cinnamon-tree flowers, raw",Yield,1987,kg/ha,620.0
5000,"Cinnamon and cinnamon-tree flowers, raw",Yield,1988,kg/ha,637.9
5000,"Cinnamon and cinnamon-tree flowers, raw",Yield,1989,kg/ha,597.9
5000,"Cinnamon and cinnamon-tree flowers, raw",Yield,1990,kg/ha,684.1
5000,"Cinnamon and cinnamon-tree flowers, raw",Yield,1991,kg/ha,664.1
5000,"Cinnamon and cinnamon-tree flowers, raw",Yield,1992,kg/ha,704.7
5000,"Cinnamon and cinnamon-tree flowers, raw",Yield,1993,kg/ha,705.2
5000,"Cinnamon and cinnamon-tree flowers, raw",Yield,1994,kg/ha,712.3
5000,"Cinnamon and cinnamon-tree flowers, raw",Yield,1995,kg/ha,721.8
5000,"Cinnamon and cinnamon-tree flowers, raw",Yield,1996,kg/ha,720.8
5000,"Cinnamon and cinnamon-tree flowers, raw",Yield,1997,kg/ha,669.3
5000,"Cinnamon and cinnamon-tree flowers, raw",Yield,1998,kg/ha,697.5
5000,"Cinnamon and cinnamon-tree flowers, raw",Yield,1999,kg/ha,658.6
5000,"Cinnamon and cinnamon-tree flowers, raw",Yield,2000,kg/ha,701.2
5000,"Cinnamon and cinnamon-tree flowers, raw",Yield,2001,kg/ha,661.9
5000,"Cinnamon and cinnamon-tree flowers, raw",Yield,2002,kg/ha,717.1
5000,"Cinnamon and cinnamon-tree flowers, raw",Yield,2003,kg/ha,833.3
5000,"Cinnamon and cinnamon-tree flowers, raw",Yield,2004,kg/ha,984.7
5000,"Cinnamon and cinnamon-tree flowers, raw",Yield,2005,kg/ha,1004.5
5000,"Cinnamon and cinnamon-tree flowers, raw",Yield,2006,kg/ha,969.6
5000,"Cinnamon and cinnamon-tree flowers, raw",Yield,2007,kg/ha,844.1
5000,"Cinnamon and cinnamon-tree flowers, raw",Yield,2008,kg/ha,870.9
5000,"Cinnamon and cinnamon-tree flowers, raw",Yield,2009,kg/ha,889.9
5000,"Cinnamon and cinnamon-tree flowers, raw",Yield,2010,kg/ha,833.3
5000,"Cinnamon and cinnamon-tree flowers, raw",Yield,2011,kg/ha,822.0
5000,"Cinnamon and cinnamon-tree flowers, raw",Yield,2012,kg/ha,824.3
5000,"Cinnamon and cinnamon-tree flowers, raw",Yield,2013,kg/ha,811.0
5000,"Cinnamon and cinnamon-tree flowers, raw",Yield,2014,kg/ha,795.5
5000,"Cinnamon and cinnamon-tree flowers, raw",Yield,2015,kg/ha,816.1
5000,"Cinnamon and cinnamon-tree flowers, raw",Yield,2016,kg/ha,815.4
5000,"Cinnamon and cinnamon-tree flowers, raw",Yield,2017,kg/ha,788.8
5000,"Cinnamon and cinnamon-tree flowers, raw",Yield,2018,kg/ha,793.7
5000,"Cinnamon and cinnamon-tree flowers, raw",Yield,2019,kg/ha,782.5
5000,"Cinnamon and cinnamon-tree flowers, raw",Yield,2020,kg/ha,708.8
5000,"Cinnamon and cinnamon-tree flowers, raw",Yield,2021,kg/ha,648.8
5000,"Cinnamon and cinnamon-tree flowers, raw",Yield,2022,kg/ha,657.7
5000,"Cinnamon and cinnamon-tree flowers, raw",Yield,2023,kg/ha,660.2
5000,"Cinnamon and cinnamon-tree flowers, raw",Yield,2024,kg/ha,654.5
5000,"Cloves (whole stems), raw",Yield,1961,kg/ha,343.7
5000,"Cloves (whole stems), raw",Yield,1962,kg/ha,260.0
5000,"Cloves (whole stems), raw",Yield,1963,kg/ha,305.5
5000,"Cloves (whole stems), raw",Yield,1964,kg/ha,297.7
5000,"Cloves (whole stems), raw",Yield,1965,kg/ha,298.0
5000,"Cloves (whole stems), raw",Yield,1966,kg/ha,294.4
5000,"Cloves (whole stems), raw",Yield,1967,kg/ha,402.1
5000,"Cloves (whole stems), raw",Yield,1968,kg/ha,290.0
5000,"Cloves (whole stems), raw",Yield,1969,kg/ha,284.4
5000,"Cloves (whole stems), raw",Yield,1970,kg/ha,358.7
5000,"Cloves (whole stems), raw",Yield,1971,kg/ha,290.0
5000,"Cloves (whole stems), raw",Yield,1972,kg/ha,279.6
5000,"Cloves (whole stems), raw",Yield,1973,kg/ha,326.1
5000,"Cloves (whole stems), raw",Yield,1974,kg/ha,345.9
5000,"Cloves (whole stems), raw",Yield,1975,kg/ha,249.2
5000,"Cloves (whole stems), raw",Yield,1976,kg/ha,281.7
5000,"Cloves (whole stems), raw",Yield,1977,kg/ha,346.0
5000,"Cloves (whole stems), raw",Yield,1978,kg/ha,210.6
5000,"Cloves (whole stems), raw",Yield,1979,kg/ha,166.6
5000,"Cloves (whole stems), raw",Yield,1980,kg/ha,233.2
5000,"Cloves (whole stems), raw",Yield,1981,kg/ha,176.5
5000,"Cloves (whole stems), raw",Yield,1982,kg/ha,169.1
5000,"Cloves (whole stems), raw",Yield,1983,kg/ha,172.4
5000,"Cloves (whole stems), raw",Yield,1984,kg/ha,213.1
5000,"Cloves (whole stems), raw",Yield,1985,kg/ha,154.8
5000,"Cloves (whole stems), raw",Yield,1986,kg/ha,162.6
5000,"Cloves (whole stems), raw",Yield,1987,kg/ha,198.0
5000,"Cloves (whole stems), raw",Yield,1988,kg/ha,226.9
5000,"Cloves (whole stems), raw",Yield,1989,kg/ha,147.6
5000,"Cloves (whole stems), raw",Yield,1990,kg/ha,158.4
5000,"Cloves (whole stems), raw",Yield,1991,kg/ha,194.7
5000,"Cloves (whole stems), raw",Yield,1992,kg/ha,177.6
5000,"Cloves (whole stems), raw",Yield,1993,kg/ha,185.1
5000,"Cloves (whole stems), raw",Yield,1994,kg/ha,204.1
5000,"Cloves (whole stems), raw",Yield,1995,kg/ha,225.2
5000,"Cloves (whole stems), raw",Yield,1996,kg/ha,185.1
5000,"Cloves (whole stems), raw",Yield,1997,kg/ha,171.9
5000,"Cloves (whole stems), raw",Yield,1998,kg/ha,189.7
5000,"Cloves (whole stems), raw",Yield,1999,kg/ha,189.0
5000,"Cloves (whole stems), raw",Yield,2000,kg/ha,170.8
5000,"Cloves (whole stems), raw",Yield,2001,kg/ha,193.8
5000,"Cloves (whole stems), raw",Yield,2002,kg/ha,220.3
5000,"Cloves (whole stems), raw",Yield,2003,kg/ha,286.0
5000,"Cloves (whole stems), raw",Yield,2004,kg/ha,217.8
5000,"Cloves (whole stems), raw",Yield,2005,kg/ha,224.8
5000,"Cloves (whole stems), raw",Yield,2006,kg/ha,241.0
5000,"Cloves (whole stems), raw",Yield,2007,kg/ha,289.8
5000,"Cloves (whole stems), raw",Yield,2008,kg/ha,261.4
5000,"Cloves (whole stems), raw",Yield,2009,kg/ha,285.3
5000,"Cloves (whole stems), raw",Yield,2010,kg/ha,326.8
5000,"Cloves (whole stems), raw",Yield,2011,kg/ha,254.2
5000,"Cloves (whole stems), raw",Yield,2012,kg/ha,229.9
5000,"Cloves (whole stems), raw",Yield,2013,kg/ha,244.2
5000,"Cloves (whole stems), raw",Yield,2014,kg/ha,269.5
5000,"Cloves (whole stems), raw",Yield,2015,kg/ha,285.5
5000,"Cloves (whole stems), raw",Yield,2016,kg/ha,283.3
5000,"Cloves (whole stems), raw",Yield,2017,kg/ha,238.8
5000,"Cloves (whole stems), raw",Yield,2018,kg/ha,258.7
5000,"Cloves (whole stems), raw",Yield,2019,kg/ha,269.5
5000,"Cloves (whole stems), raw",Yield,2020,kg/ha,280.2
5000,"Cloves (whole stems), raw",Yield,2021,kg/ha,263.6
5000,"Cloves (whole stems), raw",Yield,2022,kg/ha,267.1
5000,"Cloves (whole stems), raw",Yield,2023,kg/ha,262.2
5000,"Cloves (whole stems), raw",Yield,2024,kg/ha,282.5
5000,Cocoa beans,Yield,1961,kg/ha,269.4
5000,Cocoa beans,Yield,1962,kg/ha,271.6
5000,Cocoa beans,Yield,1963,kg/ha,283.5
5000,Cocoa beans,Yield,1964,kg/ha,339.9
5000,Cocoa beans,Yield,1965,kg/ha,267.7
5000,Cocoa beans,Yield,1966,kg/ha,329.8
5000,Cocoa beans,Yield,1967,kg/ha,329.4
5000,Cocoa beans,Yield,1968,kg/ha,305.6
5000,Cocoa beans,Yield,1969,kg/ha,333.1
5000,Cocoa beans,Yield,1970,kg/ha,354.1
5000,Cocoa beans,Yield,1971,kg/ha,370.5
5000,Cocoa beans,Yield,1972,kg/ha,351.4
5000,Cocoa beans,Yield,1973,kg/ha,324.8
5000,Cocoa beans,Yield,1974,kg/ha,353.8
5000,Cocoa beans,Yield,1975,kg/ha,358.1
5000,Cocoa beans,Yield,1976,kg/ha,317.1
5000,Cocoa beans,Yield,1977,kg/ha,327.4
5000,Cocoa beans,Yield,1978,kg/ha,326.4
5000,Cocoa beans,Yield,1979,kg/ha,358.3
5000,Cocoa beans,Yield,1980,kg/ha,352.4
5000,Cocoa beans,Yield,1981,kg/ha,357.9
5000,Cocoa beans,Yield,1982,kg/ha,345.3
5000,Cocoa beans,Yield,1983,kg/ha,344.4
5000,Cocoa beans,Yield,1984,kg/ha,379.7
5000,Cocoa beans,Yield,1985,kg/ha,399.1
5000,Cocoa beans,Yield,1986,kg/ha,403.7
5000,Cocoa beans,Yield,1987,kg/ha,389.7
5000,Cocoa beans,Yield,1988,kg/ha,453.3
5000,Cocoa beans,Yield,1989,kg/ha,478.9
5000,Cocoa beans,Yield,1990,kg/ha,442.6
5000,Cocoa beans,Yield,1991,kg/ha,446.0
5000,Cocoa beans,Yield,1992,kg/ha,467.5
5000,Cocoa beans,Yield,1993,kg/ha,470.8
5000,Cocoa beans,Yield,1994,kg/ha,463.6
5000,Cocoa beans,Yield,1995,kg/ha,455.4
5000,Cocoa beans,Yield,1996,kg/ha,486.7
5000,Cocoa beans,Yield,1997,kg/ha,468.8
5000,Cocoa beans,Yield,1998,kg/ha,495.0
5000,Cocoa beans,Yield,1999,kg/ha,433.6
5000,Cocoa beans,Yield,2000,kg/ha,438.5
5000,Cocoa beans,Yield,2001,kg/ha,450.7
5000,Cocoa beans,Yield,2002,kg/ha,470.2
5000,Cocoa beans,Yield,2003,kg/ha,481.6
5000,Cocoa beans,Yield,2004,kg/ha,478.0
5000,Cocoa beans,Yield,2005,kg/ha,464.5
5000,Cocoa beans,Yield,2006,kg/ha,505.0
5000,Cocoa beans,Yield,2007,kg/ha,451.1
5000,Cocoa beans,Yield,2008,kg/ha,446.2
5000,Cocoa beans,Yield,2009,kg/ha,446.2
5000,Cocoa beans,Yield,2010,kg/ha,451.3
5000,Cocoa beans,Yield,2011,kg/ha,444.2
5000,Cocoa beans,Yield,2012,kg/ha,447.4
5000,Cocoa beans,Yield,2013,kg/ha,440.8
5000,Cocoa beans,Yield,2014,kg/ha,448.3
5000,Cocoa beans,Yield,2015,kg/ha,439.6
5000,Cocoa beans,Yield,2016,kg/ha,433.1
5000,Cocoa beans,Yield,2017,kg/ha,455.3
5000,Cocoa beans,Yield,2018,kg/ha,482.5
5000,Cocoa beans,Yield,2019,kg/ha,486.3
5000,Cocoa beans,Yield,2020,kg/ha,486.5
5000,Cocoa beans,Yield,2021,kg/ha,483.2
5000,Cocoa beans,Yield,2022,kg/ha,479.8
5000,Cocoa beans,Yield,2023,kg/ha,476.0
5000,Cocoa beans,Yield,2024,kg/ha,475.3
5000,"Coconuts, in shell",Yield,1961,kg/ha,4543.3
5000,"Coconuts, in shell",Yield,1962,kg/ha,4702.4
5000,"Coconuts, in shell",Yield,1963,kg/ha,4653.2
5000,"Coconuts, in shell",Yield,1964,kg/ha,4487.3
5000,"Coconuts, in shell",Yield,1965,kg/ha,4251.9
5000,"Coconuts, in shell",Yield,1966,kg/ha,4357.6
5000,"Coconuts, in shell",Yield,1967,kg/ha,4076.8
5000,"Coconuts, in shell",Yield,1968,kg/ha,4086.2
5000,"Coconuts, in shell",Yield,1969,kg/ha,3848.3
5000,"Coconuts, in shell",Yield,1970,kg/ha,3918.1
5000,"Coconuts, in shell",Yield,1971,kg/ha,4086.1
5000,"Coconuts, in shell",Yield,1972,kg/ha,4235.9
5000,"Coconuts, in shell",Yield,1973,kg/ha,3920.2
5000,"Coconuts, in shell",Yield,1974,kg/ha,3644.9
5000,"Coconuts, in shell",Yield,1975,kg/ha,4145.9
5000,"Coconuts, in shell",Yield,1976,kg/ha,4335.1
5000,"Coconuts, in shell",Yield,1977,kg/ha,4003.7
5000,"Coconuts, in shell",Yield,1978,kg/ha,3983.3
5000,"Coconuts, in shell",Yield,1979,kg/ha,3647.5
5000,"Coconuts, in shell",Yield,1980,kg/ha,3669.7
5000,"Coconuts, in shell",Yield,1981,kg/ha,3810.1
5000,"Coconuts, in shell",Yield,1982,kg/ha,3685.2
5000,"Coconuts, in shell",Yield,1983,kg/ha,3599.2
5000,"Coconuts, in shell",Yield,1984,kg/ha,3436.2
5000,"Coconuts, in shell",Yield,1985,kg/ha,3820.3
5000,"Coconuts, in shell",Yield,1986,kg/ha,4048.6
5000,"Coconuts, in shell",Yield,1987,kg/ha,3952.3
5000,"Coconuts, in shell",Yield,1988,kg/ha,3765.6
5000,"Coconuts, in shell",Yield,1989,kg/ha,3876.0
5000,"Coconuts, in shell",Yield,1990,kg/ha,4355.7
5000,"Coconuts, in shell",Yield,1991,kg/ha,4381.4
5000,"Coconuts, in shell",Yield,1992,kg/ha,4552.9
5000,"Coconuts, in shell",Yield,1993,kg/ha,4571.8
5000,"Coconuts, in shell",Yield,1994,kg/ha,4616.6
5000,"Coconuts, in shell",Yield,1995,kg/ha,4743.7
5000,"Coconuts, in shell",Yield,1996,kg/ha,4624.8
5000,"Coconuts, in shell",Yield,1997,kg/ha,4711.0
5000,"Coconuts, in shell",Yield,1998,kg/ha,4678.4
5000,"Coconuts, in shell",Yield,1999,kg/ha,4688.0
5000,"Coconuts, in shell",Yield,2000,kg/ha,4853.9
5000,"Coconuts, in shell",Yield,2001,kg/ha,4806.6
5000,"Coconuts, in shell",Yield,2002,kg/ha,5017.8
5000,"Coconuts, in shell",Yield,2003,kg/ha,5059.5
5000,"Coconuts, in shell",Yield,2004,kg/ha,5093.7
5000,"Coconuts, in shell",Yield,2005,kg/ha,5296.7
5000,"Coconuts, in shell",Yield,2006,kg/ha,5311.1
5000,"Coconuts, in shell",Yield,2007,kg/ha,5489.5
5000,"Coconuts, in shell",Yield,2008,kg/ha,5364.0
5000,"Coconuts, in shell",Yield,2009,kg/ha,5439.5
5000,"Coconuts, in shell",Yield,2010,kg/ha,5273.3
5000,"Coconuts, in shell",Yield,2011,kg/ha,5099.0
5000,"Coconuts, in shell",Yield,2012,kg/ha,5287.8
5000,"Coconuts, in shell",Yield,2013,kg/ha,5537.1
5000,"Coconuts, in shell",Yield,2014,kg/ha,5615.2
5000,"Coconuts, in shell",Yield,2015,kg/ha,5442.7
5000,"Coconuts, in shell",Yield,2016,kg/ha,5445.1
5000,"Coconuts, in shell",Yield,2017,kg/ha,5307.9
5000,"Coconuts, in shell",Yield,2018,kg/ha,5886.4
5000,"Coconuts, in shell",Yield,2019,kg/ha,5695.6
5000,"Coconuts, in shell",Yield,2020,kg/ha,5562.3
5000,"Coconuts, in shell",Yield,2021,kg/ha,5803.0
5000,"Coconuts, in shell",Yield,2022,kg/ha,5803.0
5000,"Coconuts, in shell",Yield,2023,kg/ha,5789.1
5000,"Coconuts, in shell",Yield,2024,kg/ha,5847.7
5000,"Coffee, green",Yield,1961,kg/ha,464.0
5000,"Coffee, green",Yield,1962,kg/ha,443.2
5000,"Coffee, green",Yield,1963,kg/ha,401.6
5000,"Coffee, green",Yield,1964,kg/ha,384.1
5000,"Coffee, green",Yield,1965,kg/ha,509.5
5000,"Coffee, green",Yield,1966,kg/ha,425.6
5000,"Coffee, green",Yield,1967,kg/ha,460.6
5000,"Coffee, green",Yield,1968,kg/ha,433.6
5000,"Coffee, green",Yield,1969,kg/ha,475.1
5000,"Coffee, green",Yield,1970,kg/ha,433.3
5000,"Coffee, green",Yield,1971,kg/ha,514.1
5000,"Coffee, green",Yield,1972,kg/ha,511.1
5000,"Coffee, green",Yield,1973,kg/ha,471.5
5000,"Coffee, green",Yield,1974,kg/ha,531.5
5000,"Coffee, green",Yield,1975,kg/ha,511.6
5000,"Coffee, green",Yield,1976,kg/ha,444.3
5000,"Coffee, green",Yield,1977,kg/ha,489.5
5000,"Coffee, green",Yield,1978,kg/ha,502.5
5000,"Coffee, green",Yield,1979,kg/ha,508.2
5000,"Coffee, green",Yield,1980,kg/ha,480.5
5000,"Coffee, green",Yield,1981,kg/ha,584.8
5000,"Coffee, green",Yield,1982,kg/ha,503.2
5000,"Coffee, green",Yield,1983,kg/ha,550.3
5000,"Coffee, green",Yield,1984,kg/ha,513.7
5000,"Coffee, green",Yield,1985,kg/ha,562.7
5000,"Coffee, green",Yield,1986,kg/ha,498.1
5000,"Coffee, green",Yield,1987,kg/ha,594.5
5000,"Coffee, green",Yield,1988,kg/ha,511.5
5000,"Coffee, green",Yield,1989,kg/ha,530.7
5000,"Coffee, green",Yield,1990,kg/ha,543.4
5000,"Coffee, green",Yield,1991,kg/ha,562.2
5000,"Coffee, green",Yield,1992,kg/ha,587.8
5000,"Coffee, green",Yield,1993,kg/ha,548.4
5000,"Coffee, green",Yield,1994,kg/ha,583.8
5000,"Coffee, green",Yield,1995,kg/ha,570.5
5000,"Coffee, green",Yield,1996,kg/ha,632.5
5000,"Coffee, green",Yield,1997,kg/ha,617.7
5000,"Coffee, green",Yield,1998,kg/ha,655.8
5000,"Coffee, green",Yield,1999,kg/ha,661.1
5000,"Coffee, green",Yield,2000,kg/ha,699.8
5000,"Coffee, green",Yield,2001,kg/ha,694.6
5000,"Coffee, green",Yield,2002,kg/ha,760.7
5000,"Coffee, green",Yield,2003,kg/ha,683.7
5000,"Coffee, green",Yield,2004,kg/ha,724.9
5000,"Coffee, green",Yield,2005,kg/ha,697.2
5000,"Coffee, green",Yield,2006,kg/ha,759.7
5000,"Coffee, green",Yield,2007,kg/ha,757.6
5000,"Coffee, green",Yield,2008,kg/ha,802.2
5000,"Coffee, green",Yield,2009,kg/ha,745.7
5000,"Coffee, green",Yield,2010,kg/ha,807.0
5000,"Coffee, green",Yield,2011,kg/ha,847.6
5000,"Coffee, green",Yield,2012,kg/ha,871.2
5000,"Coffee, green",Yield,2013,kg/ha,852.4
5000,"Coffee, green",Yield,2014,kg/ha,847.1
5000,"Coffee, green",Yield,2015,kg/ha,813.8
5000,"Coffee, green",Yield,2016,kg/ha,854.5
5000,"Coffee, green",Yield,2017,kg/ha,887.1
5000,"Coffee, green",Yield,2018,kg/ha,903.6
5000,"Coffee, green",Yield,2019,kg/ha,872.4
5000,"Coffee, green",Yield,2020,kg/ha,934.0
5000,"Coffee, green",Yield,2021,kg/ha,866.4
5000,"Coffee, green",Yield,2022,kg/ha,885.9
5000,"Coffee, green",Yield,2023,kg/ha,911.7
5000,"Coffee, green",Yield,2024,kg/ha,904.4
5000,"Cow peas, dry",Yield,1961,kg/ha,360.4
5000,"Cow peas, dry",Yield,1962,kg/ha,354.4
5000,"Cow peas, dry",Yield,1963,kg/ha,276.4
5000,"Cow peas, dry",Yield,1964,kg/ha,287.9
5000,"Cow peas, dry",Yield,1965,kg/ha,274.9
5000,"Cow peas, dry",Yield,1966,kg/ha,227.3
5000,"Cow peas, dry",Yield,1967,kg/ha,192.0
5000,"Cow peas, dry",Yield,1968,kg/ha,228.1
5000,"Cow peas, dry",Yield,1969,kg/ha,242.3
5000,"Cow peas, dry",Yield,1970,kg/ha,242.7
5000,"Cow peas, dry",Yield,1971,kg/ha,224.6
5000,"Cow peas, dry",Yield,1972,kg/ha,223.0
5000,"Cow peas, dry",Yield,1973,kg/ha,202.6
5000,"Cow peas, dry",Yield,1974,kg/ha,351.3
5000,"Cow peas, dry",Yield,1975,kg/ha,315.9
5000,"Cow peas, dry",Yield,1976,kg/ha,295.5
5000,"Cow peas, dry",Yield,1977,kg/ha,318.4
5000,"Cow peas, dry",Yield,1978,kg/ha,361.0
5000,"Cow peas, dry",Yield,1979,kg/ha,404.6
5000,"Cow peas, dry",Yield,1980,kg/ha,340.1
5000,"Cow peas, dry",Yield,1981,kg/ha,384.9
5000,"Cow peas, dry",Yield,1982,kg/ha,341.7
5000,"Cow peas, dry",Yield,1983,kg/ha,344.8
5000,"Cow peas, dry",Yield,1984,kg/ha,310.4
5000,"Cow peas, dry",Yield,1985,kg/ha,308.4
5000,"Cow peas, dry",Yield,1986,kg/ha,363.1
5000,"Cow peas, dry",Yield,1987,kg/ha,325.4
5000,"Cow peas, dry",Yield,1988,kg/ha,375.8
5000,"Cow peas, dry",Yield,1989,kg/ha,418.5
5000,"Cow peas, dry",Yield,1990,kg/ha,384.3
5000,"Cow peas, dry",Yield,1991,kg/ha,402.9
5000,"Cow peas, dry",Yield,1992,kg/ha,313.5
5000,"Cow peas, dry",Yield,1993,kg/ha,308.8
5000,"Cow peas, dry",Yield,1994,kg/ha,371.8
5000,"Cow peas, dry",Yield,1995,kg/ha,325.8
5000,"Cow peas, dry",Yield,1996,kg/ha,346.2
5000,"Cow peas, dry",Yield,1997,kg/ha,340.0
5000,"Cow peas, dry",Yield,1998,kg/ha,369.2
5000,"Cow peas, dry",Yield,1999,kg/ha,401.5
5000,"Cow peas, dry",Yield,2000,kg/ha,374.0
5000,"Cow peas, dry",Yield,2001,kg/ha,421.3
5000,"Cow peas, dry",Yield,2002,kg/ha,433.1
5000,"Cow peas, dry",Yield,2003,kg/ha,423.0
5000,"Cow peas, dry",Yield,2004,kg/ha,457.4
5000,"Cow peas, dry",Yield,2005,kg/ha,463.7
5000,"Cow peas, dry",Yield,2006,kg/ha,463.3
5000,"Cow peas, dry",Yield,2007,kg/ha,459.8
5000,"Cow peas, dry",Yield,2008,kg/ha,491.2
5000,"Cow peas, dry",Yield,2009,kg/ha,512.8
5000,"Cow peas, dry",Yield,2010,kg/ha,591.9
5000,"Cow peas, dry",Yield,2011,kg/ha,469.3
5000,"Cow peas, dry",Yield,2012,kg/ha,743.9
5000,"Cow peas, dry",Yield,2013,kg/ha,685.7
5000,"Cow peas, dry",Yield,2014,kg/ha,461.2
5000,"Cow peas, dry",Yield,2015,kg/ha,500.7
5000,"Cow peas, dry",Yield,2016,kg/ha,572.2
5000,"Cow peas, dry",Yield,2017,kg/ha,553.1
5000,"Cow peas, dry",Yield,2018,kg/ha,598.4
5000,"Cow peas, dry",Yield,2019,kg/ha,605.0
5000,"Cow peas, dry",Yield,2020,kg/ha,635.1
5000,"Cow peas, dry",Yield,2021,kg/ha,574.7
5000,"Cow peas, dry",Yield,2022,kg/ha,640.4
5000,"Cow peas, dry",Yield,2023,kg/ha,614.4
5000,"Cow peas, dry",Yield,2024,kg/ha,640.0
5000,Cranberries,Yield,1961,kg/ha,6461.4
5000,Cranberries,Yield,1962,kg/ha,7210.8
5000,Cranberries,Yield,1963,kg/ha,6981.5
5000,Cranberries,Yield,1964,kg/ha,7191.2
5000,Cranberries,Yield,1965,kg/ha,7720.7
5000,Cranberries,Yield,1966,kg/ha,8482.5
5000,Cranberries,Yield,1967,kg/ha,7465.8
5000,Cranberries,Yield,1968,kg/ha,7818.7
5000,Cranberries,Yield,1969,kg/ha,9637.9
5000,Cranberries,Yield,1970,kg/ha,10539.2
5000,Cranberries,Yield,1971,kg/ha,11247.4
5000,Cranberries,Yield,1972,kg/ha,10339.9
5000,Cranberries,Yield,1973,kg/ha,10313.5
5000,Cranberries,Yield,1974,kg/ha,10730.3
5000,Cranberries,Yield,1975,kg/ha,10159.3
5000,Cranberries,Yield,1976,kg/ha,11721.5
5000,Cranberries,Yield,1977,kg/ha,10583.4
5000,Cranberries,Yield,1978,kg/ha,11879.5
5000,Cranberries,Yield,1979,kg/ha,11924.3
5000,Cranberries,Yield,1980,kg/ha,12973.6
5000,Cranberries,Yield,1981,kg/ha,12457.1
5000,Cranberries,Yield,1982,kg/ha,14483.5
5000,Cranberries,Yield,1983,kg/ha,13691.0
5000,Cranberries,Yield,1984,kg/ha,14933.7
5000,Cranberries,Yield,1985,kg/ha,15007.7
5000,Cranberries,Yield,1986,kg/ha,15510.8
5000,Cranberries,Yield,1987,kg/ha,14053.0
5000,Cranberries,Yield,1988,kg/ha,16559.0
5000,Cranberries,Yield,1989,kg/ha,14513.9
5000,Cranberries,Yield,1990,kg/ha,14805.8
5000,Cranberries,Yield,1991,kg/ha,15982.4
5000,Cranberries,Yield,1992,kg/ha,14287.6
5000,Cranberries,Yield,1993,kg/ha,13467.3
5000,Cranberries,Yield,1994,kg/ha,15422.0
5000,Cranberries,Yield,1995,kg/ha,13724.6
5000,Cranberries,Yield,1996,kg/ha,14473.6
5000,Cranberries,Yield,1997,kg/ha,15274.5
5000,Cranberries,Yield,1998,kg/ha,14173.5
5000,Cranberries,Yield,1999,kg/ha,16054.4
5000,Cranberries,Yield,2000,kg/ha,14718.2
5000,Cranberries,Yield,2001,kg/ha,13590.9
5000,Cranberries,Yield,2002,kg/ha,14528.9
5000,Cranberries,Yield,2003,kg/ha,16474.7
5000,Cranberries,Yield,2004,kg/ha,16444.6
5000,Cranberries,Yield,2005,kg/ha,16835.5
5000,Cranberries,Yield,2006,kg/ha,17834.2
5000,Cranberries,Yield,2007,kg/ha,17025.8
5000,Cranberries,Yield,2008,kg/ha,19707.0
5000,Cranberries,Yield,2009,kg/ha,17637.8
5000,Cranberries,Yield,2010,kg/ha,16920.2
5000,Cranberries,Yield,2011,kg/ha,19196.4
5000,Cranberries,Yield,2012,kg/ha,20292.3
5000,Cranberries,Yield,2013,kg/ha,20934.0
5000,Cranberries,Yield,2014,kg/ha,22794.2
5000,Cranberries,Yield,2015,kg/ha,21727.1
5000,Cranberries,Yield,2016,kg/ha,24689.9
5000,Cranberries,Yield,2017,kg/ha,21435.2
5000,Cranberries,Yield,2018,kg/ha,25094.3
5000,Cranberries,Yield,2019,kg/ha,22449.3
5000,Cranberries,Yield,2020,kg/ha,22068.1
5000,Cranberries,Yield,2021,kg/ha,20705.6
5000,Cranberries,Yield,2022,kg/ha,25167.6
5000,Cranberries,Yield,2023,kg/ha,23229.2
5000,Cranberries,Yield,2024,kg/ha,25976.2
5000,Cucumbers and gherkins,Yield,1961,kg/ha,9431.1
5000,Cucumbers and gherkins,Yield,1962,kg/ha,9170.0
5000,Cucumbers and gherkins,Yield,1963,kg/ha,9488.9
5000,Cucumbers and gherkins,Yield,1964,kg/ha,9670.1
5000,Cucumbers and gherkins,Yield,1965,kg/ha,9715.6
5000,Cucumbers and gherkins,Yield,1966,kg/ha,10270.0
5000,Cucumbers and gherkins,Yield,1967,kg/ha,10581.8
5000,Cucumbers and gherkins,Yield,1968,kg/ha,10973.3
5000,Cucumbers and gherkins,Yield,1969,kg/ha,11061.7
5000,Cucumbers and gherkins,Yield,1970,kg/ha,11615.9
5000,Cucumbers and gherkins,Yield,1971,kg/ha,11584.7
5000,Cucumbers and gherkins,Yield,1972,kg/ha,11540.9
5000,Cucumbers and gherkins,Yield,1973,kg/ha,11757.9
5000,Cucumbers and gherkins,Yield,1974,kg/ha,11614.0
5000,Cucumbers and gherkins,Yield,1975,kg/ha,11931.9
5000,Cucumbers and gherkins,Yield,1976,kg/ha,11908.7
5000,Cucumbers and gherkins,Yield,1977,kg/ha,12649.8
5000,Cucumbers and gherkins,Yield,1978,kg/ha,11672.7
5000,Cucumbers and gherkins,Yield,1979,kg/ha,12609.2
5000,Cucumbers and gherkins,Yield,1980,kg/ha,12086.6
5000,Cucumbers and gherkins,Yield,1981,kg/ha,13086.3
5000,Cucumbers and gherkins,Yield,1982,kg/ha,13175.3
5000,Cucumbers and gherkins,Yield,1983,kg/ha,13155.6
5000,Cucumbers and gherkins,Yield,1984,kg/ha,13406.5
5000,Cucumbers and gherkins,Yield,1985,kg/ha,13325.7
5000,Cucumbers and gherkins,Yield,1986,kg/ha,13557.6
5000,Cucumbers and gherkins,Yield,1987,kg/ha,13709.5
5000,Cucumbers and gherkins,Yield,1988,kg/ha,13583.0
5000,Cucumbers and gherkins,Yield,1989,kg/ha,13301.4
5000,Cucumbers and gherkins,Yield,1990,kg/ha,14733.3
5000,Cucumbers and gherkins,Yield,1991,kg/ha,14973.5
5000,Cucumbers and gherkins,Yield,1992,kg/ha,15480.6
5000,Cucumbers and gherkins,Yield,1993,kg/ha,15600.9
5000,Cucumbers and gherkins,Yield,1994,kg/ha,15530.7
5000,Cucumbers and gherkins,Yield,1995,kg/ha,15808.0
5000,Cucumbers and gherkins,Yield,1996,kg/ha,16401.4
5000,Cucumbers and gherkins,Yield,1997,kg/ha,15970.8
5000,Cucumbers and gherkins,Yield,1998,kg/ha,15718.8
5000,Cucumbers and gherkins,Yield,1999,kg/ha,15800.9
5000,Cucumbers and gherkins,Yield,2000,kg/ha,18505.3
5000,Cucumbers and gherkins,Yield,2001,kg/ha,19508.9
5000,Cucumbers and gherkins,Yield,2002,kg/ha,21626.0
5000,Cucumbers and gherkins,Yield,2003,kg/ha,22209.7
5000,Cucumbers and gherkins,Yield,2004,kg/ha,22578.7
5000,Cucumbers and gherkins,Yield,2005,kg/ha,23950.2
5000,Cucumbers and gherkins,Yield,2006,kg/ha,26392.2
5000,Cucumbers and gherkins,Yield,2007,kg/ha,27450.4
5000,Cucumbers and gherkins,Yield,2008,kg/ha,30390.2
5000,Cucumbers and gherkins,Yield,2009,kg/ha,30834.7
5000,Cucumbers and gherkins,Yield,2010,kg/ha,30956.4
5000,Cucumbers and gherkins,Yield,2011,kg/ha,32519.9
5000,Cucumbers and gherkins,Yield,2012,kg/ha,33464.5
5000,Cucumbers and gherkins,Yield,2013,kg/ha,34677.5
5000,Cucumbers and gherkins,Yield,2014,kg/ha,35547.5
5000,Cucumbers and gherkins,Yield,2015,kg/ha,36273.1
5000,Cucumbers and gherkins,Yield,2016,kg/ha,36521.4
5000,Cucumbers and gherkins,Yield,2017,kg/ha,38540.3
5000,Cucumbers and gherkins,Yield,2018,kg/ha,39358.7
5000,Cucumbers and gherkins,Yield,2019,kg/ha,39827.9
5000,Cucumbers and gherkins,Yield,2020,kg/ha,38659.1
5000,Cucumbers and gherkins,Yield,2021,kg/ha,38932.1
5000,Cucumbers and gherkins,Yield,2022,kg/ha,39293.8
5000,Cucumbers and gherkins,Yield,2023,kg/ha,39125.3
5000,Cucumbers and gherkins,Yield,2024,kg/ha,38424.9
5000,Currants,Yield,1961,kg/ha,39325.4
5000,Currants,Yield,1962,kg/ha,36389.3
5000,Currants,Yield,1963,kg/ha,38538.3
5000,Currants,Yield,1964,kg/ha,37052.7
5000,Currants,Yield,1965,kg/ha,36691.2
5000,Currants,Yield,1966,kg/ha,40793.9
5000,Currants,Yield,1967,kg/ha,32774.7
5000,Currants,Yield,1968,kg/ha,39136.0
5000,Currants,Yield,1969,kg/ha,38725.9
5000,Currants,Yield,1970,kg/ha,31374.4
5000,Currants,Yield,1971,kg/ha,28822.7
5000,Currants,Yield,1972,kg/ha,28057.8
5000,Currants,Yield,1973,kg/ha,26022.1
5000,Currants,Yield,1974,kg/ha,26309.3
5000,Currants,Yield,1975,kg/ha,27343.8
5000,Currants,Yield,1976,kg/ha,21881.8
5000,Currants,Yield,1977,kg/ha,22911.8
5000,Currants,Yield,1978,kg/ha,22687.1
5000,Currants,Yield,1979,kg/ha,24290.2
5000,Currants,Yield,1980,kg/ha,21301.0
5000,Currants,Yield,1981,kg/ha,17787.7
5000,Currants,Yield,1982,kg/ha,22950.6
5000,Currants,Yield,1983,kg/ha,24629.1
5000,Currants,Yield,1984,kg/ha,25100.7
5000,Currants,Yield,1985,kg/ha,6173.1
5000,Currants,Yield,1986,kg/ha,6070.4
5000,Currants,Yield,1987,kg/ha,5927.3
5000,Currants,Yield,1988,kg/ha,6215.0
5000,Currants,Yield,1989,kg/ha,6012.4
5000,Currants,Yield,1990,kg/ha,5520.1
5000,Currants,Yield,1991,kg/ha,5590.5
5000,Currants,Yield,1992,kg/ha,6561.8
5000,Currants,Yield,1993,kg/ha,6459.4
5000,Currants,Yield,1994,kg/ha,6045.2
5000,Currants,Yield,1995,kg/ha,5867.5
5000,Currants,Yield,1996,kg/ha,5993.4
5000,Currants,Yield,1997,kg/ha,5612.7
5000,Currants,Yield,1998,kg/ha,5690.7
5000,Currants,Yield,1999,kg/ha,5296.6
5000,Currants,Yield,2000,kg/ha,5078.0
5000,Currants,Yield,2001,kg/ha,5122.9
5000,Currants,Yield,2002,kg/ha,4569.9
5000,Currants,Yield,2003,kg/ha,4893.8
5000,Currants,Yield,2004,kg/ha,5185.2
5000,Currants,Yield,2005,kg/ha,5106.7
5000,Currants,Yield,2006,kg/ha,5531.7
5000,Currants,Yield,2007,kg/ha,5087.3
5000,Currants,Yield,2008,kg/ha,5481.8
5000,Currants,Yield,2009,kg/ha,5668.0
5000,Currants,Yield,2010,kg/ha,5178.6
5000,Currants,Yield,2011,kg/ha,5605.1
5000,Currants,Yield,2012,kg/ha,5611.3
5000,Currants,Yield,2013,kg/ha,5926.3
5000,Currants,Yield,2014,kg/ha,5475.8
5000,Currants,Yield,2015,kg/ha,5529.6
5000,Currants,Yield,2016,kg/ha,5451.2
5000,Currants,Yield,2017,kg/ha,4932.6
5000,Currants,Yield,2018,kg/ha,5258.6
5000,Currants,Yield,2019,kg/ha,4893.0
5000,Currants,Yield,2020,kg/ha,5045.1
5000,Currants,Yield,2021,kg/ha,5022.8
5000,Currants,Yield,2022,kg/ha,5367.7
5000,Currants,Yield,2023,kg/ha,5252.4
5000,Currants,Yield,2024,kg/ha,4955.3
5000,Dates,Yield,1961,kg/ha,7688.0
5000,Dates,Yield,1962,kg/ha,7590.1
5000,Dates,Yield,1963,kg/ha,7146.4
5000,Dates,Yield,1964,kg/ha,6531.8
5000,Dates,Yield,1965,kg/ha,6911.6
5000,Dates,Yield,1966,kg/ha,6975.0
5000,Dates,Yield,1967,kg/ha,6511.6
5000,Dates,Yield,1968,kg/ha,6207.8
5000,Dates,Yield,1969,kg/ha,7663.3
5000,Dates,Yield,1970,kg/ha,7091.1
5000,Dates,Yield,1971,kg/ha,7064.9
5000,Dates,Yield,1972,kg/ha,6765.2
5000,Dates,Yield,1973,kg/ha,7152.8
5000,Dates,Yield,1974,kg/ha,6856.7
5000,Dates,Yield,1975,kg/ha,7342.4
5000,Dates,Yield,1976,kg/ha,6660.5
5000,Dates,Yield,1977,kg/ha,8094.2
5000,Dates,Yield,1978,kg/ha,7007.6
5000,Dates,Yield,1979,kg/ha,7328.3
5000,Dates,Yield,1980,kg/ha,7400.5
5000,Dates,Yield,1981,kg/ha,6412.8
5000,Dates,Yield,1982,kg/ha,6213.5
5000,Dates,Yield,1983,kg/ha,6885.2
5000,Dates,Yield,1984,kg/ha,6647.4
5000,Dates,Yield,1985,kg/ha,5189.2
5000,Dates,Yield,1986,kg/ha,5112.1
5000,Dates,Yield,1987,kg/ha,5271.9
5000,Dates,Yield,1988,kg/ha,5300.8
5000,Dates,Yield,1989,kg/ha,5534.6
5000,Dates,Yield,1990,kg/ha,5488.7
5000,Dates,Yield,1991,kg/ha,5660.6
5000,Dates,Yield,1992,kg/ha,5515.4
5000,Dates,Yield,1993,kg/ha,6025.0
5000,Dates,Yield,1994,kg/ha,5812.8
5000,Dates,Yield,1995,kg/ha,5857.8
5000,Dates,Yield,1996,kg/ha,5735.1
5000,Dates,Yield,1997,kg/ha,5676.9
5000,Dates,Yield,1998,kg/ha,6407.0
5000,Dates,Yield,1999,kg/ha,5939.1
5000,Dates,Yield,2000,kg/ha,6142.7
5000,Dates,Yield,2001,kg/ha,6309.9
5000,Dates,Yield,2002,kg/ha,6203.5
5000,Dates,Yield,2003,kg/ha,6178.9
5000,Dates,Yield,2004,kg/ha,6219.6
5000,Dates,Yield,2005,kg/ha,6087.9
5000,Dates,Yield,2006,kg/ha,5927.3
5000,Dates,Yield,2007,kg/ha,5906.7
5000,Dates,Yield,2008,kg/ha,5953.9
5000,Dates,Yield,2009,kg/ha,6002.0
5000,Dates,Yield,2010,kg/ha,5885.3
5000,Dates,Yield,2011,kg/ha,6477.1
5000,Dates,Yield,2012,kg/ha,6697.0
5000,Dates,Yield,2013,kg/ha,6492.4
5000,Dates,Yield,2014,kg/ha,6430.7
5000,Dates,Yield,2015,kg/ha,7190.1
5000,Dates,Yield,2016,kg/ha,7013.4
5000,Dates,Yield,2017,kg/ha,7059.0
5000,Dates,Yield,2018,kg/ha,7030.6
5000,Dates,Yield,2019,kg/ha,7739.8
5000,Dates,Yield,2020,kg/ha,7739.4
5000,Dates,Yield,2021,kg/ha,7723.5
5000,Dates,Yield,2022,kg/ha,7196.9
5000,Dates,Yield,2023,kg/ha,7459.3
5000,Dates,Yield,2024,kg/ha,7211.1
5000,"Edible roots and tubers with high starch or inulin content, n.e.c., fresh",Yield,1961,kg/ha,4584.2
5000,"Edible roots and tubers with high starch or inulin content, n.e.c., fresh",Yield,1962,kg/ha,4627.1
5000,"Edible roots and tubers with high starch or inulin content, n.e.c., fresh",Yield,1963,kg/ha,4663.0
5000,"Edible roots and tubers with high starch or inulin content, n.e.c., fresh",Yield,1964,kg/ha,4717.6
5000,"Edible roots and tubers with high starch or inulin content, n.e.c., fresh",Yield,1965,kg/ha,4673.1
5000,"Edible roots and tubers with high starch or inulin content, n.e.c., fresh",Yield,1966,kg/ha,4651.9
5000,"Edible roots and tubers with high starch or inulin content, n.e.c., fresh",Yield,1967,kg/ha,4648.7
5000,"Edible roots and tubers with high starch or inulin content, n.e.c., fresh",Yield,1968,kg/ha,4633.4
5000,"Edible roots and tubers with high starch or inulin content, n.e.c., fresh",Yield,1969,kg/ha,4628.0
5000,"Edible roots and tubers with high starch or inulin content, n.e.c., fresh",Yield,1970,kg/ha,4679.0
5000,"Edible roots and tubers with high starch or inulin content, n.e.c., fresh",Yield,1971,kg/ha,4653.6
5000,"Edible roots and tubers with high starch or inulin content, n.e.c., fresh",Yield,1972,kg/ha,4711.9
5000,"Edible roots and tubers with high starch or inulin content, n.e.c., fresh",Yield,1973,kg/ha,4804.1
5000,"Edible roots and tubers with high starch or inulin content, n.e.c., fresh",Yield,1974,kg/ha,4913.8
5000,"Edible roots and tubers with high starch or inulin content, n.e.c., fresh",Yield,1975,kg/ha,5065.5
5000,"Edible roots and tubers with high starch or inulin content, n.e.c., fresh",Yield,1976,kg/ha,5342.1
5000,"Edible roots and tubers with high starch or inulin content, n.e.c., fresh",Yield,1977,kg/ha,5633.3
5000,"Edible roots and tubers with high starch or inulin content, n.e.c., fresh",Yield,1978,kg/ha,6111.0
5000,"Edible roots and tubers with high starch or inulin content, n.e.c., fresh",Yield,1979,kg/ha,6101.5
5000,"Edible roots and tubers with high starch or inulin content, n.e.c., fresh",Yield,1980,kg/ha,6269.3
5000,"Edible roots and tubers with high starch or inulin content, n.e.c., fresh",Yield,1981,kg/ha,6472.3
5000,"Edible roots and tubers with high starch or inulin content, n.e.c., fresh",Yield,1982,kg/ha,6554.3
5000,"Edible roots and tubers with high starch or inulin content, n.e.c., fresh",Yield,1983,kg/ha,6819.9
5000,"Edible roots and tubers with high starch or inulin content, n.e.c., fresh",Yield,1984,kg/ha,6519.9
5000,"Edible roots and tubers with high starch or inulin content, n.e.c., fresh",Yield,1985,kg/ha,6545.8
5000,"Edible roots and tubers with high starch or inulin content, n.e.c., fresh",Yield,1986,kg/ha,6654.6
5000,"Edible roots and tubers with high starch or inulin content, n.e.c., fresh",Yield,1987,kg/ha,6815.2
5000,"Edible roots and tubers with high starch or inulin content, n.e.c., fresh",Yield,1988,kg/ha,6967.9
5000,"Edible roots and tubers with high starch or inulin content, n.e.c., fresh",Yield,1989,kg/ha,6853.6
5000,"Edible roots and tubers with high starch or inulin content, n.e.c., fresh",Yield,1990,kg/ha,7030.0
5000,"Edible roots and tubers with high starch or inulin content, n.e.c., fresh",Yield,1991,kg/ha,6883.9
5000,"Edible roots and tubers with high starch or inulin content, n.e.c., fresh",Yield,1992,kg/ha,6910.9
5000,"Edible roots and tubers with high starch or inulin content, n.e.c., fresh",Yield,1993,kg/ha,6393.2
5000,"Edible roots and tubers with high starch or inulin content, n.e.c., fresh",Yield,1994,kg/ha,6623.4
5000,"Edible roots and tubers with high starch or inulin content, n.e.c., fresh",Yield,1995,kg/ha,6867.0
5000,"Edible roots and tubers with high starch or inulin content, n.e.c., fresh",Yield,1996,kg/ha,7053.3
5000,"Edible roots and tubers with high starch or inulin content, n.e.c., fresh",Yield,1997,kg/ha,6935.2
5000,"Edible roots and tubers with high starch or inulin content, n.e.c., fresh",Yield,1998,kg/ha,6926.6
5000,"Edible roots and tubers with high starch or inulin content, n.e.c., fresh",Yield,1999,kg/ha,6928.2
5000,"Edible roots and tubers with high starch or inulin content, n.e.c., fresh",Yield,2000,kg/ha,6939.1
5000,"Edible roots and tubers with high starch or inulin content, n.e.c., fresh",Yield,2001,kg/ha,7027.3
5000,"Edible roots and tubers with high starch or inulin content, n.e.c., fresh",Yield,2002,kg/ha,6997.4
5000,"Edible roots and tubers with high starch or inulin content, n.e.c., fresh",Yield,2003,kg/ha,7250.6
5000,"Edible roots and tubers with high starch or inulin content, n.e.c., fresh",Yield,2004,kg/ha,7280.0
5000,"Edible roots and tubers with high starch or inulin content, n.e.c., fresh",Yield,2005,kg/ha,7231.6
5000,"Edible roots and tubers with high starch or inulin content, n.e.c., fresh",Yield,2006,kg/ha,7418.7
5000,"Edible roots and tubers with high starch or inulin content, n.e.c., fresh",Yield,2007,kg/ha,7459.1
5000,"Edible roots and tubers with high starch or inulin content, n.e.c., fresh",Yield,2008,kg/ha,7503.3
5000,"Edible roots and tubers with high starch or inulin content, n.e.c., fresh",Yield,2009,kg/ha,7689.5
5000,"Edible roots and tubers with high starch or inulin content, n.e.c., fresh",Yield,2010,kg/ha,8207.4
5000,"Edible roots and tubers with high starch or inulin content, n.e.c., fresh",Yield,2011,kg/ha,8701.6
5000,"Edible roots and tubers with high starch or inulin content, n.e.c., fresh",Yield,2012,kg/ha,9281.8
5000,"Edible roots and tubers with high starch or inulin content, n.e.c., fresh",Yield,2013,kg/ha,9368.1
5000,"Edible roots and tubers with high starch or inulin content, n.e.c., fresh",Yield,2014,kg/ha,9726.3
5000,"Edible roots and tubers with high starch or inulin content, n.e.c., fresh",Yield,2015,kg/ha,10774.5
5000,"Edible roots and tubers with high starch or inulin content, n.e.c., fresh",Yield,2016,kg/ha,10916.8
5000,"Edible roots and tubers with high starch or inulin content, n.e.c., fresh",Yield,2017,kg/ha,10785.3
5000,"Edible roots and tubers with high starch or inulin content, n.e.c., fresh",Yield,2018,kg/ha,11999.0
5000,"Edible roots and tubers with high starch or inulin content, n.e.c., fresh",Yield,2019,kg/ha,12236.3
5000,"Edible roots and tubers with high starch or inulin content, n.e.c., fresh",Yield,2020,kg/ha,12543.1
5000,"Edible roots and tubers with high starch or inulin content, n.e.c., fresh",Yield,2021,kg/ha,12676.2
5000,"Edible roots and tubers with high starch or inulin content, n.e.c., fresh",Yield,2022,kg/ha,13187.5
5000,"Edible roots and tubers with high starch or inulin content, n.e.c., fresh",Yield,2023,kg/ha,13870.6
5000,"Edible roots and tubers with high starch or inulin content, n.e.c., fresh",Yield,2024,kg/ha,14220.9
5000,Eggplants (aubergines),Yield,1961,kg/ha,8866.4
5000,Eggplants (aubergines),Yield,1962,kg/ha,9403.2
5000,Eggplants (aubergines),Yield,1963,kg/ha,9752.9
5000,Eggplants (aubergines),Yield,1964,kg/ha,9834.4
5000,Eggplants (aubergines),Yield,1965,kg/ha,10116.3
5000,Eggplants (aubergines),Yield,1966,kg/ha,10354.7
5000,Eggplants (aubergines),Yield,1967,kg/ha,10606.3
5000,Eggplants (aubergines),Yield,1968,kg/ha,10955.8
5000,Eggplants (aubergines),Yield,1969,kg/ha,11090.9
5000,Eggplants (aubergines),Yield,1970,kg/ha,11263.8
5000,Eggplants (aubergines),Yield,1971,kg/ha,11493.0
5000,Eggplants (aubergines),Yield,1972,kg/ha,10987.0
5000,Eggplants (aubergines),Yield,1973,kg/ha,11570.5
5000,Eggplants (aubergines),Yield,1974,kg/ha,11797.8
5000,Eggplants (aubergines),Yield,1975,kg/ha,11749.6
5000,Eggplants (aubergines),Yield,1976,kg/ha,11337.9
5000,Eggplants (aubergines),Yield,1977,kg/ha,11526.2
5000,Eggplants (aubergines),Yield,1978,kg/ha,11405.4
5000,Eggplants (aubergines),Yield,1979,kg/ha,11703.2
5000,Eggplants (aubergines),Yield,1980,kg/ha,11436.6
5000,Eggplants (aubergines),Yield,1981,kg/ha,11958.7
5000,Eggplants (aubergines),Yield,1982,kg/ha,11685.3
5000,Eggplants (aubergines),Yield,1983,kg/ha,12044.5
5000,Eggplants (aubergines),Yield,1984,kg/ha,11865.4
5000,Eggplants (aubergines),Yield,1985,kg/ha,11962.3
5000,Eggplants (aubergines),Yield,1986,kg/ha,12282.9
5000,Eggplants (aubergines),Yield,1987,kg/ha,12324.7
5000,Eggplants (aubergines),Yield,1988,kg/ha,12601.8
5000,Eggplants (aubergines),Yield,1989,kg/ha,12238.2
5000,Eggplants (aubergines),Yield,1990,kg/ha,13573.5
5000,Eggplants (aubergines),Yield,1991,kg/ha,13972.8
5000,Eggplants (aubergines),Yield,1992,kg/ha,16169.0
5000,Eggplants (aubergines),Yield,1993,kg/ha,17636.5
5000,Eggplants (aubergines),Yield,1994,kg/ha,16266.4
5000,Eggplants (aubergines),Yield,1995,kg/ha,16145.7
5000,Eggplants (aubergines),Yield,1996,kg/ha,16665.4
5000,Eggplants (aubergines),Yield,1997,kg/ha,16342.1
5000,Eggplants (aubergines),Yield,1998,kg/ha,17136.7
5000,Eggplants (aubergines),Yield,1999,kg/ha,18666.2
5000,Eggplants (aubergines),Yield,2000,kg/ha,17990.1
5000,Eggplants (aubergines),Yield,2001,kg/ha,17455.7
5000,Eggplants (aubergines),Yield,2002,kg/ha,18045.6
5000,Eggplants (aubergines),Yield,2003,kg/ha,17774.0
5000,Eggplants (aubergines),Yield,2004,kg/ha,17766.1
5000,Eggplants (aubergines),Yield,2005,kg/ha,17636.3
5000,Eggplants (aubergines),Yield,2006,kg/ha,17594.0
5000,Eggplants (aubergines),Yield,2007,kg/ha,22751.8
5000,Eggplants (aubergines),Yield,2008,kg/ha,24270.4
5000,Eggplants (aubergines),Yield,2009,kg/ha,25205.3
5000,Eggplants (aubergines),Yield,2010,kg/ha,25168.8
5000,Eggplants (aubergines),Yield,2011,kg/ha,25207.5
5000,Eggplants (aubergines),Yield,2012,kg/ha,25595.3
5000,Eggplants (aubergines),Yield,2013,kg/ha,25924.3
5000,Eggplants (aubergines),Yield,2014,kg/ha,26488.9
5000,Eggplants (aubergines),Yield,2015,kg/ha,27560.3
5000,Eggplants (aubergines),Yield,2016,kg/ha,28181.1
5000,Eggplants (aubergines),Yield,2017,kg/ha,27810.1
5000,Eggplants (aubergines),Yield,2018,kg/ha,28661.3
5000,Eggplants (aubergines),Yield,2019,kg/ha,29145.7
5000,Eggplants (aubergines),Yield,2020,kg/ha,28221.1
5000,Eggplants (aubergines),Yield,2021,kg/ha,28310.7
5000,Eggplants (aubergines),Yield,2022,kg/ha,29148.8
5000,Eggplants (aubergines),Yield,2023,kg/ha,29187.5
5000,Eggplants (aubergines),Yield,2024,kg/ha,29336.6
5000,"Eggs from other birds in shell, fresh, n.e.c.",Yield,1961,No/An,190.0
5000,"Eggs from other birds in shell, fresh, n.e.c.",Yield,1962,No/An,189.0
5000,"Eggs from other birds in shell, fresh, n.e.c.",Yield,1963,No/An,189.0
5000,"Eggs from other birds in shell, fresh, n.e.c.",Yield,1964,No/An,192.0
5000,"Eggs from other birds in shell, fresh, n.e.c.",Yield,1965,No/An,196.0
5000,"Eggs from other birds in shell, fresh, n.e.c.",Yield,1966,No/An,196.0
5000,"Eggs from other birds in shell, fresh, n.e.c.",Yield,1967,No/An,193.0
5000,"Eggs from other birds in shell, fresh, n.e.c.",Yield,1968,No/An,198.0
5000,"Eggs from other birds in shell, fresh, n.e.c.",Yield,1969,No/An,212.0
5000,"Eggs from other birds in shell, fresh, n.e.c.",Yield,1970,No/An,207.0
5000,"Eggs from other birds in shell, fresh, n.e.c.",Yield,1971,No/An,214.0
5000,"Eggs from other birds in shell, fresh, n.e.c.",Yield,1972,No/An,218.0
5000,"Eggs from other birds in shell, fresh, n.e.c.",Yield,1973,No/An,230.0
5000,"Eggs from other birds in shell, fresh, n.e.c.",Yield,1974,No/An,233.0
5000,"Eggs from other birds in shell, fresh, n.e.c.",Yield,1975,No/An,226.0
5000,"Eggs from other birds in shell, fresh, n.e.c.",Yield,1976,No/An,233.0
5000,"Eggs from other birds in shell, fresh, n.e.c.",Yield,1977,No/An,222.0
5000,"Eggs from other birds in shell, fresh, n.e.c.",Yield,1978,No/An,227.0
5000,"Eggs from other birds in shell, fresh, n.e.c.",Yield,1979,No/An,217.0
5000,"Eggs from other birds in shell, fresh, n.e.c.",Yield,1980,No/An,222.0
5000,"Eggs from other birds in shell, fresh, n.e.c.",Yield,1981,No/An,229.0
5000,"Eggs from other birds in shell, fresh, n.e.c.",Yield,1982,No/An,234.0
5000,"Eggs from other birds in shell, fresh, n.e.c.",Yield,1983,No/An,255.0
5000,"Eggs from other birds in shell, fresh, n.e.c.",Yield,1984,No/An,291.0
5000,"Eggs from other birds in shell, fresh, n.e.c.",Yield,1985,No/An,356.0
5000,"Eggs from other birds in shell, fresh, n.e.c.",Yield,1986,No/An,362.0
5000,"Eggs from other birds in shell, fresh, n.e.c.",Yield,1987,No/An,392.0
5000,"Eggs from other birds in shell, fresh, n.e.c.",Yield,1988,No/An,445.0
5000,"Eggs from other birds in shell, fresh, n.e.c.",Yield,1989,No/An,480.0
5000,"Eggs from other birds in shell, fresh, n.e.c.",Yield,1990,No/An,504.0
5000,"Eggs from other birds in shell, fresh, n.e.c.",Yield,1991,No/An,552.0
5000,"Eggs from other birds in shell, fresh, n.e.c.",Yield,1992,No/An,553.0
5000,"Eggs from other birds in shell, fresh, n.e.c.",Yield,1993,No/An,590.0
5000,"Eggs from other birds in shell, fresh, n.e.c.",Yield,1994,No/An,663.0
5000,"Eggs from other birds in shell, fresh, n.e.c.",Yield,1995,No/An,722.0
5000,"Eggs from other birds in shell, fresh, n.e.c.",Yield,1996,No/An,737.0
5000,"Eggs from other birds in shell, fresh, n.e.c.",Yield,1997,No/An,523.0
5000,"Eggs from other birds in shell, fresh, n.e.c.",Yield,1998,No/An,536.0
5000,"Eggs from other birds in shell, fresh, n.e.c.",Yield,1999,No/An,618.0
5000,"Eggs from other birds in shell, fresh, n.e.c.",Yield,2000,No/An,612.0
5000,"Eggs from other birds in shell, fresh, n.e.c.",Yield,2001,No/An,593.0
5000,"Eggs from other birds in shell, fresh, n.e.c.",Yield,2002,No/An,579.0
5000,"Eggs from other birds in shell, fresh, n.e.c.",Yield,2003,No/An,580.0
5000,"Eggs from other birds in shell, fresh, n.e.c.",Yield,2004,No/An,577.0
5000,"Eggs from other birds in shell, fresh, n.e.c.",Yield,2005,No/An,551.0
5000,"Eggs from other birds in shell, fresh, n.e.c.",Yield,2006,No/An,537.0
5000,"Eggs from other birds in shell, fresh, n.e.c.",Yield,2007,No/An,535.0
5000,"Eggs from other birds in shell, fresh, n.e.c.",Yield,2008,No/An,538.0
5000,"Eggs from other birds in shell, fresh, n.e.c.",Yield,2009,No/An,531.0
5000,"Eggs from other birds in shell, fresh, n.e.c.",Yield,2010,No/An,524.0
5000,"Eggs from other birds in shell, fresh, n.e.c.",Yield,2011,No/An,538.0
5000,"Eggs from other birds in shell, fresh, n.e.c.",Yield,2012,No/An,522.0
5000,"Eggs from other birds in shell, fresh, n.e.c.",Yield,2013,No/An,511.0
5000,"Eggs from other birds in shell, fresh, n.e.c.",Yield,2014,No/An,481.0
5000,"Eggs from other birds in shell, fresh, n.e.c.",Yield,2015,No/An,488.0
5000,"Eggs from other birds in shell, fresh, n.e.c.",Yield,2016,No/An,488.0
5000,"Eggs from other birds in shell, fresh, n.e.c.",Yield,2017,No/An,437.0
5000,"Eggs from other birds in shell, fresh, n.e.c.",Yield,2018,No/An,444.0
5000,"Eggs from other birds in shell, fresh, n.e.c.",Yield,2019,No/An,488.0
5000,"Eggs from other birds in shell, fresh, n.e.c.",Yield,2020,No/An,452.0
5000,"Eggs from other birds in shell, fresh, n.e.c.",Yield,2021,No/An,445.0
5000,"Eggs from other birds in shell, fresh, n.e.c.",Yield,2022,No/An,454.0
5000,"Eggs from other birds in shell, fresh, n.e.c.",Yield,2023,No/An,492.0
5000,"Eggs from other birds in shell, fresh, n.e.c.",Yield,2024,No/An,485.0
5000,Figs,Yield,1961,kg/ha,2527.2
5000,Figs,Yield,1962,kg/ha,2484.3
5000,Figs,Yield,1963,kg/ha,2528.6
5000,Figs,Yield,1964,kg/ha,2697.9
5000,Figs,Yield,1965,kg/ha,2618.4
5000,Figs,Yield,1966,kg/ha,2702.5
5000,Figs,Yield,1967,kg/ha,2686.3
5000,Figs,Yield,1968,kg/ha,2754.0
5000,Figs,Yield,1969,kg/ha,2806.8
5000,Figs,Yield,1970,kg/ha,2745.9
5000,Figs,Yield,1971,kg/ha,2740.8
5000,Figs,Yield,1972,kg/ha,2544.7
5000,Figs,Yield,1973,kg/ha,3002.6
5000,Figs,Yield,1974,kg/ha,3122.1
5000,Figs,Yield,1975,kg/ha,3141.1
5000,Figs,Yield,1976,kg/ha,3096.1
5000,Figs,Yield,1977,kg/ha,2905.4
5000,Figs,Yield,1978,kg/ha,2854.5
5000,Figs,Yield,1979,kg/ha,3070.3
5000,Figs,Yield,1980,kg/ha,3072.0
5000,Figs,Yield,1981,kg/ha,3308.9
5000,Figs,Yield,1982,kg/ha,3580.3
5000,Figs,Yield,1983,kg/ha,3356.1
5000,Figs,Yield,1984,kg/ha,3359.4
5000,Figs,Yield,1985,kg/ha,2679.7
5000,Figs,Yield,1986,kg/ha,2811.1
5000,Figs,Yield,1987,kg/ha,2692.5
5000,Figs,Yield,1988,kg/ha,2646.9
5000,Figs,Yield,1989,kg/ha,2485.4
5000,Figs,Yield,1990,kg/ha,2683.8
5000,Figs,Yield,1991,kg/ha,3017.6
5000,Figs,Yield,1992,kg/ha,3275.8
5000,Figs,Yield,1993,kg/ha,3478.8
5000,Figs,Yield,1994,kg/ha,3533.7
5000,Figs,Yield,1995,kg/ha,3849.4
5000,Figs,Yield,1996,kg/ha,3527.3
5000,Figs,Yield,1997,kg/ha,3457.1
5000,Figs,Yield,1998,kg/ha,3440.1
5000,Figs,Yield,1999,kg/ha,3619.7
5000,Figs,Yield,2000,kg/ha,3587.7
5000,Figs,Yield,2001,kg/ha,3065.4
5000,Figs,Yield,2002,kg/ha,3434.8
5000,Figs,Yield,2003,kg/ha,3263.6
5000,Figs,Yield,2004,kg/ha,3318.2
5000,Figs,Yield,2005,kg/ha,3486.9
5000,Figs,Yield,2006,kg/ha,3452.2
5000,Figs,Yield,2007,kg/ha,2909.9
5000,Figs,Yield,2008,kg/ha,3585.0
5000,Figs,Yield,2009,kg/ha,3784.9
5000,Figs,Yield,2010,kg/ha,3456.6
5000,Figs,Yield,2011,kg/ha,3450.1
5000,Figs,Yield,2012,kg/ha,3444.5
5000,Figs,Yield,2013,kg/ha,3596.7
5000,Figs,Yield,2014,kg/ha,3686.8
5000,Figs,Yield,2015,kg/ha,3971.1
5000,Figs,Yield,2016,kg/ha,3879.6
5000,Figs,Yield,2017,kg/ha,4233.2
5000,Figs,Yield,2018,kg/ha,4260.1
5000,Figs,Yield,2019,kg/ha,4607.9
5000,Figs,Yield,2020,kg/ha,4851.2
5000,Figs,Yield,2021,kg/ha,4461.5
5000,Figs,Yield,2022,kg/ha,4295.3
5000,Figs,Yield,2023,kg/ha,4355.3
5000,Figs,Yield,2024,kg/ha,4433.2
5000,Fonio,Yield,1961,kg/ha,579.6
5000,Fonio,Yield,1962,kg/ha,658.2
5000,Fonio,Yield,1963,kg/ha,628.3
5000,Fonio,Yield,1964,kg/ha,647.4
5000,Fonio,Yield,1965,kg/ha,631.9
5000,Fonio,Yield,1966,kg/ha,640.9
5000,Fonio,Yield,1967,kg/ha,639.9
5000,Fonio,Yield,1968,kg/ha,635.2
5000,Fonio,Yield,1969,kg/ha,640.6
5000,Fonio,Yield,1970,kg/ha,678.4
5000,Fonio,Yield,1971,kg/ha,711.5
5000,Fonio,Yield,1972,kg/ha,711.7
5000,Fonio,Yield,1973,kg/ha,703.8
5000,Fonio,Yield,1974,kg/ha,745.3
5000,Fonio,Yield,1975,kg/ha,790.2
5000,Fonio,Yield,1976,kg/ha,787.9
5000,Fonio,Yield,1977,kg/ha,771.9
5000,Fonio,Yield,1978,kg/ha,753.5
5000,Fonio,Yield,1979,kg/ha,732.8
5000,Fonio,Yield,1980,kg/ha,724.8
5000,Fonio,Yield,1981,kg/ha,752.5
5000,Fonio,Yield,1982,kg/ha,712.7
5000,Fonio,Yield,1983,kg/ha,798.9
5000,Fonio,Yield,1984,kg/ha,793.4
5000,Fonio,Yield,1985,kg/ha,872.6
5000,Fonio,Yield,1986,kg/ha,864.9
5000,Fonio,Yield,1987,kg/ha,824.4
5000,Fonio,Yield,1988,kg/ha,832.4
5000,Fonio,Yield,1989,kg/ha,744.0
5000,Fonio,Yield,1990,kg/ha,635.1
5000,Fonio,Yield,1991,kg/ha,619.0
5000,Fonio,Yield,1992,kg/ha,554.0
5000,Fonio,Yield,1993,kg/ha,658.2
5000,Fonio,Yield,1994,kg/ha,580.8
5000,Fonio,Yield,1995,kg/ha,649.6
5000,Fonio,Yield,1996,kg/ha,662.4
5000,Fonio,Yield,1997,kg/ha,661.3
5000,Fonio,Yield,1998,kg/ha,699.5
5000,Fonio,Yield,1999,kg/ha,706.0
5000,Fonio,Yield,2000,kg/ha,814.1
5000,Fonio,Yield,2001,kg/ha,779.7
5000,Fonio,Yield,2002,kg/ha,762.3
5000,Fonio,Yield,2003,kg/ha,781.8
5000,Fonio,Yield,2004,kg/ha,789.4
5000,Fonio,Yield,2005,kg/ha,770.0
5000,Fonio,Yield,2006,kg/ha,798.6
5000,Fonio,Yield,2007,kg/ha,895.0
5000,Fonio,Yield,2008,kg/ha,1068.0
5000,Fonio,Yield,2009,kg/ha,996.4
5000,Fonio,Yield,2010,kg/ha,1011.5
5000,Fonio,Yield,2011,kg/ha,963.5
5000,Fonio,Yield,2012,kg/ha,808.2
5000,Fonio,Yield,2013,kg/ha,850.5
5000,Fonio,Yield,2014,kg/ha,788.8
5000,Fonio,Yield,2015,kg/ha,726.3
5000,Fonio,Yield,2016,kg/ha,723.7
5000,Fonio,Yield,2017,kg/ha,745.1
5000,Fonio,Yield,2018,kg/ha,720.4
5000,Fonio,Yield,2019,kg/ha,726.9
5000,Fonio,Yield,2020,kg/ha,745.4
5000,Fonio,Yield,2021,kg/ha,742.8
5000,Fonio,Yield,2022,kg/ha,744.5
5000,Fonio,Yield,2023,kg/ha,743.1
5000,Fonio,Yield,2024,kg/ha,706.2
5000,"Ginger, raw",Yield,1961,kg/ha,1921.8
5000,"Ginger, raw",Yield,1962,kg/ha,2160.2
5000,"Ginger, raw",Yield,1963,kg/ha,2102.7
5000,"Ginger, raw",Yield,1964,kg/ha,2071.8
5000,"Ginger, raw",Yield,1965,kg/ha,2290.0
5000,"Ginger, raw",Yield,1966,kg/ha,2200.2
5000,"Ginger, raw",Yield,1967,kg/ha,2334.0
5000,"Ginger, raw",Yield,1968,kg/ha,2413.1
5000,"Ginger, raw",Yield,1969,kg/ha,2714.8
5000,"Ginger, raw",Yield,1970,kg/ha,2906.6
5000,"Ginger, raw",Yield,1971,kg/ha,2616.6
5000,"Ginger, raw",Yield,1972,kg/ha,2768.8
5000,"Ginger, raw",Yield,1973,kg/ha,2803.6
5000,"Ginger, raw",Yield,1974,kg/ha,2831.7
5000,"Ginger, raw",Yield,1975,kg/ha,2810.7
5000,"Ginger, raw",Yield,1976,kg/ha,2981.0
5000,"Ginger, raw",Yield,1977,kg/ha,3161.7
5000,"Ginger, raw",Yield,1978,kg/ha,4123.2
5000,"Ginger, raw",Yield,1979,kg/ha,3938.5
5000,"Ginger, raw",Yield,1980,kg/ha,3565.1
5000,"Ginger, raw",Yield,1981,kg/ha,3988.3
5000,"Ginger, raw",Yield,1982,kg/ha,3836.6
5000,"Ginger, raw",Yield,1983,kg/ha,3794.5
5000,"Ginger, raw",Yield,1984,kg/ha,3544.9
5000,"Ginger, raw",Yield,1985,kg/ha,3674.4
5000,"Ginger, raw",Yield,1986,kg/ha,3397.5
5000,"Ginger, raw",Yield,1987,kg/ha,3046.1
5000,"Ginger, raw",Yield,1988,kg/ha,2977.6
5000,"Ginger, raw",Yield,1989,kg/ha,2761.9
5000,"Ginger, raw",Yield,1990,kg/ha,2793.2
5000,"Ginger, raw",Yield,1991,kg/ha,2871.9
5000,"Ginger, raw",Yield,1992,kg/ha,2895.5
5000,"Ginger, raw",Yield,1993,kg/ha,2833.6
5000,"Ginger, raw",Yield,1994,kg/ha,2475.0
5000,"Ginger, raw",Yield,1995,kg/ha,2531.0
5000,"Ginger, raw",Yield,1996,kg/ha,2938.1
5000,"Ginger, raw",Yield,1997,kg/ha,3029.9
5000,"Ginger, raw",Yield,1998,kg/ha,3190.9
5000,"Ginger, raw",Yield,1999,kg/ha,3473.4
5000,"Ginger, raw",Yield,2000,kg/ha,3562.3
5000,"Ginger, raw",Yield,2001,kg/ha,3772.1
5000,"Ginger, raw",Yield,2002,kg/ha,3765.0
5000,"Ginger, raw",Yield,2003,kg/ha,3848.6
5000,"Ginger, raw",Yield,2004,kg/ha,3812.7
5000,"Ginger, raw",Yield,2005,kg/ha,3937.6
5000,"Ginger, raw",Yield,2006,kg/ha,3864.1
5000,"Ginger, raw",Yield,2007,kg/ha,6608.1
5000,"Ginger, raw",Yield,2008,kg/ha,6462.5
5000,"Ginger, raw",Yield,2009,kg/ha,6386.1
5000,"Ginger, raw",Yield,2010,kg/ha,6504.2
5000,"Ginger, raw",Yield,2011,kg/ha,7668.5
5000,"Ginger, raw",Yield,2012,kg/ha,6764.2
5000,"Ginger, raw",Yield,2013,kg/ha,6541.9
5000,"Ginger, raw",Yield,2014,kg/ha,7352.7
5000,"Ginger, raw",Yield,2015,kg/ha,7937.6
5000,"Ginger, raw",Yield,2016,kg/ha,9214.2
5000,"Ginger, raw",Yield,2017,kg/ha,8689.7
5000,"Ginger, raw",Yield,2018,kg/ha,10394.8
5000,"Ginger, raw",Yield,2019,kg/ha,10361.3
5000,"Ginger, raw",Yield,2020,kg/ha,9978.5
5000,"Ginger, raw",Yield,2021,kg/ha,10415.5
5000,"Ginger, raw",Yield,2022,kg/ha,11045.9
5000,"Ginger, raw",Yield,2023,kg/ha,11000.6
5000,"Ginger, raw",Yield,2024,kg/ha,11167.3
5000,Gooseberries,Yield,1961,kg/ha,3888.8
5000,Gooseberries,Yield,1962,kg/ha,3991.1
5000,Gooseberries,Yield,1963,kg/ha,4097.0
5000,Gooseberries,Yield,1964,kg/ha,3886.9
5000,Gooseberries,Yield,1965,kg/ha,4038.8
5000,Gooseberries,Yield,1966,kg/ha,3839.3
5000,Gooseberries,Yield,1967,kg/ha,3699.7
5000,Gooseberries,Yield,1968,kg/ha,4066.6
5000,Gooseberries,Yield,1969,kg/ha,4172.8
5000,Gooseberries,Yield,1970,kg/ha,4289.6
5000,Gooseberries,Yield,1971,kg/ha,4374.3
5000,Gooseberries,Yield,1972,kg/ha,4379.6
5000,Gooseberries,Yield,1973,kg/ha,4185.0
5000,Gooseberries,Yield,1974,kg/ha,4692.0
5000,Gooseberries,Yield,1975,kg/ha,4246.9
5000,Gooseberries,Yield,1976,kg/ha,5003.3
5000,Gooseberries,Yield,1977,kg/ha,4840.3
5000,Gooseberries,Yield,1978,kg/ha,4476.2
5000,Gooseberries,Yield,1979,kg/ha,4702.8
5000,Gooseberries,Yield,1980,kg/ha,5039.3
5000,Gooseberries,Yield,1981,kg/ha,5801.0
5000,Gooseberries,Yield,1982,kg/ha,5340.3
5000,Gooseberries,Yield,1983,kg/ha,5498.0
5000,Gooseberries,Yield,1984,kg/ha,5577.6
5000,Gooseberries,Yield,1985,kg/ha,6464.0
5000,Gooseberries,Yield,1986,kg/ha,6481.0
5000,Gooseberries,Yield,1987,kg/ha,6689.0
5000,Gooseberries,Yield,1988,kg/ha,6804.6
5000,Gooseberries,Yield,1989,kg/ha,6486.6
5000,Gooseberries,Yield,1990,kg/ha,5942.0
5000,Gooseberries,Yield,1991,kg/ha,5995.6
5000,Gooseberries,Yield,1992,kg/ha,6806.6
5000,Gooseberries,Yield,1993,kg/ha,6622.6
5000,Gooseberries,Yield,1994,kg/ha,6438.0
5000,Gooseberries,Yield,1995,kg/ha,6095.7
5000,Gooseberries,Yield,1996,kg/ha,5951.2
5000,Gooseberries,Yield,1997,kg/ha,5515.4
5000,Gooseberries,Yield,1998,kg/ha,5855.9
5000,Gooseberries,Yield,1999,kg/ha,6022.0
5000,Gooseberries,Yield,2000,kg/ha,5660.1
5000,Gooseberries,Yield,2001,kg/ha,5350.0
5000,Gooseberries,Yield,2002,kg/ha,4894.4
5000,Gooseberries,Yield,2003,kg/ha,4924.9
5000,Gooseberries,Yield,2004,kg/ha,4979.8
5000,Gooseberries,Yield,2005,kg/ha,5129.3
5000,Gooseberries,Yield,2006,kg/ha,5210.2
5000,Gooseberries,Yield,2007,kg/ha,5166.1
5000,Gooseberries,Yield,2008,kg/ha,5418.3
5000,Gooseberries,Yield,2009,kg/ha,5499.0
5000,Gooseberries,Yield,2010,kg/ha,5214.5
5000,Gooseberries,Yield,2011,kg/ha,5534.8
5000,Gooseberries,Yield,2012,kg/ha,5707.4
5000,Gooseberries,Yield,2013,kg/ha,5879.9
5000,Gooseberries,Yield,2014,kg/ha,5703.5
5000,Gooseberries,Yield,2015,kg/ha,5687.1
5000,Gooseberries,Yield,2016,kg/ha,5778.6
5000,Gooseberries,Yield,2017,kg/ha,5746.3
5000,Gooseberries,Yield,2018,kg/ha,4933.3
5000,Gooseberries,Yield,2019,kg/ha,4835.1
5000,Gooseberries,Yield,2020,kg/ha,4653.5
5000,Gooseberries,Yield,2021,kg/ha,4746.0
5000,Gooseberries,Yield,2022,kg/ha,4764.3
5000,Gooseberries,Yield,2023,kg/ha,4756.6
5000,Gooseberries,Yield,2024,kg/ha,4746.1
5000,Grapes,Yield,1961,kg/ha,4605.9
5000,Grapes,Yield,1962,kg/ha,5695.8
5000,Grapes,Yield,1963,kg/ha,5060.5
5000,Grapes,Yield,1964,kg/ha,5442.7
5000,Grapes,Yield,1965,kg/ha,5745.3
5000,Grapes,Yield,1966,kg/ha,5459.5
5000,Grapes,Yield,1967,kg/ha,5612.4
5000,Grapes,Yield,1968,kg/ha,5897.6
5000,Grapes,Yield,1969,kg/ha,5769.2
5000,Grapes,Yield,1970,kg/ha,6154.4
5000,Grapes,Yield,1971,kg/ha,6002.4
5000,Grapes,Yield,1972,kg/ha,5528.6
5000,Grapes,Yield,1973,kg/ha,6979.8
5000,Grapes,Yield,1974,kg/ha,6718.5
5000,Grapes,Yield,1975,kg/ha,6373.0
5000,Grapes,Yield,1976,kg/ha,6435.0
5000,Grapes,Yield,1977,kg/ha,5731.5
5000,Grapes,Yield,1978,kg/ha,6177.3
5000,Grapes,Yield,1979,kg/ha,7522.5
5000,Grapes,Yield,1980,kg/ha,7214.2
5000,Grapes,Yield,1981,kg/ha,6683.9
5000,Grapes,Yield,1982,kg/ha,7974.8
5000,Grapes,Yield,1983,kg/ha,7587.8
5000,Grapes,Yield,1984,kg/ha,7382.2
5000,Grapes,Yield,1985,kg/ha,6803.4
5000,Grapes,Yield,1986,kg/ha,7557.6
5000,Grapes,Yield,1987,kg/ha,7644.2
5000,Grapes,Yield,1988,kg/ha,7045.8
5000,Grapes,Yield,1989,kg/ha,7186.1
5000,Grapes,Yield,1990,kg/ha,7495.0
5000,Grapes,Yield,1991,kg/ha,7162.4
5000,Grapes,Yield,1992,kg/ha,7780.0
5000,Grapes,Yield,1993,kg/ha,7365.7
5000,Grapes,Yield,1994,kg/ha,7283.1
5000,Grapes,Yield,1995,kg/ha,7562.9
5000,Grapes,Yield,1996,kg/ha,8095.0
5000,Grapes,Yield,1997,kg/ha,8069.6
5000,Grapes,Yield,1998,kg/ha,7931.5
5000,Grapes,Yield,1999,kg/ha,8444.1
5000,Grapes,Yield,2000,kg/ha,8760.9
5000,Grapes,Yield,2001,kg/ha,8354.6
5000,Grapes,Yield,2002,kg/ha,8332.4
5000,Grapes,Yield,2003,kg/ha,8533.1
5000,Grapes,Yield,2004,kg/ha,9224.6
5000,Grapes,Yield,2005,kg/ha,9195.9
5000,Grapes,Yield,2006,kg/ha,9157.7
5000,Grapes,Yield,2007,kg/ha,9175.7
5000,Grapes,Yield,2008,kg/ha,9351.6
5000,Grapes,Yield,2009,kg/ha,9542.1
5000,Grapes,Yield,2010,kg/ha,9549.9
5000,Grapes,Yield,2011,kg/ha,9977.3
5000,Grapes,Yield,2012,kg/ha,9961.8
5000,Grapes,Yield,2013,kg/ha,10915.5
5000,Grapes,Yield,2014,kg/ha,10529.4
5000,Grapes,Yield,2015,kg/ha,10837.2
5000,Grapes,Yield,2016,kg/ha,10800.6
5000,Grapes,Yield,2017,kg/ha,10776.7
5000,Grapes,Yield,2018,kg/ha,11694.6
5000,Grapes,Yield,2019,kg/ha,11210.1
5000,Grapes,Yield,2020,kg/ha,11242.4
5000,Grapes,Yield,2021,kg/ha,11411.3
5000,Grapes,Yield,2022,kg/ha,11684.9
5000,Grapes,Yield,2023,kg/ha,11241.1
5000,Grapes,Yield,2024,kg/ha,11285.5
5000,Green corn (maize),Yield,1961,kg/ha,5370.9
5000,Green corn (maize),Yield,1962,kg/ha,5572.3
5000,Green corn (maize),Yield,1963,kg/ha,5691.4
5000,Green corn (maize),Yield,1964,kg/ha,5241.4
5000,Green corn (maize),Yield,1965,kg/ha,5508.8
5000,Green corn (maize),Yield,1966,kg/ha,5609.2
5000,Green corn (maize),Yield,1967,kg/ha,5702.3
5000,Green corn (maize),Yield,1968,kg/ha,5917.4
5000,Green corn (maize),Yield,1969,kg/ha,5707.9
5000,Green corn (maize),Yield,1970,kg/ha,5507.5
5000,Green corn (maize),Yield,1971,kg/ha,5847.9
5000,Green corn (maize),Yield,1972,kg/ha,5945.2
5000,Green corn (maize),Yield,1973,kg/ha,6152.7
5000,Green corn (maize),Yield,1974,kg/ha,6221.3
5000,Green corn (maize),Yield,1975,kg/ha,6386.4
5000,Green corn (maize),Yield,1976,kg/ha,6614.0
5000,Green corn (maize),Yield,1977,kg/ha,6991.1
5000,Green corn (maize),Yield,1978,kg/ha,7277.8
5000,Green corn (maize),Yield,1979,kg/ha,7426.5
5000,Green corn (maize),Yield,1980,kg/ha,7218.3
5000,Green corn (maize),Yield,1981,kg/ha,7400.2
5000,Green corn (maize),Yield,1982,kg/ha,7523.9
5000,Green corn (maize),Yield,1983,kg/ha,6786.6
5000,Green corn (maize),Yield,1984,kg/ha,7153.1
5000,Green corn (maize),Yield,1985,kg/ha,6971.7
5000,Green corn (maize),Yield,1986,kg/ha,6977.9
5000,Green corn (maize),Yield,1987,kg/ha,7671.6
5000,Green corn (maize),Yield,1988,kg/ha,7009.0
5000,Green corn (maize),Yield,1989,kg/ha,7708.5
5000,Green corn (maize),Yield,1990,kg/ha,8065.2
5000,Green corn (maize),Yield,1991,kg/ha,7807.0
5000,Green corn (maize),Yield,1992,kg/ha,7824.0
5000,Green corn (maize),Yield,1993,kg/ha,7467.0
5000,Green corn (maize),Yield,1994,kg/ha,8265.3
5000,Green corn (maize),Yield,1995,kg/ha,8020.5
5000,Green corn (maize),Yield,1996,kg/ha,8171.3
5000,Green corn (maize),Yield,1997,kg/ha,8393.9
5000,Green corn (maize),Yield,1998,kg/ha,8524.6
5000,Green corn (maize),Yield,1999,kg/ha,8536.3
5000,Green corn (maize),Yield,2000,kg/ha,8977.2
5000,Green corn (maize),Yield,2001,kg/ha,9243.3
5000,Green corn (maize),Yield,2002,kg/ha,9257.7
5000,Green corn (maize),Yield,2003,kg/ha,9363.7
5000,Green corn (maize),Yield,2004,kg/ha,9296.6
5000,Green corn (maize),Yield,2005,kg/ha,9299.8
5000,Green corn (maize),Yield,2006,kg/ha,9714.2
5000,Green corn (maize),Yield,2007,kg/ha,9722.7
5000,Green corn (maize),Yield,2008,kg/ha,9762.6
5000,Green corn (maize),Yield,2009,kg/ha,9812.5
5000,Green corn (maize),Yield,2010,kg/ha,9377.6
5000,Green corn (maize),Yield,2011,kg/ha,9375.3
5000,Green corn (maize),Yield,2012,kg/ha,9437.2
5000,Green corn (maize),Yield,2013,kg/ha,9636.5
5000,Green corn (maize),Yield,2014,kg/ha,9552.2
5000,Green corn (maize),Yield,2015,kg/ha,10422.5
5000,Green corn (maize),Yield,2016,kg/ha,9839.2
5000,Green corn (maize),Yield,2017,kg/ha,9766.0
5000,Green corn (maize),Yield,2018,kg/ha,9287.5
5000,Green corn (maize),Yield,2019,kg/ha,9068.1
5000,Green corn (maize),Yield,2020,kg/ha,8981.1
5000,Green corn (maize),Yield,2021,kg/ha,9105.8
5000,Green corn (maize),Yield,2022,kg/ha,8895.7
5000,Green corn (maize),Yield,2023,kg/ha,9138.6
5000,Green corn (maize),Yield,2024,kg/ha,8801.2
5000,Green garlic,Yield,1961,kg/ha,5576.4
5000,Green garlic,Yield,1962,kg/ha,5658.1
5000,Green garlic,Yield,1963,kg/ha,5814.9
5000,Green garlic,Yield,1964,kg/ha,5679.4
5000,Green garlic,Yield,1965,kg/ha,5939.2
5000,Green garlic,Yield,1966,kg/ha,6070.2
5000,Green garlic,Yield,1967,kg/ha,6143.8
5000,Green garlic,Yield,1968,kg/ha,6640.0
5000,Green garlic,Yield,1969,kg/ha,6851.2
5000,Green garlic,Yield,1970,kg/ha,6856.3
5000,Green garlic,Yield,1971,kg/ha,6979.0
5000,Green garlic,Yield,1972,kg/ha,6691.2
5000,Green garlic,Yield,1973,kg/ha,7045.5
5000,Green garlic,Yield,1974,kg/ha,7122.6
5000,Green garlic,Yield,1975,kg/ha,7151.6
5000,Green garlic,Yield,1976,kg/ha,7202.2
5000,Green garlic,Yield,1977,kg/ha,7221.0
5000,Green garlic,Yield,1978,kg/ha,6778.1
5000,Green garlic,Yield,1979,kg/ha,7056.5
5000,Green garlic,Yield,1980,kg/ha,6864.3
5000,Green garlic,Yield,1981,kg/ha,6957.7
5000,Green garlic,Yield,1982,kg/ha,7094.2
5000,Green garlic,Yield,1983,kg/ha,7153.6
5000,Green garlic,Yield,1984,kg/ha,7213.8
5000,Green garlic,Yield,1985,kg/ha,7436.5
5000,Green garlic,Yield,1986,kg/ha,7510.6
5000,Green garlic,Yield,1987,kg/ha,7495.1
5000,Green garlic,Yield,1988,kg/ha,7665.1
5000,Green garlic,Yield,1989,kg/ha,7895.1
5000,Green garlic,Yield,1990,kg/ha,8655.2
5000,Green garlic,Yield,1991,kg/ha,8941.8
5000,Green garlic,Yield,1992,kg/ha,9278.3
5000,Green garlic,Yield,1993,kg/ha,9264.7
5000,Green garlic,Yield,1994,kg/ha,9191.1
5000,Green garlic,Yield,1995,kg/ha,9650.9
5000,Green garlic,Yield,1996,kg/ha,10147.6
5000,Green garlic,Yield,1997,kg/ha,9658.8
5000,Green garlic,Yield,1998,kg/ha,9577.9
5000,Green garlic,Yield,1999,kg/ha,9800.2
5000,Green garlic,Yield,2000,kg/ha,10253.3
5000,Green garlic,Yield,2001,kg/ha,10568.7
5000,Green garlic,Yield,2002,kg/ha,11358.9
5000,Green garlic,Yield,2003,kg/ha,12082.7
5000,Green garlic,Yield,2004,kg/ha,12574.0
5000,Green garlic,Yield,2005,kg/ha,12815.0
5000,Green garlic,Yield,2006,kg/ha,13104.1
5000,Green garlic,Yield,2007,kg/ha,15470.9
5000,Green garlic,Yield,2008,kg/ha,16279.7
5000,Green garlic,Yield,2009,kg/ha,16769.8
5000,Green garlic,Yield,2010,kg/ha,16898.8
5000,Green garlic,Yield,2011,kg/ha,16744.4
5000,Green garlic,Yield,2012,kg/ha,16265.7
5000,Green garlic,Yield,2013,kg/ha,16977.7
5000,Green garlic,Yield,2014,kg/ha,17642.1
5000,Green garlic,Yield,2015,kg/ha,17999.1
5000,Green garlic,Yield,2016,kg/ha,17375.3
5000,Green garlic,Yield,2017,kg/ha,16805.9
5000,Green garlic,Yield,2018,kg/ha,16725.1
5000,Green garlic,Yield,2019,kg/ha,17194.1
5000,Green garlic,Yield,2020,kg/ha,17434.2
5000,Green garlic,Yield,2021,kg/ha,17550.5
5000,Green garlic,Yield,2022,kg/ha,17558.9
5000,Green garlic,Yield,2023,kg/ha,17662.7
5000,Green garlic,Yield,2024,kg/ha,17715.9
5000,"Groundnuts, excluding shelled",Yield,1961,kg/ha,849.3
5000,"Groundnuts, excluding shelled",Yield,1962,kg/ha,862.5
5000,"Groundnuts, excluding shelled",Yield,1963,kg/ha,883.4
5000,"Groundnuts, excluding shelled",Yield,1964,kg/ha,881.9
5000,"Groundnuts, excluding shelled",Yield,1965,kg/ha,800.8
5000,"Groundnuts, excluding shelled",Yield,1966,kg/ha,831.5
5000,"Groundnuts, excluding shelled",Yield,1967,kg/ha,877.2
5000,"Groundnuts, excluding shelled",Yield,1968,kg/ha,835.3
5000,"Groundnuts, excluding shelled",Yield,1969,kg/ha,875.7
5000,"Groundnuts, excluding shelled",Yield,1970,kg/ha,922.1
5000,"Groundnuts, excluding shelled",Yield,1971,kg/ha,929.2
5000,"Groundnuts, excluding shelled",Yield,1972,kg/ha,812.1
5000,"Groundnuts, excluding shelled",Yield,1973,kg/ha,873.5
5000,"Groundnuts, excluding shelled",Yield,1974,kg/ha,944.6
5000,"Groundnuts, excluding shelled",Yield,1975,kg/ha,956.0
5000,"Groundnuts, excluding shelled",Yield,1976,kg/ha,906.2
5000,"Groundnuts, excluding shelled",Yield,1977,kg/ha,952.6
5000,"Groundnuts, excluding shelled",Yield,1978,kg/ha,970.8
5000,"Groundnuts, excluding shelled",Yield,1979,kg/ha,977.3
5000,"Groundnuts, excluding shelled",Yield,1980,kg/ha,919.8
5000,"Groundnuts, excluding shelled",Yield,1981,kg/ha,1063.0
5000,"Groundnuts, excluding shelled",Yield,1982,kg/ha,980.3
5000,"Groundnuts, excluding shelled",Yield,1983,kg/ha,1034.2
5000,"Groundnuts, excluding shelled",Yield,1984,kg/ha,1096.6
5000,"Groundnuts, excluding shelled",Yield,1985,kg/ha,1133.7
5000,"Groundnuts, excluding shelled",Yield,1986,kg/ha,1127.5
5000,"Groundnuts, excluding shelled",Yield,1987,kg/ha,1150.8
5000,"Groundnuts, excluding shelled",Yield,1988,kg/ha,1246.7
5000,"Groundnuts, excluding shelled",Yield,1989,kg/ha,1137.4
5000,"Groundnuts, excluding shelled",Yield,1990,kg/ha,1168.9
5000,"Groundnuts, excluding shelled",Yield,1991,kg/ha,1160.8
5000,"Groundnuts, excluding shelled",Yield,1992,kg/ha,1192.8
5000,"Groundnuts, excluding shelled",Yield,1993,kg/ha,1231.7
5000,"Groundnuts, excluding shelled",Yield,1994,kg/ha,1306.4
5000,"Groundnuts, excluding shelled",Yield,1995,kg/ha,1309.4
5000,"Groundnuts, excluding shelled",Yield,1996,kg/ha,1360.5
5000,"Groundnuts, excluding shelled",Yield,1997,kg/ha,1302.0
5000,"Groundnuts, excluding shelled",Yield,1998,kg/ha,1462.6
5000,"Groundnuts, excluding shelled",Yield,1999,kg/ha,1400.4
5000,"Groundnuts, excluding shelled",Yield,2000,kg/ha,1481.2
5000,"Groundnuts, excluding shelled",Yield,2001,kg/ha,1550.8
5000,"Groundnuts, excluding shelled",Yield,2002,kg/ha,1450.1
5000,"Groundnuts, excluding shelled",Yield,2003,kg/ha,1585.6
5000,"Groundnuts, excluding shelled",Yield,2004,kg/ha,1537.7
5000,"Groundnuts, excluding shelled",Yield,2005,kg/ha,1600.3
5000,"Groundnuts, excluding shelled",Yield,2006,kg/ha,1543.2
5000,"Groundnuts, excluding shelled",Yield,2007,kg/ha,1648.1
5000,"Groundnuts, excluding shelled",Yield,2008,kg/ha,1602.4
5000,"Groundnuts, excluding shelled",Yield,2009,kg/ha,1544.8
5000,"Groundnuts, excluding shelled",Yield,2010,kg/ha,1673.4
5000,"Groundnuts, excluding shelled",Yield,2011,kg/ha,1644.4
5000,"Groundnuts, excluding shelled",Yield,2012,kg/ha,1672.1
5000,"Groundnuts, excluding shelled",Yield,2013,kg/ha,1734.4
5000,"Groundnuts, excluding shelled",Yield,2014,kg/ha,1688.2
5000,"Groundnuts, excluding shelled",Yield,2015,kg/ha,1706.4
5000,"Groundnuts, excluding shelled",Yield,2016,kg/ha,1632.4
5000,"Groundnuts, excluding shelled",Yield,2017,kg/ha,1740.8
5000,"Groundnuts, excluding shelled",Yield,2018,kg/ha,1665.0
5000,"Groundnuts, excluding shelled",Yield,2019,kg/ha,1768.9
5000,"Groundnuts, excluding shelled",Yield,2020,kg/ha,1746.5
5000,"Groundnuts, excluding shelled",Yield,2021,kg/ha,1682.2
5000,"Groundnuts, excluding shelled",Yield,2022,kg/ha,1811.0
5000,"Groundnuts, excluding shelled",Yield,2023,kg/ha,1796.1
5000,"Groundnuts, excluding shelled",Yield,2024,kg/ha,1847.3
5000,"Hazelnuts, in shell",Yield,1961,kg/ha,608.8
5000,"Hazelnuts, in shell",Yield,1962,kg/ha,738.6
5000,"Hazelnuts, in shell",Yield,1963,kg/ha,627.4
5000,"Hazelnuts, in shell",Yield,1964,kg/ha,912.8
5000,"Hazelnuts, in shell",Yield,1965,kg/ha,535.5
5000,"Hazelnuts, in shell",Yield,1966,kg/ha,962.8
5000,"Hazelnuts, in shell",Yield,1967,kg/ha,539.0
5000,"Hazelnuts, in shell",Yield,1968,kg/ha,827.8
5000,"Hazelnuts, in shell",Yield,1969,kg/ha,814.4
5000,"Hazelnuts, in shell",Yield,1970,kg/ha,1188.5
5000,"Hazelnuts, in shell",Yield,1971,kg/ha,924.4
5000,"Hazelnuts, in shell",Yield,1972,kg/ha,945.6
5000,"Hazelnuts, in shell",Yield,1973,kg/ha,1101.7
5000,"Hazelnuts, in shell",Yield,1974,kg/ha,1074.6
5000,"Hazelnuts, in shell",Yield,1975,kg/ha,1252.0
5000,"Hazelnuts, in shell",Yield,1976,kg/ha,1045.4
5000,"Hazelnuts, in shell",Yield,1977,kg/ha,1140.0
5000,"Hazelnuts, in shell",Yield,1978,kg/ha,1200.4
5000,"Hazelnuts, in shell",Yield,1979,kg/ha,1121.8
5000,"Hazelnuts, in shell",Yield,1980,kg/ha,1002.5
5000,"Hazelnuts, in shell",Yield,1981,kg/ha,1309.4
5000,"Hazelnuts, in shell",Yield,1982,kg/ha,946.7
5000,"Hazelnuts, in shell",Yield,1983,kg/ha,1429.5
5000,"Hazelnuts, in shell",Yield,1984,kg/ha,1038.1
5000,"Hazelnuts, in shell",Yield,1985,kg/ha,855.3
5000,"Hazelnuts, in shell",Yield,1986,kg/ha,1073.9
5000,"Hazelnuts, in shell",Yield,1987,kg/ha,1051.8
5000,"Hazelnuts, in shell",Yield,1988,kg/ha,1347.2
5000,"Hazelnuts, in shell",Yield,1989,kg/ha,1673.6
5000,"Hazelnuts, in shell",Yield,1990,kg/ha,1225.8
5000,"Hazelnuts, in shell",Yield,1991,kg/ha,1191.0
5000,"Hazelnuts, in shell",Yield,1992,kg/ha,1623.7
5000,"Hazelnuts, in shell",Yield,1993,kg/ha,703.5
5000,"Hazelnuts, in shell",Yield,1994,kg/ha,1051.2
5000,"Hazelnuts, in shell",Yield,1995,kg/ha,969.2
5000,"Hazelnuts, in shell",Yield,1996,kg/ha,928.6
5000,"Hazelnuts, in shell",Yield,1997,kg/ha,897.1
5000,"Hazelnuts, in shell",Yield,1998,kg/ha,1134.0
5000,"Hazelnuts, in shell",Yield,1999,kg/ha,1122.9
5000,"Hazelnuts, in shell",Yield,2000,kg/ha,956.2
5000,"Hazelnuts, in shell",Yield,2001,kg/ha,1234.7
5000,"Hazelnuts, in shell",Yield,2002,kg/ha,1157.3
5000,"Hazelnuts, in shell",Yield,2003,kg/ha,902.5
5000,"Hazelnuts, in shell",Yield,2004,kg/ha,759.3
5000,"Hazelnuts, in shell",Yield,2005,kg/ha,923.2
5000,"Hazelnuts, in shell",Yield,2006,kg/ha,1144.6
5000,"Hazelnuts, in shell",Yield,2007,kg/ha,960.4
5000,"Hazelnuts, in shell",Yield,2008,kg/ha,1269.3
5000,"Hazelnuts, in shell",Yield,2009,kg/ha,932.0
5000,"Hazelnuts, in shell",Yield,2010,kg/ha,1014.1
5000,"Hazelnuts, in shell",Yield,2011,kg/ha,835.6
5000,"Hazelnuts, in shell",Yield,2012,kg/ha,1049.8
5000,"Hazelnuts, in shell",Yield,2013,kg/ha,952.3
5000,"Hazelnuts, in shell",Yield,2014,kg/ha,780.1
5000,"Hazelnuts, in shell",Yield,2015,kg/ha,1005.8
5000,"Hazelnuts, in shell",Yield,2016,kg/ha,798.4
5000,"Hazelnuts, in shell",Yield,2017,kg/ha,1065.8
5000,"Hazelnuts, in shell",Yield,2018,kg/ha,896.9
5000,"Hazelnuts, in shell",Yield,2019,kg/ha,1119.5
5000,"Hazelnuts, in shell",Yield,2020,kg/ha,1051.7
5000,"Hazelnuts, in shell",Yield,2021,kg/ha,1038.5
5000,"Hazelnuts, in shell",Yield,2022,kg/ha,1127.7
5000,"Hazelnuts, in shell",Yield,2023,kg/ha,1034.8
5000,"Hazelnuts, in shell",Yield,2024,kg/ha,1093.1
5000,Hempseed,Yield,1961,kg/ha,241.0
5000,Hempseed,Yield,1962,kg/ha,246.5
5000,Hempseed,Yield,1963,kg/ha,257.0
5000,Hempseed,Yield,1964,kg/ha,263.3
5000,Hempseed,Yield,1965,kg/ha,265.2
5000,Hempseed,Yield,1966,kg/ha,265.8
5000,Hempseed,Yield,1967,kg/ha,275.1
5000,Hempseed,Yield,1968,kg/ha,282.1
5000,Hempseed,Yield,1969,kg/ha,273.6
5000,Hempseed,Yield,1970,kg/ha,269.6
5000,Hempseed,Yield,1971,kg/ha,267.2
5000,Hempseed,Yield,1972,kg/ha,271.4
5000,Hempseed,Yield,1973,kg/ha,282.2
5000,Hempseed,Yield,1974,kg/ha,300.8
5000,Hempseed,Yield,1975,kg/ha,307.7
5000,Hempseed,Yield,1976,kg/ha,299.2
5000,Hempseed,Yield,1977,kg/ha,292.3
5000,Hempseed,Yield,1978,kg/ha,285.0
5000,Hempseed,Yield,1979,kg/ha,306.7
5000,Hempseed,Yield,1980,kg/ha,281.3
5000,Hempseed,Yield,1981,kg/ha,363.9
5000,Hempseed,Yield,1982,kg/ha,414.0
5000,Hempseed,Yield,1983,kg/ha,383.4
5000,Hempseed,Yield,1984,kg/ha,367.1
5000,Hempseed,Yield,1985,kg/ha,347.3
5000,Hempseed,Yield,1986,kg/ha,543.4
5000,Hempseed,Yield,1987,kg/ha,514.1
5000,Hempseed,Yield,1988,kg/ha,511.5
5000,Hempseed,Yield,1989,kg/ha,332.2
5000,Hempseed,Yield,1990,kg/ha,712.9
5000,Hempseed,Yield,1991,kg/ha,223.2
5000,Hempseed,Yield,1992,kg/ha,247.0
5000,Hempseed,Yield,1993,kg/ha,290.9
5000,Hempseed,Yield,1994,kg/ha,323.0
5000,Hempseed,Yield,1995,kg/ha,447.2
5000,Hempseed,Yield,1996,kg/ha,308.8
5000,Hempseed,Yield,1997,kg/ha,352.1
5000,Hempseed,Yield,1998,kg/ha,352.9
5000,Hempseed,Yield,1999,kg/ha,504.0
5000,Hempseed,Yield,2000,kg/ha,655.2
5000,Hempseed,Yield,2001,kg/ha,568.8
5000,Hempseed,Yield,2002,kg/ha,539.4
5000,Hempseed,Yield,2003,kg/ha,531.7
5000,Hempseed,Yield,2004,kg/ha,541.6
5000,Hempseed,Yield,2005,kg/ha,574.0
5000,Hempseed,Yield,2006,kg/ha,557.8
5000,Hempseed,Yield,2007,kg/ha,558.8
5000,Hempseed,Yield,2008,kg/ha,551.5
5000,Hempseed,Yield,2009,kg/ha,548.0
5000,Hempseed,Yield,2010,kg/ha,538.8
5000,Hempseed,Yield,2011,kg/ha,509.4
5000,Hempseed,Yield,2012,kg/ha,450.7
5000,Hempseed,Yield,2013,kg/ha,472.6
5000,Hempseed,Yield,2014,kg/ha,454.8
5000,Hempseed,Yield,2015,kg/ha,459.8
5000,Hempseed,Yield,2016,kg/ha,440.5
5000,Hempseed,Yield,2017,kg/ha,431.5
5000,Hempseed,Yield,2018,kg/ha,524.8
5000,Hempseed,Yield,2019,kg/ha,1106.5
5000,Hempseed,Yield,2020,kg/ha,1032.9
5000,Hempseed,Yield,2021,kg/ha,895.7
5000,Hempseed,Yield,2022,kg/ha,969.8
5000,Hempseed,Yield,2023,kg/ha,974.7
5000,Hempseed,Yield,2024,kg/ha,962.4
5000,"Hen eggs in shell, fresh",Yield,1961,No/An,142.0
5000,"Hen eggs in shell, fresh",Yield,1962,No/An,142.0
5000,"Hen eggs in shell, fresh",Yield,1963,No/An,144.0
5000,"Hen eggs in shell, fresh",Yield,1964,No/An,147.0
5000,"Hen eggs in shell, fresh",Yield,1965,No/An,146.0
5000,"Hen eggs in shell, fresh",Yield,1966,No/An,144.0
5000,"Hen eggs in shell, fresh",Yield,1967,No/An,145.0
5000,"Hen eggs in shell, fresh",Yield,1968,No/An,145.0
5000,"Hen eggs in shell, fresh",Yield,1969,No/An,145.0
5000,"Hen eggs in shell, fresh",Yield,1970,No/An,145.0
5000,"Hen eggs in shell, fresh",Yield,1971,No/An,145.0
5000,"Hen eggs in shell, fresh",Yield,1972,No/An,148.0
5000,"Hen eggs in shell, fresh",Yield,1973,No/An,144.0
5000,"Hen eggs in shell, fresh",Yield,1974,No/An,144.0
5000,"Hen eggs in shell, fresh",Yield,1975,No/An,146.0
5000,"Hen eggs in shell, fresh",Yield,1976,No/An,145.0
5000,"Hen eggs in shell, fresh",Yield,1977,No/An,149.0
5000,"Hen eggs in shell, fresh",Yield,1978,No/An,159.0
5000,"Hen eggs in shell, fresh",Yield,1979,No/An,159.0
5000,"Hen eggs in shell, fresh",Yield,1980,No/An,163.0
5000,"Hen eggs in shell, fresh",Yield,1981,No/An,167.0
5000,"Hen eggs in shell, fresh",Yield,1982,No/An,169.0
5000,"Hen eggs in shell, fresh",Yield,1983,No/An,169.0
5000,"Hen eggs in shell, fresh",Yield,1984,No/An,171.0
5000,"Hen eggs in shell, fresh",Yield,1985,No/An,173.0
5000,"Hen eggs in shell, fresh",Yield,1986,No/An,176.0
5000,"Hen eggs in shell, fresh",Yield,1987,No/An,176.0
5000,"Hen eggs in shell, fresh",Yield,1988,No/An,181.0
5000,"Hen eggs in shell, fresh",Yield,1989,No/An,180.0
5000,"Hen eggs in shell, fresh",Yield,1990,No/An,180.0
5000,"Hen eggs in shell, fresh",Yield,1991,No/An,158.0
5000,"Hen eggs in shell, fresh",Yield,1992,No/An,183.0
5000,"Hen eggs in shell, fresh",Yield,1993,No/An,189.0
5000,"Hen eggs in shell, fresh",Yield,1994,No/An,188.0
5000,"Hen eggs in shell, fresh",Yield,1995,No/An,189.0
5000,"Hen eggs in shell, fresh",Yield,1996,No/An,192.0
5000,"Hen eggs in shell, fresh",Yield,1997,No/An,192.0
5000,"Hen eggs in shell, fresh",Yield,1998,No/An,193.0
5000,"Hen eggs in shell, fresh",Yield,1999,No/An,194.0
5000,"Hen eggs in shell, fresh",Yield,2000,No/An,193.0
5000,"Hen eggs in shell, fresh",Yield,2001,No/An,192.0
5000,"Hen eggs in shell, fresh",Yield,2002,No/An,191.0
5000,"Hen eggs in shell, fresh",Yield,2003,No/An,191.0
5000,"Hen eggs in shell, fresh",Yield,2004,No/An,188.0
5000,"Hen eggs in shell, fresh",Yield,2005,No/An,187.0
5000,"Hen eggs in shell, fresh",Yield,2006,No/An,185.0
5000,"Hen eggs in shell, fresh",Yield,2007,No/An,185.0
5000,"Hen eggs in shell, fresh",Yield,2008,No/An,186.0
5000,"Hen eggs in shell, fresh",Yield,2009,No/An,187.0
5000,"Hen eggs in shell, fresh",Yield,2010,No/An,186.0
5000,"Hen eggs in shell, fresh",Yield,2011,No/An,187.0
5000,"Hen eggs in shell, fresh",Yield,2012,No/An,185.0
5000,"Hen eggs in shell, fresh",Yield,2013,No/An,188.0
5000,"Hen eggs in shell, fresh",Yield,2014,No/An,182.0
5000,"Hen eggs in shell, fresh",Yield,2015,No/An,183.0
5000,"Hen eggs in shell, fresh",Yield,2016,No/An,180.0
5000,"Hen eggs in shell, fresh",Yield,2017,No/An,203.0
5000,"Hen eggs in shell, fresh",Yield,2018,No/An,204.0
5000,"Hen eggs in shell, fresh",Yield,2019,No/An,203.0
5000,"Hen eggs in shell, fresh",Yield,2020,No/An,203.0
5000,"Hen eggs in shell, fresh",Yield,2021,No/An,203.0
5000,"Hen eggs in shell, fresh",Yield,2022,No/An,205.0
5000,"Hen eggs in shell, fresh",Yield,2023,No/An,205.0
5000,"Hen eggs in shell, fresh",Yield,2024,No/An,205.0
5000,Hop cones,Yield,1961,kg/ha,1228.1
5000,Hop cones,Yield,1962,kg/ha,1326.8
5000,Hop cones,Yield,1963,kg/ha,1335.6
5000,Hop cones,Yield,1964,kg/ha,1362.9
5000,Hop cones,Yield,1965,kg/ha,1295.6
5000,Hop cones,Yield,1966,kg/ha,1328.4
5000,Hop cones,Yield,1967,kg/ha,1356.6
5000,Hop cones,Yield,1968,kg/ha,1310.1
5000,Hop cones,Yield,1969,kg/ha,1358.5
5000,Hop cones,Yield,1970,kg/ha,1449.9
5000,Hop cones,Yield,1971,kg/ha,1294.8
5000,Hop cones,Yield,1972,kg/ha,1356.7
5000,Hop cones,Yield,1973,kg/ha,1475.6
5000,Hop cones,Yield,1974,kg/ha,1371.9
5000,Hop cones,Yield,1975,kg/ha,1301.9
5000,Hop cones,Yield,1976,kg/ha,1270.8
5000,Hop cones,Yield,1977,kg/ha,1443.8
5000,Hop cones,Yield,1978,kg/ha,1235.8
5000,Hop cones,Yield,1979,kg/ha,1349.6
5000,Hop cones,Yield,1980,kg/ha,1269.5
5000,Hop cones,Yield,1981,kg/ha,1370.4
5000,Hop cones,Yield,1982,kg/ha,1497.8
5000,Hop cones,Yield,1983,kg/ha,1363.4
5000,Hop cones,Yield,1984,kg/ha,1414.9
5000,Hop cones,Yield,1985,kg/ha,1366.0
5000,Hop cones,Yield,1986,kg/ha,1286.3
5000,Hop cones,Yield,1987,kg/ha,1276.4
5000,Hop cones,Yield,1988,kg/ha,1318.2
5000,Hop cones,Yield,1989,kg/ha,1343.6
5000,Hop cones,Yield,1990,kg/ha,1234.4
5000,Hop cones,Yield,1991,kg/ha,1379.2
5000,Hop cones,Yield,1992,kg/ha,1272.4
5000,Hop cones,Yield,1993,kg/ha,1399.9
5000,Hop cones,Yield,1994,kg/ha,1233.2
5000,Hop cones,Yield,1995,kg/ha,1367.2
5000,Hop cones,Yield,1996,kg/ha,1402.7
5000,Hop cones,Yield,1997,kg/ha,1390.6
5000,Hop cones,Yield,1998,kg/ha,1341.2
5000,Hop cones,Yield,1999,kg/ha,1421.3
5000,Hop cones,Yield,2000,kg/ha,1404.5
5000,Hop cones,Yield,2001,kg/ha,1515.8
5000,Hop cones,Yield,2002,kg/ha,1527.4
5000,Hop cones,Yield,2003,kg/ha,1417.0
5000,Hop cones,Yield,2004,kg/ha,1509.4
5000,Hop cones,Yield,2005,kg/ha,1490.3
5000,Hop cones,Yield,2006,kg/ha,1402.4
5000,Hop cones,Yield,2007,kg/ha,1549.3
5000,Hop cones,Yield,2008,kg/ha,1656.2
5000,Hop cones,Yield,2009,kg/ha,1667.9
5000,Hop cones,Yield,2010,kg/ha,1628.1
5000,Hop cones,Yield,2011,kg/ha,1669.7
5000,Hop cones,Yield,2012,kg/ha,1487.0
5000,Hop cones,Yield,2013,kg/ha,1518.8
5000,Hop cones,Yield,2014,kg/ha,1665.6
5000,Hop cones,Yield,2015,kg/ha,1544.6
5000,Hop cones,Yield,2016,kg/ha,1576.9
5000,Hop cones,Yield,2017,kg/ha,1631.3
5000,Hop cones,Yield,2018,kg/ha,1634.3
5000,Hop cones,Yield,2019,kg/ha,1722.6
5000,Hop cones,Yield,2020,kg/ha,1714.6
5000,Hop cones,Yield,2021,kg/ha,1726.6
5000,Hop cones,Yield,2022,kg/ha,1466.9
5000,Hop cones,Yield,2023,kg/ha,1632.3
5000,Hop cones,Yield,2024,kg/ha,1653.4
5000,Jojoba seeds,Yield,1982,kg/ha,358.6
5000,Jojoba seeds,Yield,1983,kg/ha,293.9
5000,Jojoba seeds,Yield,1984,kg/ha,409.2
5000,Jojoba seeds,Yield,1985,kg/ha,337.3
5000,Jojoba seeds,Yield,1986,kg/ha,433.5
5000,Jojoba seeds,Yield,1987,kg/ha,361.1
5000,Jojoba seeds,Yield,1988,kg/ha,300.4
5000,Jojoba seeds,Yield,1989,kg/ha,446.4
5000,Jojoba seeds,Yield,1990,kg/ha,339.8
5000,Jojoba seeds,Yield,1991,kg/ha,427.7
5000,Jojoba seeds,Yield,1992,kg/ha,562.8
5000,Jojoba seeds,Yield,1993,kg/ha,415.3
5000,Jojoba seeds,Yield,1994,kg/ha,716.2
5000,Jojoba seeds,Yield,1995,kg/ha,1000.0
5000,Jojoba seeds,Yield,1996,kg/ha,716.3
5000,Jojoba seeds,Yield,1997,kg/ha,834.7
5000,Jojoba seeds,Yield,1998,kg/ha,700.0
5000,Jojoba seeds,Yield,1999,kg/ha,800.0
5000,Jojoba seeds,Yield,2000,kg/ha,800.0
5000,Jojoba seeds,Yield,2001,kg/ha,309.7
5000,Jojoba seeds,Yield,2002,kg/ha,200.0
5000,Jojoba seeds,Yield,2003,kg/ha,900.0
5000,Jojoba seeds,Yield,2004,kg/ha,900.0
5000,Jojoba seeds,Yield,2005,kg/ha,300.0
5000,Jojoba seeds,Yield,2006,kg/ha,252.0
5000,Jojoba seeds,Yield,2007,kg/ha,300.0
5000,Jojoba seeds,Yield,2008,kg/ha,438.1
5000,Jojoba seeds,Yield,2009,kg/ha,491.2
5000,Jojoba seeds,Yield,2010,kg/ha,494.3
5000,Jojoba seeds,Yield,2011,kg/ha,492.7
5000,Jojoba seeds,Yield,2012,kg/ha,491.0
5000,Jojoba seeds,Yield,2013,kg/ha,489.4
5000,Jojoba seeds,Yield,2014,kg/ha,470.0
5000,Jojoba seeds,Yield,2015,kg/ha,481.1
5000,Jojoba seeds,Yield,2016,kg/ha,480.2
5000,Jojoba seeds,Yield,2017,kg/ha,477.1
5000,Jojoba seeds,Yield,2018,kg/ha,461.4
5000,Jojoba seeds,Yield,2019,kg/ha,462.4
5000,Jojoba seeds,Yield,2020,kg/ha,452.2
5000,Jojoba seeds,Yield,2021,kg/ha,469.6
5000,Jojoba seeds,Yield,2022,kg/ha,474.9
5000,Jojoba seeds,Yield,2023,kg/ha,469.5
5000,Jojoba seeds,Yield,2024,kg/ha,465.6
5000,"Jute, raw or retted",Yield,1961,kg/ha,1395.7
5000,"Jute, raw or retted",Yield,1962,kg/ha,1378.2
5000,"Jute, raw or retted",Yield,1963,kg/ha,1388.3
5000,"Jute, raw or retted",Yield,1964,kg/ha,1351.8
5000,"Jute, raw or retted",Yield,1965,kg/ha,1294.7
5000,"Jute, raw or retted",Yield,1966,kg/ha,1313.9
5000,"Jute, raw or retted",Yield,1967,kg/ha,1289.8
5000,"Jute, raw or retted",Yield,1968,kg/ha,1127.1
5000,"Jute, raw or retted",Yield,1969,kg/ha,1331.3
5000,"Jute, raw or retted",Yield,1970,kg/ha,1266.5
5000,"Jute, raw or retted",Yield,1971,kg/ha,1191.3
5000,"Jute, raw or retted",Yield,1972,kg/ha,1291.3
5000,"Jute, raw or retted",Yield,1973,kg/ha,1301.5
5000,"Jute, raw or retted",Yield,1974,kg/ha,1222.9
5000,"Jute, raw or retted",Yield,1975,kg/ha,1436.4
5000,"Jute, raw or retted",Yield,1976,kg/ha,1313.2
5000,"Jute, raw or retted",Yield,1977,kg/ha,1274.2
5000,"Jute, raw or retted",Yield,1978,kg/ha,1364.9
5000,"Jute, raw or retted",Yield,1979,kg/ha,1386.1
5000,"Jute, raw or retted",Yield,1980,kg/ha,1343.5
5000,"Jute, raw or retted",Yield,1981,kg/ha,1505.5
5000,"Jute, raw or retted",Yield,1982,kg/ha,1537.3
5000,"Jute, raw or retted",Yield,1983,kg/ha,1590.0
5000,"Jute, raw or retted",Yield,1984,kg/ha,1476.2
5000,"Jute, raw or retted",Yield,1985,kg/ha,1665.5
5000,"Jute, raw or retted",Yield,1986,kg/ha,1550.7
5000,"Jute, raw or retted",Yield,1987,kg/ha,1547.1
5000,"Jute, raw or retted",Yield,1988,kg/ha,1709.3
5000,"Jute, raw or retted",Yield,1989,kg/ha,1735.9
5000,"Jute, raw or retted",Yield,1990,kg/ha,1748.3
5000,"Jute, raw or retted",Yield,1991,kg/ha,1736.4
5000,"Jute, raw or retted",Yield,1992,kg/ha,1798.8
5000,"Jute, raw or retted",Yield,1993,kg/ha,1863.3
5000,"Jute, raw or retted",Yield,1994,kg/ha,1821.6
5000,"Jute, raw or retted",Yield,1995,kg/ha,1772.5
5000,"Jute, raw or retted",Yield,1996,kg/ha,1886.2
5000,"Jute, raw or retted",Yield,1997,kg/ha,1914.9
5000,"Jute, raw or retted",Yield,1998,kg/ha,1814.7
5000,"Jute, raw or retted",Yield,1999,kg/ha,1904.1
5000,"Jute, raw or retted",Yield,2000,kg/ha,1934.1
5000,"Jute, raw or retted",Yield,2001,kg/ha,2039.1
5000,"Jute, raw or retted",Yield,2002,kg/ha,2015.4
5000,"Jute, raw or retted",Yield,2003,kg/ha,2063.3
5000,"Jute, raw or retted",Yield,2004,kg/ha,2073.5
5000,"Jute, raw or retted",Yield,2005,kg/ha,2249.7
5000,"Jute, raw or retted",Yield,2006,kg/ha,2255.9
5000,"Jute, raw or retted",Yield,2007,kg/ha,2141.8
5000,"Jute, raw or retted",Yield,2008,kg/ha,2163.3
5000,"Jute, raw or retted",Yield,2009,kg/ha,2420.7
5000,"Jute, raw or retted",Yield,2010,kg/ha,2322.1
5000,"Jute, raw or retted",Yield,2011,kg/ha,2325.1
5000,"Jute, raw or retted",Yield,2012,kg/ha,2174.7
5000,"Jute, raw or retted",Yield,2013,kg/ha,2267.2
5000,"Jute, raw or retted",Yield,2014,kg/ha,2369.9
5000,"Jute, raw or retted",Yield,2015,kg/ha,2213.6
5000,"Jute, raw or retted",Yield,2016,kg/ha,2219.8
5000,"Jute, raw or retted",Yield,2017,kg/ha,2211.2
5000,"Jute, raw or retted",Yield,2018,kg/ha,2175.5
5000,"Jute, raw or retted",Yield,2019,kg/ha,2208.7
5000,"Jute, raw or retted",Yield,2020,kg/ha,2463.3
5000,"Jute, raw or retted",Yield,2021,kg/ha,2356.6
5000,"Jute, raw or retted",Yield,2022,kg/ha,2331.8
5000,"Jute, raw or retted",Yield,2023,kg/ha,2415.4
5000,"Jute, raw or retted",Yield,2024,kg/ha,2548.5
5000,Kapok fruit,Yield,1961,kg/ha,1281.4
5000,Kapok fruit,Yield,1962,kg/ha,1297.0
5000,Kapok fruit,Yield,1963,kg/ha,1478.5
5000,Kapok fruit,Yield,1964,kg/ha,1508.6
5000,Kapok fruit,Yield,1965,kg/ha,1532.0
5000,Kapok fruit,Yield,1966,kg/ha,1546.7
5000,Kapok fruit,Yield,1967,kg/ha,1514.1
5000,Kapok fruit,Yield,1968,kg/ha,1365.1
5000,Kapok fruit,Yield,1969,kg/ha,1073.4
5000,Kapok fruit,Yield,1970,kg/ha,1105.2
5000,Kapok fruit,Yield,1971,kg/ha,1295.4
5000,Kapok fruit,Yield,1972,kg/ha,1124.3
5000,Kapok fruit,Yield,1973,kg/ha,1123.8
5000,Kapok fruit,Yield,1974,kg/ha,1005.4
5000,Kapok fruit,Yield,1975,kg/ha,952.2
5000,Kapok fruit,Yield,1976,kg/ha,906.4
5000,Kapok fruit,Yield,1977,kg/ha,943.2
5000,Kapok fruit,Yield,1978,kg/ha,836.1
5000,Kapok fruit,Yield,1979,kg/ha,792.8
5000,Kapok fruit,Yield,1980,kg/ha,780.9
5000,Kapok fruit,Yield,1981,kg/ha,939.0
5000,Kapok fruit,Yield,1982,kg/ha,884.9
5000,Kapok fruit,Yield,1983,kg/ha,980.9
5000,Kapok fruit,Yield,1984,kg/ha,968.3
5000,Kapok fruit,Yield,1985,kg/ha,991.8
5000,Kapok fruit,Yield,1986,kg/ha,1046.9
5000,Kapok fruit,Yield,1987,kg/ha,1068.1
5000,Kapok fruit,Yield,1988,kg/ha,1204.7
5000,Kapok fruit,Yield,1989,kg/ha,1199.4
5000,Kapok fruit,Yield,1990,kg/ha,1363.3
5000,Kapok fruit,Yield,1991,kg/ha,1326.1
5000,Kapok fruit,Yield,1992,kg/ha,1407.4
5000,Kapok fruit,Yield,1993,kg/ha,1468.7
5000,Kapok fruit,Yield,1994,kg/ha,1462.3
5000,Kapok fruit,Yield,1995,kg/ha,1658.5
5000,Kapok fruit,Yield,1996,kg/ha,1770.9
5000,Kapok fruit,Yield,1997,kg/ha,1784.0
5000,Kapok fruit,Yield,1998,kg/ha,1751.2
5000,Kapok fruit,Yield,1999,kg/ha,1777.8
5000,Kapok fruit,Yield,2000,kg/ha,1982.2
5000,Kapok fruit,Yield,2001,kg/ha,1971.1
5000,Kapok fruit,Yield,2002,kg/ha,1956.4
5000,Kapok fruit,Yield,2003,kg/ha,1959.9
5000,Kapok fruit,Yield,2004,kg/ha,2051.2
5000,Kapok fruit,Yield,2005,kg/ha,1941.7
5000,Kapok fruit,Yield,2006,kg/ha,1940.4
5000,Kapok fruit,Yield,2007,kg/ha,1597.7
5000,Kapok fruit,Yield,2008,kg/ha,1575.9
5000,Kapok fruit,Yield,2009,kg/ha,1431.7
5000,Kapok fruit,Yield,2010,kg/ha,1361.1
5000,Kapok fruit,Yield,2011,kg/ha,1671.1
5000,Kapok fruit,Yield,2012,kg/ha,1707.0
5000,Kapok fruit,Yield,2013,kg/ha,1719.5
5000,Kapok fruit,Yield,2014,kg/ha,1654.8
5000,Kapok fruit,Yield,2015,kg/ha,1414.1
5000,Kapok fruit,Yield,2016,kg/ha,1592.2
5000,Kapok fruit,Yield,2017,kg/ha,1622.6
5000,Kapok fruit,Yield,2018,kg/ha,1625.6
5000,Kapok fruit,Yield,2019,kg/ha,1627.1
5000,Kapok fruit,Yield,2020,kg/ha,1599.3
5000,Kapok fruit,Yield,2021,kg/ha,1588.8
5000,Kapok fruit,Yield,2022,kg/ha,1578.1
5000,Kapok fruit,Yield,2023,kg/ha,1567.2
5000,Kapok fruit,Yield,2024,kg/ha,1564.9
5000,Karite nuts (sheanuts),Yield,1961,kg/ha,1988.8
5000,Karite nuts (sheanuts),Yield,1962,kg/ha,1855.0
5000,Karite nuts (sheanuts),Yield,1963,kg/ha,1769.6
5000,Karite nuts (sheanuts),Yield,1964,kg/ha,1950.4
5000,Karite nuts (sheanuts),Yield,1965,kg/ha,1854.3
5000,Karite nuts (sheanuts),Yield,1966,kg/ha,1933.8
5000,Karite nuts (sheanuts),Yield,1967,kg/ha,1821.2
5000,Karite nuts (sheanuts),Yield,1968,kg/ha,1878.9
5000,Karite nuts (sheanuts),Yield,1969,kg/ha,1842.1
5000,Karite nuts (sheanuts),Yield,1970,kg/ha,1853.6
5000,Karite nuts (sheanuts),Yield,1971,kg/ha,1851.5
5000,Karite nuts (sheanuts),Yield,1972,kg/ha,1794.1
5000,Karite nuts (sheanuts),Yield,1973,kg/ha,1780.0
5000,Karite nuts (sheanuts),Yield,1974,kg/ha,1775.4
5000,Karite nuts (sheanuts),Yield,1975,kg/ha,1771.6
5000,Karite nuts (sheanuts),Yield,1976,kg/ha,1829.5
5000,Karite nuts (sheanuts),Yield,1977,kg/ha,1782.8
5000,Karite nuts (sheanuts),Yield,1978,kg/ha,1746.8
5000,Karite nuts (sheanuts),Yield,1979,kg/ha,1756.9
5000,Karite nuts (sheanuts),Yield,1980,kg/ha,1788.1
5000,Karite nuts (sheanuts),Yield,1981,kg/ha,1794.0
5000,Karite nuts (sheanuts),Yield,1982,kg/ha,1734.1
5000,Karite nuts (sheanuts),Yield,1983,kg/ha,1873.5
5000,Karite nuts (sheanuts),Yield,1984,kg/ha,1837.0
5000,Karite nuts (sheanuts),Yield,1985,kg/ha,1990.2
5000,Karite nuts (sheanuts),Yield,1986,kg/ha,1936.3
5000,Karite nuts (sheanuts),Yield,1987,kg/ha,1965.3
5000,Karite nuts (sheanuts),Yield,1988,kg/ha,2028.8
5000,Karite nuts (sheanuts),Yield,1989,kg/ha,1903.2
5000,Karite nuts (sheanuts),Yield,1990,kg/ha,1879.0
5000,Karite nuts (sheanuts),Yield,1991,kg/ha,1950.2
5000,Karite nuts (sheanuts),Yield,1992,kg/ha,1989.0
5000,Karite nuts (sheanuts),Yield,1993,kg/ha,1933.4
5000,Karite nuts (sheanuts),Yield,1994,kg/ha,2074.7
5000,Karite nuts (sheanuts),Yield,1995,kg/ha,1939.8
5000,Karite nuts (sheanuts),Yield,1996,kg/ha,1934.5
5000,Karite nuts (sheanuts),Yield,1997,kg/ha,1947.1
5000,Karite nuts (sheanuts),Yield,1998,kg/ha,1935.6
5000,Karite nuts (sheanuts),Yield,1999,kg/ha,1927.0
5000,Karite nuts (sheanuts),Yield,2000,kg/ha,1913.7
5000,Karite nuts (sheanuts),Yield,2001,kg/ha,1900.4
5000,Karite nuts (sheanuts),Yield,2002,kg/ha,1824.6
5000,Karite nuts (sheanuts),Yield,2003,kg/ha,1930.5
5000,Karite nuts (sheanuts),Yield,2004,kg/ha,1926.3
5000,Karite nuts (sheanuts),Yield,2005,kg/ha,1819.4
5000,Karite nuts (sheanuts),Yield,2006,kg/ha,1727.1
5000,Karite nuts (sheanuts),Yield,2007,kg/ha,1877.7
5000,Karite nuts (sheanuts),Yield,2008,kg/ha,1587.1
5000,Karite nuts (sheanuts),Yield,2009,kg/ha,1285.2
5000,Karite nuts (sheanuts),Yield,2010,kg/ha,1284.5
5000,Karite nuts (sheanuts),Yield,2011,kg/ha,1266.5
5000,Karite nuts (sheanuts),Yield,2012,kg/ha,1292.0
5000,Karite nuts (sheanuts),Yield,2013,kg/ha,1218.6
5000,Karite nuts (sheanuts),Yield,2014,kg/ha,1070.3
5000,Karite nuts (sheanuts),Yield,2015,kg/ha,1008.9
5000,Karite nuts (sheanuts),Yield,2016,kg/ha,1206.1
5000,Karite nuts (sheanuts),Yield,2017,kg/ha,1094.2
5000,Karite nuts (sheanuts),Yield,2018,kg/ha,1206.2
5000,Karite nuts (sheanuts),Yield,2019,kg/ha,1286.2
5000,Karite nuts (sheanuts),Yield,2020,kg/ha,1217.3
5000,Karite nuts (sheanuts),Yield,2021,kg/ha,1229.0
5000,Karite nuts (sheanuts),Yield,2022,kg/ha,1232.3
5000,Karite nuts (sheanuts),Yield,2023,kg/ha,1233.1
5000,Karite nuts (sheanuts),Yield,2024,kg/ha,1217.8
5000,"Kenaf, and other textile bast fibres, raw or retted",Yield,1961,kg/ha,887.5
5000,"Kenaf, and other textile bast fibres, raw or retted",Yield,1962,kg/ha,800.9
5000,"Kenaf, and other textile bast fibres, raw or retted",Yield,1963,kg/ha,826.8
5000,"Kenaf, and other textile bast fibres, raw or retted",Yield,1964,kg/ha,923.6
5000,"Kenaf, and other textile bast fibres, raw or retted",Yield,1965,kg/ha,962.3
5000,"Kenaf, and other textile bast fibres, raw or retted",Yield,1966,kg/ha,956.0
5000,"Kenaf, and other textile bast fibres, raw or retted",Yield,1967,kg/ha,925.6
5000,"Kenaf, and other textile bast fibres, raw or retted",Yield,1968,kg/ha,881.0
5000,"Kenaf, and other textile bast fibres, raw or retted",Yield,1969,kg/ha,850.6
5000,"Kenaf, and other textile bast fibres, raw or retted",Yield,1970,kg/ha,831.8
5000,"Kenaf, and other textile bast fibres, raw or retted",Yield,1971,kg/ha,832.1
5000,"Kenaf, and other textile bast fibres, raw or retted",Yield,1972,kg/ha,851.0
5000,"Kenaf, and other textile bast fibres, raw or retted",Yield,1973,kg/ha,892.2
5000,"Kenaf, and other textile bast fibres, raw or retted",Yield,1974,kg/ha,857.5
5000,"Kenaf, and other textile bast fibres, raw or retted",Yield,1975,kg/ha,900.8
5000,"Kenaf, and other textile bast fibres, raw or retted",Yield,1976,kg/ha,938.5
5000,"Kenaf, and other textile bast fibres, raw or retted",Yield,1977,kg/ha,911.8
5000,"Kenaf, and other textile bast fibres, raw or retted",Yield,1978,kg/ha,1008.2
5000,"Kenaf, and other textile bast fibres, raw or retted",Yield,1979,kg/ha,970.3
5000,"Kenaf, and other textile bast fibres, raw or retted",Yield,1980,kg/ha,1047.1
5000,"Kenaf, and other textile bast fibres, raw or retted",Yield,1981,kg/ha,1082.3
5000,"Kenaf, and other textile bast fibres, raw or retted",Yield,1982,kg/ha,1030.5
5000,"Kenaf, and other textile bast fibres, raw or retted",Yield,1983,kg/ha,1100.6
5000,"Kenaf, and other textile bast fibres, raw or retted",Yield,1984,kg/ha,1146.1
5000,"Kenaf, and other textile bast fibres, raw or retted",Yield,1985,kg/ha,1420.8
5000,"Kenaf, and other textile bast fibres, raw or retted",Yield,1986,kg/ha,1217.8
5000,"Kenaf, and other textile bast fibres, raw or retted",Yield,1987,kg/ha,1100.9
5000,"Kenaf, and other textile bast fibres, raw or retted",Yield,1988,kg/ha,1192.9
5000,"Kenaf, and other textile bast fibres, raw or retted",Yield,1989,kg/ha,1289.2
5000,"Kenaf, and other textile bast fibres, raw or retted",Yield,1990,kg/ha,1342.0
5000,"Kenaf, and other textile bast fibres, raw or retted",Yield,1991,kg/ha,1252.6
5000,"Kenaf, and other textile bast fibres, raw or retted",Yield,1992,kg/ha,1378.3
5000,"Kenaf, and other textile bast fibres, raw or retted",Yield,1993,kg/ha,1473.7
5000,"Kenaf, and other textile bast fibres, raw or retted",Yield,1994,kg/ha,1342.5
5000,"Kenaf, and other textile bast fibres, raw or retted",Yield,1995,kg/ha,1381.6
5000,"Kenaf, and other textile bast fibres, raw or retted",Yield,1996,kg/ha,1637.4
5000,"Kenaf, and other textile bast fibres, raw or retted",Yield,1997,kg/ha,1519.9
5000,"Kenaf, and other textile bast fibres, raw or retted",Yield,1998,kg/ha,1436.4
5000,"Kenaf, and other textile bast fibres, raw or retted",Yield,1999,kg/ha,1376.7
5000,"Kenaf, and other textile bast fibres, raw or retted",Yield,2000,kg/ha,1326.1
5000,"Kenaf, and other textile bast fibres, raw or retted",Yield,2001,kg/ha,1357.3
5000,"Kenaf, and other textile bast fibres, raw or retted",Yield,2002,kg/ha,1410.3
5000,"Kenaf, and other textile bast fibres, raw or retted",Yield,2003,kg/ha,1283.0
5000,"Kenaf, and other textile bast fibres, raw or retted",Yield,2004,kg/ha,1318.2
5000,"Kenaf, and other textile bast fibres, raw or retted",Yield,2005,kg/ha,1353.3
5000,"Kenaf, and other textile bast fibres, raw or retted",Yield,2006,kg/ha,1398.8
5000,"Kenaf, and other textile bast fibres, raw or retted",Yield,2007,kg/ha,1438.7
5000,"Kenaf, and other textile bast fibres, raw or retted",Yield,2008,kg/ha,1527.7
5000,"Kenaf, and other textile bast fibres, raw or retted",Yield,2009,kg/ha,1412.1
5000,"Kenaf, and other textile bast fibres, raw or retted",Yield,2010,kg/ha,1461.7
5000,"Kenaf, and other textile bast fibres, raw or retted",Yield,2011,kg/ha,1563.1
5000,"Kenaf, and other textile bast fibres, raw or retted",Yield,2012,kg/ha,1574.6
5000,"Kenaf, and other textile bast fibres, raw or retted",Yield,2013,kg/ha,1427.0
5000,"Kenaf, and other textile bast fibres, raw or retted",Yield,2014,kg/ha,1495.2
5000,"Kenaf, and other textile bast fibres, raw or retted",Yield,2015,kg/ha,1510.9
5000,"Kenaf, and other textile bast fibres, raw or retted",Yield,2016,kg/ha,1472.2
5000,"Kenaf, and other textile bast fibres, raw or retted",Yield,2017,kg/ha,1453.7
5000,"Kenaf, and other textile bast fibres, raw or retted",Yield,2018,kg/ha,1516.1
5000,"Kenaf, and other textile bast fibres, raw or retted",Yield,2019,kg/ha,1492.9
5000,"Kenaf, and other textile bast fibres, raw or retted",Yield,2020,kg/ha,1494.0
5000,"Kenaf, and other textile bast fibres, raw or retted",Yield,2021,kg/ha,1490.3
5000,"Kenaf, and other textile bast fibres, raw or retted",Yield,2022,kg/ha,1477.0
5000,"Kenaf, and other textile bast fibres, raw or retted",Yield,2023,kg/ha,1496.2
5000,"Kenaf, and other textile bast fibres, raw or retted",Yield,2024,kg/ha,1501.5
5000,Kiwi fruit,Yield,1970,kg/ha,5000.0
5000,Kiwi fruit,Yield,1971,kg/ha,4717.0
5000,Kiwi fruit,Yield,1972,kg/ha,4741.7
5000,Kiwi fruit,Yield,1973,kg/ha,4929.5
5000,Kiwi fruit,Yield,1974,kg/ha,6597.6
5000,Kiwi fruit,Yield,1975,kg/ha,4332.7
5000,Kiwi fruit,Yield,1976,kg/ha,4923.8
5000,Kiwi fruit,Yield,1977,kg/ha,4738.4
5000,Kiwi fruit,Yield,1978,kg/ha,4420.1
5000,Kiwi fruit,Yield,1979,kg/ha,5320.8
5000,Kiwi fruit,Yield,1980,kg/ha,3873.3
5000,Kiwi fruit,Yield,1981,kg/ha,4169.6
5000,Kiwi fruit,Yield,1982,kg/ha,3804.0
5000,Kiwi fruit,Yield,1983,kg/ha,3498.1
5000,Kiwi fruit,Yield,1984,kg/ha,6202.4
5000,Kiwi fruit,Yield,1985,kg/ha,6645.0
5000,Kiwi fruit,Yield,1986,kg/ha,8147.0
5000,Kiwi fruit,Yield,1987,kg/ha,9979.8
5000,Kiwi fruit,Yield,1988,kg/ha,10806.4
5000,Kiwi fruit,Yield,1989,kg/ha,9942.9
5000,Kiwi fruit,Yield,1990,kg/ha,12643.8
5000,Kiwi fruit,Yield,1991,kg/ha,12153.7
5000,Kiwi fruit,Yield,1992,kg/ha,15210.2
5000,Kiwi fruit,Yield,1993,kg/ha,14949.9
5000,Kiwi fruit,Yield,1994,kg/ha,15420.8
5000,Kiwi fruit,Yield,1995,kg/ha,15379.4
5000,Kiwi fruit,Yield,1996,kg/ha,17141.8
5000,Kiwi fruit,Yield,1997,kg/ha,16476.8
5000,Kiwi fruit,Yield,1998,kg/ha,16948.4
5000,Kiwi fruit,Yield,1999,kg/ha,17381.6
5000,Kiwi fruit,Yield,2000,kg/ha,14864.4
5000,Kiwi fruit,Yield,2001,kg/ha,15265.4
5000,Kiwi fruit,Yield,2002,kg/ha,14972.0
5000,Kiwi fruit,Yield,2003,kg/ha,14520.3
5000,Kiwi fruit,Yield,2004,kg/ha,15959.6
5000,Kiwi fruit,Yield,2005,kg/ha,15979.5
5000,Kiwi fruit,Yield,2006,kg/ha,16613.1
5000,Kiwi fruit,Yield,2007,kg/ha,16275.0
5000,Kiwi fruit,Yield,2008,kg/ha,16953.9
5000,Kiwi fruit,Yield,2009,kg/ha,16570.7
5000,Kiwi fruit,Yield,2010,kg/ha,16463.4
5000,Kiwi fruit,Yield,2011,kg/ha,16495.4
5000,Kiwi fruit,Yield,2012,kg/ha,16147.4
5000,Kiwi fruit,Yield,2013,kg/ha,14225.2
5000,Kiwi fruit,Yield,2014,kg/ha,15841.2
5000,Kiwi fruit,Yield,2015,kg/ha,15179.3
5000,Kiwi fruit,Yield,2016,kg/ha,15379.9
5000,Kiwi fruit,Yield,2017,kg/ha,15741.2
5000,Kiwi fruit,Yield,2018,kg/ha,16059.6
5000,Kiwi fruit,Yield,2019,kg/ha,16042.4
5000,Kiwi fruit,Yield,2020,kg/ha,16309.8
5000,Kiwi fruit,Yield,2021,kg/ha,16033.5
5000,Kiwi fruit,Yield,2022,kg/ha,16269.4
5000,Kiwi fruit,Yield,2023,kg/ha,15768.5
5000,Kiwi fruit,Yield,2024,kg/ha,16267.9
5000,Kola nuts,Yield,1961,kg/ha,1235.5
5000,Kola nuts,Yield,1962,kg/ha,1248.4
5000,Kola nuts,Yield,1963,kg/ha,1234.4
5000,Kola nuts,Yield,1964,kg/ha,1275.8
5000,Kola nuts,Yield,1965,kg/ha,1252.2
5000,Kola nuts,Yield,1966,kg/ha,1256.7
5000,Kola nuts,Yield,1967,kg/ha,1338.2
5000,Kola nuts,Yield,1968,kg/ha,1455.9
5000,Kola nuts,Yield,1969,kg/ha,1493.1
5000,Kola nuts,Yield,1970,kg/ha,1632.2
5000,Kola nuts,Yield,1971,kg/ha,1675.2
5000,Kola nuts,Yield,1972,kg/ha,1528.8
5000,Kola nuts,Yield,1973,kg/ha,1577.0
5000,Kola nuts,Yield,1974,kg/ha,1680.8
5000,Kola nuts,Yield,1975,kg/ha,1696.2
5000,Kola nuts,Yield,1976,kg/ha,1540.7
5000,Kola nuts,Yield,1977,kg/ha,1600.0
5000,Kola nuts,Yield,1978,kg/ha,1617.9
5000,Kola nuts,Yield,1979,kg/ha,1621.4
5000,Kola nuts,Yield,1980,kg/ha,1660.7
5000,Kola nuts,Yield,1981,kg/ha,1700.7
5000,Kola nuts,Yield,1982,kg/ha,1698.0
5000,Kola nuts,Yield,1983,kg/ha,1605.6
5000,Kola nuts,Yield,1984,kg/ha,1556.5
5000,Kola nuts,Yield,1985,kg/ha,668.6
5000,Kola nuts,Yield,1986,kg/ha,672.1
5000,Kola nuts,Yield,1987,kg/ha,679.9
5000,Kola nuts,Yield,1988,kg/ha,640.9
5000,Kola nuts,Yield,1989,kg/ha,660.9
5000,Kola nuts,Yield,1990,kg/ha,651.4
5000,Kola nuts,Yield,1991,kg/ha,723.4
5000,Kola nuts,Yield,1992,kg/ha,707.6
5000,Kola nuts,Yield,1993,kg/ha,715.1
5000,Kola nuts,Yield,1994,kg/ha,581.1
5000,Kola nuts,Yield,1995,kg/ha,570.5
5000,Kola nuts,Yield,1996,kg/ha,551.3
5000,Kola nuts,Yield,1997,kg/ha,574.9
5000,Kola nuts,Yield,1998,kg/ha,575.1
5000,Kola nuts,Yield,1999,kg/ha,569.5
5000,Kola nuts,Yield,2000,kg/ha,566.2
5000,Kola nuts,Yield,2001,kg/ha,566.0
5000,Kola nuts,Yield,2002,kg/ha,569.7
5000,Kola nuts,Yield,2003,kg/ha,561.7
5000,Kola nuts,Yield,2004,kg/ha,569.1
5000,Kola nuts,Yield,2005,kg/ha,587.7
5000,Kola nuts,Yield,2006,kg/ha,560.8
5000,Kola nuts,Yield,2007,kg/ha,562.5
5000,Kola nuts,Yield,2008,kg/ha,578.7
5000,Kola nuts,Yield,2009,kg/ha,530.7
5000,Kola nuts,Yield,2010,kg/ha,501.2
5000,Kola nuts,Yield,2011,kg/ha,521.0
5000,Kola nuts,Yield,2012,kg/ha,527.7
5000,Kola nuts,Yield,2013,kg/ha,517.6
5000,Kola nuts,Yield,2014,kg/ha,548.7
5000,Kola nuts,Yield,2015,kg/ha,552.5
5000,Kola nuts,Yield,2016,kg/ha,540.4
5000,Kola nuts,Yield,2017,kg/ha,546.0
5000,Kola nuts,Yield,2018,kg/ha,554.4
5000,Kola nuts,Yield,2019,kg/ha,562.4
5000,Kola nuts,Yield,2020,kg/ha,590.6
5000,Kola nuts,Yield,2021,kg/ha,595.2
5000,Kola nuts,Yield,2022,kg/ha,565.2
5000,Kola nuts,Yield,2023,kg/ha,576.5
5000,Kola nuts,Yield,2024,kg/ha,580.0
5000,Leeks and other alliaceous vegetables,Yield,1961,kg/ha,13234.7
5000,Leeks and other alliaceous vegetables,Yield,1962,kg/ha,13383.3
5000,Leeks and other alliaceous vegetables,Yield,1963,kg/ha,14534.4
5000,Leeks and other alliaceous vegetables,Yield,1964,kg/ha,13205.9
5000,Leeks and other alliaceous vegetables,Yield,1965,kg/ha,13853.2
5000,Leeks and other alliaceous vegetables,Yield,1966,kg/ha,13245.7
5000,Leeks and other alliaceous vegetables,Yield,1967,kg/ha,14030.0
5000,Leeks and other alliaceous vegetables,Yield,1968,kg/ha,14041.4
5000,Leeks and other alliaceous vegetables,Yield,1969,kg/ha,13419.5
5000,Leeks and other alliaceous vegetables,Yield,1970,kg/ha,13658.6
5000,Leeks and other alliaceous vegetables,Yield,1971,kg/ha,13049.1
5000,Leeks and other alliaceous vegetables,Yield,1972,kg/ha,13265.5
5000,Leeks and other alliaceous vegetables,Yield,1973,kg/ha,14014.9
5000,Leeks and other alliaceous vegetables,Yield,1974,kg/ha,14505.0
5000,Leeks and other alliaceous vegetables,Yield,1975,kg/ha,13990.2
5000,Leeks and other alliaceous vegetables,Yield,1976,kg/ha,12867.8
5000,Leeks and other alliaceous vegetables,Yield,1977,kg/ha,13712.2
5000,Leeks and other alliaceous vegetables,Yield,1978,kg/ha,13053.3
5000,Leeks and other alliaceous vegetables,Yield,1979,kg/ha,13084.1
5000,Leeks and other alliaceous vegetables,Yield,1980,kg/ha,12920.1
5000,Leeks and other alliaceous vegetables,Yield,1981,kg/ha,13381.8
5000,Leeks and other alliaceous vegetables,Yield,1982,kg/ha,14103.5
5000,Leeks and other alliaceous vegetables,Yield,1983,kg/ha,13855.6
5000,Leeks and other alliaceous vegetables,Yield,1984,kg/ha,14096.1
5000,Leeks and other alliaceous vegetables,Yield,1985,kg/ha,14547.2
5000,Leeks and other alliaceous vegetables,Yield,1986,kg/ha,15949.6
5000,Leeks and other alliaceous vegetables,Yield,1987,kg/ha,16558.2
5000,Leeks and other alliaceous vegetables,Yield,1988,kg/ha,17285.1
5000,Leeks and other alliaceous vegetables,Yield,1989,kg/ha,17848.3
5000,Leeks and other alliaceous vegetables,Yield,1990,kg/ha,18244.4
5000,Leeks and other alliaceous vegetables,Yield,1991,kg/ha,17862.5
5000,Leeks and other alliaceous vegetables,Yield,1992,kg/ha,17668.6
5000,Leeks and other alliaceous vegetables,Yield,1993,kg/ha,17835.5
5000,Leeks and other alliaceous vegetables,Yield,1994,kg/ha,18161.9
5000,Leeks and other alliaceous vegetables,Yield,1995,kg/ha,18365.1
5000,Leeks and other alliaceous vegetables,Yield,1996,kg/ha,17221.0
5000,Leeks and other alliaceous vegetables,Yield,1997,kg/ha,16815.7
5000,Leeks and other alliaceous vegetables,Yield,1998,kg/ha,16848.8
5000,Leeks and other alliaceous vegetables,Yield,1999,kg/ha,18156.4
5000,Leeks and other alliaceous vegetables,Yield,2000,kg/ha,16265.2
5000,Leeks and other alliaceous vegetables,Yield,2001,kg/ha,16056.3
5000,Leeks and other alliaceous vegetables,Yield,2002,kg/ha,15220.1
5000,Leeks and other alliaceous vegetables,Yield,2003,kg/ha,16140.3
5000,Leeks and other alliaceous vegetables,Yield,2004,kg/ha,16363.9
5000,Leeks and other alliaceous vegetables,Yield,2005,kg/ha,17212.2
5000,Leeks and other alliaceous vegetables,Yield,2006,kg/ha,16891.0
5000,Leeks and other alliaceous vegetables,Yield,2007,kg/ha,16893.6
5000,Leeks and other alliaceous vegetables,Yield,2008,kg/ha,16623.0
5000,Leeks and other alliaceous vegetables,Yield,2009,kg/ha,17926.9
5000,Leeks and other alliaceous vegetables,Yield,2010,kg/ha,16430.6
5000,Leeks and other alliaceous vegetables,Yield,2011,kg/ha,16265.9
5000,Leeks and other alliaceous vegetables,Yield,2012,kg/ha,16386.7
5000,Leeks and other alliaceous vegetables,Yield,2013,kg/ha,16979.6
5000,Leeks and other alliaceous vegetables,Yield,2014,kg/ha,16980.5
5000,Leeks and other alliaceous vegetables,Yield,2015,kg/ha,16699.1
5000,Leeks and other alliaceous vegetables,Yield,2016,kg/ha,16172.6
5000,Leeks and other alliaceous vegetables,Yield,2017,kg/ha,15948.0
5000,Leeks and other alliaceous vegetables,Yield,2018,kg/ha,15705.1
5000,Leeks and other alliaceous vegetables,Yield,2019,kg/ha,16261.9
5000,Leeks and other alliaceous vegetables,Yield,2020,kg/ha,16023.6
5000,Leeks and other alliaceous vegetables,Yield,2021,kg/ha,16640.1
5000,Leeks and other alliaceous vegetables,Yield,2022,kg/ha,15978.7
5000,Leeks and other alliaceous vegetables,Yield,2023,kg/ha,16868.5
5000,Leeks and other alliaceous vegetables,Yield,2024,kg/ha,16731.4
5000,Lemons and limes,Yield,1961,kg/ha,12747.4
5000,Lemons and limes,Yield,1962,kg/ha,11883.5
5000,Lemons and limes,Yield,1963,kg/ha,11516.6
5000,Lemons and limes,Yield,1964,kg/ha,12508.9
5000,Lemons and limes,Yield,1965,kg/ha,11939.8
5000,Lemons and limes,Yield,1966,kg/ha,12980.8
5000,Lemons and limes,Yield,1967,kg/ha,13140.0
5000,Lemons and limes,Yield,1968,kg/ha,13496.9
5000,Lemons and limes,Yield,1969,kg/ha,13772.9
5000,Lemons and limes,Yield,1970,kg/ha,13287.7
5000,Lemons and limes,Yield,1971,kg/ha,13236.9
5000,Lemons and limes,Yield,1972,kg/ha,13010.9
5000,Lemons and limes,Yield,1973,kg/ha,14156.5
5000,Lemons and limes,Yield,1974,kg/ha,13930.7
5000,Lemons and limes,Yield,1975,kg/ha,15438.6
5000,Lemons and limes,Yield,1976,kg/ha,13605.8
5000,Lemons and limes,Yield,1977,kg/ha,14828.2
5000,Lemons and limes,Yield,1978,kg/ha,13957.2
5000,Lemons and limes,Yield,1979,kg/ha,13595.6
5000,Lemons and limes,Yield,1980,kg/ha,13049.7
5000,Lemons and limes,Yield,1981,kg/ha,14415.3
5000,Lemons and limes,Yield,1982,kg/ha,13480.0
5000,Lemons and limes,Yield,1983,kg/ha,14106.2
5000,Lemons and limes,Yield,1984,kg/ha,12952.8
5000,Lemons and limes,Yield,1985,kg/ha,12622.2
5000,Lemons and limes,Yield,1986,kg/ha,12893.5
5000,Lemons and limes,Yield,1987,kg/ha,13425.1
5000,Lemons and limes,Yield,1988,kg/ha,12808.8
5000,Lemons and limes,Yield,1989,kg/ha,12575.7
5000,Lemons and limes,Yield,1990,kg/ha,12864.8
5000,Lemons and limes,Yield,1991,kg/ha,13611.4
5000,Lemons and limes,Yield,1992,kg/ha,13210.1
5000,Lemons and limes,Yield,1993,kg/ha,13780.6
5000,Lemons and limes,Yield,1994,kg/ha,13502.5
5000,Lemons and limes,Yield,1995,kg/ha,13201.5
5000,Lemons and limes,Yield,1996,kg/ha,13477.1
5000,Lemons and limes,Yield,1997,kg/ha,13361.4
5000,Lemons and limes,Yield,1998,kg/ha,13045.7
5000,Lemons and limes,Yield,1999,kg/ha,13532.5
5000,Lemons and limes,Yield,2000,kg/ha,13726.3
5000,Lemons and limes,Yield,2001,kg/ha,14283.0
5000,Lemons and limes,Yield,2002,kg/ha,14601.5
5000,Lemons and limes,Yield,2003,kg/ha,15173.9
5000,Lemons and limes,Yield,2004,kg/ha,14702.8
5000,Lemons and limes,Yield,2005,kg/ha,16210.2
5000,Lemons and limes,Yield,2006,kg/ha,13717.6
5000,Lemons and limes,Yield,2007,kg/ha,15951.9
5000,Lemons and limes,Yield,2008,kg/ha,15653.8
5000,Lemons and limes,Yield,2009,kg/ha,14809.0
5000,Lemons and limes,Yield,2010,kg/ha,14180.4
5000,Lemons and limes,Yield,2011,kg/ha,15806.0
5000,Lemons and limes,Yield,2012,kg/ha,15487.7
5000,Lemons and limes,Yield,2013,kg/ha,15451.6
5000,Lemons and limes,Yield,2014,kg/ha,15629.9
5000,Lemons and limes,Yield,2015,kg/ha,16090.8
5000,Lemons and limes,Yield,2016,kg/ha,16145.9
5000,Lemons and limes,Yield,2017,kg/ha,15797.5
5000,Lemons and limes,Yield,2018,kg/ha,16699.6
5000,Lemons and limes,Yield,2019,kg/ha,15561.7
5000,Lemons and limes,Yield,2020,kg/ha,15734.6
5000,Lemons and limes,Yield,2021,kg/ha,15857.5
5000,Lemons and limes,Yield,2022,kg/ha,16057.2
5000,Lemons and limes,Yield,2023,kg/ha,16718.1
5000,Lemons and limes,Yield,2024,kg/ha,15959.7
5000,"Lentils, dry",Yield,1961,kg/ha,527.8
5000,"Lentils, dry",Yield,1962,kg/ha,576.7
5000,"Lentils, dry",Yield,1963,kg/ha,573.0
5000,"Lentils, dry",Yield,1964,kg/ha,546.4
5000,"Lentils, dry",Yield,1965,kg/ha,586.3
5000,"Lentils, dry",Yield,1966,kg/ha,557.6
5000,"Lentils, dry",Yield,1967,kg/ha,558.6
5000,"Lentils, dry",Yield,1968,kg/ha,605.2
5000,"Lentils, dry",Yield,1969,kg/ha,635.5
5000,"Lentils, dry",Yield,1970,kg/ha,572.1
5000,"Lentils, dry",Yield,1971,kg/ha,610.9
5000,"Lentils, dry",Yield,1972,kg/ha,623.6
5000,"Lentils, dry",Yield,1973,kg/ha,556.8
5000,"Lentils, dry",Yield,1974,kg/ha,607.1
5000,"Lentils, dry",Yield,1975,kg/ha,598.7
5000,"Lentils, dry",Yield,1976,kg/ha,639.9
5000,"Lentils, dry",Yield,1977,kg/ha,611.2
5000,"Lentils, dry",Yield,1978,kg/ha,589.0
5000,"Lentils, dry",Yield,1979,kg/ha,566.0
5000,"Lentils, dry",Yield,1980,kg/ha,585.4
5000,"Lentils, dry",Yield,1981,kg/ha,640.0
5000,"Lentils, dry",Yield,1982,kg/ha,683.7
5000,"Lentils, dry",Yield,1983,kg/ha,674.9
5000,"Lentils, dry",Yield,1984,kg/ha,680.2
5000,"Lentils, dry",Yield,1985,kg/ha,724.2
5000,"Lentils, dry",Yield,1986,kg/ha,819.3
5000,"Lentils, dry",Yield,1987,kg/ha,807.3
5000,"Lentils, dry",Yield,1988,kg/ha,802.7
5000,"Lentils, dry",Yield,1989,kg/ha,650.0
5000,"Lentils, dry",Yield,1990,kg/ha,797.1
5000,"Lentils, dry",Yield,1991,kg/ha,813.6
5000,"Lentils, dry",Yield,1992,kg/ha,778.6
5000,"Lentils, dry",Yield,1993,kg/ha,814.2
5000,"Lentils, dry",Yield,1994,kg/ha,815.3
5000,"Lentils, dry",Yield,1995,kg/ha,860.6
5000,"Lentils, dry",Yield,1996,kg/ha,797.0
5000,"Lentils, dry",Yield,1997,kg/ha,803.5
5000,"Lentils, dry",Yield,1998,kg/ha,811.6
5000,"Lentils, dry",Yield,1999,kg/ha,809.4
5000,"Lentils, dry",Yield,2000,kg/ha,871.6
5000,"Lentils, dry",Yield,2001,kg/ha,798.2
5000,"Lentils, dry",Yield,2002,kg/ha,792.7
5000,"Lentils, dry",Yield,2003,kg/ha,840.9
5000,"Lentils, dry",Yield,2004,kg/ha,933.2
5000,"Lentils, dry",Yield,2005,kg/ha,1003.3
5000,"Lentils, dry",Yield,2006,kg/ha,859.8
5000,"Lentils, dry",Yield,2007,kg/ha,892.1
5000,"Lentils, dry",Yield,2008,kg/ha,849.6
5000,"Lentils, dry",Yield,2009,kg/ha,1069.6
5000,"Lentils, dry",Yield,2010,kg/ha,1138.5
5000,"Lentils, dry",Yield,2011,kg/ha,1064.0
5000,"Lentils, dry",Yield,2012,kg/ha,1064.7
5000,"Lentils, dry",Yield,2013,kg/ha,1297.3
5000,"Lentils, dry",Yield,2014,kg/ha,1165.4
5000,"Lentils, dry",Yield,2015,kg/ha,1153.4
5000,"Lentils, dry",Yield,2016,kg/ha,1286.5
5000,"Lentils, dry",Yield,2017,kg/ha,1149.9
5000,"Lentils, dry",Yield,2018,kg/ha,1160.5
5000,"Lentils, dry",Yield,2019,kg/ha,1220.1
5000,"Lentils, dry",Yield,2020,kg/ha,1326.1
5000,"Lentils, dry",Yield,2021,kg/ha,1070.6
5000,"Lentils, dry",Yield,2022,kg/ha,1291.5
5000,"Lentils, dry",Yield,2023,kg/ha,1205.1
5000,"Lentils, dry",Yield,2024,kg/ha,1228.2
5000,Lettuce and chicory,Yield,1961,kg/ha,15218.8
5000,Lettuce and chicory,Yield,1962,kg/ha,15639.8
5000,Lettuce and chicory,Yield,1963,kg/ha,15706.4
5000,Lettuce and chicory,Yield,1964,kg/ha,15880.6
5000,Lettuce and chicory,Yield,1965,kg/ha,16085.9
5000,Lettuce and chicory,Yield,1966,kg/ha,15995.8
5000,Lettuce and chicory,Yield,1967,kg/ha,16311.5
5000,Lettuce and chicory,Yield,1968,kg/ha,16346.5
5000,Lettuce and chicory,Yield,1969,kg/ha,16829.3
5000,Lettuce and chicory,Yield,1970,kg/ha,16955.1
5000,Lettuce and chicory,Yield,1971,kg/ha,17530.5
5000,Lettuce and chicory,Yield,1972,kg/ha,17472.3
5000,Lettuce and chicory,Yield,1973,kg/ha,17924.3
5000,Lettuce and chicory,Yield,1974,kg/ha,17915.6
5000,Lettuce and chicory,Yield,1975,kg/ha,18009.7
5000,Lettuce and chicory,Yield,1976,kg/ha,18142.6
5000,Lettuce and chicory,Yield,1977,kg/ha,18438.2
5000,Lettuce and chicory,Yield,1978,kg/ha,18153.3
5000,Lettuce and chicory,Yield,1979,kg/ha,18378.1
5000,Lettuce and chicory,Yield,1980,kg/ha,18711.7
5000,Lettuce and chicory,Yield,1981,kg/ha,19217.0
5000,Lettuce and chicory,Yield,1982,kg/ha,19502.5
5000,Lettuce and chicory,Yield,1983,kg/ha,18917.9
5000,Lettuce and chicory,Yield,1984,kg/ha,19600.8
5000,Lettuce and chicory,Yield,1985,kg/ha,19422.4
5000,Lettuce and chicory,Yield,1986,kg/ha,19529.7
5000,Lettuce and chicory,Yield,1987,kg/ha,20376.0
5000,Lettuce and chicory,Yield,1988,kg/ha,20546.4
5000,Lettuce and chicory,Yield,1989,kg/ha,20850.7
5000,Lettuce and chicory,Yield,1990,kg/ha,21123.1
5000,Lettuce and chicory,Yield,1991,kg/ha,21070.5
5000,Lettuce and chicory,Yield,1992,kg/ha,21991.5
5000,Lettuce and chicory,Yield,1993,kg/ha,21365.6
5000,Lettuce and chicory,Yield,1994,kg/ha,21471.8
5000,Lettuce and chicory,Yield,1995,kg/ha,21491.8
5000,Lettuce and chicory,Yield,1996,kg/ha,21309.3
5000,Lettuce and chicory,Yield,1997,kg/ha,21790.8
5000,Lettuce and chicory,Yield,1998,kg/ha,20737.4
5000,Lettuce and chicory,Yield,1999,kg/ha,21056.9
5000,Lettuce and chicory,Yield,2000,kg/ha,21508.9
5000,Lettuce and chicory,Yield,2001,kg/ha,21422.5
5000,Lettuce and chicory,Yield,2002,kg/ha,21899.3
5000,Lettuce and chicory,Yield,2003,kg/ha,22313.6
5000,Lettuce and chicory,Yield,2004,kg/ha,21358.3
5000,Lettuce and chicory,Yield,2005,kg/ha,21725.4
5000,Lettuce and chicory,Yield,2006,kg/ha,21438.9
5000,Lettuce and chicory,Yield,2007,kg/ha,21548.6
5000,Lettuce and chicory,Yield,2008,kg/ha,21549.0
5000,Lettuce and chicory,Yield,2009,kg/ha,21642.3
5000,Lettuce and chicory,Yield,2010,kg/ha,21542.1
5000,Lettuce and chicory,Yield,2011,kg/ha,21838.7
5000,Lettuce and chicory,Yield,2012,kg/ha,22174.6
5000,Lettuce and chicory,Yield,2013,kg/ha,21524.4
5000,Lettuce and chicory,Yield,2014,kg/ha,21500.6
5000,Lettuce and chicory,Yield,2015,kg/ha,21514.5
5000,Lettuce and chicory,Yield,2016,kg/ha,21824.2
5000,Lettuce and chicory,Yield,2017,kg/ha,21699.3
5000,Lettuce and chicory,Yield,2018,kg/ha,21860.1
5000,Lettuce and chicory,Yield,2019,kg/ha,21992.2
5000,Lettuce and chicory,Yield,2020,kg/ha,22137.7
5000,Lettuce and chicory,Yield,2021,kg/ha,21715.6
5000,Lettuce and chicory,Yield,2022,kg/ha,22001.5
5000,Lettuce and chicory,Yield,2023,kg/ha,22038.1
5000,Lettuce and chicory,Yield,2024,kg/ha,21909.1
5000,Linseed,Yield,1961,kg/ha,401.6
5000,Linseed,Yield,1962,kg/ha,453.3
5000,Linseed,Yield,1963,kg/ha,447.9
5000,Linseed,Yield,1964,kg/ha,407.1
5000,Linseed,Yield,1965,kg/ha,499.6
5000,Linseed,Yield,1966,kg/ha,448.7
5000,Linseed,Yield,1967,kg/ha,432.2
5000,Linseed,Yield,1968,kg/ha,502.9
5000,Linseed,Yield,1969,kg/ha,495.1
5000,Linseed,Yield,1970,kg/ha,574.6
5000,Linseed,Yield,1971,kg/ha,519.1
5000,Linseed,Yield,1972,kg/ha,438.5
5000,Linseed,Yield,1973,kg/ha,444.3
5000,Linseed,Yield,1974,kg/ha,382.8
5000,Linseed,Yield,1975,kg/ha,437.6
5000,Linseed,Yield,1976,kg/ha,415.2
5000,Linseed,Yield,1977,kg/ha,499.7
5000,Linseed,Yield,1978,kg/ha,514.7
5000,Linseed,Yield,1979,kg/ha,480.4
5000,Linseed,Yield,1980,kg/ha,421.8
5000,Linseed,Yield,1981,kg/ha,466.0
5000,Linseed,Yield,1982,kg/ha,513.7
5000,Linseed,Yield,1983,kg/ha,491.2
5000,Linseed,Yield,1984,kg/ha,526.2
5000,Linseed,Yield,1985,kg/ha,542.1
5000,Linseed,Yield,1986,kg/ha,575.4
5000,Linseed,Yield,1987,kg/ha,598.9
5000,Linseed,Yield,1988,kg/ha,533.2
5000,Linseed,Yield,1989,kg/ha,521.0
5000,Linseed,Yield,1990,kg/ha,657.6
5000,Linseed,Yield,1991,kg/ha,658.4
5000,Linseed,Yield,1992,kg/ha,635.9
5000,Linseed,Yield,1993,kg/ha,649.5
5000,Linseed,Yield,1994,kg/ha,733.7
5000,Linseed,Yield,1995,kg/ha,709.9
5000,Linseed,Yield,1996,kg/ha,772.8
5000,Linseed,Yield,1997,kg/ha,730.6
5000,Linseed,Yield,1998,kg/ha,836.3
5000,Linseed,Yield,1999,kg/ha,835.0
5000,Linseed,Yield,2000,kg/ha,770.1
5000,Linseed,Yield,2001,kg/ha,740.8
5000,Linseed,Yield,2002,kg/ha,792.7
5000,Linseed,Yield,2003,kg/ha,842.8
5000,Linseed,Yield,2004,kg/ha,826.0
5000,Linseed,Yield,2005,kg/ha,983.3
5000,Linseed,Yield,2006,kg/ha,924.6
5000,Linseed,Yield,2007,kg/ha,838.5
5000,Linseed,Yield,2008,kg/ha,948.0
5000,Linseed,Yield,2009,kg/ha,1025.0
5000,Linseed,Yield,2010,kg/ha,890.4
5000,Linseed,Yield,2011,kg/ha,970.6
5000,Linseed,Yield,2012,kg/ha,834.2
5000,Linseed,Yield,2013,kg/ha,1016.0
5000,Linseed,Yield,2014,kg/ha,1009.9
5000,Linseed,Yield,2015,kg/ha,1054.4
5000,Linseed,Yield,2016,kg/ha,1052.7
5000,Linseed,Yield,2017,kg/ha,983.5
5000,Linseed,Yield,2018,kg/ha,954.9
5000,Linseed,Yield,2019,kg/ha,955.5
5000,Linseed,Yield,2020,kg/ha,958.1
5000,Linseed,Yield,2021,kg/ha,809.5
5000,Linseed,Yield,2022,kg/ha,872.9
5000,Linseed,Yield,2023,kg/ha,869.1
5000,Linseed,Yield,2024,kg/ha,947.5
5000,Locust beans (carobs),Yield,1961,kg/ha,2937.4
5000,Locust beans (carobs),Yield,1962,kg/ha,2744.6
5000,Locust beans (carobs),Yield,1963,kg/ha,2651.6
5000,Locust beans (carobs),Yield,1964,kg/ha,3212.8
5000,Locust beans (carobs),Yield,1965,kg/ha,3145.9
5000,Locust beans (carobs),Yield,1966,kg/ha,2613.7
5000,Locust beans (carobs),Yield,1967,kg/ha,2442.9
5000,Locust beans (carobs),Yield,1968,kg/ha,2900.1
5000,Locust beans (carobs),Yield,1969,kg/ha,2726.6
5000,Locust beans (carobs),Yield,1970,kg/ha,2513.2
5000,Locust beans (carobs),Yield,1971,kg/ha,2231.4
5000,Locust beans (carobs),Yield,1972,kg/ha,2240.1
5000,Locust beans (carobs),Yield,1973,kg/ha,2365.8
5000,Locust beans (carobs),Yield,1974,kg/ha,2189.6
5000,Locust beans (carobs),Yield,1975,kg/ha,2171.1
5000,Locust beans (carobs),Yield,1976,kg/ha,2352.2
5000,Locust beans (carobs),Yield,1977,kg/ha,1961.2
5000,Locust beans (carobs),Yield,1978,kg/ha,2314.9
5000,Locust beans (carobs),Yield,1979,kg/ha,2432.9
5000,Locust beans (carobs),Yield,1980,kg/ha,2449.3
5000,Locust beans (carobs),Yield,1981,kg/ha,2583.7
5000,Locust beans (carobs),Yield,1982,kg/ha,2568.8
5000,Locust beans (carobs),Yield,1983,kg/ha,2421.5
5000,Locust beans (carobs),Yield,1984,kg/ha,2276.1
5000,Locust beans (carobs),Yield,1985,kg/ha,1802.0
5000,Locust beans (carobs),Yield,1986,kg/ha,1914.9
5000,Locust beans (carobs),Yield,1987,kg/ha,1662.0
5000,Locust beans (carobs),Yield,1988,kg/ha,1849.3
5000,Locust beans (carobs),Yield,1989,kg/ha,1715.3
5000,Locust beans (carobs),Yield,1990,kg/ha,1932.6
5000,Locust beans (carobs),Yield,1991,kg/ha,2007.1
5000,Locust beans (carobs),Yield,1992,kg/ha,2079.5
5000,Locust beans (carobs),Yield,1993,kg/ha,2636.1
5000,Locust beans (carobs),Yield,1994,kg/ha,2533.4
5000,Locust beans (carobs),Yield,1995,kg/ha,2546.9
5000,Locust beans (carobs),Yield,1996,kg/ha,2687.0
5000,Locust beans (carobs),Yield,1997,kg/ha,2630.7
5000,Locust beans (carobs),Yield,1998,kg/ha,2699.8
5000,Locust beans (carobs),Yield,1999,kg/ha,2856.1
5000,Locust beans (carobs),Yield,2000,kg/ha,2869.5
5000,Locust beans (carobs),Yield,2001,kg/ha,2729.9
5000,Locust beans (carobs),Yield,2002,kg/ha,2966.7
5000,Locust beans (carobs),Yield,2003,kg/ha,2664.3
5000,Locust beans (carobs),Yield,2004,kg/ha,2581.2
5000,Locust beans (carobs),Yield,2005,kg/ha,3197.6
5000,Locust beans (carobs),Yield,2006,kg/ha,2435.9
5000,Locust beans (carobs),Yield,2007,kg/ha,2856.3
5000,Locust beans (carobs),Yield,2008,kg/ha,3378.6
5000,Locust beans (carobs),Yield,2009,kg/ha,2839.9
5000,Locust beans (carobs),Yield,2010,kg/ha,2936.9
5000,Locust beans (carobs),Yield,2011,kg/ha,3699.8
5000,Locust beans (carobs),Yield,2012,kg/ha,3148.5
5000,Locust beans (carobs),Yield,2013,kg/ha,2890.1
5000,Locust beans (carobs),Yield,2014,kg/ha,4249.3
5000,Locust beans (carobs),Yield,2015,kg/ha,3379.2
5000,Locust beans (carobs),Yield,2016,kg/ha,3472.4
5000,Locust beans (carobs),Yield,2017,kg/ha,3566.9
5000,Locust beans (carobs),Yield,2018,kg/ha,3196.6
5000,Locust beans (carobs),Yield,2019,kg/ha,3300.3
5000,Locust beans (carobs),Yield,2020,kg/ha,3400.6
5000,Locust beans (carobs),Yield,2021,kg/ha,3474.7
5000,Locust beans (carobs),Yield,2022,kg/ha,3627.5
5000,Locust beans (carobs),Yield,2023,kg/ha,3534.5
5000,Locust beans (carobs),Yield,2024,kg/ha,3500.2
5000,Lupins,Yield,1961,kg/ha,579.8
5000,Lupins,Yield,1962,kg/ha,462.1
5000,Lupins,Yield,1963,kg/ha,355.1
5000,Lupins,Yield,1964,kg/ha,506.4
5000,Lupins,Yield,1965,kg/ha,817.0
5000,Lupins,Yield,1966,kg/ha,766.8
5000,Lupins,Yield,1967,kg/ha,745.4
5000,Lupins,Yield,1968,kg/ha,752.0
5000,Lupins,Yield,1969,kg/ha,717.9
5000,Lupins,Yield,1970,kg/ha,768.0
5000,Lupins,Yield,1971,kg/ha,843.4
5000,Lupins,Yield,1972,kg/ha,760.6
5000,Lupins,Yield,1973,kg/ha,855.6
5000,Lupins,Yield,1974,kg/ha,837.7
5000,Lupins,Yield,1975,kg/ha,637.6
5000,Lupins,Yield,1976,kg/ha,698.1
5000,Lupins,Yield,1977,kg/ha,819.8
5000,Lupins,Yield,1978,kg/ha,794.2
5000,Lupins,Yield,1979,kg/ha,535.8
5000,Lupins,Yield,1980,kg/ha,646.0
5000,Lupins,Yield,1981,kg/ha,577.7
5000,Lupins,Yield,1982,kg/ha,750.0
5000,Lupins,Yield,1983,kg/ha,1008.9
5000,Lupins,Yield,1984,kg/ha,1046.1
5000,Lupins,Yield,1985,kg/ha,1086.8
5000,Lupins,Yield,1986,kg/ha,952.7
5000,Lupins,Yield,1987,kg/ha,852.4
5000,Lupins,Yield,1988,kg/ha,1033.3
5000,Lupins,Yield,1989,kg/ha,932.6
5000,Lupins,Yield,1990,kg/ha,1056.6
5000,Lupins,Yield,1991,kg/ha,1153.9
5000,Lupins,Yield,1992,kg/ha,1152.5
5000,Lupins,Yield,1993,kg/ha,1276.7
5000,Lupins,Yield,1994,kg/ha,793.1
5000,Lupins,Yield,1995,kg/ha,1173.7
5000,Lupins,Yield,1996,kg/ha,1196.4
5000,Lupins,Yield,1997,kg/ha,1088.5
5000,Lupins,Yield,1998,kg/ha,1207.2
5000,Lupins,Yield,1999,kg/ha,1418.5
5000,Lupins,Yield,2000,kg/ha,934.9
5000,Lupins,Yield,2001,kg/ha,1088.4
5000,Lupins,Yield,2002,kg/ha,771.9
5000,Lupins,Yield,2003,kg/ha,1366.0
5000,Lupins,Yield,2004,kg/ha,1179.9
5000,Lupins,Yield,2005,kg/ha,1614.3
5000,Lupins,Yield,2006,kg/ha,782.4
5000,Lupins,Yield,2007,kg/ha,963.4
5000,Lupins,Yield,2008,kg/ha,1260.2
5000,Lupins,Yield,2009,kg/ha,1201.7
5000,Lupins,Yield,2010,kg/ha,1153.8
5000,Lupins,Yield,2011,kg/ha,1371.2
5000,Lupins,Yield,2012,kg/ha,1116.6
5000,Lupins,Yield,2013,kg/ha,1482.6
5000,Lupins,Yield,2014,kg/ha,1304.2
5000,Lupins,Yield,2015,kg/ha,1313.4
5000,Lupins,Yield,2016,kg/ha,1736.3
5000,Lupins,Yield,2017,kg/ha,1268.3
5000,Lupins,Yield,2018,kg/ha,1230.0
5000,Lupins,Yield,2019,kg/ha,1064.3
5000,Lupins,Yield,2020,kg/ha,1429.7
5000,Lupins,Yield,2021,kg/ha,1693.1
5000,Lupins,Yield,2022,kg/ha,1718.7
5000,Lupins,Yield,2023,kg/ha,1421.1
5000,Lupins,Yield,2024,kg/ha,1553.4
5000,Maize (corn),Yield,1961,kg/ha,1942.3
5000,Maize (corn),Yield,1962,kg/ha,1979.6
5000,Maize (corn),Yield,1963,kg/ha,2031.1
5000,Maize (corn),Yield,1964,kg/ha,1993.7
5000,Maize (corn),Yield,1965,kg/ha,2123.7
5000,Maize (corn),Yield,1966,kg/ha,2207.8
5000,Maize (corn),Yield,1967,kg/ha,2423.6
5000,Maize (corn),Yield,1968,kg/ha,2289.4
5000,Maize (corn),Yield,1969,kg/ha,2420.6
5000,Maize (corn),Yield,1970,kg/ha,2350.9
5000,Maize (corn),Yield,1971,kg/ha,2653.4
5000,Maize (corn),Yield,1972,kg/ha,2686.7
5000,Maize (corn),Yield,1973,kg/ha,2721.7
5000,Maize (corn),Yield,1974,kg/ha,2556.5
5000,Maize (corn),Yield,1975,kg/ha,2813.2
5000,Maize (corn),Yield,1976,kg/ha,2837.1
5000,Maize (corn),Yield,1977,kg/ha,2966.8
5000,Maize (corn),Yield,1978,kg/ha,3155.6
5000,Maize (corn),Yield,1979,kg/ha,3384.7
5000,Maize (corn),Yield,1980,kg/ha,3153.4
5000,Maize (corn),Yield,1981,kg/ha,3493.3
5000,Maize (corn),Yield,1982,kg/ha,3609.0
5000,Maize (corn),Yield,1983,kg/ha,2945.2
5000,Maize (corn),Yield,1984,kg/ha,3525.6
5000,Maize (corn),Yield,1985,kg/ha,3720.2
5000,Maize (corn),Yield,1986,kg/ha,3627.9
5000,Maize (corn),Yield,1987,kg/ha,3486.3
5000,Maize (corn),Yield,1988,kg/ha,3100.1
5000,Maize (corn),Yield,1989,kg/ha,3618.6
5000,Maize (corn),Yield,1990,kg/ha,3694.1
5000,Maize (corn),Yield,1991,kg/ha,3700.0
5000,Maize (corn),Yield,1992,kg/ha,3911.9
5000,Maize (corn),Yield,1993,kg/ha,3629.5
5000,Maize (corn),Yield,1994,kg/ha,4117.4
5000,Maize (corn),Yield,1995,kg/ha,3805.8
5000,Maize (corn),Yield,1996,kg/ha,4207.6
5000,Maize (corn),Yield,1997,kg/ha,4153.5
5000,Maize (corn),Yield,1998,kg/ha,4436.2
5000,Maize (corn),Yield,1999,kg/ha,4427.2
5000,Maize (corn),Yield,2000,kg/ha,4321.6
5000,Maize (corn),Yield,2001,kg/ha,4477.9
5000,Maize (corn),Yield,2002,kg/ha,4391.4
5000,Maize (corn),Yield,2003,kg/ha,4461.6
5000,Maize (corn),Yield,2004,kg/ha,4944.8
5000,Maize (corn),Yield,2005,kg/ha,4819.9
5000,Maize (corn),Yield,2006,kg/ha,4773.5
5000,Maize (corn),Yield,2007,kg/ha,4981.4
5000,Maize (corn),Yield,2008,kg/ha,5066.1
5000,Maize (corn),Yield,2009,kg/ha,5153.0
5000,Maize (corn),Yield,2010,kg/ha,5155.5
5000,Maize (corn),Yield,2011,kg/ha,5137.0
5000,Maize (corn),Yield,2012,kg/ha,4846.8
5000,Maize (corn),Yield,2013,kg/ha,5434.5
5000,Maize (corn),Yield,2014,kg/ha,5581.6
5000,Maize (corn),Yield,2015,kg/ha,5524.0
5000,Maize (corn),Yield,2016,kg/ha,5774.4
5000,Maize (corn),Yield,2017,kg/ha,5750.7
5000,Maize (corn),Yield,2018,kg/ha,5702.6
5000,Maize (corn),Yield,2019,kg/ha,5802.4
5000,Maize (corn),Yield,2020,kg/ha,5762.3
5000,Maize (corn),Yield,2021,kg/ha,5830.3
5000,Maize (corn),Yield,2022,kg/ha,5666.0
5000,Maize (corn),Yield,2023,kg/ha,5867.3
5000,Maize (corn),Yield,2024,kg/ha,5802.2
5000,"Mangoes, guavas and mangosteens",Yield,1961,kg/ha,8510.9
5000,"Mangoes, guavas and mangosteens",Yield,1962,kg/ha,8702.6
5000,"Mangoes, guavas and mangosteens",Yield,1963,kg/ha,8529.3
5000,"Mangoes, guavas and mangosteens",Yield,1964,kg/ha,8598.8
5000,"Mangoes, guavas and mangosteens",Yield,1965,kg/ha,8579.9
5000,"Mangoes, guavas and mangosteens",Yield,1966,kg/ha,8539.6
5000,"Mangoes, guavas and mangosteens",Yield,1967,kg/ha,8700.8
5000,"Mangoes, guavas and mangosteens",Yield,1968,kg/ha,8705.0
5000,"Mangoes, guavas and mangosteens",Yield,1969,kg/ha,8518.0
5000,"Mangoes, guavas and mangosteens",Yield,1970,kg/ha,8542.0
5000,"Mangoes, guavas and mangosteens",Yield,1971,kg/ha,8669.3
5000,"Mangoes, guavas and mangosteens",Yield,1972,kg/ha,8740.9
5000,"Mangoes, guavas and mangosteens",Yield,1973,kg/ha,8638.4
5000,"Mangoes, guavas and mangosteens",Yield,1974,kg/ha,8708.6
5000,"Mangoes, guavas and mangosteens",Yield,1975,kg/ha,8509.0
5000,"Mangoes, guavas and mangosteens",Yield,1976,kg/ha,8410.0
5000,"Mangoes, guavas and mangosteens",Yield,1977,kg/ha,8513.8
5000,"Mangoes, guavas and mangosteens",Yield,1978,kg/ha,8517.1
5000,"Mangoes, guavas and mangosteens",Yield,1979,kg/ha,8768.9
5000,"Mangoes, guavas and mangosteens",Yield,1980,kg/ha,8599.8
5000,"Mangoes, guavas and mangosteens",Yield,1981,kg/ha,8843.4
5000,"Mangoes, guavas and mangosteens",Yield,1982,kg/ha,8375.3
5000,"Mangoes, guavas and mangosteens",Yield,1983,kg/ha,8388.6
5000,"Mangoes, guavas and mangosteens",Yield,1984,kg/ha,8433.1
5000,"Mangoes, guavas and mangosteens",Yield,1985,kg/ha,9277.3
5000,"Mangoes, guavas and mangosteens",Yield,1986,kg/ha,9489.7
5000,"Mangoes, guavas and mangosteens",Yield,1987,kg/ha,9354.5
5000,"Mangoes, guavas and mangosteens",Yield,1988,kg/ha,8109.9
5000,"Mangoes, guavas and mangosteens",Yield,1989,kg/ha,8184.1
5000,"Mangoes, guavas and mangosteens",Yield,1990,kg/ha,8491.7
5000,"Mangoes, guavas and mangosteens",Yield,1991,kg/ha,7532.4
5000,"Mangoes, guavas and mangosteens",Yield,1992,kg/ha,7606.6
5000,"Mangoes, guavas and mangosteens",Yield,1993,kg/ha,7798.4
5000,"Mangoes, guavas and mangosteens",Yield,1994,kg/ha,8150.5
5000,"Mangoes, guavas and mangosteens",Yield,1995,kg/ha,7854.3
5000,"Mangoes, guavas and mangosteens",Yield,1996,kg/ha,7347.9
5000,"Mangoes, guavas and mangosteens",Yield,1997,kg/ha,7535.1
5000,"Mangoes, guavas and mangosteens",Yield,1998,kg/ha,6994.2
5000,"Mangoes, guavas and mangosteens",Yield,1999,kg/ha,7346.6
5000,"Mangoes, guavas and mangosteens",Yield,2000,kg/ha,6980.6
5000,"Mangoes, guavas and mangosteens",Yield,2001,kg/ha,7091.3
5000,"Mangoes, guavas and mangosteens",Yield,2002,kg/ha,8005.6
5000,"Mangoes, guavas and mangosteens",Yield,2003,kg/ha,7228.0
5000,"Mangoes, guavas and mangosteens",Yield,2004,kg/ha,7298.6
5000,"Mangoes, guavas and mangosteens",Yield,2005,kg/ha,7351.3
5000,"Mangoes, guavas and mangosteens",Yield,2006,kg/ha,7641.2
5000,"Mangoes, guavas and mangosteens",Yield,2007,kg/ha,7576.6
5000,"Mangoes, guavas and mangosteens",Yield,2008,kg/ha,7323.6
5000,"Mangoes, guavas and mangosteens",Yield,2009,kg/ha,7669.9
5000,"Mangoes, guavas and mangosteens",Yield,2010,kg/ha,7752.7
5000,"Mangoes, guavas and mangosteens",Yield,2011,kg/ha,7908.2
5000,"Mangoes, guavas and mangosteens",Yield,2012,kg/ha,7979.6
5000,"Mangoes, guavas and mangosteens",Yield,2013,kg/ha,8351.3
5000,"Mangoes, guavas and mangosteens",Yield,2014,kg/ha,8470.8
5000,"Mangoes, guavas and mangosteens",Yield,2015,kg/ha,9294.3
5000,"Mangoes, guavas and mangosteens",Yield,2016,kg/ha,9340.5
5000,"Mangoes, guavas and mangosteens",Yield,2017,kg/ha,9497.0
5000,"Mangoes, guavas and mangosteens",Yield,2018,kg/ha,9859.8
5000,"Mangoes, guavas and mangosteens",Yield,2019,kg/ha,9745.3
5000,"Mangoes, guavas and mangosteens",Yield,2020,kg/ha,9571.9
5000,"Mangoes, guavas and mangosteens",Yield,2021,kg/ha,9709.4
5000,"Mangoes, guavas and mangosteens",Yield,2022,kg/ha,9726.7
5000,"Mangoes, guavas and mangosteens",Yield,2023,kg/ha,9747.2
5000,"Mangoes, guavas and mangosteens",Yield,2024,kg/ha,9817.9
5000,MatÃ© leaves,Yield,1961,kg/ha,52575.1
5000,MatÃ© leaves,Yield,1962,kg/ha,55287.9
5000,MatÃ© leaves,Yield,1963,kg/ha,39858.4
5000,MatÃ© leaves,Yield,1964,kg/ha,38324.7
5000,MatÃ© leaves,Yield,1965,kg/ha,32087.3
5000,MatÃ© leaves,Yield,1966,kg/ha,30210.8
5000,MatÃ© leaves,Yield,1967,kg/ha,39243.3
5000,MatÃ© leaves,Yield,1968,kg/ha,37408.3
5000,MatÃ© leaves,Yield,1969,kg/ha,32975.4
5000,MatÃ© leaves,Yield,1970,kg/ha,37829.2
5000,MatÃ© leaves,Yield,1971,kg/ha,45127.9
5000,MatÃ© leaves,Yield,1972,kg/ha,40977.2
5000,MatÃ© leaves,Yield,1973,kg/ha,45178.7
5000,MatÃ© leaves,Yield,1974,kg/ha,36645.8
5000,MatÃ© leaves,Yield,1975,kg/ha,38357.4
5000,MatÃ© leaves,Yield,1976,kg/ha,38063.7
5000,MatÃ© leaves,Yield,1977,kg/ha,35321.5
5000,MatÃ© leaves,Yield,1978,kg/ha,29702.1
5000,MatÃ© leaves,Yield,1979,kg/ha,29424.5
5000,MatÃ© leaves,Yield,1980,kg/ha,3020.0
5000,MatÃ© leaves,Yield,1981,kg/ha,2629.9
5000,MatÃ© leaves,Yield,1982,kg/ha,2774.6
5000,MatÃ© leaves,Yield,1983,kg/ha,2959.1
5000,MatÃ© leaves,Yield,1984,kg/ha,3165.2
5000,MatÃ© leaves,Yield,1985,kg/ha,3089.6
5000,MatÃ© leaves,Yield,1986,kg/ha,2947.8
5000,MatÃ© leaves,Yield,1987,kg/ha,3047.6
5000,MatÃ© leaves,Yield,1988,kg/ha,3208.0
5000,MatÃ© leaves,Yield,1989,kg/ha,3284.2
5000,MatÃ© leaves,Yield,1990,kg/ha,2893.2
5000,MatÃ© leaves,Yield,1991,kg/ha,2721.4
5000,MatÃ© leaves,Yield,1992,kg/ha,2605.4
5000,MatÃ© leaves,Yield,1993,kg/ha,2509.9
5000,MatÃ© leaves,Yield,1994,kg/ha,2663.4
5000,MatÃ© leaves,Yield,1995,kg/ha,2842.2
5000,MatÃ© leaves,Yield,1996,kg/ha,2438.8
5000,MatÃ© leaves,Yield,1997,kg/ha,3070.5
5000,MatÃ© leaves,Yield,1998,kg/ha,3263.3
5000,MatÃ© leaves,Yield,1999,kg/ha,3506.7
5000,MatÃ© leaves,Yield,2000,kg/ha,3130.5
5000,MatÃ© leaves,Yield,2001,kg/ha,3495.1
5000,MatÃ© leaves,Yield,2002,kg/ha,3230.9
5000,MatÃ© leaves,Yield,2003,kg/ha,3224.3
5000,MatÃ© leaves,Yield,2004,kg/ha,2775.0
5000,MatÃ© leaves,Yield,2005,kg/ha,2852.6
5000,MatÃ© leaves,Yield,2006,kg/ha,2852.9
5000,MatÃ© leaves,Yield,2007,kg/ha,2967.4
5000,MatÃ© leaves,Yield,2008,kg/ha,2843.9
5000,MatÃ© leaves,Yield,2009,kg/ha,2829.8
5000,MatÃ© leaves,Yield,2010,kg/ha,2636.8
5000,MatÃ© leaves,Yield,2011,kg/ha,2890.2
5000,MatÃ© leaves,Yield,2012,kg/ha,2989.1
5000,MatÃ© leaves,Yield,2013,kg/ha,3163.2
5000,MatÃ© leaves,Yield,2014,kg/ha,3570.7
5000,MatÃ© leaves,Yield,2015,kg/ha,3610.2
5000,MatÃ© leaves,Yield,2016,kg/ha,5924.1
5000,MatÃ© leaves,Yield,2017,kg/ha,5324.3
5000,MatÃ© leaves,Yield,2018,kg/ha,5535.8
5000,MatÃ© leaves,Yield,2019,kg/ha,5637.9
5000,MatÃ© leaves,Yield,2020,kg/ha,5402.4
5000,MatÃ© leaves,Yield,2021,kg/ha,5155.7
5000,MatÃ© leaves,Yield,2022,kg/ha,5161.6
5000,MatÃ© leaves,Yield,2023,kg/ha,4879.1
5000,MatÃ© leaves,Yield,2024,kg/ha,5568.7
5000,Melonseed,Yield,1961,kg/ha,583.1
5000,Melonseed,Yield,1962,kg/ha,581.0
5000,Melonseed,Yield,1963,kg/ha,652.3
5000,Melonseed,Yield,1964,kg/ha,614.5
5000,Melonseed,Yield,1965,kg/ha,645.7
5000,Melonseed,Yield,1966,kg/ha,579.3
5000,Melonseed,Yield,1967,kg/ha,604.9
5000,Melonseed,Yield,1968,kg/ha,428.1
5000,Melonseed,Yield,1969,kg/ha,499.6
5000,Melonseed,Yield,1970,kg/ha,394.1
5000,Melonseed,Yield,1971,kg/ha,480.5
5000,Melonseed,Yield,1972,kg/ha,613.4
5000,Melonseed,Yield,1973,kg/ha,641.0
5000,Melonseed,Yield,1974,kg/ha,1033.4
5000,Melonseed,Yield,1975,kg/ha,1090.1
5000,Melonseed,Yield,1976,kg/ha,1112.9
5000,Melonseed,Yield,1977,kg/ha,1073.0
5000,Melonseed,Yield,1978,kg/ha,1027.7
5000,Melonseed,Yield,1979,kg/ha,1159.2
5000,Melonseed,Yield,1980,kg/ha,1254.8
5000,Melonseed,Yield,1981,kg/ha,1168.4
5000,Melonseed,Yield,1982,kg/ha,1339.0
5000,Melonseed,Yield,1983,kg/ha,1313.4
5000,Melonseed,Yield,1984,kg/ha,1121.6
5000,Melonseed,Yield,1985,kg/ha,1056.4
5000,Melonseed,Yield,1986,kg/ha,1139.6
5000,Melonseed,Yield,1987,kg/ha,1146.0
5000,Melonseed,Yield,1988,kg/ha,1044.9
5000,Melonseed,Yield,1989,kg/ha,1154.4
5000,Melonseed,Yield,1990,kg/ha,866.7
5000,Melonseed,Yield,1991,kg/ha,869.5
5000,Melonseed,Yield,1992,kg/ha,842.9
5000,Melonseed,Yield,1993,kg/ha,747.5
5000,Melonseed,Yield,1994,kg/ha,745.5
5000,Melonseed,Yield,1995,kg/ha,769.1
5000,Melonseed,Yield,1996,kg/ha,727.7
5000,Melonseed,Yield,1997,kg/ha,890.0
5000,Melonseed,Yield,1998,kg/ha,787.2
5000,Melonseed,Yield,1999,kg/ha,570.7
5000,Melonseed,Yield,2000,kg/ha,614.1
5000,Melonseed,Yield,2001,kg/ha,600.0
5000,Melonseed,Yield,2002,kg/ha,624.3
5000,Melonseed,Yield,2003,kg/ha,627.5
5000,Melonseed,Yield,2004,kg/ha,634.3
5000,Melonseed,Yield,2005,kg/ha,639.7
5000,Melonseed,Yield,2006,kg/ha,650.3
5000,Melonseed,Yield,2007,kg/ha,628.9
5000,Melonseed,Yield,2008,kg/ha,659.0
5000,Melonseed,Yield,2009,kg/ha,735.7
5000,Melonseed,Yield,2010,kg/ha,903.5
5000,Melonseed,Yield,2011,kg/ha,915.7
5000,Melonseed,Yield,2012,kg/ha,477.6
5000,Melonseed,Yield,2013,kg/ha,513.0
5000,Melonseed,Yield,2014,kg/ha,481.4
5000,Melonseed,Yield,2015,kg/ha,459.9
5000,Melonseed,Yield,2016,kg/ha,465.0
5000,Melonseed,Yield,2017,kg/ha,468.4
5000,Melonseed,Yield,2018,kg/ha,472.0
5000,Melonseed,Yield,2019,kg/ha,510.1
5000,Melonseed,Yield,2020,kg/ha,543.7
5000,Melonseed,Yield,2021,kg/ha,527.3
5000,Melonseed,Yield,2022,kg/ha,523.2
5000,Melonseed,Yield,2023,kg/ha,531.2
5000,Melonseed,Yield,2024,kg/ha,535.3
5000,Millet,Yield,1961,kg/ha,592.5
5000,Millet,Yield,1962,kg/ha,561.9
5000,Millet,Yield,1963,kg/ha,571.7
5000,Millet,Yield,1964,kg/ha,629.5
5000,Millet,Yield,1965,kg/ha,535.8
5000,Millet,Yield,1966,kg/ha,624.4
5000,Millet,Yield,1967,kg/ha,659.2
5000,Millet,Yield,1968,kg/ha,619.8
5000,Millet,Yield,1969,kg/ha,670.3
5000,Millet,Yield,1970,kg/ha,737.5
5000,Millet,Yield,1971,kg/ha,683.5
5000,Millet,Yield,1972,kg/ha,586.1
5000,Millet,Yield,1973,kg/ha,697.7
5000,Millet,Yield,1974,kg/ha,655.4
5000,Millet,Yield,1975,kg/ha,664.6
5000,Millet,Yield,1976,kg/ha,683.5
5000,Millet,Yield,1977,kg/ha,659.7
5000,Millet,Yield,1978,kg/ha,728.1
5000,Millet,Yield,1979,kg/ha,651.2
5000,Millet,Yield,1980,kg/ha,647.7
5000,Millet,Yield,1981,kg/ha,721.2
5000,Millet,Yield,1982,kg/ha,734.4
5000,Millet,Yield,1983,kg/ha,826.5
5000,Millet,Yield,1984,kg/ha,758.3
5000,Millet,Yield,1985,kg/ha,743.6
5000,Millet,Yield,1986,kg/ha,691.1
5000,Millet,Yield,1987,kg/ha,738.8
5000,Millet,Yield,1988,kg/ha,778.0
5000,Millet,Yield,1989,kg/ha,791.1
5000,Millet,Yield,1990,kg/ha,800.9
5000,Millet,Yield,1991,kg/ha,678.8
5000,Millet,Yield,1992,kg/ha,793.3
5000,Millet,Yield,1993,kg/ha,729.9
5000,Millet,Yield,1994,kg/ha,728.2
5000,Millet,Yield,1995,kg/ha,714.9
5000,Millet,Yield,1996,kg/ha,786.5
5000,Millet,Yield,1997,kg/ha,750.6
5000,Millet,Yield,1998,kg/ha,795.5
5000,Millet,Yield,1999,kg/ha,757.3
5000,Millet,Yield,2000,kg/ha,748.1
5000,Millet,Yield,2001,kg/ha,825.9
5000,Millet,Yield,2002,kg/ha,723.1
5000,Millet,Yield,2003,kg/ha,921.0
5000,Millet,Yield,2004,kg/ha,874.4
5000,Millet,Yield,2005,kg/ha,869.7
5000,Millet,Yield,2006,kg/ha,885.8
5000,Millet,Yield,2007,kg/ha,930.5
5000,Millet,Yield,2008,kg/ha,966.9
5000,Millet,Yield,2009,kg/ha,766.5
5000,Millet,Yield,2010,kg/ha,902.1
5000,Millet,Yield,2011,kg/ha,793.5
5000,Millet,Yield,2012,kg/ha,908.6
5000,Millet,Yield,2013,kg/ha,853.7
5000,Millet,Yield,2014,kg/ha,915.1
5000,Millet,Yield,2015,kg/ha,921.3
5000,Millet,Yield,2016,kg/ha,912.4
5000,Millet,Yield,2017,kg/ha,921.6
5000,Millet,Yield,2018,kg/ha,950.6
5000,Millet,Yield,2019,kg/ha,995.7
5000,Millet,Yield,2020,kg/ha,1026.4
5000,Millet,Yield,2021,kg/ha,964.6
5000,Millet,Yield,2022,kg/ha,999.0
5000,Millet,Yield,2023,kg/ha,984.8
5000,Millet,Yield,2024,kg/ha,1006.1
5000,Mixed grain,Yield,1961,kg/ha,1955.8
5000,Mixed grain,Yield,1962,kg/ha,2215.2
5000,Mixed grain,Yield,1963,kg/ha,2130.6
5000,Mixed grain,Yield,1964,kg/ha,2250.6
5000,Mixed grain,Yield,1965,kg/ha,2289.8
5000,Mixed grain,Yield,1966,kg/ha,2224.0
5000,Mixed grain,Yield,1967,kg/ha,2401.9
5000,Mixed grain,Yield,1968,kg/ha,2551.0
5000,Mixed grain,Yield,1969,kg/ha,2504.4
5000,Mixed grain,Yield,1970,kg/ha,2354.9
5000,Mixed grain,Yield,1971,kg/ha,2663.9
5000,Mixed grain,Yield,1972,kg/ha,2626.3
5000,Mixed grain,Yield,1973,kg/ha,2624.3
5000,Mixed grain,Yield,1974,kg/ha,2696.5
5000,Mixed grain,Yield,1975,kg/ha,2552.5
5000,Mixed grain,Yield,1976,kg/ha,2454.3
5000,Mixed grain,Yield,1977,kg/ha,2559.6
5000,Mixed grain,Yield,1978,kg/ha,2717.2
5000,Mixed grain,Yield,1979,kg/ha,2519.4
5000,Mixed grain,Yield,1980,kg/ha,2628.7
5000,Mixed grain,Yield,1981,kg/ha,2633.9
5000,Mixed grain,Yield,1982,kg/ha,2798.9
5000,Mixed grain,Yield,1983,kg/ha,2453.1
5000,Mixed grain,Yield,1984,kg/ha,2911.5
5000,Mixed grain,Yield,1985,kg/ha,2909.4
5000,Mixed grain,Yield,1986,kg/ha,2900.6
5000,Mixed grain,Yield,1987,kg/ha,2971.2
5000,Mixed grain,Yield,1988,kg/ha,2582.4
5000,Mixed grain,Yield,1989,kg/ha,2894.8
5000,Mixed grain,Yield,1990,kg/ha,2999.8
5000,Mixed grain,Yield,1991,kg/ha,2991.9
5000,Mixed grain,Yield,1992,kg/ha,2341.7
5000,Mixed grain,Yield,1993,kg/ha,2692.3
5000,Mixed grain,Yield,1994,kg/ha,2475.3
5000,Mixed grain,Yield,1995,kg/ha,2831.9
5000,Mixed grain,Yield,1996,kg/ha,2888.9
5000,Mixed grain,Yield,1997,kg/ha,2900.9
5000,Mixed grain,Yield,1998,kg/ha,2915.5
5000,Mixed grain,Yield,1999,kg/ha,2846.6
5000,Mixed grain,Yield,2000,kg/ha,2288.8
5000,Mixed grain,Yield,2001,kg/ha,2791.4
5000,Mixed grain,Yield,2002,kg/ha,2867.2
5000,Mixed grain,Yield,2003,kg/ha,2589.0
5000,Mixed grain,Yield,2004,kg/ha,3028.0
5000,Mixed grain,Yield,2005,kg/ha,2808.4
5000,Mixed grain,Yield,2006,kg/ha,2325.2
5000,Mixed grain,Yield,2007,kg/ha,2850.6
5000,Mixed grain,Yield,2008,kg/ha,2642.3
5000,Mixed grain,Yield,2009,kg/ha,2961.2
5000,Mixed grain,Yield,2010,kg/ha,3049.5
5000,Mixed grain,Yield,2011,kg/ha,2860.4
5000,Mixed grain,Yield,2012,kg/ha,3099.0
5000,Mixed grain,Yield,2013,kg/ha,3033.5
5000,Mixed grain,Yield,2014,kg/ha,3333.0
5000,Mixed grain,Yield,2015,kg/ha,2893.7
5000,Mixed grain,Yield,2016,kg/ha,3044.0
5000,Mixed grain,Yield,2017,kg/ha,3259.6
5000,Mixed grain,Yield,2018,kg/ha,2644.5
5000,Mixed grain,Yield,2019,kg/ha,2756.5
5000,Mixed grain,Yield,2020,kg/ha,3319.6
5000,Mixed grain,Yield,2021,kg/ha,3272.9
5000,Mixed grain,Yield,2022,kg/ha,3301.1
5000,Mixed grain,Yield,2023,kg/ha,3156.6
5000,Mixed grain,Yield,2024,kg/ha,3144.1
5000,Mustard seed,Yield,1961,kg/ha,532.1
5000,Mustard seed,Yield,1962,kg/ha,503.0
5000,Mustard seed,Yield,1963,kg/ha,519.1
5000,Mustard seed,Yield,1964,kg/ha,522.5
5000,Mustard seed,Yield,1965,kg/ha,416.3
5000,Mustard seed,Yield,1966,kg/ha,515.7
5000,Mustard seed,Yield,1967,kg/ha,561.9
5000,Mustard seed,Yield,1968,kg/ha,661.4
5000,Mustard seed,Yield,1969,kg/ha,500.3
5000,Mustard seed,Yield,1970,kg/ha,596.9
5000,Mustard seed,Yield,1971,kg/ha,500.1
5000,Mustard seed,Yield,1972,kg/ha,381.7
5000,Mustard seed,Yield,1973,kg/ha,655.2
5000,Mustard seed,Yield,1974,kg/ha,653.3
5000,Mustard seed,Yield,1975,kg/ha,355.5
5000,Mustard seed,Yield,1976,kg/ha,553.4
5000,Mustard seed,Yield,1977,kg/ha,498.6
5000,Mustard seed,Yield,1978,kg/ha,633.9
5000,Mustard seed,Yield,1979,kg/ha,484.4
5000,Mustard seed,Yield,1980,kg/ha,491.3
5000,Mustard seed,Yield,1981,kg/ha,506.2
5000,Mustard seed,Yield,1982,kg/ha,592.9
5000,Mustard seed,Yield,1983,kg/ha,548.8
5000,Mustard seed,Yield,1984,kg/ha,468.4
5000,Mustard seed,Yield,1985,kg/ha,595.1
5000,Mustard seed,Yield,1986,kg/ha,632.8
5000,Mustard seed,Yield,1987,kg/ha,524.1
5000,Mustard seed,Yield,1988,kg/ha,490.9
5000,Mustard seed,Yield,1989,kg/ha,702.7
5000,Mustard seed,Yield,1990,kg/ha,873.7
5000,Mustard seed,Yield,1991,kg/ha,663.6
5000,Mustard seed,Yield,1992,kg/ha,679.8
5000,Mustard seed,Yield,1993,kg/ha,815.7
5000,Mustard seed,Yield,1994,kg/ha,745.6
5000,Mustard seed,Yield,1995,kg/ha,665.7
5000,Mustard seed,Yield,1996,kg/ha,694.7
5000,Mustard seed,Yield,1997,kg/ha,694.3
5000,Mustard seed,Yield,1998,kg/ha,735.9
5000,Mustard seed,Yield,1999,kg/ha,828.6
5000,Mustard seed,Yield,2000,kg/ha,707.8
5000,Mustard seed,Yield,2001,kg/ha,684.4
5000,Mustard seed,Yield,2002,kg/ha,655.2
5000,Mustard seed,Yield,2003,kg/ha,669.1
5000,Mustard seed,Yield,2004,kg/ha,831.1
5000,Mustard seed,Yield,2005,kg/ha,791.7
5000,Mustard seed,Yield,2006,kg/ha,757.9
5000,Mustard seed,Yield,2007,kg/ha,674.2
5000,Mustard seed,Yield,2008,kg/ha,787.0
5000,Mustard seed,Yield,2009,kg/ha,813.7
5000,Mustard seed,Yield,2010,kg/ha,788.7
5000,Mustard seed,Yield,2011,kg/ha,840.1
5000,Mustard seed,Yield,2012,kg/ha,771.5
5000,Mustard seed,Yield,2013,kg/ha,798.6
5000,Mustard seed,Yield,2014,kg/ha,838.4
5000,Mustard seed,Yield,2015,kg/ha,788.5
5000,Mustard seed,Yield,2016,kg/ha,943.5
5000,Mustard seed,Yield,2017,kg/ha,841.9
5000,Mustard seed,Yield,2018,kg/ha,744.4
5000,Mustard seed,Yield,2019,kg/ha,770.5
5000,Mustard seed,Yield,2020,kg/ha,1087.7
5000,Mustard seed,Yield,2021,kg/ha,1066.7
5000,Mustard seed,Yield,2022,kg/ha,1006.0
5000,Mustard seed,Yield,2023,kg/ha,942.7
5000,Mustard seed,Yield,2024,kg/ha,982.9
5000,Natural rubber in primary forms,Yield,1961,kg/ha,546.4
5000,Natural rubber in primary forms,Yield,1962,kg/ha,531.1
5000,Natural rubber in primary forms,Yield,1963,kg/ha,532.4
5000,Natural rubber in primary forms,Yield,1964,kg/ha,545.1
5000,Natural rubber in primary forms,Yield,1965,kg/ha,542.2
5000,Natural rubber in primary forms,Yield,1966,kg/ha,575.1
5000,Natural rubber in primary forms,Yield,1967,kg/ha,577.9
5000,Natural rubber in primary forms,Yield,1968,kg/ha,616.1
5000,Natural rubber in primary forms,Yield,1969,kg/ha,627.2
5000,Natural rubber in primary forms,Yield,1970,kg/ha,646.2
5000,Natural rubber in primary forms,Yield,1971,kg/ha,616.9
5000,Natural rubber in primary forms,Yield,1972,kg/ha,612.3
5000,Natural rubber in primary forms,Yield,1973,kg/ha,641.7
5000,Natural rubber in primary forms,Yield,1974,kg/ha,635.6
5000,Natural rubber in primary forms,Yield,1975,kg/ha,630.3
5000,Natural rubber in primary forms,Yield,1976,kg/ha,663.1
5000,Natural rubber in primary forms,Yield,1977,kg/ha,672.2
5000,Natural rubber in primary forms,Yield,1978,kg/ha,676.2
5000,Natural rubber in primary forms,Yield,1979,kg/ha,675.7
5000,Natural rubber in primary forms,Yield,1980,kg/ha,696.3
5000,Natural rubber in primary forms,Yield,1981,kg/ha,696.8
5000,Natural rubber in primary forms,Yield,1982,kg/ha,681.8
5000,Natural rubber in primary forms,Yield,1983,kg/ha,728.9
5000,Natural rubber in primary forms,Yield,1984,kg/ha,735.2
5000,Natural rubber in primary forms,Yield,1985,kg/ha,715.9
5000,Natural rubber in primary forms,Yield,1986,kg/ha,770.2
5000,Natural rubber in primary forms,Yield,1987,kg/ha,777.8
5000,Natural rubber in primary forms,Yield,1988,kg/ha,814.6
5000,Natural rubber in primary forms,Yield,1989,kg/ha,796.9
5000,Natural rubber in primary forms,Yield,1990,kg/ha,800.9
5000,Natural rubber in primary forms,Yield,1991,kg/ha,796.5
5000,Natural rubber in primary forms,Yield,1992,kg/ha,817.2
5000,Natural rubber in primary forms,Yield,1993,kg/ha,821.4
5000,Natural rubber in primary forms,Yield,1994,kg/ha,848.4
5000,Natural rubber in primary forms,Yield,1995,kg/ha,859.9
5000,Natural rubber in primary forms,Yield,1996,kg/ha,894.3
5000,Natural rubber in primary forms,Yield,1997,kg/ha,902.6
5000,Natural rubber in primary forms,Yield,1998,kg/ha,905.5
5000,Natural rubber in primary forms,Yield,1999,kg/ha,922.7
5000,Natural rubber in primary forms,Yield,2000,kg/ha,950.7
5000,Natural rubber in primary forms,Yield,2001,kg/ha,971.6
5000,Natural rubber in primary forms,Yield,2002,kg/ha,993.8
5000,Natural rubber in primary forms,Yield,2003,kg/ha,1064.6
5000,Natural rubber in primary forms,Yield,2004,kg/ha,1151.2
5000,Natural rubber in primary forms,Yield,2005,kg/ha,1080.2
5000,Natural rubber in primary forms,Yield,2006,kg/ha,1239.5
5000,Natural rubber in primary forms,Yield,2007,kg/ha,1236.2
5000,Natural rubber in primary forms,Yield,2008,kg/ha,1151.2
5000,Natural rubber in primary forms,Yield,2009,kg/ha,1116.3
5000,Natural rubber in primary forms,Yield,2010,kg/ha,1155.7
5000,Natural rubber in primary forms,Yield,2011,kg/ha,1218.1
5000,Natural rubber in primary forms,Yield,2012,kg/ha,1241.1
5000,Natural rubber in primary forms,Yield,2013,kg/ha,1222.1
5000,Natural rubber in primary forms,Yield,2014,kg/ha,1195.4
5000,Natural rubber in primary forms,Yield,2015,kg/ha,1173.4
5000,Natural rubber in primary forms,Yield,2016,kg/ha,1178.9
5000,Natural rubber in primary forms,Yield,2017,kg/ha,1184.3
5000,Natural rubber in primary forms,Yield,2018,kg/ha,1175.2
5000,Natural rubber in primary forms,Yield,2019,kg/ha,1162.4
5000,Natural rubber in primary forms,Yield,2020,kg/ha,1098.1
5000,Natural rubber in primary forms,Yield,2021,kg/ha,1108.2
5000,Natural rubber in primary forms,Yield,2022,kg/ha,1107.2
5000,Natural rubber in primary forms,Yield,2023,kg/ha,1106.0
5000,Natural rubber in primary forms,Yield,2024,kg/ha,1121.5
5000,"Nutmeg, mace, cardamoms, raw",Yield,1961,kg/ha,158.0
5000,"Nutmeg, mace, cardamoms, raw",Yield,1962,kg/ha,155.0
5000,"Nutmeg, mace, cardamoms, raw",Yield,1963,kg/ha,187.3
5000,"Nutmeg, mace, cardamoms, raw",Yield,1964,kg/ha,202.2
5000,"Nutmeg, mace, cardamoms, raw",Yield,1965,kg/ha,192.7
5000,"Nutmeg, mace, cardamoms, raw",Yield,1966,kg/ha,164.4
5000,"Nutmeg, mace, cardamoms, raw",Yield,1967,kg/ha,163.4
5000,"Nutmeg, mace, cardamoms, raw",Yield,1968,kg/ha,168.7
5000,"Nutmeg, mace, cardamoms, raw",Yield,1969,kg/ha,179.3
5000,"Nutmeg, mace, cardamoms, raw",Yield,1970,kg/ha,190.8
5000,"Nutmeg, mace, cardamoms, raw",Yield,1971,kg/ha,185.9
5000,"Nutmeg, mace, cardamoms, raw",Yield,1972,kg/ha,174.1
5000,"Nutmeg, mace, cardamoms, raw",Yield,1973,kg/ha,190.9
5000,"Nutmeg, mace, cardamoms, raw",Yield,1974,kg/ha,194.9
5000,"Nutmeg, mace, cardamoms, raw",Yield,1975,kg/ha,194.5
5000,"Nutmeg, mace, cardamoms, raw",Yield,1976,kg/ha,197.4
5000,"Nutmeg, mace, cardamoms, raw",Yield,1977,kg/ha,227.0
5000,"Nutmeg, mace, cardamoms, raw",Yield,1978,kg/ha,231.3
5000,"Nutmeg, mace, cardamoms, raw",Yield,1979,kg/ha,235.2
5000,"Nutmeg, mace, cardamoms, raw",Yield,1980,kg/ha,243.3
5000,"Nutmeg, mace, cardamoms, raw",Yield,1981,kg/ha,254.0
5000,"Nutmeg, mace, cardamoms, raw",Yield,1982,kg/ha,219.6
5000,"Nutmeg, mace, cardamoms, raw",Yield,1983,kg/ha,214.3
5000,"Nutmeg, mace, cardamoms, raw",Yield,1984,kg/ha,226.4
5000,"Nutmeg, mace, cardamoms, raw",Yield,1985,kg/ha,199.9
5000,"Nutmeg, mace, cardamoms, raw",Yield,1986,kg/ha,207.0
5000,"Nutmeg, mace, cardamoms, raw",Yield,1987,kg/ha,215.8
5000,"Nutmeg, mace, cardamoms, raw",Yield,1988,kg/ha,207.6
5000,"Nutmeg, mace, cardamoms, raw",Yield,1989,kg/ha,219.0
5000,"Nutmeg, mace, cardamoms, raw",Yield,1990,kg/ha,224.5
5000,"Nutmeg, mace, cardamoms, raw",Yield,1991,kg/ha,230.2
5000,"Nutmeg, mace, cardamoms, raw",Yield,1992,kg/ha,262.9
5000,"Nutmeg, mace, cardamoms, raw",Yield,1993,kg/ha,280.4
5000,"Nutmeg, mace, cardamoms, raw",Yield,1994,kg/ha,277.7
5000,"Nutmeg, mace, cardamoms, raw",Yield,1995,kg/ha,279.3
5000,"Nutmeg, mace, cardamoms, raw",Yield,1996,kg/ha,309.0
5000,"Nutmeg, mace, cardamoms, raw",Yield,1997,kg/ha,311.0
5000,"Nutmeg, mace, cardamoms, raw",Yield,1998,kg/ha,290.0
5000,"Nutmeg, mace, cardamoms, raw",Yield,1999,kg/ha,281.0
5000,"Nutmeg, mace, cardamoms, raw",Yield,2000,kg/ha,312.3
5000,"Nutmeg, mace, cardamoms, raw",Yield,2001,kg/ha,326.2
5000,"Nutmeg, mace, cardamoms, raw",Yield,2002,kg/ha,334.7
5000,"Nutmeg, mace, cardamoms, raw",Yield,2003,kg/ha,324.5
5000,"Nutmeg, mace, cardamoms, raw",Yield,2004,kg/ha,317.3
5000,"Nutmeg, mace, cardamoms, raw",Yield,2005,kg/ha,321.2
5000,"Nutmeg, mace, cardamoms, raw",Yield,2006,kg/ha,296.9
5000,"Nutmeg, mace, cardamoms, raw",Yield,2007,kg/ha,305.0
5000,"Nutmeg, mace, cardamoms, raw",Yield,2008,kg/ha,322.9
5000,"Nutmeg, mace, cardamoms, raw",Yield,2009,kg/ha,252.4
5000,"Nutmeg, mace, cardamoms, raw",Yield,2010,kg/ha,228.2
5000,"Nutmeg, mace, cardamoms, raw",Yield,2011,kg/ha,245.9
5000,"Nutmeg, mace, cardamoms, raw",Yield,2012,kg/ha,288.7
5000,"Nutmeg, mace, cardamoms, raw",Yield,2013,kg/ha,291.9
5000,"Nutmeg, mace, cardamoms, raw",Yield,2014,kg/ha,301.8
5000,"Nutmeg, mace, cardamoms, raw",Yield,2015,kg/ha,293.0
5000,"Nutmeg, mace, cardamoms, raw",Yield,2016,kg/ha,317.3
5000,"Nutmeg, mace, cardamoms, raw",Yield,2017,kg/ha,316.3
5000,"Nutmeg, mace, cardamoms, raw",Yield,2018,kg/ha,319.5
5000,"Nutmeg, mace, cardamoms, raw",Yield,2019,kg/ha,303.4
5000,"Nutmeg, mace, cardamoms, raw",Yield,2020,kg/ha,298.9
5000,"Nutmeg, mace, cardamoms, raw",Yield,2021,kg/ha,332.1
5000,"Nutmeg, mace, cardamoms, raw",Yield,2022,kg/ha,349.7
5000,"Nutmeg, mace, cardamoms, raw",Yield,2023,kg/ha,350.9
5000,"Nutmeg, mace, cardamoms, raw",Yield,2024,kg/ha,339.7
5000,Oats,Yield,1961,kg/ha,1296.1
5000,Oats,Yield,1962,kg/ha,1464.6
5000,Oats,Yield,1963,kg/ha,1491.9
5000,Oats,Yield,1964,kg/ha,1478.2
5000,Oats,Yield,1965,kg/ha,1543.4
5000,Oats,Yield,1966,kg/ha,1581.3
5000,Oats,Yield,1967,kg/ha,1631.8
5000,Oats,Yield,1968,kg/ha,1701.9
5000,Oats,Yield,1969,kg/ha,1718.6
5000,Oats,Yield,1970,kg/ha,1708.4
5000,Oats,Yield,1971,kg/ha,1858.7
5000,Oats,Yield,1972,kg/ha,1636.9
5000,Oats,Yield,1973,kg/ha,1672.7
5000,Oats,Yield,1974,kg/ha,1681.8
5000,Oats,Yield,1975,kg/ha,1551.7
5000,Oats,Yield,1976,kg/ha,1707.9
5000,Oats,Yield,1977,kg/ha,1689.1
5000,Oats,Yield,1978,kg/ha,1786.5
5000,Oats,Yield,1979,kg/ha,1629.7
5000,Oats,Yield,1980,kg/ha,1677.6
5000,Oats,Yield,1981,kg/ha,1529.4
5000,Oats,Yield,1982,kg/ha,1797.8
5000,Oats,Yield,1983,kg/ha,1697.1
5000,Oats,Yield,1984,kg/ha,1841.7
5000,Oats,Yield,1985,kg/ha,1913.7
5000,Oats,Yield,1986,kg/ha,1820.6
5000,Oats,Yield,1987,kg/ha,1761.2
5000,Oats,Yield,1988,kg/ha,1630.1
5000,Oats,Yield,1989,kg/ha,1794.1
5000,Oats,Yield,1990,kg/ha,1930.3
5000,Oats,Yield,1991,kg/ha,1670.1
5000,Oats,Yield,1992,kg/ha,1763.5
5000,Oats,Yield,1993,kg/ha,1899.7
5000,Oats,Yield,1994,kg/ha,1774.4
5000,Oats,Yield,1995,kg/ha,1748.7
5000,Oats,Yield,1996,kg/ha,1958.9
5000,Oats,Yield,1997,kg/ha,2059.2
5000,Oats,Yield,1998,kg/ha,1974.5
5000,Oats,Yield,1999,kg/ha,1919.9
5000,Oats,Yield,2000,kg/ha,2057.0
5000,Oats,Yield,2001,kg/ha,2086.3
5000,Oats,Yield,2002,kg/ha,2047.4
5000,Oats,Yield,2003,kg/ha,2190.1
5000,Oats,Yield,2004,kg/ha,2231.0
5000,Oats,Yield,2005,kg/ha,2104.9
5000,Oats,Yield,2006,kg/ha,1937.4
5000,Oats,Yield,2007,kg/ha,2150.1
5000,Oats,Yield,2008,kg/ha,2307.6
5000,Oats,Yield,2009,kg/ha,2287.6
5000,Oats,Yield,2010,kg/ha,2143.5
5000,Oats,Yield,2011,kg/ha,2383.6
5000,Oats,Yield,2012,kg/ha,2208.9
5000,Oats,Yield,2013,kg/ha,2444.2
5000,Oats,Yield,2014,kg/ha,2363.4
5000,Oats,Yield,2015,kg/ha,2366.5
5000,Oats,Yield,2016,kg/ha,2547.9
5000,Oats,Yield,2017,kg/ha,2490.1
5000,Oats,Yield,2018,kg/ha,2304.4
5000,Oats,Yield,2019,kg/ha,2485.7
5000,Oats,Yield,2020,kg/ha,2591.8
5000,Oats,Yield,2021,kg/ha,2392.7
5000,Oats,Yield,2022,kg/ha,2766.3
5000,Oats,Yield,2023,kg/ha,2313.9
5000,Oats,Yield,2024,kg/ha,2628.1
5000,Oil palm fruit,Yield,1961,kg/ha,3765.8
5000,Oil palm fruit,Yield,1962,kg/ha,3870.2
5000,Oil palm fruit,Yield,1963,kg/ha,3860.5
5000,Oil palm fruit,Yield,1964,kg/ha,3837.9
5000,Oil palm fruit,Yield,1965,kg/ha,3812.6
5000,Oil palm fruit,Yield,1966,kg/ha,3885.6
5000,Oil palm fruit,Yield,1967,kg/ha,4265.3
5000,Oil palm fruit,Yield,1968,kg/ha,4418.6
5000,Oil palm fruit,Yield,1969,kg/ha,4481.8
5000,Oil palm fruit,Yield,1970,kg/ha,4636.2
5000,Oil palm fruit,Yield,1971,kg/ha,4927.2
5000,Oil palm fruit,Yield,1972,kg/ha,5193.2
5000,Oil palm fruit,Yield,1973,kg/ha,5308.2
5000,Oil palm fruit,Yield,1974,kg/ha,5573.8
5000,Oil palm fruit,Yield,1975,kg/ha,5925.5
5000,Oil palm fruit,Yield,1976,kg/ha,5914.9
5000,Oil palm fruit,Yield,1977,kg/ha,5985.8
5000,Oil palm fruit,Yield,1978,kg/ha,6669.3
5000,Oil palm fruit,Yield,1979,kg/ha,6574.2
5000,Oil palm fruit,Yield,1980,kg/ha,6981.5
5000,Oil palm fruit,Yield,1981,kg/ha,7602.6
5000,Oil palm fruit,Yield,1982,kg/ha,8531.9
5000,Oil palm fruit,Yield,1983,kg/ha,7880.1
5000,Oil palm fruit,Yield,1984,kg/ha,8653.0
5000,Oil palm fruit,Yield,1985,kg/ha,8823.2
5000,Oil palm fruit,Yield,1986,kg/ha,9116.1
5000,Oil palm fruit,Yield,1987,kg/ha,9071.0
5000,Oil palm fruit,Yield,1988,kg/ha,9495.2
5000,Oil palm fruit,Yield,1989,kg/ha,10048.4
5000,Oil palm fruit,Yield,1990,kg/ha,9959.1
5000,Oil palm fruit,Yield,1991,kg/ha,9304.3
5000,Oil palm fruit,Yield,1992,kg/ha,9360.2
5000,Oil palm fruit,Yield,1993,kg/ha,10508.7
5000,Oil palm fruit,Yield,1994,kg/ha,10400.3
5000,Oil palm fruit,Yield,1995,kg/ha,10599.7
5000,Oil palm fruit,Yield,1996,kg/ha,10609.7
5000,Oil palm fruit,Yield,1997,kg/ha,10770.5
5000,Oil palm fruit,Yield,1998,kg/ha,10290.4
5000,Oil palm fruit,Yield,1999,kg/ha,11464.4
5000,Oil palm fruit,Yield,2000,kg/ha,11629.0
5000,Oil palm fruit,Yield,2001,kg/ha,11906.3
5000,Oil palm fruit,Yield,2002,kg/ha,11619.5
5000,Oil palm fruit,Yield,2003,kg/ha,12279.6
5000,Oil palm fruit,Yield,2004,kg/ha,12761.3
5000,Oil palm fruit,Yield,2005,kg/ha,13252.9
5000,Oil palm fruit,Yield,2006,kg/ha,14170.3
5000,Oil palm fruit,Yield,2007,kg/ha,13288.5
5000,Oil palm fruit,Yield,2008,kg/ha,13883.7
5000,Oil palm fruit,Yield,2009,kg/ha,13706.3
5000,Oil palm fruit,Yield,2010,kg/ha,14039.2
5000,Oil palm fruit,Yield,2011,kg/ha,14588.6
5000,Oil palm fruit,Yield,2012,kg/ha,15035.0
5000,Oil palm fruit,Yield,2013,kg/ha,14757.0
5000,Oil palm fruit,Yield,2014,kg/ha,15075.2
5000,Oil palm fruit,Yield,2015,kg/ha,15067.2
5000,Oil palm fruit,Yield,2016,kg/ha,13738.1
5000,Oil palm fruit,Yield,2017,kg/ha,14863.0
5000,Oil palm fruit,Yield,2018,kg/ha,14388.6
5000,Oil palm fruit,Yield,2019,kg/ha,14369.5
5000,Oil palm fruit,Yield,2020,kg/ha,14382.4
5000,Oil palm fruit,Yield,2021,kg/ha,14850.6
5000,Oil palm fruit,Yield,2022,kg/ha,14365.5
5000,Oil palm fruit,Yield,2023,kg/ha,14152.7
5000,Oil palm fruit,Yield,2024,kg/ha,14425.9
5000,Okra,Yield,1961,kg/ha,3397.0
5000,Okra,Yield,1962,kg/ha,3387.3
5000,Okra,Yield,1963,kg/ha,3449.5
5000,Okra,Yield,1964,kg/ha,3478.6
5000,Okra,Yield,1965,kg/ha,3514.9
5000,Okra,Yield,1966,kg/ha,3594.6
5000,Okra,Yield,1967,kg/ha,3646.9
5000,Okra,Yield,1968,kg/ha,3671.9
5000,Okra,Yield,1969,kg/ha,3705.6
5000,Okra,Yield,1970,kg/ha,3854.6
5000,Okra,Yield,1971,kg/ha,3901.7
5000,Okra,Yield,1972,kg/ha,4072.5
5000,Okra,Yield,1973,kg/ha,4248.9
5000,Okra,Yield,1974,kg/ha,4279.8
5000,Okra,Yield,1975,kg/ha,4330.4
5000,Okra,Yield,1976,kg/ha,4277.8
5000,Okra,Yield,1977,kg/ha,4295.8
5000,Okra,Yield,1978,kg/ha,4242.7
5000,Okra,Yield,1979,kg/ha,4302.0
5000,Okra,Yield,1980,kg/ha,4473.0
5000,Okra,Yield,1981,kg/ha,4532.2
5000,Okra,Yield,1982,kg/ha,4607.2
5000,Okra,Yield,1983,kg/ha,4664.8
5000,Okra,Yield,1984,kg/ha,4720.0
5000,Okra,Yield,1985,kg/ha,4595.2
5000,Okra,Yield,1986,kg/ha,4550.9
5000,Okra,Yield,1987,kg/ha,4583.3
5000,Okra,Yield,1988,kg/ha,4701.1
5000,Okra,Yield,1989,kg/ha,5062.7
5000,Okra,Yield,1990,kg/ha,4614.0
5000,Okra,Yield,1991,kg/ha,4950.0
5000,Okra,Yield,1992,kg/ha,5005.8
5000,Okra,Yield,1993,kg/ha,4988.5
5000,Okra,Yield,1994,kg/ha,6273.6
5000,Okra,Yield,1995,kg/ha,6425.8
5000,Okra,Yield,1996,kg/ha,6564.0
5000,Okra,Yield,1997,kg/ha,6631.9
5000,Okra,Yield,1998,kg/ha,6225.7
5000,Okra,Yield,1999,kg/ha,6581.6
5000,Okra,Yield,2000,kg/ha,6320.0
5000,Okra,Yield,2001,kg/ha,6121.4
5000,Okra,Yield,2002,kg/ha,6248.4
5000,Okra,Yield,2003,kg/ha,6380.5
5000,Okra,Yield,2004,kg/ha,6411.6
5000,Okra,Yield,2005,kg/ha,6322.4
5000,Okra,Yield,2006,kg/ha,6557.9
5000,Okra,Yield,2007,kg/ha,6617.8
5000,Okra,Yield,2008,kg/ha,6526.9
5000,Okra,Yield,2009,kg/ha,6827.8
5000,Okra,Yield,2010,kg/ha,6815.9
5000,Okra,Yield,2011,kg/ha,4839.8
5000,Okra,Yield,2012,kg/ha,5418.1
5000,Okra,Yield,2013,kg/ha,5288.9
5000,Okra,Yield,2014,kg/ha,5320.7
5000,Okra,Yield,2015,kg/ha,3581.9
5000,Okra,Yield,2016,kg/ha,4272.2
5000,Okra,Yield,2017,kg/ha,4535.4
5000,Okra,Yield,2018,kg/ha,4403.4
5000,Okra,Yield,2019,kg/ha,4423.4
5000,Okra,Yield,2020,kg/ha,4570.4
5000,Okra,Yield,2021,kg/ha,4501.9
5000,Okra,Yield,2022,kg/ha,4536.3
5000,Okra,Yield,2023,kg/ha,4336.9
5000,Okra,Yield,2024,kg/ha,4188.5
5000,Olives,Yield,1961,kg/ha,3145.3
5000,Olives,Yield,1962,kg/ha,2019.7
5000,Olives,Yield,1963,kg/ha,2887.5
5000,Olives,Yield,1964,kg/ha,1580.7
5000,Olives,Yield,1965,kg/ha,2396.0
5000,Olives,Yield,1966,kg/ha,2729.9
5000,Olives,Yield,1967,kg/ha,2581.9
5000,Olives,Yield,1968,kg/ha,2379.2
5000,Olives,Yield,1969,kg/ha,2431.4
5000,Olives,Yield,1970,kg/ha,2222.2
5000,Olives,Yield,1971,kg/ha,2127.8
5000,Olives,Yield,1972,kg/ha,2146.3
5000,Olives,Yield,1973,kg/ha,2124.6
5000,Olives,Yield,1974,kg/ha,2021.7
5000,Olives,Yield,1975,kg/ha,2469.1
5000,Olives,Yield,1976,kg/ha,1947.4
5000,Olives,Yield,1977,kg/ha,2214.6
5000,Olives,Yield,1978,kg/ha,2358.0
5000,Olives,Yield,1979,kg/ha,2024.0
5000,Olives,Yield,1980,kg/ha,2187.0
5000,Olives,Yield,1981,kg/ha,1346.5
5000,Olives,Yield,1982,kg/ha,1857.8
5000,Olives,Yield,1983,kg/ha,1545.9
5000,Olives,Yield,1984,kg/ha,1600.0
5000,Olives,Yield,1985,kg/ha,1376.9
5000,Olives,Yield,1986,kg/ha,1280.7
5000,Olives,Yield,1987,kg/ha,1586.9
5000,Olives,Yield,1988,kg/ha,1253.3
5000,Olives,Yield,1989,kg/ha,1441.1
5000,Olives,Yield,1990,kg/ha,1217.9
5000,Olives,Yield,1991,kg/ha,1723.8
5000,Olives,Yield,1992,kg/ha,1461.0
5000,Olives,Yield,1993,kg/ha,1437.2
5000,Olives,Yield,1994,kg/ha,1498.4
5000,Olives,Yield,1995,kg/ha,1314.1
5000,Olives,Yield,1996,kg/ha,1933.5
5000,Olives,Yield,1997,kg/ha,1934.1
5000,Olives,Yield,1998,kg/ha,1855.4
5000,Olives,Yield,1999,kg/ha,1694.1
5000,Olives,Yield,2000,kg/ha,1874.4
5000,Olives,Yield,2001,kg/ha,1816.5
5000,Olives,Yield,2002,kg/ha,1886.4
5000,Olives,Yield,2003,kg/ha,2092.2
5000,Olives,Yield,2004,kg/ha,1981.3
5000,Olives,Yield,2005,kg/ha,1737.6
5000,Olives,Yield,2006,kg/ha,2022.5
5000,Olives,Yield,2007,kg/ha,1815.0
5000,Olives,Yield,2008,kg/ha,1879.6
5000,Olives,Yield,2009,kg/ha,1969.2
5000,Olives,Yield,2010,kg/ha,2067.7
5000,Olives,Yield,2011,kg/ha,2116.1
5000,Olives,Yield,2012,kg/ha,1737.7
5000,Olives,Yield,2013,kg/ha,2149.8
5000,Olives,Yield,2014,kg/ha,1607.3
5000,Olives,Yield,2015,kg/ha,2069.1
5000,Olives,Yield,2016,kg/ha,1946.3
5000,Olives,Yield,2017,kg/ha,2189.0
5000,Olives,Yield,2018,kg/ha,2159.3
5000,Olives,Yield,2019,kg/ha,2097.7
5000,Olives,Yield,2020,kg/ha,1884.2
5000,Olives,Yield,2021,kg/ha,2286.5
5000,Olives,Yield,2022,kg/ha,1906.1
5000,Olives,Yield,2023,kg/ha,1785.3
5000,Olives,Yield,2024,kg/ha,2309.0
5000,"Onions and shallots, dry (excluding dehydrated)",Yield,1961,kg/ha,11680.6
5000,"Onions and shallots, dry (excluding dehydrated)",Yield,1962,kg/ha,11603.9
5000,"Onions and shallots, dry (excluding dehydrated)",Yield,1963,kg/ha,11744.3
5000,"Onions and shallots, dry (excluding dehydrated)",Yield,1964,kg/ha,11898.2
5000,"Onions and shallots, dry (excluding dehydrated)",Yield,1965,kg/ha,11815.7
5000,"Onions and shallots, dry (excluding dehydrated)",Yield,1966,kg/ha,12264.9
5000,"Onions and shallots, dry (excluding dehydrated)",Yield,1967,kg/ha,12410.7
5000,"Onions and shallots, dry (excluding dehydrated)",Yield,1968,kg/ha,12577.0
5000,"Onions and shallots, dry (excluding dehydrated)",Yield,1969,kg/ha,12744.3
5000,"Onions and shallots, dry (excluding dehydrated)",Yield,1970,kg/ha,12521.0
5000,"Onions and shallots, dry (excluding dehydrated)",Yield,1971,kg/ha,12799.4
5000,"Onions and shallots, dry (excluding dehydrated)",Yield,1972,kg/ha,12466.9
5000,"Onions and shallots, dry (excluding dehydrated)",Yield,1973,kg/ha,12840.6
5000,"Onions and shallots, dry (excluding dehydrated)",Yield,1974,kg/ha,13234.7
5000,"Onions and shallots, dry (excluding dehydrated)",Yield,1975,kg/ha,12920.8
5000,"Onions and shallots, dry (excluding dehydrated)",Yield,1976,kg/ha,13417.2
5000,"Onions and shallots, dry (excluding dehydrated)",Yield,1977,kg/ha,13876.5
5000,"Onions and shallots, dry (excluding dehydrated)",Yield,1978,kg/ha,14094.7
5000,"Onions and shallots, dry (excluding dehydrated)",Yield,1979,kg/ha,14230.1
5000,"Onions and shallots, dry (excluding dehydrated)",Yield,1980,kg/ha,13864.4
5000,"Onions and shallots, dry (excluding dehydrated)",Yield,1981,kg/ha,14255.4
5000,"Onions and shallots, dry (excluding dehydrated)",Yield,1982,kg/ha,15181.8
5000,"Onions and shallots, dry (excluding dehydrated)",Yield,1983,kg/ha,14578.1
5000,"Onions and shallots, dry (excluding dehydrated)",Yield,1984,kg/ha,15152.2
5000,"Onions and shallots, dry (excluding dehydrated)",Yield,1985,kg/ha,15462.3
5000,"Onions and shallots, dry (excluding dehydrated)",Yield,1986,kg/ha,15846.3
5000,"Onions and shallots, dry (excluding dehydrated)",Yield,1987,kg/ha,15935.1
5000,"Onions and shallots, dry (excluding dehydrated)",Yield,1988,kg/ha,15753.4
5000,"Onions and shallots, dry (excluding dehydrated)",Yield,1989,kg/ha,15760.5
5000,"Onions and shallots, dry (excluding dehydrated)",Yield,1990,kg/ha,16276.7
5000,"Onions and shallots, dry (excluding dehydrated)",Yield,1991,kg/ha,14830.2
5000,"Onions and shallots, dry (excluding dehydrated)",Yield,1992,kg/ha,15088.5
5000,"Onions and shallots, dry (excluding dehydrated)",Yield,1993,kg/ha,14773.7
5000,"Onions and shallots, dry (excluding dehydrated)",Yield,1994,kg/ha,14706.1
5000,"Onions and shallots, dry (excluding dehydrated)",Yield,1995,kg/ha,15184.9
5000,"Onions and shallots, dry (excluding dehydrated)",Yield,1996,kg/ha,15355.8
5000,"Onions and shallots, dry (excluding dehydrated)",Yield,1997,kg/ha,15202.9
5000,"Onions and shallots, dry (excluding dehydrated)",Yield,1998,kg/ha,15703.1
5000,"Onions and shallots, dry (excluding dehydrated)",Yield,1999,kg/ha,15724.3
5000,"Onions and shallots, dry (excluding dehydrated)",Yield,2000,kg/ha,16107.6
5000,"Onions and shallots, dry (excluding dehydrated)",Yield,2001,kg/ha,16257.0
5000,"Onions and shallots, dry (excluding dehydrated)",Yield,2002,kg/ha,16613.2
5000,"Onions and shallots, dry (excluding dehydrated)",Yield,2003,kg/ha,16573.7
5000,"Onions and shallots, dry (excluding dehydrated)",Yield,2004,kg/ha,16414.0
5000,"Onions and shallots, dry (excluding dehydrated)",Yield,2005,kg/ha,16281.3
5000,"Onions and shallots, dry (excluding dehydrated)",Yield,2006,kg/ha,16217.9
5000,"Onions and shallots, dry (excluding dehydrated)",Yield,2007,kg/ha,16858.4
5000,"Onions and shallots, dry (excluding dehydrated)",Yield,2008,kg/ha,16980.4
5000,"Onions and shallots, dry (excluding dehydrated)",Yield,2009,kg/ha,17246.2
5000,"Onions and shallots, dry (excluding dehydrated)",Yield,2010,kg/ha,16715.5
5000,"Onions and shallots, dry (excluding dehydrated)",Yield,2011,kg/ha,18609.0
5000,"Onions and shallots, dry (excluding dehydrated)",Yield,2012,kg/ha,18428.1
5000,"Onions and shallots, dry (excluding dehydrated)",Yield,2013,kg/ha,18386.6
5000,"Onions and shallots, dry (excluding dehydrated)",Yield,2014,kg/ha,18493.8
5000,"Onions and shallots, dry (excluding dehydrated)",Yield,2015,kg/ha,18713.1
5000,"Onions and shallots, dry (excluding dehydrated)",Yield,2016,kg/ha,18825.0
5000,"Onions and shallots, dry (excluding dehydrated)",Yield,2017,kg/ha,18906.9
5000,"Onions and shallots, dry (excluding dehydrated)",Yield,2018,kg/ha,18867.4
5000,"Onions and shallots, dry (excluding dehydrated)",Yield,2019,kg/ha,19331.1
5000,"Onions and shallots, dry (excluding dehydrated)",Yield,2020,kg/ha,19142.0
5000,"Onions and shallots, dry (excluding dehydrated)",Yield,2021,kg/ha,18835.4
5000,"Onions and shallots, dry (excluding dehydrated)",Yield,2022,kg/ha,18529.3
5000,"Onions and shallots, dry (excluding dehydrated)",Yield,2023,kg/ha,19076.0
5000,"Onions and shallots, dry (excluding dehydrated)",Yield,2024,kg/ha,18927.5
5000,"Onions and shallots, green",Yield,1961,kg/ha,10866.1
5000,"Onions and shallots, green",Yield,1962,kg/ha,11782.2
5000,"Onions and shallots, green",Yield,1963,kg/ha,12084.1
5000,"Onions and shallots, green",Yield,1964,kg/ha,12924.7
5000,"Onions and shallots, green",Yield,1965,kg/ha,12944.4
5000,"Onions and shallots, green",Yield,1966,kg/ha,13139.4
5000,"Onions and shallots, green",Yield,1967,kg/ha,13000.4
5000,"Onions and shallots, green",Yield,1968,kg/ha,12847.5
5000,"Onions and shallots, green",Yield,1969,kg/ha,11911.1
5000,"Onions and shallots, green",Yield,1970,kg/ha,12814.0
5000,"Onions and shallots, green",Yield,1971,kg/ha,13494.1
5000,"Onions and shallots, green",Yield,1972,kg/ha,13299.4
5000,"Onions and shallots, green",Yield,1973,kg/ha,12924.2
5000,"Onions and shallots, green",Yield,1974,kg/ha,13265.3
5000,"Onions and shallots, green",Yield,1975,kg/ha,13456.8
5000,"Onions and shallots, green",Yield,1976,kg/ha,13062.6
5000,"Onions and shallots, green",Yield,1977,kg/ha,13916.0
5000,"Onions and shallots, green",Yield,1978,kg/ha,14007.7
5000,"Onions and shallots, green",Yield,1979,kg/ha,15948.7
5000,"Onions and shallots, green",Yield,1980,kg/ha,15320.0
5000,"Onions and shallots, green",Yield,1981,kg/ha,14515.8
5000,"Onions and shallots, green",Yield,1982,kg/ha,14417.0
5000,"Onions and shallots, green",Yield,1983,kg/ha,14309.0
5000,"Onions and shallots, green",Yield,1984,kg/ha,15300.8
5000,"Onions and shallots, green",Yield,1985,kg/ha,15270.2
5000,"Onions and shallots, green",Yield,1986,kg/ha,15446.8
5000,"Onions and shallots, green",Yield,1987,kg/ha,15183.0
5000,"Onions and shallots, green",Yield,1988,kg/ha,15444.1
5000,"Onions and shallots, green",Yield,1989,kg/ha,15580.7
5000,"Onions and shallots, green",Yield,1990,kg/ha,15407.3
5000,"Onions and shallots, green",Yield,1991,kg/ha,16849.7
5000,"Onions and shallots, green",Yield,1992,kg/ha,17392.6
5000,"Onions and shallots, green",Yield,1993,kg/ha,18000.5
5000,"Onions and shallots, green",Yield,1994,kg/ha,19103.6
5000,"Onions and shallots, green",Yield,1995,kg/ha,18955.2
5000,"Onions and shallots, green",Yield,1996,kg/ha,18944.0
5000,"Onions and shallots, green",Yield,1997,kg/ha,17886.4
5000,"Onions and shallots, green",Yield,1998,kg/ha,17795.8
5000,"Onions and shallots, green",Yield,1999,kg/ha,19029.3
5000,"Onions and shallots, green",Yield,2000,kg/ha,19425.8
5000,"Onions and shallots, green",Yield,2001,kg/ha,18392.6
5000,"Onions and shallots, green",Yield,2002,kg/ha,18869.7
5000,"Onions and shallots, green",Yield,2003,kg/ha,19329.0
5000,"Onions and shallots, green",Yield,2004,kg/ha,19587.2
5000,"Onions and shallots, green",Yield,2005,kg/ha,18760.7
5000,"Onions and shallots, green",Yield,2006,kg/ha,19980.7
5000,"Onions and shallots, green",Yield,2007,kg/ha,19674.9
5000,"Onions and shallots, green",Yield,2008,kg/ha,20236.5
5000,"Onions and shallots, green",Yield,2009,kg/ha,20241.2
5000,"Onions and shallots, green",Yield,2010,kg/ha,20213.3
5000,"Onions and shallots, green",Yield,2011,kg/ha,20571.6
5000,"Onions and shallots, green",Yield,2012,kg/ha,20561.5
5000,"Onions and shallots, green",Yield,2013,kg/ha,21072.4
5000,"Onions and shallots, green",Yield,2014,kg/ha,21594.0
5000,"Onions and shallots, green",Yield,2015,kg/ha,22008.6
5000,"Onions and shallots, green",Yield,2016,kg/ha,21798.4
5000,"Onions and shallots, green",Yield,2017,kg/ha,21574.4
5000,"Onions and shallots, green",Yield,2018,kg/ha,21588.0
5000,"Onions and shallots, green",Yield,2019,kg/ha,21564.5
5000,"Onions and shallots, green",Yield,2020,kg/ha,22098.2
5000,"Onions and shallots, green",Yield,2021,kg/ha,21963.8
5000,"Onions and shallots, green",Yield,2022,kg/ha,20953.9
5000,"Onions and shallots, green",Yield,2023,kg/ha,22022.1
5000,"Onions and shallots, green",Yield,2024,kg/ha,22267.7
5000,Oranges,Yield,1961,kg/ha,12669.2
5000,Oranges,Yield,1962,kg/ha,12269.7
5000,Oranges,Yield,1963,kg/ha,11650.9
5000,Oranges,Yield,1964,kg/ha,11559.9
5000,Oranges,Yield,1965,kg/ha,12445.7
5000,Oranges,Yield,1966,kg/ha,15691.0
5000,Oranges,Yield,1967,kg/ha,16412.4
5000,Oranges,Yield,1968,kg/ha,14644.3
5000,Oranges,Yield,1969,kg/ha,16193.0
5000,Oranges,Yield,1970,kg/ha,15103.8
5000,Oranges,Yield,1971,kg/ha,15475.1
5000,Oranges,Yield,1972,kg/ha,16033.8
5000,Oranges,Yield,1973,kg/ha,15469.2
5000,Oranges,Yield,1974,kg/ha,16462.5
5000,Oranges,Yield,1975,kg/ha,16384.4
5000,Oranges,Yield,1976,kg/ha,16907.0
5000,Oranges,Yield,1977,kg/ha,16879.4
5000,Oranges,Yield,1978,kg/ha,16819.9
5000,Oranges,Yield,1979,kg/ha,17107.2
5000,Oranges,Yield,1980,kg/ha,17743.0
5000,Oranges,Yield,1981,kg/ha,17269.2
5000,Oranges,Yield,1982,kg/ha,16482.3
5000,Oranges,Yield,1983,kg/ha,17377.6
5000,Oranges,Yield,1984,kg/ha,16491.9
5000,Oranges,Yield,1985,kg/ha,15830.9
5000,Oranges,Yield,1986,kg/ha,15704.2
5000,Oranges,Yield,1987,kg/ha,15416.9
5000,Oranges,Yield,1988,kg/ha,15585.6
5000,Oranges,Yield,1989,kg/ha,16449.0
5000,Oranges,Yield,1990,kg/ha,15729.2
5000,Oranges,Yield,1991,kg/ha,16036.1
5000,Oranges,Yield,1992,kg/ha,16351.1
5000,Oranges,Yield,1993,kg/ha,17212.8
5000,Oranges,Yield,1994,kg/ha,16237.7
5000,Oranges,Yield,1995,kg/ha,17280.5
5000,Oranges,Yield,1996,kg/ha,16674.6
5000,Oranges,Yield,1997,kg/ha,17633.2
5000,Oranges,Yield,1998,kg/ha,17308.3
5000,Oranges,Yield,1999,kg/ha,16927.3
5000,Oranges,Yield,2000,kg/ha,18268.7
5000,Oranges,Yield,2001,kg/ha,17364.7
5000,Oranges,Yield,2002,kg/ha,17750.9
5000,Oranges,Yield,2003,kg/ha,16942.7
5000,Oranges,Yield,2004,kg/ha,17897.8
5000,Oranges,Yield,2005,kg/ha,17450.3
5000,Oranges,Yield,2006,kg/ha,18088.1
5000,Oranges,Yield,2007,kg/ha,17395.2
5000,Oranges,Yield,2008,kg/ha,18036.0
5000,Oranges,Yield,2009,kg/ha,17950.5
5000,Oranges,Yield,2010,kg/ha,17874.6
5000,Oranges,Yield,2011,kg/ha,18900.4
5000,Oranges,Yield,2012,kg/ha,18862.8
5000,Oranges,Yield,2013,kg/ha,18770.2
5000,Oranges,Yield,2014,kg/ha,18157.9
5000,Oranges,Yield,2015,kg/ha,19345.0
5000,Oranges,Yield,2016,kg/ha,19466.3
5000,Oranges,Yield,2017,kg/ha,19885.9
5000,Oranges,Yield,2018,kg/ha,20244.5
5000,Oranges,Yield,2019,kg/ha,20481.0
5000,Oranges,Yield,2020,kg/ha,20229.9
5000,Oranges,Yield,2021,kg/ha,20088.5
5000,Oranges,Yield,2022,kg/ha,20138.9
5000,Oranges,Yield,2023,kg/ha,20409.6
5000,Oranges,Yield,2024,kg/ha,19889.0
5000,"Other beans, green",Yield,1961,kg/ha,5283.8
5000,"Other beans, green",Yield,1962,kg/ha,5222.5
5000,"Other beans, green",Yield,1963,kg/ha,5217.8
5000,"Other beans, green",Yield,1964,kg/ha,5340.5
5000,"Other beans, green",Yield,1965,kg/ha,5132.4
5000,"Other beans, green",Yield,1966,kg/ha,5224.1
5000,"Other beans, green",Yield,1967,kg/ha,5347.5
5000,"Other beans, green",Yield,1968,kg/ha,5253.3
5000,"Other beans, green",Yield,1969,kg/ha,5410.5
5000,"Other beans, green",Yield,1970,kg/ha,5467.0
5000,"Other beans, green",Yield,1971,kg/ha,5452.2
5000,"Other beans, green",Yield,1972,kg/ha,5519.3
5000,"Other beans, green",Yield,1973,kg/ha,5593.5
5000,"Other beans, green",Yield,1974,kg/ha,5709.1
5000,"Other beans, green",Yield,1975,kg/ha,5634.5
5000,"Other beans, green",Yield,1976,kg/ha,5588.8
5000,"Other beans, green",Yield,1977,kg/ha,5831.5
5000,"Other beans, green",Yield,1978,kg/ha,5837.6
5000,"Other beans, green",Yield,1979,kg/ha,6079.1
5000,"Other beans, green",Yield,1980,kg/ha,6233.3
5000,"Other beans, green",Yield,1981,kg/ha,6065.5
5000,"Other beans, green",Yield,1982,kg/ha,6295.0
5000,"Other beans, green",Yield,1983,kg/ha,6281.9
5000,"Other beans, green",Yield,1984,kg/ha,6515.9
5000,"Other beans, green",Yield,1985,kg/ha,6747.1
5000,"Other beans, green",Yield,1986,kg/ha,6439.1
5000,"Other beans, green",Yield,1987,kg/ha,6218.9
5000,"Other beans, green",Yield,1988,kg/ha,6269.2
5000,"Other beans, green",Yield,1989,kg/ha,6411.1
5000,"Other beans, green",Yield,1990,kg/ha,6363.4
5000,"Other beans, green",Yield,1991,kg/ha,6461.3
5000,"Other beans, green",Yield,1992,kg/ha,6534.9
5000,"Other beans, green",Yield,1993,kg/ha,7112.7
5000,"Other beans, green",Yield,1994,kg/ha,7028.3
5000,"Other beans, green",Yield,1995,kg/ha,7016.2
5000,"Other beans, green",Yield,1996,kg/ha,7170.9
5000,"Other beans, green",Yield,1997,kg/ha,7149.9
5000,"Other beans, green",Yield,1998,kg/ha,7320.5
5000,"Other beans, green",Yield,1999,kg/ha,7562.6
5000,"Other beans, green",Yield,2000,kg/ha,7523.5
5000,"Other beans, green",Yield,2001,kg/ha,8048.7
5000,"Other beans, green",Yield,2002,kg/ha,8518.5
5000,"Other beans, green",Yield,2003,kg/ha,9393.4
5000,"Other beans, green",Yield,2004,kg/ha,10308.6
5000,"Other beans, green",Yield,2005,kg/ha,11590.0
5000,"Other beans, green",Yield,2006,kg/ha,12726.2
5000,"Other beans, green",Yield,2007,kg/ha,13316.3
5000,"Other beans, green",Yield,2008,kg/ha,14065.5
5000,"Other beans, green",Yield,2009,kg/ha,14292.4
5000,"Other beans, green",Yield,2010,kg/ha,14374.9
5000,"Other beans, green",Yield,2011,kg/ha,14722.6
5000,"Other beans, green",Yield,2012,kg/ha,15229.5
5000,"Other beans, green",Yield,2013,kg/ha,15398.9
5000,"Other beans, green",Yield,2014,kg/ha,15786.3
5000,"Other beans, green",Yield,2015,kg/ha,16374.9
5000,"Other beans, green",Yield,2016,kg/ha,15634.8
5000,"Other beans, green",Yield,2017,kg/ha,16064.0
5000,"Other beans, green",Yield,2018,kg/ha,16093.6
5000,"Other beans, green",Yield,2019,kg/ha,16256.9
5000,"Other beans, green",Yield,2020,kg/ha,16347.3
5000,"Other beans, green",Yield,2021,kg/ha,15908.8
5000,"Other beans, green",Yield,2022,kg/ha,15657.0
5000,"Other beans, green",Yield,2023,kg/ha,15872.4
5000,"Other beans, green",Yield,2024,kg/ha,15762.1
5000,Other berries and fruits of the genus vaccinium n.e.c.,Yield,1961,kg/ha,8030.9
5000,Other berries and fruits of the genus vaccinium n.e.c.,Yield,1962,kg/ha,7784.2
5000,Other berries and fruits of the genus vaccinium n.e.c.,Yield,1963,kg/ha,7771.9
5000,Other berries and fruits of the genus vaccinium n.e.c.,Yield,1964,kg/ha,7911.8
5000,Other berries and fruits of the genus vaccinium n.e.c.,Yield,1965,kg/ha,8035.4
5000,Other berries and fruits of the genus vaccinium n.e.c.,Yield,1966,kg/ha,7326.2
5000,Other berries and fruits of the genus vaccinium n.e.c.,Yield,1967,kg/ha,7399.7
5000,Other berries and fruits of the genus vaccinium n.e.c.,Yield,1968,kg/ha,7409.5
5000,Other berries and fruits of the genus vaccinium n.e.c.,Yield,1969,kg/ha,7353.3
5000,Other berries and fruits of the genus vaccinium n.e.c.,Yield,1970,kg/ha,7084.0
5000,Other berries and fruits of the genus vaccinium n.e.c.,Yield,1971,kg/ha,6349.4
5000,Other berries and fruits of the genus vaccinium n.e.c.,Yield,1972,kg/ha,6818.3
5000,Other berries and fruits of the genus vaccinium n.e.c.,Yield,1973,kg/ha,6637.6
5000,Other berries and fruits of the genus vaccinium n.e.c.,Yield,1974,kg/ha,6725.5
5000,Other berries and fruits of the genus vaccinium n.e.c.,Yield,1975,kg/ha,6781.1
5000,Other berries and fruits of the genus vaccinium n.e.c.,Yield,1976,kg/ha,6842.5
5000,Other berries and fruits of the genus vaccinium n.e.c.,Yield,1977,kg/ha,6326.4
5000,Other berries and fruits of the genus vaccinium n.e.c.,Yield,1978,kg/ha,6878.7
5000,Other berries and fruits of the genus vaccinium n.e.c.,Yield,1979,kg/ha,7085.9
5000,Other berries and fruits of the genus vaccinium n.e.c.,Yield,1980,kg/ha,7344.7
5000,Other berries and fruits of the genus vaccinium n.e.c.,Yield,1981,kg/ha,7476.4
5000,Other berries and fruits of the genus vaccinium n.e.c.,Yield,1982,kg/ha,7093.2
5000,Other berries and fruits of the genus vaccinium n.e.c.,Yield,1983,kg/ha,7690.3
5000,Other berries and fruits of the genus vaccinium n.e.c.,Yield,1984,kg/ha,6887.1
5000,Other berries and fruits of the genus vaccinium n.e.c.,Yield,1985,kg/ha,6413.2
5000,Other berries and fruits of the genus vaccinium n.e.c.,Yield,1986,kg/ha,6370.6
5000,Other berries and fruits of the genus vaccinium n.e.c.,Yield,1987,kg/ha,6345.4
5000,Other berries and fruits of the genus vaccinium n.e.c.,Yield,1988,kg/ha,6557.2
5000,Other berries and fruits of the genus vaccinium n.e.c.,Yield,1989,kg/ha,6436.9
5000,Other berries and fruits of the genus vaccinium n.e.c.,Yield,1990,kg/ha,6783.9
5000,Other berries and fruits of the genus vaccinium n.e.c.,Yield,1991,kg/ha,6905.9
5000,Other berries and fruits of the genus vaccinium n.e.c.,Yield,1992,kg/ha,8444.6
5000,Other berries and fruits of the genus vaccinium n.e.c.,Yield,1993,kg/ha,7708.7
5000,Other berries and fruits of the genus vaccinium n.e.c.,Yield,1994,kg/ha,7494.1
5000,Other berries and fruits of the genus vaccinium n.e.c.,Yield,1995,kg/ha,7410.1
5000,Other berries and fruits of the genus vaccinium n.e.c.,Yield,1996,kg/ha,7294.8
5000,Other berries and fruits of the genus vaccinium n.e.c.,Yield,1997,kg/ha,7411.9
5000,Other berries and fruits of the genus vaccinium n.e.c.,Yield,1998,kg/ha,7008.9
5000,Other berries and fruits of the genus vaccinium n.e.c.,Yield,1999,kg/ha,6950.6
5000,Other berries and fruits of the genus vaccinium n.e.c.,Yield,2000,kg/ha,7275.5
5000,Other berries and fruits of the genus vaccinium n.e.c.,Yield,2001,kg/ha,7179.1
5000,Other berries and fruits of the genus vaccinium n.e.c.,Yield,2002,kg/ha,7057.4
5000,Other berries and fruits of the genus vaccinium n.e.c.,Yield,2003,kg/ha,7384.0
5000,Other berries and fruits of the genus vaccinium n.e.c.,Yield,2004,kg/ha,7326.8
5000,Other berries and fruits of the genus vaccinium n.e.c.,Yield,2005,kg/ha,7508.7
5000,Other berries and fruits of the genus vaccinium n.e.c.,Yield,2006,kg/ha,7233.1
5000,Other berries and fruits of the genus vaccinium n.e.c.,Yield,2007,kg/ha,7483.9
5000,Other berries and fruits of the genus vaccinium n.e.c.,Yield,2008,kg/ha,8127.1
5000,Other berries and fruits of the genus vaccinium n.e.c.,Yield,2009,kg/ha,8100.6
5000,Other berries and fruits of the genus vaccinium n.e.c.,Yield,2010,kg/ha,7028.0
5000,Other berries and fruits of the genus vaccinium n.e.c.,Yield,2011,kg/ha,7557.9
5000,Other berries and fruits of the genus vaccinium n.e.c.,Yield,2012,kg/ha,7460.6
5000,Other berries and fruits of the genus vaccinium n.e.c.,Yield,2013,kg/ha,7304.2
5000,Other berries and fruits of the genus vaccinium n.e.c.,Yield,2014,kg/ha,7215.5
5000,Other berries and fruits of the genus vaccinium n.e.c.,Yield,2015,kg/ha,6922.7
5000,Other berries and fruits of the genus vaccinium n.e.c.,Yield,2016,kg/ha,7500.4
5000,Other berries and fruits of the genus vaccinium n.e.c.,Yield,2017,kg/ha,6948.9
5000,Other berries and fruits of the genus vaccinium n.e.c.,Yield,2018,kg/ha,7197.5
5000,Other berries and fruits of the genus vaccinium n.e.c.,Yield,2019,kg/ha,7034.9
5000,Other berries and fruits of the genus vaccinium n.e.c.,Yield,2020,kg/ha,6669.1
5000,Other berries and fruits of the genus vaccinium n.e.c.,Yield,2021,kg/ha,7038.7
5000,Other berries and fruits of the genus vaccinium n.e.c.,Yield,2022,kg/ha,7103.1
5000,Other berries and fruits of the genus vaccinium n.e.c.,Yield,2023,kg/ha,6937.0
5000,Other berries and fruits of the genus vaccinium n.e.c.,Yield,2024,kg/ha,6997.4
5000,"Other citrus fruit, n.e.c.",Yield,1961,kg/ha,3926.6
5000,"Other citrus fruit, n.e.c.",Yield,1962,kg/ha,3951.5
5000,"Other citrus fruit, n.e.c.",Yield,1963,kg/ha,3981.4
5000,"Other citrus fruit, n.e.c.",Yield,1964,kg/ha,4014.8
5000,"Other citrus fruit, n.e.c.",Yield,1965,kg/ha,3992.9
5000,"Other citrus fruit, n.e.c.",Yield,1966,kg/ha,4017.8
5000,"Other citrus fruit, n.e.c.",Yield,1967,kg/ha,4046.2
5000,"Other citrus fruit, n.e.c.",Yield,1968,kg/ha,4135.2
5000,"Other citrus fruit, n.e.c.",Yield,1969,kg/ha,3987.4
5000,"Other citrus fruit, n.e.c.",Yield,1970,kg/ha,3762.1
5000,"Other citrus fruit, n.e.c.",Yield,1971,kg/ha,3881.9
5000,"Other citrus fruit, n.e.c.",Yield,1972,kg/ha,3985.9
5000,"Other citrus fruit, n.e.c.",Yield,1973,kg/ha,4063.2
5000,"Other citrus fruit, n.e.c.",Yield,1974,kg/ha,4124.2
5000,"Other citrus fruit, n.e.c.",Yield,1975,kg/ha,4159.8
5000,"Other citrus fruit, n.e.c.",Yield,1976,kg/ha,4170.5
5000,"Other citrus fruit, n.e.c.",Yield,1977,kg/ha,4224.6
5000,"Other citrus fruit, n.e.c.",Yield,1978,kg/ha,4269.9
5000,"Other citrus fruit, n.e.c.",Yield,1979,kg/ha,4140.4
5000,"Other citrus fruit, n.e.c.",Yield,1980,kg/ha,4146.1
5000,"Other citrus fruit, n.e.c.",Yield,1981,kg/ha,4095.3
5000,"Other citrus fruit, n.e.c.",Yield,1982,kg/ha,4199.4
5000,"Other citrus fruit, n.e.c.",Yield,1983,kg/ha,4398.3
5000,"Other citrus fruit, n.e.c.",Yield,1984,kg/ha,4319.3
5000,"Other citrus fruit, n.e.c.",Yield,1985,kg/ha,4286.9
5000,"Other citrus fruit, n.e.c.",Yield,1986,kg/ha,4482.6
5000,"Other citrus fruit, n.e.c.",Yield,1987,kg/ha,4640.2
5000,"Other citrus fruit, n.e.c.",Yield,1988,kg/ha,4626.2
5000,"Other citrus fruit, n.e.c.",Yield,1989,kg/ha,4574.5
5000,"Other citrus fruit, n.e.c.",Yield,1990,kg/ha,5160.5
5000,"Other citrus fruit, n.e.c.",Yield,1991,kg/ha,5107.5
5000,"Other citrus fruit, n.e.c.",Yield,1992,kg/ha,5276.6
5000,"Other citrus fruit, n.e.c.",Yield,1993,kg/ha,5485.4
5000,"Other citrus fruit, n.e.c.",Yield,1994,kg/ha,5536.1
5000,"Other citrus fruit, n.e.c.",Yield,1995,kg/ha,5645.1
5000,"Other citrus fruit, n.e.c.",Yield,1996,kg/ha,5736.0
5000,"Other citrus fruit, n.e.c.",Yield,1997,kg/ha,6031.2
5000,"Other citrus fruit, n.e.c.",Yield,1998,kg/ha,6132.9
5000,"Other citrus fruit, n.e.c.",Yield,1999,kg/ha,6739.5
5000,"Other citrus fruit, n.e.c.",Yield,2000,kg/ha,6614.5
5000,"Other citrus fruit, n.e.c.",Yield,2001,kg/ha,6858.1
5000,"Other citrus fruit, n.e.c.",Yield,2002,kg/ha,6748.9
5000,"Other citrus fruit, n.e.c.",Yield,2003,kg/ha,6717.5
5000,"Other citrus fruit, n.e.c.",Yield,2004,kg/ha,6872.8
5000,"Other citrus fruit, n.e.c.",Yield,2005,kg/ha,6876.2
5000,"Other citrus fruit, n.e.c.",Yield,2006,kg/ha,6830.9
5000,"Other citrus fruit, n.e.c.",Yield,2007,kg/ha,8585.0
5000,"Other citrus fruit, n.e.c.",Yield,2008,kg/ha,8972.4
5000,"Other citrus fruit, n.e.c.",Yield,2009,kg/ha,9148.1
5000,"Other citrus fruit, n.e.c.",Yield,2010,kg/ha,9145.0
5000,"Other citrus fruit, n.e.c.",Yield,2011,kg/ha,8498.3
5000,"Other citrus fruit, n.e.c.",Yield,2012,kg/ha,9274.7
5000,"Other citrus fruit, n.e.c.",Yield,2013,kg/ha,9135.9
5000,"Other citrus fruit, n.e.c.",Yield,2014,kg/ha,9256.2
5000,"Other citrus fruit, n.e.c.",Yield,2015,kg/ha,9368.5
5000,"Other citrus fruit, n.e.c.",Yield,2016,kg/ha,9457.4
5000,"Other citrus fruit, n.e.c.",Yield,2017,kg/ha,9446.1
5000,"Other citrus fruit, n.e.c.",Yield,2018,kg/ha,9571.8
5000,"Other citrus fruit, n.e.c.",Yield,2019,kg/ha,9348.5
5000,"Other citrus fruit, n.e.c.",Yield,2020,kg/ha,9221.7
5000,"Other citrus fruit, n.e.c.",Yield,2021,kg/ha,9085.2
5000,"Other citrus fruit, n.e.c.",Yield,2022,kg/ha,9066.7
5000,"Other citrus fruit, n.e.c.",Yield,2023,kg/ha,9035.5
5000,"Other citrus fruit, n.e.c.",Yield,2024,kg/ha,9165.4
5000,"Other fibre crops, raw, n.e.c.",Yield,1961,kg/ha,560.6
5000,"Other fibre crops, raw, n.e.c.",Yield,1962,kg/ha,545.4
5000,"Other fibre crops, raw, n.e.c.",Yield,1963,kg/ha,562.4
5000,"Other fibre crops, raw, n.e.c.",Yield,1964,kg/ha,565.8
5000,"Other fibre crops, raw, n.e.c.",Yield,1965,kg/ha,529.0
5000,"Other fibre crops, raw, n.e.c.",Yield,1966,kg/ha,557.1
5000,"Other fibre crops, raw, n.e.c.",Yield,1967,kg/ha,543.1
5000,"Other fibre crops, raw, n.e.c.",Yield,1968,kg/ha,566.8
5000,"Other fibre crops, raw, n.e.c.",Yield,1969,kg/ha,513.9
5000,"Other fibre crops, raw, n.e.c.",Yield,1970,kg/ha,554.0
5000,"Other fibre crops, raw, n.e.c.",Yield,1971,kg/ha,570.3
5000,"Other fibre crops, raw, n.e.c.",Yield,1972,kg/ha,617.8
5000,"Other fibre crops, raw, n.e.c.",Yield,1973,kg/ha,671.5
5000,"Other fibre crops, raw, n.e.c.",Yield,1974,kg/ha,707.3
5000,"Other fibre crops, raw, n.e.c.",Yield,1975,kg/ha,705.2
5000,"Other fibre crops, raw, n.e.c.",Yield,1976,kg/ha,747.6
5000,"Other fibre crops, raw, n.e.c.",Yield,1977,kg/ha,755.4
5000,"Other fibre crops, raw, n.e.c.",Yield,1978,kg/ha,770.5
5000,"Other fibre crops, raw, n.e.c.",Yield,1979,kg/ha,799.0
5000,"Other fibre crops, raw, n.e.c.",Yield,1980,kg/ha,790.6
5000,"Other fibre crops, raw, n.e.c.",Yield,1981,kg/ha,822.5
5000,"Other fibre crops, raw, n.e.c.",Yield,1982,kg/ha,855.0
5000,"Other fibre crops, raw, n.e.c.",Yield,1983,kg/ha,863.3
5000,"Other fibre crops, raw, n.e.c.",Yield,1984,kg/ha,883.0
5000,"Other fibre crops, raw, n.e.c.",Yield,1985,kg/ha,904.9
5000,"Other fibre crops, raw, n.e.c.",Yield,1986,kg/ha,926.9
5000,"Other fibre crops, raw, n.e.c.",Yield,1987,kg/ha,964.7
5000,"Other fibre crops, raw, n.e.c.",Yield,1988,kg/ha,920.4
5000,"Other fibre crops, raw, n.e.c.",Yield,1989,kg/ha,864.1
5000,"Other fibre crops, raw, n.e.c.",Yield,1990,kg/ha,792.0
5000,"Other fibre crops, raw, n.e.c.",Yield,1991,kg/ha,737.1
5000,"Other fibre crops, raw, n.e.c.",Yield,1992,kg/ha,812.5
5000,"Other fibre crops, raw, n.e.c.",Yield,1993,kg/ha,768.7
5000,"Other fibre crops, raw, n.e.c.",Yield,1994,kg/ha,800.2
5000,"Other fibre crops, raw, n.e.c.",Yield,1995,kg/ha,838.0
5000,"Other fibre crops, raw, n.e.c.",Yield,1996,kg/ha,823.3
5000,"Other fibre crops, raw, n.e.c.",Yield,1997,kg/ha,891.1
5000,"Other fibre crops, raw, n.e.c.",Yield,1998,kg/ha,868.5
5000,"Other fibre crops, raw, n.e.c.",Yield,1999,kg/ha,863.5
5000,"Other fibre crops, raw, n.e.c.",Yield,2000,kg/ha,813.9
5000,"Other fibre crops, raw, n.e.c.",Yield,2001,kg/ha,799.6
5000,"Other fibre crops, raw, n.e.c.",Yield,2002,kg/ha,825.5
5000,"Other fibre crops, raw, n.e.c.",Yield,2003,kg/ha,834.5
5000,"Other fibre crops, raw, n.e.c.",Yield,2004,kg/ha,826.5
5000,"Other fibre crops, raw, n.e.c.",Yield,2005,kg/ha,821.7
5000,"Other fibre crops, raw, n.e.c.",Yield,2006,kg/ha,866.2
5000,"Other fibre crops, raw, n.e.c.",Yield,2007,kg/ha,865.1
5000,"Other fibre crops, raw, n.e.c.",Yield,2008,kg/ha,814.8
5000,"Other fibre crops, raw, n.e.c.",Yield,2009,kg/ha,729.2
5000,"Other fibre crops, raw, n.e.c.",Yield,2010,kg/ha,1241.0
5000,"Other fibre crops, raw, n.e.c.",Yield,2011,kg/ha,1249.3
5000,"Other fibre crops, raw, n.e.c.",Yield,2012,kg/ha,1233.8
5000,"Other fibre crops, raw, n.e.c.",Yield,2013,kg/ha,1232.5
5000,"Other fibre crops, raw, n.e.c.",Yield,2014,kg/ha,1355.0
5000,"Other fibre crops, raw, n.e.c.",Yield,2015,kg/ha,1276.9
5000,"Other fibre crops, raw, n.e.c.",Yield,2016,kg/ha,1343.3
5000,"Other fibre crops, raw, n.e.c.",Yield,2017,kg/ha,1379.5
5000,"Other fibre crops, raw, n.e.c.",Yield,2018,kg/ha,918.8
5000,"Other fibre crops, raw, n.e.c.",Yield,2019,kg/ha,938.5
5000,"Other fibre crops, raw, n.e.c.",Yield,2020,kg/ha,1451.2
5000,"Other fibre crops, raw, n.e.c.",Yield,2021,kg/ha,1300.4
5000,"Other fibre crops, raw, n.e.c.",Yield,2022,kg/ha,1227.6
5000,"Other fibre crops, raw, n.e.c.",Yield,2023,kg/ha,1244.9
5000,"Other fibre crops, raw, n.e.c.",Yield,2024,kg/ha,1246.9
5000,"Other fruits, n.e.c.",Yield,1961,kg/ha,7102.3
5000,"Other fruits, n.e.c.",Yield,1962,kg/ha,6999.0
5000,"Other fruits, n.e.c.",Yield,1963,kg/ha,7178.4
5000,"Other fruits, n.e.c.",Yield,1964,kg/ha,7303.1
5000,"Other fruits, n.e.c.",Yield,1965,kg/ha,7368.3
5000,"Other fruits, n.e.c.",Yield,1966,kg/ha,7522.7
5000,"Other fruits, n.e.c.",Yield,1967,kg/ha,7549.1
5000,"Other fruits, n.e.c.",Yield,1968,kg/ha,7595.8
5000,"Other fruits, n.e.c.",Yield,1969,kg/ha,7612.1
5000,"Other fruits, n.e.c.",Yield,1970,kg/ha,7727.8
5000,"Other fruits, n.e.c.",Yield,1971,kg/ha,7603.7
5000,"Other fruits, n.e.c.",Yield,1972,kg/ha,7599.5
5000,"Other fruits, n.e.c.",Yield,1973,kg/ha,7773.1
5000,"Other fruits, n.e.c.",Yield,1974,kg/ha,7899.3
5000,"Other fruits, n.e.c.",Yield,1975,kg/ha,7782.8
5000,"Other fruits, n.e.c.",Yield,1976,kg/ha,7835.9
5000,"Other fruits, n.e.c.",Yield,1977,kg/ha,7778.1
5000,"Other fruits, n.e.c.",Yield,1978,kg/ha,7906.7
5000,"Other fruits, n.e.c.",Yield,1979,kg/ha,7718.0
5000,"Other fruits, n.e.c.",Yield,1980,kg/ha,7732.9
5000,"Other fruits, n.e.c.",Yield,1981,kg/ha,7757.3
5000,"Other fruits, n.e.c.",Yield,1982,kg/ha,7928.6
5000,"Other fruits, n.e.c.",Yield,1983,kg/ha,8003.1
5000,"Other fruits, n.e.c.",Yield,1984,kg/ha,8006.1
5000,"Other fruits, n.e.c.",Yield,1985,kg/ha,6549.4
5000,"Other fruits, n.e.c.",Yield,1986,kg/ha,6632.3
5000,"Other fruits, n.e.c.",Yield,1987,kg/ha,6629.3
5000,"Other fruits, n.e.c.",Yield,1988,kg/ha,6364.5
5000,"Other fruits, n.e.c.",Yield,1989,kg/ha,6427.8
5000,"Other fruits, n.e.c.",Yield,1990,kg/ha,6055.3
5000,"Other fruits, n.e.c.",Yield,1991,kg/ha,6102.9
5000,"Other fruits, n.e.c.",Yield,1992,kg/ha,6006.7
5000,"Other fruits, n.e.c.",Yield,1993,kg/ha,5709.1
5000,"Other fruits, n.e.c.",Yield,1994,kg/ha,6238.4
5000,"Other fruits, n.e.c.",Yield,1995,kg/ha,6257.9
5000,"Other fruits, n.e.c.",Yield,1996,kg/ha,7016.7
5000,"Other fruits, n.e.c.",Yield,1997,kg/ha,6277.5
5000,"Other fruits, n.e.c.",Yield,1998,kg/ha,6839.5
5000,"Other fruits, n.e.c.",Yield,1999,kg/ha,6634.5
5000,"Other fruits, n.e.c.",Yield,2000,kg/ha,6857.8
5000,"Other fruits, n.e.c.",Yield,2001,kg/ha,6603.5
5000,"Other fruits, n.e.c.",Yield,2002,kg/ha,5460.2
5000,"Other fruits, n.e.c.",Yield,2003,kg/ha,7314.8
5000,"Other fruits, n.e.c.",Yield,2004,kg/ha,6108.6
5000,"Other fruits, n.e.c.",Yield,2005,kg/ha,6061.6
5000,"Other fruits, n.e.c.",Yield,2006,kg/ha,6278.9
5000,"Other fruits, n.e.c.",Yield,2007,kg/ha,6224.1
5000,"Other fruits, n.e.c.",Yield,2008,kg/ha,6670.5
5000,"Other fruits, n.e.c.",Yield,2009,kg/ha,5790.9
5000,"Other fruits, n.e.c.",Yield,2010,kg/ha,6179.9
5000,"Other fruits, n.e.c.",Yield,2011,kg/ha,5896.6
5000,"Other fruits, n.e.c.",Yield,2012,kg/ha,5889.0
5000,"Other fruits, n.e.c.",Yield,2013,kg/ha,5932.7
5000,"Other fruits, n.e.c.",Yield,2014,kg/ha,6120.0
5000,"Other fruits, n.e.c.",Yield,2015,kg/ha,6849.9
5000,"Other fruits, n.e.c.",Yield,2016,kg/ha,6938.0
5000,"Other fruits, n.e.c.",Yield,2017,kg/ha,7192.4
5000,"Other fruits, n.e.c.",Yield,2018,kg/ha,7158.6
5000,"Other fruits, n.e.c.",Yield,2019,kg/ha,7277.5
5000,"Other fruits, n.e.c.",Yield,2020,kg/ha,7390.4
5000,"Other fruits, n.e.c.",Yield,2021,kg/ha,7336.4
5000,"Other fruits, n.e.c.",Yield,2022,kg/ha,7633.0
5000,"Other fruits, n.e.c.",Yield,2023,kg/ha,7685.2
5000,"Other fruits, n.e.c.",Yield,2024,kg/ha,7758.4
5000,"Other nuts (excluding wild edible nuts and groundnuts), in shell, n.e.c.",Yield,1961,kg/ha,6418.1
5000,"Other nuts (excluding wild edible nuts and groundnuts), in shell, n.e.c.",Yield,1962,kg/ha,3847.6
5000,"Other nuts (excluding wild edible nuts and groundnuts), in shell, n.e.c.",Yield,1963,kg/ha,7753.7
5000,"Other nuts (excluding wild edible nuts and groundnuts), in shell, n.e.c.",Yield,1964,kg/ha,5216.6
5000,"Other nuts (excluding wild edible nuts and groundnuts), in shell, n.e.c.",Yield,1965,kg/ha,5845.7
5000,"Other nuts (excluding wild edible nuts and groundnuts), in shell, n.e.c.",Yield,1966,kg/ha,4610.1
5000,"Other nuts (excluding wild edible nuts and groundnuts), in shell, n.e.c.",Yield,1967,kg/ha,5419.2
5000,"Other nuts (excluding wild edible nuts and groundnuts), in shell, n.e.c.",Yield,1968,kg/ha,4972.8
5000,"Other nuts (excluding wild edible nuts and groundnuts), in shell, n.e.c.",Yield,1969,kg/ha,5108.9
5000,"Other nuts (excluding wild edible nuts and groundnuts), in shell, n.e.c.",Yield,1970,kg/ha,4408.2
5000,"Other nuts (excluding wild edible nuts and groundnuts), in shell, n.e.c.",Yield,1971,kg/ha,4930.5
5000,"Other nuts (excluding wild edible nuts and groundnuts), in shell, n.e.c.",Yield,1972,kg/ha,4251.1
5000,"Other nuts (excluding wild edible nuts and groundnuts), in shell, n.e.c.",Yield,1973,kg/ha,4934.2
5000,"Other nuts (excluding wild edible nuts and groundnuts), in shell, n.e.c.",Yield,1974,kg/ha,3731.0
5000,"Other nuts (excluding wild edible nuts and groundnuts), in shell, n.e.c.",Yield,1975,kg/ha,4657.3
5000,"Other nuts (excluding wild edible nuts and groundnuts), in shell, n.e.c.",Yield,1976,kg/ha,3887.5
5000,"Other nuts (excluding wild edible nuts and groundnuts), in shell, n.e.c.",Yield,1977,kg/ha,4723.1
5000,"Other nuts (excluding wild edible nuts and groundnuts), in shell, n.e.c.",Yield,1978,kg/ha,4972.2
5000,"Other nuts (excluding wild edible nuts and groundnuts), in shell, n.e.c.",Yield,1979,kg/ha,4563.3
5000,"Other nuts (excluding wild edible nuts and groundnuts), in shell, n.e.c.",Yield,1980,kg/ha,3968.5
5000,"Other nuts (excluding wild edible nuts and groundnuts), in shell, n.e.c.",Yield,1981,kg/ha,4447.8
5000,"Other nuts (excluding wild edible nuts and groundnuts), in shell, n.e.c.",Yield,1982,kg/ha,4351.9
5000,"Other nuts (excluding wild edible nuts and groundnuts), in shell, n.e.c.",Yield,1983,kg/ha,4898.0
5000,"Other nuts (excluding wild edible nuts and groundnuts), in shell, n.e.c.",Yield,1984,kg/ha,2441.4
5000,"Other nuts (excluding wild edible nuts and groundnuts), in shell, n.e.c.",Yield,1985,kg/ha,1328.4
5000,"Other nuts (excluding wild edible nuts and groundnuts), in shell, n.e.c.",Yield,1986,kg/ha,1198.3
5000,"Other nuts (excluding wild edible nuts and groundnuts), in shell, n.e.c.",Yield,1987,kg/ha,1241.8
5000,"Other nuts (excluding wild edible nuts and groundnuts), in shell, n.e.c.",Yield,1988,kg/ha,1308.7
5000,"Other nuts (excluding wild edible nuts and groundnuts), in shell, n.e.c.",Yield,1989,kg/ha,1163.7
5000,"Other nuts (excluding wild edible nuts and groundnuts), in shell, n.e.c.",Yield,1990,kg/ha,1058.7
5000,"Other nuts (excluding wild edible nuts and groundnuts), in shell, n.e.c.",Yield,1991,kg/ha,1154.8
5000,"Other nuts (excluding wild edible nuts and groundnuts), in shell, n.e.c.",Yield,1992,kg/ha,1046.3
5000,"Other nuts (excluding wild edible nuts and groundnuts), in shell, n.e.c.",Yield,1993,kg/ha,1225.1
5000,"Other nuts (excluding wild edible nuts and groundnuts), in shell, n.e.c.",Yield,1994,kg/ha,1060.4
5000,"Other nuts (excluding wild edible nuts and groundnuts), in shell, n.e.c.",Yield,1995,kg/ha,1104.9
5000,"Other nuts (excluding wild edible nuts and groundnuts), in shell, n.e.c.",Yield,1996,kg/ha,1108.0
5000,"Other nuts (excluding wild edible nuts and groundnuts), in shell, n.e.c.",Yield,1997,kg/ha,1122.0
5000,"Other nuts (excluding wild edible nuts and groundnuts), in shell, n.e.c.",Yield,1998,kg/ha,1127.0
5000,"Other nuts (excluding wild edible nuts and groundnuts), in shell, n.e.c.",Yield,1999,kg/ha,1344.5
5000,"Other nuts (excluding wild edible nuts and groundnuts), in shell, n.e.c.",Yield,2000,kg/ha,1183.5
5000,"Other nuts (excluding wild edible nuts and groundnuts), in shell, n.e.c.",Yield,2001,kg/ha,1258.5
5000,"Other nuts (excluding wild edible nuts and groundnuts), in shell, n.e.c.",Yield,2002,kg/ha,1214.5
5000,"Other nuts (excluding wild edible nuts and groundnuts), in shell, n.e.c.",Yield,2003,kg/ha,1322.9
5000,"Other nuts (excluding wild edible nuts and groundnuts), in shell, n.e.c.",Yield,2004,kg/ha,1300.6
5000,"Other nuts (excluding wild edible nuts and groundnuts), in shell, n.e.c.",Yield,2005,kg/ha,1324.5
5000,"Other nuts (excluding wild edible nuts and groundnuts), in shell, n.e.c.",Yield,2006,kg/ha,1369.0
5000,"Other nuts (excluding wild edible nuts and groundnuts), in shell, n.e.c.",Yield,2007,kg/ha,1479.2
5000,"Other nuts (excluding wild edible nuts and groundnuts), in shell, n.e.c.",Yield,2008,kg/ha,1465.4
5000,"Other nuts (excluding wild edible nuts and groundnuts), in shell, n.e.c.",Yield,2009,kg/ha,1482.3
5000,"Other nuts (excluding wild edible nuts and groundnuts), in shell, n.e.c.",Yield,2010,kg/ha,1471.5
5000,"Other nuts (excluding wild edible nuts and groundnuts), in shell, n.e.c.",Yield,2011,kg/ha,1538.5
5000,"Other nuts (excluding wild edible nuts and groundnuts), in shell, n.e.c.",Yield,2012,kg/ha,1533.6
5000,"Other nuts (excluding wild edible nuts and groundnuts), in shell, n.e.c.",Yield,2013,kg/ha,1562.4
5000,"Other nuts (excluding wild edible nuts and groundnuts), in shell, n.e.c.",Yield,2014,kg/ha,1601.5
5000,"Other nuts (excluding wild edible nuts and groundnuts), in shell, n.e.c.",Yield,2015,kg/ha,1568.8
5000,"Other nuts (excluding wild edible nuts and groundnuts), in shell, n.e.c.",Yield,2016,kg/ha,1373.6
5000,"Other nuts (excluding wild edible nuts and groundnuts), in shell, n.e.c.",Yield,2017,kg/ha,1404.4
5000,"Other nuts (excluding wild edible nuts and groundnuts), in shell, n.e.c.",Yield,2018,kg/ha,1231.3
5000,"Other nuts (excluding wild edible nuts and groundnuts), in shell, n.e.c.",Yield,2019,kg/ha,1186.0
5000,"Other nuts (excluding wild edible nuts and groundnuts), in shell, n.e.c.",Yield,2020,kg/ha,1196.0
5000,"Other nuts (excluding wild edible nuts and groundnuts), in shell, n.e.c.",Yield,2021,kg/ha,1173.2
5000,"Other nuts (excluding wild edible nuts and groundnuts), in shell, n.e.c.",Yield,2022,kg/ha,1169.9
5000,"Other nuts (excluding wild edible nuts and groundnuts), in shell, n.e.c.",Yield,2023,kg/ha,1169.4
5000,"Other nuts (excluding wild edible nuts and groundnuts), in shell, n.e.c.",Yield,2024,kg/ha,1136.6
5000,"Other oil seeds, n.e.c.",Yield,1961,kg/ha,1099.7
5000,"Other oil seeds, n.e.c.",Yield,1962,kg/ha,1072.5
5000,"Other oil seeds, n.e.c.",Yield,1963,kg/ha,1067.2
5000,"Other oil seeds, n.e.c.",Yield,1964,kg/ha,1075.1
5000,"Other oil seeds, n.e.c.",Yield,1965,kg/ha,1190.4
5000,"Other oil seeds, n.e.c.",Yield,1966,kg/ha,1216.0
5000,"Other oil seeds, n.e.c.",Yield,1967,kg/ha,1224.8
5000,"Other oil seeds, n.e.c.",Yield,1968,kg/ha,1232.3
5000,"Other oil seeds, n.e.c.",Yield,1969,kg/ha,1208.0
5000,"Other oil seeds, n.e.c.",Yield,1970,kg/ha,1182.5
5000,"Other oil seeds, n.e.c.",Yield,1971,kg/ha,1235.5
5000,"Other oil seeds, n.e.c.",Yield,1972,kg/ha,1314.5
5000,"Other oil seeds, n.e.c.",Yield,1973,kg/ha,1242.9
5000,"Other oil seeds, n.e.c.",Yield,1974,kg/ha,1256.0
5000,"Other oil seeds, n.e.c.",Yield,1975,kg/ha,1116.4
5000,"Other oil seeds, n.e.c.",Yield,1976,kg/ha,963.3
5000,"Other oil seeds, n.e.c.",Yield,1977,kg/ha,1152.5
5000,"Other oil seeds, n.e.c.",Yield,1978,kg/ha,1258.7
5000,"Other oil seeds, n.e.c.",Yield,1979,kg/ha,1345.9
5000,"Other oil seeds, n.e.c.",Yield,1980,kg/ha,1259.2
5000,"Other oil seeds, n.e.c.",Yield,1981,kg/ha,1371.7
5000,"Other oil seeds, n.e.c.",Yield,1982,kg/ha,1288.2
5000,"Other oil seeds, n.e.c.",Yield,1983,kg/ha,1200.1
5000,"Other oil seeds, n.e.c.",Yield,1984,kg/ha,1184.3
5000,"Other oil seeds, n.e.c.",Yield,1985,kg/ha,1239.1
5000,"Other oil seeds, n.e.c.",Yield,1986,kg/ha,1022.4
5000,"Other oil seeds, n.e.c.",Yield,1987,kg/ha,1058.1
5000,"Other oil seeds, n.e.c.",Yield,1988,kg/ha,1083.6
5000,"Other oil seeds, n.e.c.",Yield,1989,kg/ha,1228.8
5000,"Other oil seeds, n.e.c.",Yield,1990,kg/ha,1079.4
5000,"Other oil seeds, n.e.c.",Yield,1991,kg/ha,657.8
5000,"Other oil seeds, n.e.c.",Yield,1992,kg/ha,690.2
5000,"Other oil seeds, n.e.c.",Yield,1993,kg/ha,630.4
5000,"Other oil seeds, n.e.c.",Yield,1994,kg/ha,669.3
5000,"Other oil seeds, n.e.c.",Yield,1995,kg/ha,669.0
5000,"Other oil seeds, n.e.c.",Yield,1996,kg/ha,689.5
5000,"Other oil seeds, n.e.c.",Yield,1997,kg/ha,729.4
5000,"Other oil seeds, n.e.c.",Yield,1998,kg/ha,702.8
5000,"Other oil seeds, n.e.c.",Yield,1999,kg/ha,730.2
5000,"Other oil seeds, n.e.c.",Yield,2000,kg/ha,764.7
5000,"Other oil seeds, n.e.c.",Yield,2001,kg/ha,752.5
5000,"Other oil seeds, n.e.c.",Yield,2002,kg/ha,811.2
5000,"Other oil seeds, n.e.c.",Yield,2003,kg/ha,767.4
5000,"Other oil seeds, n.e.c.",Yield,2004,kg/ha,785.8
5000,"Other oil seeds, n.e.c.",Yield,2005,kg/ha,794.6
5000,"Other oil seeds, n.e.c.",Yield,2006,kg/ha,804.6
5000,"Other oil seeds, n.e.c.",Yield,2007,kg/ha,807.3
5000,"Other oil seeds, n.e.c.",Yield,2008,kg/ha,836.9
5000,"Other oil seeds, n.e.c.",Yield,2009,kg/ha,835.8
5000,"Other oil seeds, n.e.c.",Yield,2010,kg/ha,706.8
5000,"Other oil seeds, n.e.c.",Yield,2011,kg/ha,756.4
5000,"Other oil seeds, n.e.c.",Yield,2012,kg/ha,763.3
5000,"Other oil seeds, n.e.c.",Yield,2013,kg/ha,781.2
5000,"Other oil seeds, n.e.c.",Yield,2014,kg/ha,800.8
5000,"Other oil seeds, n.e.c.",Yield,2015,kg/ha,830.7
5000,"Other oil seeds, n.e.c.",Yield,2016,kg/ha,833.0
5000,"Other oil seeds, n.e.c.",Yield,2017,kg/ha,874.9
5000,"Other oil seeds, n.e.c.",Yield,2018,kg/ha,874.0
5000,"Other oil seeds, n.e.c.",Yield,2019,kg/ha,876.2
5000,"Other oil seeds, n.e.c.",Yield,2020,kg/ha,851.9
5000,"Other oil seeds, n.e.c.",Yield,2021,kg/ha,854.5
5000,"Other oil seeds, n.e.c.",Yield,2022,kg/ha,879.8
5000,"Other oil seeds, n.e.c.",Yield,2023,kg/ha,898.5
5000,"Other oil seeds, n.e.c.",Yield,2024,kg/ha,906.0
5000,Other pome fruits,Yield,2000,kg/ha,4647.1
5000,Other pome fruits,Yield,2001,kg/ha,4705.9
5000,Other pome fruits,Yield,2002,kg/ha,4941.2
5000,Other pome fruits,Yield,2003,kg/ha,4536.8
5000,Other pome fruits,Yield,2004,kg/ha,4831.5
5000,Other pome fruits,Yield,2005,kg/ha,4938.1
5000,Other pome fruits,Yield,2006,kg/ha,6760.5
5000,Other pome fruits,Yield,2007,kg/ha,6509.3
5000,Other pome fruits,Yield,2008,kg/ha,7675.5
5000,Other pome fruits,Yield,2009,kg/ha,7902.9
5000,Other pome fruits,Yield,2010,kg/ha,8769.2
5000,Other pome fruits,Yield,2011,kg/ha,3628.2
5000,Other pome fruits,Yield,2012,kg/ha,5021.4
5000,Other pome fruits,Yield,2013,kg/ha,5084.3
5000,Other pome fruits,Yield,2014,kg/ha,5088.3
5000,Other pome fruits,Yield,2015,kg/ha,3927.6
5000,Other pome fruits,Yield,2016,kg/ha,4529.4
5000,Other pome fruits,Yield,2017,kg/ha,4217.2
5000,Other pome fruits,Yield,2018,kg/ha,6777.3
5000,Other pome fruits,Yield,2019,kg/ha,6828.4
5000,Other pome fruits,Yield,2020,kg/ha,6491.2
5000,Other pome fruits,Yield,2021,kg/ha,6426.0
5000,Other pome fruits,Yield,2022,kg/ha,6388.0
5000,Other pome fruits,Yield,2023,kg/ha,6059.0
5000,Other pome fruits,Yield,2024,kg/ha,6269.6
5000,Other pulses n.e.c.,Yield,1961,kg/ha,500.2
5000,Other pulses n.e.c.,Yield,1962,kg/ha,527.4
5000,Other pulses n.e.c.,Yield,1963,kg/ha,500.8
5000,Other pulses n.e.c.,Yield,1964,kg/ha,539.5
5000,Other pulses n.e.c.,Yield,1965,kg/ha,540.0
5000,Other pulses n.e.c.,Yield,1966,kg/ha,529.0
5000,Other pulses n.e.c.,Yield,1967,kg/ha,547.1
5000,Other pulses n.e.c.,Yield,1968,kg/ha,582.4
5000,Other pulses n.e.c.,Yield,1969,kg/ha,582.8
5000,Other pulses n.e.c.,Yield,1970,kg/ha,581.9
5000,Other pulses n.e.c.,Yield,1971,kg/ha,570.2
5000,Other pulses n.e.c.,Yield,1972,kg/ha,555.8
5000,Other pulses n.e.c.,Yield,1973,kg/ha,525.9
5000,Other pulses n.e.c.,Yield,1974,kg/ha,538.4
5000,Other pulses n.e.c.,Yield,1975,kg/ha,550.9
5000,Other pulses n.e.c.,Yield,1976,kg/ha,559.3
5000,Other pulses n.e.c.,Yield,1977,kg/ha,493.7
5000,Other pulses n.e.c.,Yield,1978,kg/ha,503.3
5000,Other pulses n.e.c.,Yield,1979,kg/ha,488.2
5000,Other pulses n.e.c.,Yield,1980,kg/ha,477.3
5000,Other pulses n.e.c.,Yield,1981,kg/ha,490.1
5000,Other pulses n.e.c.,Yield,1982,kg/ha,513.1
5000,Other pulses n.e.c.,Yield,1983,kg/ha,548.3
5000,Other pulses n.e.c.,Yield,1984,kg/ha,581.8
5000,Other pulses n.e.c.,Yield,1985,kg/ha,582.1
5000,Other pulses n.e.c.,Yield,1986,kg/ha,623.9
5000,Other pulses n.e.c.,Yield,1987,kg/ha,615.8
5000,Other pulses n.e.c.,Yield,1988,kg/ha,647.3
5000,Other pulses n.e.c.,Yield,1989,kg/ha,630.0
5000,Other pulses n.e.c.,Yield,1990,kg/ha,609.2
5000,Other pulses n.e.c.,Yield,1991,kg/ha,738.7
5000,Other pulses n.e.c.,Yield,1992,kg/ha,655.2
5000,Other pulses n.e.c.,Yield,1993,kg/ha,776.6
5000,Other pulses n.e.c.,Yield,1994,kg/ha,710.7
5000,Other pulses n.e.c.,Yield,1995,kg/ha,683.4
5000,Other pulses n.e.c.,Yield,1996,kg/ha,805.2
5000,Other pulses n.e.c.,Yield,1997,kg/ha,785.2
5000,Other pulses n.e.c.,Yield,1998,kg/ha,810.8
5000,Other pulses n.e.c.,Yield,1999,kg/ha,826.5
5000,Other pulses n.e.c.,Yield,2000,kg/ha,884.4
5000,Other pulses n.e.c.,Yield,2001,kg/ha,924.1
5000,Other pulses n.e.c.,Yield,2002,kg/ha,934.3
5000,Other pulses n.e.c.,Yield,2003,kg/ha,926.3
5000,Other pulses n.e.c.,Yield,2004,kg/ha,958.0
5000,Other pulses n.e.c.,Yield,2005,kg/ha,984.1
5000,Other pulses n.e.c.,Yield,2006,kg/ha,946.5
5000,Other pulses n.e.c.,Yield,2007,kg/ha,928.6
5000,Other pulses n.e.c.,Yield,2008,kg/ha,938.6
5000,Other pulses n.e.c.,Yield,2009,kg/ha,922.4
5000,Other pulses n.e.c.,Yield,2010,kg/ha,885.4
5000,Other pulses n.e.c.,Yield,2011,kg/ha,897.9
5000,Other pulses n.e.c.,Yield,2012,kg/ha,891.8
5000,Other pulses n.e.c.,Yield,2013,kg/ha,899.2
5000,Other pulses n.e.c.,Yield,2014,kg/ha,957.2
5000,Other pulses n.e.c.,Yield,2015,kg/ha,936.2
5000,Other pulses n.e.c.,Yield,2016,kg/ha,950.1
5000,Other pulses n.e.c.,Yield,2017,kg/ha,980.5
5000,Other pulses n.e.c.,Yield,2018,kg/ha,1005.3
5000,Other pulses n.e.c.,Yield,2019,kg/ha,961.3
5000,Other pulses n.e.c.,Yield,2020,kg/ha,1056.9
5000,Other pulses n.e.c.,Yield,2021,kg/ha,1058.9
5000,Other pulses n.e.c.,Yield,2022,kg/ha,1048.4
5000,Other pulses n.e.c.,Yield,2023,kg/ha,1047.6
5000,Other pulses n.e.c.,Yield,2024,kg/ha,1076.0
5000,"Other stimulant, spice and aromatic crops, n.e.c.",Yield,1961,kg/ha,5924.0
5000,"Other stimulant, spice and aromatic crops, n.e.c.",Yield,1962,kg/ha,1356.4
5000,"Other stimulant, spice and aromatic crops, n.e.c.",Yield,1963,kg/ha,1487.6
5000,"Other stimulant, spice and aromatic crops, n.e.c.",Yield,1964,kg/ha,1303.7
5000,"Other stimulant, spice and aromatic crops, n.e.c.",Yield,1965,kg/ha,1165.3
5000,"Other stimulant, spice and aromatic crops, n.e.c.",Yield,1966,kg/ha,1122.2
5000,"Other stimulant, spice and aromatic crops, n.e.c.",Yield,1967,kg/ha,1118.3
5000,"Other stimulant, spice and aromatic crops, n.e.c.",Yield,1968,kg/ha,1053.7
5000,"Other stimulant, spice and aromatic crops, n.e.c.",Yield,1969,kg/ha,1071.1
5000,"Other stimulant, spice and aromatic crops, n.e.c.",Yield,1970,kg/ha,1046.2
5000,"Other stimulant, spice and aromatic crops, n.e.c.",Yield,1971,kg/ha,868.3
5000,"Other stimulant, spice and aromatic crops, n.e.c.",Yield,1972,kg/ha,976.6
5000,"Other stimulant, spice and aromatic crops, n.e.c.",Yield,1973,kg/ha,983.1
5000,"Other stimulant, spice and aromatic crops, n.e.c.",Yield,1974,kg/ha,1134.9
5000,"Other stimulant, spice and aromatic crops, n.e.c.",Yield,1975,kg/ha,1127.3
5000,"Other stimulant, spice and aromatic crops, n.e.c.",Yield,1976,kg/ha,1043.4
5000,"Other stimulant, spice and aromatic crops, n.e.c.",Yield,1977,kg/ha,857.6
5000,"Other stimulant, spice and aromatic crops, n.e.c.",Yield,1978,kg/ha,978.8
5000,"Other stimulant, spice and aromatic crops, n.e.c.",Yield,1979,kg/ha,1186.4
5000,"Other stimulant, spice and aromatic crops, n.e.c.",Yield,1980,kg/ha,1199.7
5000,"Other stimulant, spice and aromatic crops, n.e.c.",Yield,1981,kg/ha,992.9
5000,"Other stimulant, spice and aromatic crops, n.e.c.",Yield,1982,kg/ha,969.7
5000,"Other stimulant, spice and aromatic crops, n.e.c.",Yield,1983,kg/ha,852.8
5000,"Other stimulant, spice and aromatic crops, n.e.c.",Yield,1984,kg/ha,891.1
5000,"Other stimulant, spice and aromatic crops, n.e.c.",Yield,1985,kg/ha,1056.9
5000,"Other stimulant, spice and aromatic crops, n.e.c.",Yield,1986,kg/ha,1087.5
5000,"Other stimulant, spice and aromatic crops, n.e.c.",Yield,1987,kg/ha,948.7
5000,"Other stimulant, spice and aromatic crops, n.e.c.",Yield,1988,kg/ha,1100.2
5000,"Other stimulant, spice and aromatic crops, n.e.c.",Yield,1989,kg/ha,1303.7
5000,"Other stimulant, spice and aromatic crops, n.e.c.",Yield,1990,kg/ha,1259.0
5000,"Other stimulant, spice and aromatic crops, n.e.c.",Yield,1991,kg/ha,1332.1
5000,"Other stimulant, spice and aromatic crops, n.e.c.",Yield,1992,kg/ha,1363.5
5000,"Other stimulant, spice and aromatic crops, n.e.c.",Yield,1993,kg/ha,1607.6
5000,"Other stimulant, spice and aromatic crops, n.e.c.",Yield,1994,kg/ha,1552.7
5000,"Other stimulant, spice and aromatic crops, n.e.c.",Yield,1995,kg/ha,1389.9
5000,"Other stimulant, spice and aromatic crops, n.e.c.",Yield,1996,kg/ha,1497.2
5000,"Other stimulant, spice and aromatic crops, n.e.c.",Yield,1997,kg/ha,1385.8
5000,"Other stimulant, spice and aromatic crops, n.e.c.",Yield,1998,kg/ha,1440.4
5000,"Other stimulant, spice and aromatic crops, n.e.c.",Yield,1999,kg/ha,1744.6
5000,"Other stimulant, spice and aromatic crops, n.e.c.",Yield,2000,kg/ha,1846.6
5000,"Other stimulant, spice and aromatic crops, n.e.c.",Yield,2001,kg/ha,1632.6
5000,"Other stimulant, spice and aromatic crops, n.e.c.",Yield,2002,kg/ha,1979.3
5000,"Other stimulant, spice and aromatic crops, n.e.c.",Yield,2003,kg/ha,1671.5
5000,"Other stimulant, spice and aromatic crops, n.e.c.",Yield,2004,kg/ha,2023.1
5000,"Other stimulant, spice and aromatic crops, n.e.c.",Yield,2005,kg/ha,2232.5
5000,"Other stimulant, spice and aromatic crops, n.e.c.",Yield,2006,kg/ha,2283.0
5000,"Other stimulant, spice and aromatic crops, n.e.c.",Yield,2007,kg/ha,1968.1
5000,"Other stimulant, spice and aromatic crops, n.e.c.",Yield,2008,kg/ha,1950.3
5000,"Other stimulant, spice and aromatic crops, n.e.c.",Yield,2009,kg/ha,2028.2
5000,"Other stimulant, spice and aromatic crops, n.e.c.",Yield,2010,kg/ha,2013.0
5000,"Other stimulant, spice and aromatic crops, n.e.c.",Yield,2011,kg/ha,2067.4
5000,"Other stimulant, spice and aromatic crops, n.e.c.",Yield,2012,kg/ha,2005.1
5000,"Other stimulant, spice and aromatic crops, n.e.c.",Yield,2013,kg/ha,2070.5
5000,"Other stimulant, spice and aromatic crops, n.e.c.",Yield,2014,kg/ha,2126.7
5000,"Other stimulant, spice and aromatic crops, n.e.c.",Yield,2015,kg/ha,1821.0
5000,"Other stimulant, spice and aromatic crops, n.e.c.",Yield,2016,kg/ha,1980.5
5000,"Other stimulant, spice and aromatic crops, n.e.c.",Yield,2017,kg/ha,2416.2
5000,"Other stimulant, spice and aromatic crops, n.e.c.",Yield,2018,kg/ha,1799.3
5000,"Other stimulant, spice and aromatic crops, n.e.c.",Yield,2019,kg/ha,1905.4
5000,"Other stimulant, spice and aromatic crops, n.e.c.",Yield,2020,kg/ha,2097.2
5000,"Other stimulant, spice and aromatic crops, n.e.c.",Yield,2021,kg/ha,2184.4
5000,"Other stimulant, spice and aromatic crops, n.e.c.",Yield,2022,kg/ha,2223.8
5000,"Other stimulant, spice and aromatic crops, n.e.c.",Yield,2023,kg/ha,2198.3
5000,"Other stimulant, spice and aromatic crops, n.e.c.",Yield,2024,kg/ha,2246.8
5000,Other stone fruits,Yield,1961,kg/ha,5649.4
5000,Other stone fruits,Yield,1962,kg/ha,5203.7
5000,Other stone fruits,Yield,1963,kg/ha,4840.5
5000,Other stone fruits,Yield,1964,kg/ha,5171.2
5000,Other stone fruits,Yield,1965,kg/ha,5442.9
5000,Other stone fruits,Yield,1966,kg/ha,5044.5
5000,Other stone fruits,Yield,1967,kg/ha,5683.6
5000,Other stone fruits,Yield,1968,kg/ha,6034.3
5000,Other stone fruits,Yield,1969,kg/ha,5612.7
5000,Other stone fruits,Yield,1970,kg/ha,5722.8
5000,Other stone fruits,Yield,1971,kg/ha,5100.8
5000,Other stone fruits,Yield,1972,kg/ha,5599.7
5000,Other stone fruits,Yield,1973,kg/ha,6011.3
5000,Other stone fruits,Yield,1974,kg/ha,5744.8
5000,Other stone fruits,Yield,1975,kg/ha,5651.8
5000,Other stone fruits,Yield,1976,kg/ha,5947.0
5000,Other stone fruits,Yield,1977,kg/ha,5210.0
5000,Other stone fruits,Yield,1978,kg/ha,5843.2
5000,Other stone fruits,Yield,1979,kg/ha,6092.3
5000,Other stone fruits,Yield,1980,kg/ha,5937.9
5000,Other stone fruits,Yield,1981,kg/ha,5606.5
5000,Other stone fruits,Yield,1982,kg/ha,6563.3
5000,Other stone fruits,Yield,1983,kg/ha,6647.1
5000,Other stone fruits,Yield,1984,kg/ha,6829.8
5000,Other stone fruits,Yield,1985,kg/ha,5169.7
5000,Other stone fruits,Yield,1986,kg/ha,5441.3
5000,Other stone fruits,Yield,1987,kg/ha,5861.6
5000,Other stone fruits,Yield,1988,kg/ha,5616.9
5000,Other stone fruits,Yield,1989,kg/ha,4620.0
5000,Other stone fruits,Yield,1990,kg/ha,4708.9
5000,Other stone fruits,Yield,1991,kg/ha,7312.1
5000,Other stone fruits,Yield,1992,kg/ha,7148.5
5000,Other stone fruits,Yield,1993,kg/ha,7252.1
5000,Other stone fruits,Yield,1994,kg/ha,7708.6
5000,Other stone fruits,Yield,1995,kg/ha,7666.9
5000,Other stone fruits,Yield,1996,kg/ha,7759.5
5000,Other stone fruits,Yield,1997,kg/ha,7639.6
5000,Other stone fruits,Yield,1998,kg/ha,8116.1
5000,Other stone fruits,Yield,1999,kg/ha,8059.5
5000,Other stone fruits,Yield,2000,kg/ha,7465.0
5000,Other stone fruits,Yield,2001,kg/ha,7957.7
5000,Other stone fruits,Yield,2002,kg/ha,7449.5
5000,Other stone fruits,Yield,2003,kg/ha,7671.5
5000,Other stone fruits,Yield,2004,kg/ha,7147.9
5000,Other stone fruits,Yield,2005,kg/ha,8079.1
5000,Other stone fruits,Yield,2006,kg/ha,7279.2
5000,Other stone fruits,Yield,2007,kg/ha,7709.4
5000,Other stone fruits,Yield,2008,kg/ha,7737.2
5000,Other stone fruits,Yield,2009,kg/ha,7539.7
5000,Other stone fruits,Yield,2010,kg/ha,7064.0
5000,Other stone fruits,Yield,2011,kg/ha,7560.3
5000,Other stone fruits,Yield,2012,kg/ha,7836.2
5000,Other stone fruits,Yield,2013,kg/ha,8205.8
5000,Other stone fruits,Yield,2014,kg/ha,8054.6
5000,Other stone fruits,Yield,2015,kg/ha,7951.1
5000,Other stone fruits,Yield,2016,kg/ha,7934.9
5000,Other stone fruits,Yield,2017,kg/ha,8223.1
5000,Other stone fruits,Yield,2018,kg/ha,8246.0
5000,Other stone fruits,Yield,2019,kg/ha,8339.2
5000,Other stone fruits,Yield,2020,kg/ha,8240.4
5000,Other stone fruits,Yield,2021,kg/ha,8462.2
5000,Other stone fruits,Yield,2022,kg/ha,8479.2
5000,Other stone fruits,Yield,2023,kg/ha,8349.8
5000,Other stone fruits,Yield,2024,kg/ha,8425.8
5000,Other sugar crops n.e.c.,Yield,1961,kg/ha,5161.0
5000,Other sugar crops n.e.c.,Yield,1962,kg/ha,5145.5
5000,Other sugar crops n.e.c.,Yield,1963,kg/ha,5135.6
5000,Other sugar crops n.e.c.,Yield,1964,kg/ha,5101.6
5000,Other sugar crops n.e.c.,Yield,1965,kg/ha,5153.2
5000,Other sugar crops n.e.c.,Yield,1966,kg/ha,5232.6
5000,Other sugar crops n.e.c.,Yield,1967,kg/ha,5362.3
5000,Other sugar crops n.e.c.,Yield,1968,kg/ha,5518.1
5000,Other sugar crops n.e.c.,Yield,1969,kg/ha,5689.4
5000,Other sugar crops n.e.c.,Yield,1970,kg/ha,6897.4
5000,Other sugar crops n.e.c.,Yield,1971,kg/ha,6593.4
5000,Other sugar crops n.e.c.,Yield,1972,kg/ha,5804.4
5000,Other sugar crops n.e.c.,Yield,1973,kg/ha,6089.9
5000,Other sugar crops n.e.c.,Yield,1974,kg/ha,5568.2
5000,Other sugar crops n.e.c.,Yield,1975,kg/ha,5912.4
5000,Other sugar crops n.e.c.,Yield,1976,kg/ha,6044.0
5000,Other sugar crops n.e.c.,Yield,1977,kg/ha,6471.7
5000,Other sugar crops n.e.c.,Yield,1978,kg/ha,7095.4
5000,Other sugar crops n.e.c.,Yield,1979,kg/ha,7010.0
5000,Other sugar crops n.e.c.,Yield,1980,kg/ha,6956.5
5000,Other sugar crops n.e.c.,Yield,1981,kg/ha,6692.8
5000,Other sugar crops n.e.c.,Yield,1982,kg/ha,6675.6
5000,Other sugar crops n.e.c.,Yield,1983,kg/ha,6320.3
5000,Other sugar crops n.e.c.,Yield,1984,kg/ha,6431.6
5000,Other sugar crops n.e.c.,Yield,1985,kg/ha,6283.8
5000,Other sugar crops n.e.c.,Yield,1986,kg/ha,6453.7
5000,Other sugar crops n.e.c.,Yield,1987,kg/ha,6616.0
5000,Other sugar crops n.e.c.,Yield,1988,kg/ha,6455.8
5000,Other sugar crops n.e.c.,Yield,1989,kg/ha,5833.2
5000,Other sugar crops n.e.c.,Yield,1990,kg/ha,5844.7
5000,Other sugar crops n.e.c.,Yield,1991,kg/ha,5780.2
5000,Other sugar crops n.e.c.,Yield,1992,kg/ha,5783.5
5000,Other sugar crops n.e.c.,Yield,1993,kg/ha,5520.4
5000,Other sugar crops n.e.c.,Yield,1994,kg/ha,5556.0
5000,Other sugar crops n.e.c.,Yield,1995,kg/ha,6199.2
5000,Other sugar crops n.e.c.,Yield,1996,kg/ha,6376.9
5000,Other sugar crops n.e.c.,Yield,1997,kg/ha,6905.5
5000,Other sugar crops n.e.c.,Yield,1998,kg/ha,7199.3
5000,Other sugar crops n.e.c.,Yield,1999,kg/ha,7235.5
5000,Other sugar crops n.e.c.,Yield,2000,kg/ha,6727.0
5000,Other sugar crops n.e.c.,Yield,2001,kg/ha,6762.8
5000,Other sugar crops n.e.c.,Yield,2002,kg/ha,6692.8
5000,Other sugar crops n.e.c.,Yield,2003,kg/ha,7483.9
5000,Other sugar crops n.e.c.,Yield,2004,kg/ha,7386.5
5000,Other sugar crops n.e.c.,Yield,2005,kg/ha,7636.0
5000,Other sugar crops n.e.c.,Yield,2006,kg/ha,7933.2
5000,Other sugar crops n.e.c.,Yield,2007,kg/ha,7323.6
5000,Other sugar crops n.e.c.,Yield,2008,kg/ha,7322.6
5000,Other sugar crops n.e.c.,Yield,2009,kg/ha,7883.5
5000,Other sugar crops n.e.c.,Yield,2010,kg/ha,8408.8
5000,Other sugar crops n.e.c.,Yield,2011,kg/ha,7993.9
5000,Other sugar crops n.e.c.,Yield,2012,kg/ha,7748.3
5000,Other sugar crops n.e.c.,Yield,2013,kg/ha,7785.0
5000,Other sugar crops n.e.c.,Yield,2014,kg/ha,7922.3
5000,Other sugar crops n.e.c.,Yield,2015,kg/ha,8228.0
5000,Other sugar crops n.e.c.,Yield,2016,kg/ha,7748.3
5000,Other sugar crops n.e.c.,Yield,2017,kg/ha,7787.5
5000,Other sugar crops n.e.c.,Yield,2018,kg/ha,8083.2
5000,Other sugar crops n.e.c.,Yield,2019,kg/ha,7585.5
5000,Other sugar crops n.e.c.,Yield,2020,kg/ha,7237.4
5000,Other sugar crops n.e.c.,Yield,2021,kg/ha,7173.4
5000,Other sugar crops n.e.c.,Yield,2022,kg/ha,7179.5
5000,Other sugar crops n.e.c.,Yield,2023,kg/ha,7190.7
5000,Other sugar crops n.e.c.,Yield,2024,kg/ha,7761.5
5000,"Other tropical fruits, n.e.c.",Yield,1961,kg/ha,7225.2
5000,"Other tropical fruits, n.e.c.",Yield,1962,kg/ha,7213.3
5000,"Other tropical fruits, n.e.c.",Yield,1963,kg/ha,7262.8
5000,"Other tropical fruits, n.e.c.",Yield,1964,kg/ha,7220.1
5000,"Other tropical fruits, n.e.c.",Yield,1965,kg/ha,7327.5
5000,"Other tropical fruits, n.e.c.",Yield,1966,kg/ha,7175.1
5000,"Other tropical fruits, n.e.c.",Yield,1967,kg/ha,7237.7
5000,"Other tropical fruits, n.e.c.",Yield,1968,kg/ha,7041.2
5000,"Other tropical fruits, n.e.c.",Yield,1969,kg/ha,6989.0
5000,"Other tropical fruits, n.e.c.",Yield,1970,kg/ha,6921.6
5000,"Other tropical fruits, n.e.c.",Yield,1971,kg/ha,6950.1
5000,"Other tropical fruits, n.e.c.",Yield,1972,kg/ha,7001.9
5000,"Other tropical fruits, n.e.c.",Yield,1973,kg/ha,7176.3
5000,"Other tropical fruits, n.e.c.",Yield,1974,kg/ha,7135.8
5000,"Other tropical fruits, n.e.c.",Yield,1975,kg/ha,7089.3
5000,"Other tropical fruits, n.e.c.",Yield,1976,kg/ha,6929.7
5000,"Other tropical fruits, n.e.c.",Yield,1977,kg/ha,6927.2
5000,"Other tropical fruits, n.e.c.",Yield,1978,kg/ha,7165.2
5000,"Other tropical fruits, n.e.c.",Yield,1979,kg/ha,7311.2
5000,"Other tropical fruits, n.e.c.",Yield,1980,kg/ha,7609.0
5000,"Other tropical fruits, n.e.c.",Yield,1981,kg/ha,7619.3
5000,"Other tropical fruits, n.e.c.",Yield,1982,kg/ha,7920.0
5000,"Other tropical fruits, n.e.c.",Yield,1983,kg/ha,7800.1
5000,"Other tropical fruits, n.e.c.",Yield,1984,kg/ha,7885.5
5000,"Other tropical fruits, n.e.c.",Yield,1985,kg/ha,7321.5
5000,"Other tropical fruits, n.e.c.",Yield,1986,kg/ha,7253.6
5000,"Other tropical fruits, n.e.c.",Yield,1987,kg/ha,7107.0
5000,"Other tropical fruits, n.e.c.",Yield,1988,kg/ha,7239.3
5000,"Other tropical fruits, n.e.c.",Yield,1989,kg/ha,7335.9
5000,"Other tropical fruits, n.e.c.",Yield,1990,kg/ha,7514.6
5000,"Other tropical fruits, n.e.c.",Yield,1991,kg/ha,7405.1
5000,"Other tropical fruits, n.e.c.",Yield,1992,kg/ha,6947.3
5000,"Other tropical fruits, n.e.c.",Yield,1993,kg/ha,7055.6
5000,"Other tropical fruits, n.e.c.",Yield,1994,kg/ha,7075.1
5000,"Other tropical fruits, n.e.c.",Yield,1995,kg/ha,7582.6
5000,"Other tropical fruits, n.e.c.",Yield,1996,kg/ha,7218.0
5000,"Other tropical fruits, n.e.c.",Yield,1997,kg/ha,7017.4
5000,"Other tropical fruits, n.e.c.",Yield,1998,kg/ha,6661.6
5000,"Other tropical fruits, n.e.c.",Yield,1999,kg/ha,6845.1
5000,"Other tropical fruits, n.e.c.",Yield,2000,kg/ha,7112.5
5000,"Other tropical fruits, n.e.c.",Yield,2001,kg/ha,6658.5
5000,"Other tropical fruits, n.e.c.",Yield,2002,kg/ha,7040.6
5000,"Other tropical fruits, n.e.c.",Yield,2003,kg/ha,7080.1
5000,"Other tropical fruits, n.e.c.",Yield,2004,kg/ha,7279.0
5000,"Other tropical fruits, n.e.c.",Yield,2005,kg/ha,6924.2
5000,"Other tropical fruits, n.e.c.",Yield,2006,kg/ha,6718.6
5000,"Other tropical fruits, n.e.c.",Yield,2007,kg/ha,6770.2
5000,"Other tropical fruits, n.e.c.",Yield,2008,kg/ha,6664.4
5000,"Other tropical fruits, n.e.c.",Yield,2009,kg/ha,6880.1
5000,"Other tropical fruits, n.e.c.",Yield,2010,kg/ha,6514.1
5000,"Other tropical fruits, n.e.c.",Yield,2011,kg/ha,6175.8
5000,"Other tropical fruits, n.e.c.",Yield,2012,kg/ha,6711.3
5000,"Other tropical fruits, n.e.c.",Yield,2013,kg/ha,6719.1
5000,"Other tropical fruits, n.e.c.",Yield,2014,kg/ha,6711.3
5000,"Other tropical fruits, n.e.c.",Yield,2015,kg/ha,6582.1
5000,"Other tropical fruits, n.e.c.",Yield,2016,kg/ha,6573.4
5000,"Other tropical fruits, n.e.c.",Yield,2017,kg/ha,6611.7
5000,"Other tropical fruits, n.e.c.",Yield,2018,kg/ha,6845.3
5000,"Other tropical fruits, n.e.c.",Yield,2019,kg/ha,6835.9
5000,"Other tropical fruits, n.e.c.",Yield,2020,kg/ha,7033.5
5000,"Other tropical fruits, n.e.c.",Yield,2021,kg/ha,7172.5
5000,"Other tropical fruits, n.e.c.",Yield,2022,kg/ha,7048.5
5000,"Other tropical fruits, n.e.c.",Yield,2023,kg/ha,7166.6
5000,"Other tropical fruits, n.e.c.",Yield,2024,kg/ha,6974.4
5000,"Other vegetables, fresh n.e.c.",Yield,1961,kg/ha,8419.1
5000,"Other vegetables, fresh n.e.c.",Yield,1962,kg/ha,8288.3
5000,"Other vegetables, fresh n.e.c.",Yield,1963,kg/ha,8497.2
5000,"Other vegetables, fresh n.e.c.",Yield,1964,kg/ha,8739.7
5000,"Other vegetables, fresh n.e.c.",Yield,1965,kg/ha,8748.1
5000,"Other vegetables, fresh n.e.c.",Yield,1966,kg/ha,8904.3
5000,"Other vegetables, fresh n.e.c.",Yield,1967,kg/ha,9115.2
5000,"Other vegetables, fresh n.e.c.",Yield,1968,kg/ha,9294.4
5000,"Other vegetables, fresh n.e.c.",Yield,1969,kg/ha,9379.3
5000,"Other vegetables, fresh n.e.c.",Yield,1970,kg/ha,9199.0
5000,"Other vegetables, fresh n.e.c.",Yield,1971,kg/ha,9661.6
5000,"Other vegetables, fresh n.e.c.",Yield,1972,kg/ha,9508.3
5000,"Other vegetables, fresh n.e.c.",Yield,1973,kg/ha,9723.9
5000,"Other vegetables, fresh n.e.c.",Yield,1974,kg/ha,9792.8
5000,"Other vegetables, fresh n.e.c.",Yield,1975,kg/ha,9884.4
5000,"Other vegetables, fresh n.e.c.",Yield,1976,kg/ha,10153.2
5000,"Other vegetables, fresh n.e.c.",Yield,1977,kg/ha,10459.5
5000,"Other vegetables, fresh n.e.c.",Yield,1978,kg/ha,10542.2
5000,"Other vegetables, fresh n.e.c.",Yield,1979,kg/ha,10700.8
5000,"Other vegetables, fresh n.e.c.",Yield,1980,kg/ha,10611.7
5000,"Other vegetables, fresh n.e.c.",Yield,1981,kg/ha,11088.6
5000,"Other vegetables, fresh n.e.c.",Yield,1982,kg/ha,11218.2
5000,"Other vegetables, fresh n.e.c.",Yield,1983,kg/ha,11772.6
5000,"Other vegetables, fresh n.e.c.",Yield,1984,kg/ha,12506.7
5000,"Other vegetables, fresh n.e.c.",Yield,1985,kg/ha,11870.4
5000,"Other vegetables, fresh n.e.c.",Yield,1986,kg/ha,12895.7
5000,"Other vegetables, fresh n.e.c.",Yield,1987,kg/ha,12787.4
5000,"Other vegetables, fresh n.e.c.",Yield,1988,kg/ha,13258.9
5000,"Other vegetables, fresh n.e.c.",Yield,1989,kg/ha,13161.8
5000,"Other vegetables, fresh n.e.c.",Yield,1990,kg/ha,13530.1
5000,"Other vegetables, fresh n.e.c.",Yield,1991,kg/ha,13083.4
5000,"Other vegetables, fresh n.e.c.",Yield,1992,kg/ha,12577.3
5000,"Other vegetables, fresh n.e.c.",Yield,1993,kg/ha,13994.2
5000,"Other vegetables, fresh n.e.c.",Yield,1994,kg/ha,14172.4
5000,"Other vegetables, fresh n.e.c.",Yield,1995,kg/ha,14421.3
5000,"Other vegetables, fresh n.e.c.",Yield,1996,kg/ha,14458.9
5000,"Other vegetables, fresh n.e.c.",Yield,1997,kg/ha,13973.4
5000,"Other vegetables, fresh n.e.c.",Yield,1998,kg/ha,13657.2
5000,"Other vegetables, fresh n.e.c.",Yield,1999,kg/ha,13619.2
5000,"Other vegetables, fresh n.e.c.",Yield,2000,kg/ha,14575.5
5000,"Other vegetables, fresh n.e.c.",Yield,2001,kg/ha,14619.4
5000,"Other vegetables, fresh n.e.c.",Yield,2002,kg/ha,14455.4
5000,"Other vegetables, fresh n.e.c.",Yield,2003,kg/ha,14442.7
5000,"Other vegetables, fresh n.e.c.",Yield,2004,kg/ha,14099.6
5000,"Other vegetables, fresh n.e.c.",Yield,2005,kg/ha,14084.6
5000,"Other vegetables, fresh n.e.c.",Yield,2006,kg/ha,14366.8
5000,"Other vegetables, fresh n.e.c.",Yield,2007,kg/ha,14414.4
5000,"Other vegetables, fresh n.e.c.",Yield,2008,kg/ha,14410.7
5000,"Other vegetables, fresh n.e.c.",Yield,2009,kg/ha,13989.7
5000,"Other vegetables, fresh n.e.c.",Yield,2010,kg/ha,14117.9
5000,"Other vegetables, fresh n.e.c.",Yield,2011,kg/ha,14165.2
5000,"Other vegetables, fresh n.e.c.",Yield,2012,kg/ha,14233.9
5000,"Other vegetables, fresh n.e.c.",Yield,2013,kg/ha,14234.0
5000,"Other vegetables, fresh n.e.c.",Yield,2014,kg/ha,14179.5
5000,"Other vegetables, fresh n.e.c.",Yield,2015,kg/ha,14385.3
5000,"Other vegetables, fresh n.e.c.",Yield,2016,kg/ha,14413.5
5000,"Other vegetables, fresh n.e.c.",Yield,2017,kg/ha,14292.5
5000,"Other vegetables, fresh n.e.c.",Yield,2018,kg/ha,14105.9
5000,"Other vegetables, fresh n.e.c.",Yield,2019,kg/ha,14132.3
5000,"Other vegetables, fresh n.e.c.",Yield,2020,kg/ha,14036.4
5000,"Other vegetables, fresh n.e.c.",Yield,2021,kg/ha,14605.7
5000,"Other vegetables, fresh n.e.c.",Yield,2022,kg/ha,14328.2
5000,"Other vegetables, fresh n.e.c.",Yield,2023,kg/ha,14392.0
5000,"Other vegetables, fresh n.e.c.",Yield,2024,kg/ha,14478.1
5000,Papayas,Yield,1961,kg/ha,11584.7
5000,Papayas,Yield,1962,kg/ha,11515.3
5000,Papayas,Yield,1963,kg/ha,11753.5
5000,Papayas,Yield,1964,kg/ha,11357.0
5000,Papayas,Yield,1965,kg/ha,11965.8
5000,Papayas,Yield,1966,kg/ha,12129.5
5000,Papayas,Yield,1967,kg/ha,12193.3
5000,Papayas,Yield,1968,kg/ha,11925.3
5000,Papayas,Yield,1969,kg/ha,11802.3
5000,Papayas,Yield,1970,kg/ha,11710.1
5000,Papayas,Yield,1971,kg/ha,11845.9
5000,Papayas,Yield,1972,kg/ha,11591.0
5000,Papayas,Yield,1973,kg/ha,11675.5
5000,Papayas,Yield,1974,kg/ha,10910.4
5000,Papayas,Yield,1975,kg/ha,11542.4
5000,Papayas,Yield,1976,kg/ha,12362.0
5000,Papayas,Yield,1977,kg/ha,13451.8
5000,Papayas,Yield,1978,kg/ha,12992.6
5000,Papayas,Yield,1979,kg/ha,13015.6
5000,Papayas,Yield,1980,kg/ha,12640.9
5000,Papayas,Yield,1981,kg/ha,12143.9
5000,Papayas,Yield,1982,kg/ha,12268.9
5000,Papayas,Yield,1983,kg/ha,12962.1
5000,Papayas,Yield,1984,kg/ha,14556.7
5000,Papayas,Yield,1985,kg/ha,14296.7
5000,Papayas,Yield,1986,kg/ha,15017.6
5000,Papayas,Yield,1987,kg/ha,14230.6
5000,Papayas,Yield,1988,kg/ha,15097.0
5000,Papayas,Yield,1989,kg/ha,13830.6
5000,Papayas,Yield,1990,kg/ha,13954.0
5000,Papayas,Yield,1991,kg/ha,15827.8
5000,Papayas,Yield,1992,kg/ha,17030.6
5000,Papayas,Yield,1993,kg/ha,18095.9
5000,Papayas,Yield,1994,kg/ha,18128.6
5000,Papayas,Yield,1995,kg/ha,18905.0
5000,Papayas,Yield,1996,kg/ha,17445.0
5000,Papayas,Yield,1997,kg/ha,19203.5
5000,Papayas,Yield,1998,kg/ha,19308.9
5000,Papayas,Yield,1999,kg/ha,20216.7
5000,Papayas,Yield,2000,kg/ha,20723.5
5000,Papayas,Yield,2001,kg/ha,24159.6
5000,Papayas,Yield,2002,kg/ha,23880.6
5000,Papayas,Yield,2003,kg/ha,23370.9
5000,Papayas,Yield,2004,kg/ha,24648.3
5000,Papayas,Yield,2005,kg/ha,22799.3
5000,Papayas,Yield,2006,kg/ha,26106.0
5000,Papayas,Yield,2007,kg/ha,26487.7
5000,Papayas,Yield,2008,kg/ha,26430.0
5000,Papayas,Yield,2009,kg/ha,27752.3
5000,Papayas,Yield,2010,kg/ha,27402.5
5000,Papayas,Yield,2011,kg/ha,28264.8
5000,Papayas,Yield,2012,kg/ha,29243.5
5000,Papayas,Yield,2013,kg/ha,29753.2
5000,Papayas,Yield,2014,kg/ha,30256.4
5000,Papayas,Yield,2015,kg/ha,30183.2
5000,Papayas,Yield,2016,kg/ha,29521.7
5000,Papayas,Yield,2017,kg/ha,29903.0
5000,Papayas,Yield,2018,kg/ha,29825.2
5000,Papayas,Yield,2019,kg/ha,30266.1
5000,Papayas,Yield,2020,kg/ha,29385.4
5000,Papayas,Yield,2021,kg/ha,30508.0
5000,Papayas,Yield,2022,kg/ha,30210.4
5000,Papayas,Yield,2023,kg/ha,30670.0
5000,Papayas,Yield,2024,kg/ha,31325.6
5000,Peaches and nectarines,Yield,1961,kg/ha,9423.4
5000,Peaches and nectarines,Yield,1962,kg/ha,9080.1
5000,Peaches and nectarines,Yield,1963,kg/ha,9857.5
5000,Peaches and nectarines,Yield,1964,kg/ha,9892.6
5000,Peaches and nectarines,Yield,1965,kg/ha,9814.0
5000,Peaches and nectarines,Yield,1966,kg/ha,9131.3
5000,Peaches and nectarines,Yield,1967,kg/ha,8831.4
5000,Peaches and nectarines,Yield,1968,kg/ha,10031.9
5000,Peaches and nectarines,Yield,1969,kg/ha,9567.9
5000,Peaches and nectarines,Yield,1970,kg/ha,9235.2
5000,Peaches and nectarines,Yield,1971,kg/ha,9387.4
5000,Peaches and nectarines,Yield,1972,kg/ha,9296.5
5000,Peaches and nectarines,Yield,1973,kg/ha,9461.7
5000,Peaches and nectarines,Yield,1974,kg/ha,9691.5
5000,Peaches and nectarines,Yield,1975,kg/ha,8781.6
5000,Peaches and nectarines,Yield,1976,kg/ha,10376.1
5000,Peaches and nectarines,Yield,1977,kg/ha,9104.8
5000,Peaches and nectarines,Yield,1978,kg/ha,9625.0
5000,Peaches and nectarines,Yield,1979,kg/ha,10627.3
5000,Peaches and nectarines,Yield,1980,kg/ha,9987.9
5000,Peaches and nectarines,Yield,1981,kg/ha,10202.7
5000,Peaches and nectarines,Yield,1982,kg/ha,9802.9
5000,Peaches and nectarines,Yield,1983,kg/ha,9781.0
5000,Peaches and nectarines,Yield,1984,kg/ha,9954.1
5000,Peaches and nectarines,Yield,1985,kg/ha,7781.3
5000,Peaches and nectarines,Yield,1986,kg/ha,7479.5
5000,Peaches and nectarines,Yield,1987,kg/ha,7214.7
5000,Peaches and nectarines,Yield,1988,kg/ha,6542.4
5000,Peaches and nectarines,Yield,1989,kg/ha,6276.0
5000,Peaches and nectarines,Yield,1990,kg/ha,7060.6
5000,Peaches and nectarines,Yield,1991,kg/ha,7046.6
5000,Peaches and nectarines,Yield,1992,kg/ha,7851.6
5000,Peaches and nectarines,Yield,1993,kg/ha,7817.6
5000,Peaches and nectarines,Yield,1994,kg/ha,8164.6
5000,Peaches and nectarines,Yield,1995,kg/ha,7909.2
5000,Peaches and nectarines,Yield,1996,kg/ha,8908.6
5000,Peaches and nectarines,Yield,1997,kg/ha,8847.4
5000,Peaches and nectarines,Yield,1998,kg/ha,9304.9
5000,Peaches and nectarines,Yield,1999,kg/ha,10396.4
5000,Peaches and nectarines,Yield,2000,kg/ha,10403.0
5000,Peaches and nectarines,Yield,2001,kg/ha,11136.5
5000,Peaches and nectarines,Yield,2002,kg/ha,10913.4
5000,Peaches and nectarines,Yield,2003,kg/ha,10713.0
5000,Peaches and nectarines,Yield,2004,kg/ha,11247.1
5000,Peaches and nectarines,Yield,2005,kg/ha,12011.4
5000,Peaches and nectarines,Yield,2006,kg/ha,12194.0
5000,Peaches and nectarines,Yield,2007,kg/ha,12751.1
5000,Peaches and nectarines,Yield,2008,kg/ha,13198.7
5000,Peaches and nectarines,Yield,2009,kg/ha,13428.2
5000,Peaches and nectarines,Yield,2010,kg/ha,13435.4
5000,Peaches and nectarines,Yield,2011,kg/ha,13811.9
5000,Peaches and nectarines,Yield,2012,kg/ha,13870.4
5000,Peaches and nectarines,Yield,2013,kg/ha,14026.7
5000,Peaches and nectarines,Yield,2014,kg/ha,14788.4
5000,Peaches and nectarines,Yield,2015,kg/ha,14739.9
5000,Peaches and nectarines,Yield,2016,kg/ha,15060.5
5000,Peaches and nectarines,Yield,2017,kg/ha,15837.9
5000,Peaches and nectarines,Yield,2018,kg/ha,15922.9
5000,Peaches and nectarines,Yield,2019,kg/ha,16360.4
5000,Peaches and nectarines,Yield,2020,kg/ha,16171.1
5000,Peaches and nectarines,Yield,2021,kg/ha,16433.8
5000,Peaches and nectarines,Yield,2022,kg/ha,16897.9
5000,Peaches and nectarines,Yield,2023,kg/ha,17263.1
5000,Peaches and nectarines,Yield,2024,kg/ha,17835.5
5000,Pears,Yield,1961,kg/ha,10432.8
5000,Pears,Yield,1962,kg/ha,11655.4
5000,Pears,Yield,1963,kg/ha,10520.1
5000,Pears,Yield,1964,kg/ha,11706.8
5000,Pears,Yield,1965,kg/ha,9470.6
5000,Pears,Yield,1966,kg/ha,11625.8
5000,Pears,Yield,1967,kg/ha,10495.3
5000,Pears,Yield,1968,kg/ha,12724.6
5000,Pears,Yield,1969,kg/ha,11706.3
5000,Pears,Yield,1970,kg/ha,11821.2
5000,Pears,Yield,1971,kg/ha,10941.8
5000,Pears,Yield,1972,kg/ha,10066.2
5000,Pears,Yield,1973,kg/ha,10533.6
5000,Pears,Yield,1974,kg/ha,9820.9
5000,Pears,Yield,1975,kg/ha,9792.6
5000,Pears,Yield,1976,kg/ha,11110.9
5000,Pears,Yield,1977,kg/ha,9744.4
5000,Pears,Yield,1978,kg/ha,10497.2
5000,Pears,Yield,1979,kg/ha,10603.3
5000,Pears,Yield,1980,kg/ha,10665.2
5000,Pears,Yield,1981,kg/ha,11025.0
5000,Pears,Yield,1982,kg/ha,11924.7
5000,Pears,Yield,1983,kg/ha,12157.9
5000,Pears,Yield,1984,kg/ha,12001.0
5000,Pears,Yield,1985,kg/ha,9623.6
5000,Pears,Yield,1986,kg/ha,9591.3
5000,Pears,Yield,1987,kg/ha,8469.7
5000,Pears,Yield,1988,kg/ha,9327.4
5000,Pears,Yield,1989,kg/ha,8901.4
5000,Pears,Yield,1990,kg/ha,8703.5
5000,Pears,Yield,1991,kg/ha,8364.9
5000,Pears,Yield,1992,kg/ha,9399.6
5000,Pears,Yield,1993,kg/ha,8994.6
5000,Pears,Yield,1994,kg/ha,8603.2
5000,Pears,Yield,1995,kg/ha,8783.4
5000,Pears,Yield,1996,kg/ha,8983.3
5000,Pears,Yield,1997,kg/ha,7528.6
5000,Pears,Yield,1998,kg/ha,10268.7
5000,Pears,Yield,1999,kg/ha,10223.8
5000,Pears,Yield,2000,kg/ha,10544.5
5000,Pears,Yield,2001,kg/ha,10673.2
5000,Pears,Yield,2002,kg/ha,10967.9
5000,Pears,Yield,2003,kg/ha,11261.3
5000,Pears,Yield,2004,kg/ha,11676.7
5000,Pears,Yield,2005,kg/ha,12019.0
5000,Pears,Yield,2006,kg/ha,12565.1
5000,Pears,Yield,2007,kg/ha,13363.7
5000,Pears,Yield,2008,kg/ha,13552.5
5000,Pears,Yield,2009,kg/ha,14483.5
5000,Pears,Yield,2010,kg/ha,14641.8
5000,Pears,Yield,2011,kg/ha,15323.0
5000,Pears,Yield,2012,kg/ha,15576.6
5000,Pears,Yield,2013,kg/ha,16013.2
5000,Pears,Yield,2014,kg/ha,16495.4
5000,Pears,Yield,2015,kg/ha,15449.3
5000,Pears,Yield,2016,kg/ha,16580.2
5000,Pears,Yield,2017,kg/ha,17643.1
5000,Pears,Yield,2018,kg/ha,17260.4
5000,Pears,Yield,2019,kg/ha,17631.6
5000,Pears,Yield,2020,kg/ha,18570.8
5000,Pears,Yield,2021,kg/ha,19209.6
5000,Pears,Yield,2022,kg/ha,19787.7
5000,Pears,Yield,2023,kg/ha,19981.9
5000,Pears,Yield,2024,kg/ha,20332.4
5000,"Peas, dry",Yield,1961,kg/ha,973.0
5000,"Peas, dry",Yield,1962,kg/ha,1095.1
5000,"Peas, dry",Yield,1963,kg/ha,862.7
5000,"Peas, dry",Yield,1964,kg/ha,1000.0
5000,"Peas, dry",Yield,1965,kg/ha,1017.1
5000,"Peas, dry",Yield,1966,kg/ha,1033.7
5000,"Peas, dry",Yield,1967,kg/ha,1009.1
5000,"Peas, dry",Yield,1968,kg/ha,1106.4
5000,"Peas, dry",Yield,1969,kg/ha,1168.2
5000,"Peas, dry",Yield,1970,kg/ha,1171.2
5000,"Peas, dry",Yield,1971,kg/ha,1153.2
5000,"Peas, dry",Yield,1972,kg/ha,1057.3
5000,"Peas, dry",Yield,1973,kg/ha,1121.6
5000,"Peas, dry",Yield,1974,kg/ha,1221.7
5000,"Peas, dry",Yield,1975,kg/ha,978.9
5000,"Peas, dry",Yield,1976,kg/ha,1361.2
5000,"Peas, dry",Yield,1977,kg/ha,1156.7
5000,"Peas, dry",Yield,1978,kg/ha,1404.5
5000,"Peas, dry",Yield,1979,kg/ha,989.7
5000,"Peas, dry",Yield,1980,kg/ha,1331.6
5000,"Peas, dry",Yield,1981,kg/ha,977.0
5000,"Peas, dry",Yield,1982,kg/ha,1289.4
5000,"Peas, dry",Yield,1983,kg/ha,1318.2
5000,"Peas, dry",Yield,1984,kg/ha,1304.6
5000,"Peas, dry",Yield,1985,kg/ha,1378.2
5000,"Peas, dry",Yield,1986,kg/ha,1274.9
5000,"Peas, dry",Yield,1987,kg/ha,1539.2
5000,"Peas, dry",Yield,1988,kg/ha,1548.9
5000,"Peas, dry",Yield,1989,kg/ha,1641.9
5000,"Peas, dry",Yield,1990,kg/ha,1911.6
5000,"Peas, dry",Yield,1991,kg/ha,1534.7
5000,"Peas, dry",Yield,1992,kg/ha,1870.9
5000,"Peas, dry",Yield,1993,kg/ha,2004.1
5000,"Peas, dry",Yield,1994,kg/ha,1873.1
5000,"Peas, dry",Yield,1995,kg/ha,1609.0
5000,"Peas, dry",Yield,1996,kg/ha,1703.2
5000,"Peas, dry",Yield,1997,kg/ha,1872.4
5000,"Peas, dry",Yield,1998,kg/ha,1901.1
5000,"Peas, dry",Yield,1999,kg/ha,1846.0
5000,"Peas, dry",Yield,2000,kg/ha,1783.7
5000,"Peas, dry",Yield,2001,kg/ha,1502.2
5000,"Peas, dry",Yield,2002,kg/ha,1602.5
5000,"Peas, dry",Yield,2003,kg/ha,1613.3
5000,"Peas, dry",Yield,2004,kg/ha,1856.2
5000,"Peas, dry",Yield,2005,kg/ha,1727.0
5000,"Peas, dry",Yield,2006,kg/ha,1541.2
5000,"Peas, dry",Yield,2007,kg/ha,1464.7
5000,"Peas, dry",Yield,2008,kg/ha,1612.2
5000,"Peas, dry",Yield,2009,kg/ha,1624.0
5000,"Peas, dry",Yield,2010,kg/ha,1578.0
5000,"Peas, dry",Yield,2011,kg/ha,1666.9
5000,"Peas, dry",Yield,2012,kg/ha,1585.4
5000,"Peas, dry",Yield,2013,kg/ha,1756.7
5000,"Peas, dry",Yield,2014,kg/ha,1712.3
5000,"Peas, dry",Yield,2015,kg/ha,1730.0
5000,"Peas, dry",Yield,2016,kg/ha,1995.8
5000,"Peas, dry",Yield,2017,kg/ha,2010.0
5000,"Peas, dry",Yield,2018,kg/ha,1789.5
5000,"Peas, dry",Yield,2019,kg/ha,1953.4
5000,"Peas, dry",Yield,2020,kg/ha,2022.4
5000,"Peas, dry",Yield,2021,kg/ha,1724.3
5000,"Peas, dry",Yield,2022,kg/ha,1967.2
5000,"Peas, dry",Yield,2023,kg/ha,1849.3
5000,"Peas, dry",Yield,2024,kg/ha,1924.0
5000,"Peas, green",Yield,1961,kg/ha,5804.4
5000,"Peas, green",Yield,1962,kg/ha,5907.1
5000,"Peas, green",Yield,1963,kg/ha,5744.7
5000,"Peas, green",Yield,1964,kg/ha,5746.9
5000,"Peas, green",Yield,1965,kg/ha,5858.6
5000,"Peas, green",Yield,1966,kg/ha,5837.4
5000,"Peas, green",Yield,1967,kg/ha,6211.9
5000,"Peas, green",Yield,1968,kg/ha,6093.2
5000,"Peas, green",Yield,1969,kg/ha,6222.3
5000,"Peas, green",Yield,1970,kg/ha,6172.5
5000,"Peas, green",Yield,1971,kg/ha,6419.0
5000,"Peas, green",Yield,1972,kg/ha,6319.2
5000,"Peas, green",Yield,1973,kg/ha,6476.8
5000,"Peas, green",Yield,1974,kg/ha,6950.1
5000,"Peas, green",Yield,1975,kg/ha,6540.6
5000,"Peas, green",Yield,1976,kg/ha,6084.2
5000,"Peas, green",Yield,1977,kg/ha,6736.2
5000,"Peas, green",Yield,1978,kg/ha,6532.4
5000,"Peas, green",Yield,1979,kg/ha,6851.2
5000,"Peas, green",Yield,1980,kg/ha,6724.2
5000,"Peas, green",Yield,1981,kg/ha,7018.0
5000,"Peas, green",Yield,1982,kg/ha,7363.7
5000,"Peas, green",Yield,1983,kg/ha,6890.0
5000,"Peas, green",Yield,1984,kg/ha,7421.8
5000,"Peas, green",Yield,1985,kg/ha,7386.2
5000,"Peas, green",Yield,1986,kg/ha,7217.5
5000,"Peas, green",Yield,1987,kg/ha,7016.3
5000,"Peas, green",Yield,1988,kg/ha,6992.9
5000,"Peas, green",Yield,1989,kg/ha,7659.4
5000,"Peas, green",Yield,1990,kg/ha,7704.0
5000,"Peas, green",Yield,1991,kg/ha,7524.2
5000,"Peas, green",Yield,1992,kg/ha,8007.1
5000,"Peas, green",Yield,1993,kg/ha,7958.8
5000,"Peas, green",Yield,1994,kg/ha,7876.2
5000,"Peas, green",Yield,1995,kg/ha,7622.3
5000,"Peas, green",Yield,1996,kg/ha,7560.1
5000,"Peas, green",Yield,1997,kg/ha,7556.9
5000,"Peas, green",Yield,1998,kg/ha,7505.9
5000,"Peas, green",Yield,1999,kg/ha,7560.0
5000,"Peas, green",Yield,2000,kg/ha,7862.8
5000,"Peas, green",Yield,2001,kg/ha,7706.5
5000,"Peas, green",Yield,2002,kg/ha,7161.6
5000,"Peas, green",Yield,2003,kg/ha,7143.5
5000,"Peas, green",Yield,2004,kg/ha,7330.7
5000,"Peas, green",Yield,2005,kg/ha,7188.1
5000,"Peas, green",Yield,2006,kg/ha,7556.7
5000,"Peas, green",Yield,2007,kg/ha,7384.1
5000,"Peas, green",Yield,2008,kg/ha,7345.3
5000,"Peas, green",Yield,2009,kg/ha,7457.1
5000,"Peas, green",Yield,2010,kg/ha,7376.2
5000,"Peas, green",Yield,2011,kg/ha,7645.1
5000,"Peas, green",Yield,2012,kg/ha,7533.2
5000,"Peas, green",Yield,2013,kg/ha,7687.6
5000,"Peas, green",Yield,2014,kg/ha,7499.4
5000,"Peas, green",Yield,2015,kg/ha,7784.6
5000,"Peas, green",Yield,2016,kg/ha,7755.8
5000,"Peas, green",Yield,2017,kg/ha,7840.4
5000,"Peas, green",Yield,2018,kg/ha,7794.9
5000,"Peas, green",Yield,2019,kg/ha,7838.2
5000,"Peas, green",Yield,2020,kg/ha,7886.3
5000,"Peas, green",Yield,2021,kg/ha,7932.1
5000,"Peas, green",Yield,2022,kg/ha,7965.4
5000,"Peas, green",Yield,2023,kg/ha,8098.0
5000,"Peas, green",Yield,2024,kg/ha,8135.6
5000,"Pepper (Piper spp.), raw",Yield,1961,kg/ha,465.5
5000,"Pepper (Piper spp.), raw",Yield,1962,kg/ha,649.5
5000,"Pepper (Piper spp.), raw",Yield,1963,kg/ha,666.4
5000,"Pepper (Piper spp.), raw",Yield,1964,kg/ha,593.2
5000,"Pepper (Piper spp.), raw",Yield,1965,kg/ha,460.7
5000,"Pepper (Piper spp.), raw",Yield,1966,kg/ha,513.7
5000,"Pepper (Piper spp.), raw",Yield,1967,kg/ha,466.7
5000,"Pepper (Piper spp.), raw",Yield,1968,kg/ha,627.5
5000,"Pepper (Piper spp.), raw",Yield,1969,kg/ha,520.9
5000,"Pepper (Piper spp.), raw",Yield,1970,kg/ha,527.5
5000,"Pepper (Piper spp.), raw",Yield,1971,kg/ha,545.1
5000,"Pepper (Piper spp.), raw",Yield,1972,kg/ha,576.6
5000,"Pepper (Piper spp.), raw",Yield,1973,kg/ha,597.3
5000,"Pepper (Piper spp.), raw",Yield,1974,kg/ha,628.8
5000,"Pepper (Piper spp.), raw",Yield,1975,kg/ha,630.6
5000,"Pepper (Piper spp.), raw",Yield,1976,kg/ha,751.8
5000,"Pepper (Piper spp.), raw",Yield,1977,kg/ha,728.4
5000,"Pepper (Piper spp.), raw",Yield,1978,kg/ha,866.0
5000,"Pepper (Piper spp.), raw",Yield,1979,kg/ha,749.0
5000,"Pepper (Piper spp.), raw",Yield,1980,kg/ha,782.7
5000,"Pepper (Piper spp.), raw",Yield,1981,kg/ha,690.0
5000,"Pepper (Piper spp.), raw",Yield,1982,kg/ha,716.2
5000,"Pepper (Piper spp.), raw",Yield,1983,kg/ha,652.1
5000,"Pepper (Piper spp.), raw",Yield,1984,kg/ha,666.5
5000,"Pepper (Piper spp.), raw",Yield,1985,kg/ha,622.5
5000,"Pepper (Piper spp.), raw",Yield,1986,kg/ha,674.0
5000,"Pepper (Piper spp.), raw",Yield,1987,kg/ha,643.1
5000,"Pepper (Piper spp.), raw",Yield,1988,kg/ha,736.3
5000,"Pepper (Piper spp.), raw",Yield,1989,kg/ha,740.2
5000,"Pepper (Piper spp.), raw",Yield,1990,kg/ha,812.1
5000,"Pepper (Piper spp.), raw",Yield,1991,kg/ha,793.5
5000,"Pepper (Piper spp.), raw",Yield,1992,kg/ha,675.3
5000,"Pepper (Piper spp.), raw",Yield,1993,kg/ha,658.5
5000,"Pepper (Piper spp.), raw",Yield,1994,kg/ha,626.6
5000,"Pepper (Piper spp.), raw",Yield,1995,kg/ha,663.5
5000,"Pepper (Piper spp.), raw",Yield,1996,kg/ha,637.5
5000,"Pepper (Piper spp.), raw",Yield,1997,kg/ha,669.7
5000,"Pepper (Piper spp.), raw",Yield,1998,kg/ha,700.8
5000,"Pepper (Piper spp.), raw",Yield,1999,kg/ha,699.4
5000,"Pepper (Piper spp.), raw",Yield,2000,kg/ha,761.8
5000,"Pepper (Piper spp.), raw",Yield,2001,kg/ha,780.1
5000,"Pepper (Piper spp.), raw",Yield,2002,kg/ha,817.6
5000,"Pepper (Piper spp.), raw",Yield,2003,kg/ha,825.3
5000,"Pepper (Piper spp.), raw",Yield,2004,kg/ha,809.3
5000,"Pepper (Piper spp.), raw",Yield,2005,kg/ha,866.6
5000,"Pepper (Piper spp.), raw",Yield,2006,kg/ha,744.8
5000,"Pepper (Piper spp.), raw",Yield,2007,kg/ha,755.5
5000,"Pepper (Piper spp.), raw",Yield,2008,kg/ha,799.8
5000,"Pepper (Piper spp.), raw",Yield,2009,kg/ha,760.8
5000,"Pepper (Piper spp.), raw",Yield,2010,kg/ha,758.3
5000,"Pepper (Piper spp.), raw",Yield,2011,kg/ha,792.9
5000,"Pepper (Piper spp.), raw",Yield,2012,kg/ha,760.6
5000,"Pepper (Piper spp.), raw",Yield,2013,kg/ha,924.8
5000,"Pepper (Piper spp.), raw",Yield,2014,kg/ha,966.0
5000,"Pepper (Piper spp.), raw",Yield,2015,kg/ha,1013.4
5000,"Pepper (Piper spp.), raw",Yield,2016,kg/ha,1042.3
5000,"Pepper (Piper spp.), raw",Yield,2017,kg/ha,1149.9
5000,"Pepper (Piper spp.), raw",Yield,2018,kg/ha,1222.7
5000,"Pepper (Piper spp.), raw",Yield,2019,kg/ha,1159.8
5000,"Pepper (Piper spp.), raw",Yield,2020,kg/ha,1091.7
5000,"Pepper (Piper spp.), raw",Yield,2021,kg/ha,1103.9
5000,"Pepper (Piper spp.), raw",Yield,2022,kg/ha,1085.4
5000,"Pepper (Piper spp.), raw",Yield,2023,kg/ha,1079.9
5000,"Pepper (Piper spp.), raw",Yield,2024,kg/ha,1088.2
5000,"Peppermint, spearmint",Yield,1961,kg/ha,8297.6
5000,"Peppermint, spearmint",Yield,1962,kg/ha,8708.3
5000,"Peppermint, spearmint",Yield,1963,kg/ha,8983.8
5000,"Peppermint, spearmint",Yield,1964,kg/ha,10966.8
5000,"Peppermint, spearmint",Yield,1965,kg/ha,16615.8
5000,"Peppermint, spearmint",Yield,1966,kg/ha,17111.5
5000,"Peppermint, spearmint",Yield,1967,kg/ha,13586.3
5000,"Peppermint, spearmint",Yield,1968,kg/ha,16322.1
5000,"Peppermint, spearmint",Yield,1969,kg/ha,15745.7
5000,"Peppermint, spearmint",Yield,1970,kg/ha,16984.9
5000,"Peppermint, spearmint",Yield,1971,kg/ha,13757.3
5000,"Peppermint, spearmint",Yield,1972,kg/ha,9632.8
5000,"Peppermint, spearmint",Yield,1973,kg/ha,9444.1
5000,"Peppermint, spearmint",Yield,1974,kg/ha,8897.3
5000,"Peppermint, spearmint",Yield,1975,kg/ha,8687.5
5000,"Peppermint, spearmint",Yield,1976,kg/ha,10181.5
5000,"Peppermint, spearmint",Yield,1977,kg/ha,12020.0
5000,"Peppermint, spearmint",Yield,1978,kg/ha,11588.9
5000,"Peppermint, spearmint",Yield,1979,kg/ha,13636.6
5000,"Peppermint, spearmint",Yield,1980,kg/ha,16227.4
5000,"Peppermint, spearmint",Yield,1981,kg/ha,13546.5
5000,"Peppermint, spearmint",Yield,1982,kg/ha,16679.8
5000,"Peppermint, spearmint",Yield,1983,kg/ha,20613.6
5000,"Peppermint, spearmint",Yield,1984,kg/ha,24911.7
5000,"Peppermint, spearmint",Yield,1985,kg/ha,19560.6
5000,"Peppermint, spearmint",Yield,1986,kg/ha,17678.2
5000,"Peppermint, spearmint",Yield,1987,kg/ha,22653.3
5000,"Peppermint, spearmint",Yield,1988,kg/ha,23542.7
5000,"Peppermint, spearmint",Yield,1989,kg/ha,23925.9
5000,"Peppermint, spearmint",Yield,1990,kg/ha,26748.1
5000,"Peppermint, spearmint",Yield,1991,kg/ha,20918.6
5000,"Peppermint, spearmint",Yield,1992,kg/ha,21762.7
5000,"Peppermint, spearmint",Yield,1993,kg/ha,21931.8
5000,"Peppermint, spearmint",Yield,1994,kg/ha,22496.7
5000,"Peppermint, spearmint",Yield,1995,kg/ha,22638.1
5000,"Peppermint, spearmint",Yield,1996,kg/ha,23343.1
5000,"Peppermint, spearmint",Yield,1997,kg/ha,20944.6
5000,"Peppermint, spearmint",Yield,1998,kg/ha,22744.1
5000,"Peppermint, spearmint",Yield,1999,kg/ha,31695.2
5000,"Peppermint, spearmint",Yield,2000,kg/ha,20966.8
5000,"Peppermint, spearmint",Yield,2001,kg/ha,15384.9
5000,"Peppermint, spearmint",Yield,2002,kg/ha,20003.3
5000,"Peppermint, spearmint",Yield,2003,kg/ha,26324.6
5000,"Peppermint, spearmint",Yield,2004,kg/ha,20422.2
5000,"Peppermint, spearmint",Yield,2005,kg/ha,19577.9
5000,"Peppermint, spearmint",Yield,2006,kg/ha,24460.1
5000,"Peppermint, spearmint",Yield,2007,kg/ha,21914.9
5000,"Peppermint, spearmint",Yield,2008,kg/ha,21465.7
5000,"Peppermint, spearmint",Yield,2009,kg/ha,18954.8
5000,"Peppermint, spearmint",Yield,2010,kg/ha,25753.8
5000,"Peppermint, spearmint",Yield,2011,kg/ha,23384.8
5000,"Peppermint, spearmint",Yield,2012,kg/ha,24024.5
5000,"Peppermint, spearmint",Yield,2013,kg/ha,23522.8
5000,"Peppermint, spearmint",Yield,2014,kg/ha,23839.2
5000,"Peppermint, spearmint",Yield,2015,kg/ha,29605.7
5000,"Peppermint, spearmint",Yield,2016,kg/ha,28113.4
5000,"Peppermint, spearmint",Yield,2017,kg/ha,24151.4
5000,"Peppermint, spearmint",Yield,2018,kg/ha,28125.1
5000,"Peppermint, spearmint",Yield,2019,kg/ha,23639.7
5000,"Peppermint, spearmint",Yield,2020,kg/ha,16076.1
5000,"Peppermint, spearmint",Yield,2021,kg/ha,18340.3
5000,"Peppermint, spearmint",Yield,2022,kg/ha,31722.5
5000,"Peppermint, spearmint",Yield,2023,kg/ha,16881.4
5000,"Peppermint, spearmint",Yield,2024,kg/ha,19097.5
5000,Persimmons,Yield,1961,kg/ha,8090.1
5000,Persimmons,Yield,1962,kg/ha,6834.0
5000,Persimmons,Yield,1963,kg/ha,7555.5
5000,Persimmons,Yield,1964,kg/ha,7515.4
5000,Persimmons,Yield,1965,kg/ha,6592.4
5000,Persimmons,Yield,1966,kg/ha,5740.2
5000,Persimmons,Yield,1967,kg/ha,5955.7
5000,Persimmons,Yield,1968,kg/ha,5134.0
5000,Persimmons,Yield,1969,kg/ha,5848.0
5000,Persimmons,Yield,1970,kg/ha,4833.4
5000,Persimmons,Yield,1971,kg/ha,4382.7
5000,Persimmons,Yield,1972,kg/ha,4995.5
5000,Persimmons,Yield,1973,kg/ha,5907.2
5000,Persimmons,Yield,1974,kg/ha,4733.4
5000,Persimmons,Yield,1975,kg/ha,4831.4
5000,Persimmons,Yield,1976,kg/ha,4536.1
5000,Persimmons,Yield,1977,kg/ha,4628.4
5000,Persimmons,Yield,1978,kg/ha,5361.2
5000,Persimmons,Yield,1979,kg/ha,6358.5
5000,Persimmons,Yield,1980,kg/ha,6269.4
5000,Persimmons,Yield,1981,kg/ha,5729.8
5000,Persimmons,Yield,1982,kg/ha,5337.1
5000,Persimmons,Yield,1983,kg/ha,5577.2
5000,Persimmons,Yield,1984,kg/ha,4839.2
5000,Persimmons,Yield,1985,kg/ha,4961.9
5000,Persimmons,Yield,1986,kg/ha,5104.4
5000,Persimmons,Yield,1987,kg/ha,5035.3
5000,Persimmons,Yield,1988,kg/ha,4987.7
5000,Persimmons,Yield,1989,kg/ha,4951.8
5000,Persimmons,Yield,1990,kg/ha,5382.8
5000,Persimmons,Yield,1991,kg/ha,5726.8
5000,Persimmons,Yield,1992,kg/ha,5682.2
5000,Persimmons,Yield,1993,kg/ha,4975.3
5000,Persimmons,Yield,1994,kg/ha,4892.4
5000,Persimmons,Yield,1995,kg/ha,4753.3
5000,Persimmons,Yield,1996,kg/ha,4776.0
5000,Persimmons,Yield,1997,kg/ha,4878.4
5000,Persimmons,Yield,1998,kg/ha,4789.9
5000,Persimmons,Yield,1999,kg/ha,4793.7
5000,Persimmons,Yield,2000,kg/ha,4421.2
5000,Persimmons,Yield,2001,kg/ha,4452.5
5000,Persimmons,Yield,2002,kg/ha,4387.2
5000,Persimmons,Yield,2003,kg/ha,4125.0
5000,Persimmons,Yield,2004,kg/ha,4316.0
5000,Persimmons,Yield,2005,kg/ha,4720.3
5000,Persimmons,Yield,2006,kg/ha,4728.5
5000,Persimmons,Yield,2007,kg/ha,4949.1
5000,Persimmons,Yield,2008,kg/ha,4955.5
5000,Persimmons,Yield,2009,kg/ha,4710.1
5000,Persimmons,Yield,2010,kg/ha,4665.0
5000,Persimmons,Yield,2011,kg/ha,4482.4
5000,Persimmons,Yield,2012,kg/ha,4643.2
5000,Persimmons,Yield,2013,kg/ha,4527.3
5000,Persimmons,Yield,2014,kg/ha,4711.3
5000,Persimmons,Yield,2015,kg/ha,4668.3
5000,Persimmons,Yield,2016,kg/ha,4698.6
5000,Persimmons,Yield,2017,kg/ha,4835.0
5000,Persimmons,Yield,2018,kg/ha,4403.4
5000,Persimmons,Yield,2019,kg/ha,4322.0
5000,Persimmons,Yield,2020,kg/ha,4200.2
5000,Persimmons,Yield,2021,kg/ha,4211.2
5000,Persimmons,Yield,2022,kg/ha,4199.8
5000,Persimmons,Yield,2023,kg/ha,4128.5
5000,Persimmons,Yield,2024,kg/ha,4138.2
5000,"Pigeon peas, dry",Yield,1961,kg/ha,816.9
5000,"Pigeon peas, dry",Yield,1962,kg/ha,560.3
5000,"Pigeon peas, dry",Yield,1963,kg/ha,636.9
5000,"Pigeon peas, dry",Yield,1964,kg/ha,549.4
5000,"Pigeon peas, dry",Yield,1965,kg/ha,711.3
5000,"Pigeon peas, dry",Yield,1966,kg/ha,659.6
5000,"Pigeon peas, dry",Yield,1967,kg/ha,458.6
5000,"Pigeon peas, dry",Yield,1968,kg/ha,640.7
5000,"Pigeon peas, dry",Yield,1969,kg/ha,704.8
5000,"Pigeon peas, dry",Yield,1970,kg/ha,681.3
5000,"Pigeon peas, dry",Yield,1971,kg/ha,696.2
5000,"Pigeon peas, dry",Yield,1972,kg/ha,696.7
5000,"Pigeon peas, dry",Yield,1973,kg/ha,769.3
5000,"Pigeon peas, dry",Yield,1974,kg/ha,539.9
5000,"Pigeon peas, dry",Yield,1975,kg/ha,710.8
5000,"Pigeon peas, dry",Yield,1976,kg/ha,761.3
5000,"Pigeon peas, dry",Yield,1977,kg/ha,661.9
5000,"Pigeon peas, dry",Yield,1978,kg/ha,719.2
5000,"Pigeon peas, dry",Yield,1979,kg/ha,702.3
5000,"Pigeon peas, dry",Yield,1980,kg/ha,646.1
5000,"Pigeon peas, dry",Yield,1981,kg/ha,678.9
5000,"Pigeon peas, dry",Yield,1982,kg/ha,732.3
5000,"Pigeon peas, dry",Yield,1983,kg/ha,674.5
5000,"Pigeon peas, dry",Yield,1984,kg/ha,778.9
5000,"Pigeon peas, dry",Yield,1985,kg/ha,798.1
5000,"Pigeon peas, dry",Yield,1986,kg/ha,751.3
5000,"Pigeon peas, dry",Yield,1987,kg/ha,715.9
5000,"Pigeon peas, dry",Yield,1988,kg/ha,684.3
5000,"Pigeon peas, dry",Yield,1989,kg/ha,750.0
5000,"Pigeon peas, dry",Yield,1990,kg/ha,750.2
5000,"Pigeon peas, dry",Yield,1991,kg/ha,592.2
5000,"Pigeon peas, dry",Yield,1992,kg/ha,644.0
5000,"Pigeon peas, dry",Yield,1993,kg/ha,738.9
5000,"Pigeon peas, dry",Yield,1994,kg/ha,646.4
5000,"Pigeon peas, dry",Yield,1995,kg/ha,663.2
5000,"Pigeon peas, dry",Yield,1996,kg/ha,730.1
5000,"Pigeon peas, dry",Yield,1997,kg/ha,571.1
5000,"Pigeon peas, dry",Yield,1998,kg/ha,753.8
5000,"Pigeon peas, dry",Yield,1999,kg/ha,763.1
5000,"Pigeon peas, dry",Yield,2000,kg/ha,646.2
5000,"Pigeon peas, dry",Yield,2001,kg/ha,710.1
5000,"Pigeon peas, dry",Yield,2002,kg/ha,682.8
5000,"Pigeon peas, dry",Yield,2003,kg/ha,703.1
5000,"Pigeon peas, dry",Yield,2004,kg/ha,707.8
5000,"Pigeon peas, dry",Yield,2005,kg/ha,786.3
5000,"Pigeon peas, dry",Yield,2006,kg/ha,721.9
5000,"Pigeon peas, dry",Yield,2007,kg/ha,871.7
5000,"Pigeon peas, dry",Yield,2008,kg/ha,751.7
5000,"Pigeon peas, dry",Yield,2009,kg/ha,794.0
5000,"Pigeon peas, dry",Yield,2010,kg/ha,749.4
5000,"Pigeon peas, dry",Yield,2011,kg/ha,724.8
5000,"Pigeon peas, dry",Yield,2012,kg/ha,797.6
5000,"Pigeon peas, dry",Yield,2013,kg/ha,839.1
5000,"Pigeon peas, dry",Yield,2014,kg/ha,801.3
5000,"Pigeon peas, dry",Yield,2015,kg/ha,755.5
5000,"Pigeon peas, dry",Yield,2016,kg/ha,930.1
5000,"Pigeon peas, dry",Yield,2017,kg/ha,968.6
5000,"Pigeon peas, dry",Yield,2018,kg/ha,785.3
5000,"Pigeon peas, dry",Yield,2019,kg/ha,882.2
5000,"Pigeon peas, dry",Yield,2020,kg/ha,929.7
5000,"Pigeon peas, dry",Yield,2021,kg/ha,885.7
5000,"Pigeon peas, dry",Yield,2022,kg/ha,841.2
5000,"Pigeon peas, dry",Yield,2023,kg/ha,862.3
5000,"Pigeon peas, dry",Yield,2024,kg/ha,881.6
5000,Pineapples,Yield,1961,kg/ha,10373.7
5000,Pineapples,Yield,1962,kg/ha,10813.5
5000,Pineapples,Yield,1963,kg/ha,10864.9
5000,Pineapples,Yield,1964,kg/ha,11110.8
5000,Pineapples,Yield,1965,kg/ha,11239.6
5000,Pineapples,Yield,1966,kg/ha,11577.9
5000,Pineapples,Yield,1967,kg/ha,11938.0
5000,Pineapples,Yield,1968,kg/ha,11912.4
5000,Pineapples,Yield,1969,kg/ha,11859.2
5000,Pineapples,Yield,1970,kg/ha,12000.8
5000,Pineapples,Yield,1971,kg/ha,11890.3
5000,Pineapples,Yield,1972,kg/ha,12348.6
5000,Pineapples,Yield,1973,kg/ha,11405.8
5000,Pineapples,Yield,1974,kg/ha,11634.4
5000,Pineapples,Yield,1975,kg/ha,14658.7
5000,Pineapples,Yield,1976,kg/ha,16243.3
5000,Pineapples,Yield,1977,kg/ha,15873.6
5000,Pineapples,Yield,1978,kg/ha,15945.6
5000,Pineapples,Yield,1979,kg/ha,16446.6
5000,Pineapples,Yield,1980,kg/ha,18052.2
5000,Pineapples,Yield,1981,kg/ha,16185.2
5000,Pineapples,Yield,1982,kg/ha,14596.7
5000,Pineapples,Yield,1983,kg/ha,14474.9
5000,Pineapples,Yield,1984,kg/ha,15937.6
5000,Pineapples,Yield,1985,kg/ha,16694.2
5000,Pineapples,Yield,1986,kg/ha,17077.8
5000,Pineapples,Yield,1987,kg/ha,17767.4
5000,Pineapples,Yield,1988,kg/ha,18273.6
5000,Pineapples,Yield,1989,kg/ha,18797.8
5000,Pineapples,Yield,1990,kg/ha,19491.5
5000,Pineapples,Yield,1991,kg/ha,18981.0
5000,Pineapples,Yield,1992,kg/ha,20531.7
5000,Pineapples,Yield,1993,kg/ha,21215.5
5000,Pineapples,Yield,1994,kg/ha,20430.9
5000,Pineapples,Yield,1995,kg/ha,19707.6
5000,Pineapples,Yield,1996,kg/ha,19987.3
5000,Pineapples,Yield,1997,kg/ha,20584.0
5000,Pineapples,Yield,1998,kg/ha,20412.0
5000,Pineapples,Yield,1999,kg/ha,21210.9
5000,Pineapples,Yield,2000,kg/ha,21041.3
5000,Pineapples,Yield,2001,kg/ha,20783.8
5000,Pineapples,Yield,2002,kg/ha,20919.3
5000,Pineapples,Yield,2003,kg/ha,21290.7
5000,Pineapples,Yield,2004,kg/ha,21888.4
5000,Pineapples,Yield,2005,kg/ha,22169.9
5000,Pineapples,Yield,2006,kg/ha,23863.6
5000,Pineapples,Yield,2007,kg/ha,23587.2
5000,Pineapples,Yield,2008,kg/ha,23341.7
5000,Pineapples,Yield,2009,kg/ha,23197.5
5000,Pineapples,Yield,2010,kg/ha,22555.3
5000,Pineapples,Yield,2011,kg/ha,23455.7
5000,Pineapples,Yield,2012,kg/ha,23841.0
5000,Pineapples,Yield,2013,kg/ha,24606.7
5000,Pineapples,Yield,2014,kg/ha,25363.3
5000,Pineapples,Yield,2015,kg/ha,25778.7
5000,Pineapples,Yield,2016,kg/ha,25434.9
5000,Pineapples,Yield,2017,kg/ha,26193.0
5000,Pineapples,Yield,2018,kg/ha,26086.2
5000,Pineapples,Yield,2019,kg/ha,25976.4
5000,Pineapples,Yield,2020,kg/ha,26567.6
5000,Pineapples,Yield,2021,kg/ha,27384.8
5000,Pineapples,Yield,2022,kg/ha,27808.9
5000,Pineapples,Yield,2023,kg/ha,28188.6
5000,Pineapples,Yield,2024,kg/ha,27812.1
5000,"Pistachios, in shell",Yield,1961,kg/ha,585.3
5000,"Pistachios, in shell",Yield,1962,kg/ha,580.9
5000,"Pistachios, in shell",Yield,1963,kg/ha,715.5
5000,"Pistachios, in shell",Yield,1964,kg/ha,654.0
5000,"Pistachios, in shell",Yield,1965,kg/ha,605.0
5000,"Pistachios, in shell",Yield,1966,kg/ha,765.3
5000,"Pistachios, in shell",Yield,1967,kg/ha,555.9
5000,"Pistachios, in shell",Yield,1968,kg/ha,897.3
5000,"Pistachios, in shell",Yield,1969,kg/ha,648.4
5000,"Pistachios, in shell",Yield,1970,kg/ha,809.7
5000,"Pistachios, in shell",Yield,1971,kg/ha,912.8
5000,"Pistachios, in shell",Yield,1972,kg/ha,1168.6
5000,"Pistachios, in shell",Yield,1973,kg/ha,770.6
5000,"Pistachios, in shell",Yield,1974,kg/ha,1157.6
5000,"Pistachios, in shell",Yield,1975,kg/ha,1086.7
5000,"Pistachios, in shell",Yield,1976,kg/ha,798.5
5000,"Pistachios, in shell",Yield,1977,kg/ha,1079.1
5000,"Pistachios, in shell",Yield,1978,kg/ha,798.4
5000,"Pistachios, in shell",Yield,1979,kg/ha,421.8
5000,"Pistachios, in shell",Yield,1980,kg/ha,437.5
5000,"Pistachios, in shell",Yield,1981,kg/ha,1027.1
5000,"Pistachios, in shell",Yield,1982,kg/ha,978.9
5000,"Pistachios, in shell",Yield,1983,kg/ha,1094.4
5000,"Pistachios, in shell",Yield,1984,kg/ha,989.9
5000,"Pistachios, in shell",Yield,1985,kg/ha,1000.5
5000,"Pistachios, in shell",Yield,1986,kg/ha,1033.8
5000,"Pistachios, in shell",Yield,1987,kg/ha,974.9
5000,"Pistachios, in shell",Yield,1988,kg/ha,1017.8
5000,"Pistachios, in shell",Yield,1989,kg/ha,970.2
5000,"Pistachios, in shell",Yield,1990,kg/ha,992.2
5000,"Pistachios, in shell",Yield,1991,kg/ha,960.4
5000,"Pistachios, in shell",Yield,1992,kg/ha,969.3
5000,"Pistachios, in shell",Yield,1993,kg/ha,1042.7
5000,"Pistachios, in shell",Yield,1994,kg/ha,895.7
5000,"Pistachios, in shell",Yield,1995,kg/ha,993.7
5000,"Pistachios, in shell",Yield,1996,kg/ha,1050.2
5000,"Pistachios, in shell",Yield,1997,kg/ha,830.9
5000,"Pistachios, in shell",Yield,1998,kg/ha,1209.1
5000,"Pistachios, in shell",Yield,1999,kg/ha,695.2
5000,"Pistachios, in shell",Yield,2000,kg/ha,1226.2
5000,"Pistachios, in shell",Yield,2001,kg/ha,644.0
5000,"Pistachios, in shell",Yield,2002,kg/ha,1102.9
5000,"Pistachios, in shell",Yield,2003,kg/ha,953.5
5000,"Pistachios, in shell",Yield,2004,kg/ha,850.1
5000,"Pistachios, in shell",Yield,2005,kg/ha,947.2
5000,"Pistachios, in shell",Yield,2006,kg/ha,1243.4
5000,"Pistachios, in shell",Yield,2007,kg/ha,1292.8
5000,"Pistachios, in shell",Yield,2008,kg/ha,1053.2
5000,"Pistachios, in shell",Yield,2009,kg/ha,1087.9
5000,"Pistachios, in shell",Yield,2010,kg/ha,1380.0
5000,"Pistachios, in shell",Yield,2011,kg/ha,1162.4
5000,"Pistachios, in shell",Yield,2012,kg/ha,1362.0
5000,"Pistachios, in shell",Yield,2013,kg/ha,1176.0
5000,"Pistachios, in shell",Yield,2014,kg/ha,1432.0
5000,"Pistachios, in shell",Yield,2015,kg/ha,1370.5
5000,"Pistachios, in shell",Yield,2016,kg/ha,1524.2
5000,"Pistachios, in shell",Yield,2017,kg/ha,1537.4
5000,"Pistachios, in shell",Yield,2018,kg/ha,1330.4
5000,"Pistachios, in shell",Yield,2019,kg/ha,842.0
5000,"Pistachios, in shell",Yield,2020,kg/ha,1297.1
5000,"Pistachios, in shell",Yield,2021,kg/ha,1115.3
5000,"Pistachios, in shell",Yield,2022,kg/ha,1096.4
5000,"Pistachios, in shell",Yield,2023,kg/ha,1287.7
5000,"Pistachios, in shell",Yield,2024,kg/ha,1266.5
5000,Plantains and cooking bananas,Yield,1961,kg/ha,5026.3
5000,Plantains and cooking bananas,Yield,1962,kg/ha,5096.2
5000,Plantains and cooking bananas,Yield,1963,kg/ha,5207.6
5000,Plantains and cooking bananas,Yield,1964,kg/ha,5207.7
5000,Plantains and cooking bananas,Yield,1965,kg/ha,5347.4
5000,Plantains and cooking bananas,Yield,1966,kg/ha,5522.7
5000,Plantains and cooking bananas,Yield,1967,kg/ha,5640.5
5000,Plantains and cooking bananas,Yield,1968,kg/ha,5498.6
5000,Plantains and cooking bananas,Yield,1969,kg/ha,5741.9
5000,Plantains and cooking bananas,Yield,1970,kg/ha,6040.4
5000,Plantains and cooking bananas,Yield,1971,kg/ha,5914.2
5000,Plantains and cooking bananas,Yield,1972,kg/ha,5943.4
5000,Plantains and cooking bananas,Yield,1973,kg/ha,6081.8
5000,Plantains and cooking bananas,Yield,1974,kg/ha,6088.8
5000,Plantains and cooking bananas,Yield,1975,kg/ha,6137.4
5000,Plantains and cooking bananas,Yield,1976,kg/ha,5739.6
5000,Plantains and cooking bananas,Yield,1977,kg/ha,5706.8
5000,Plantains and cooking bananas,Yield,1978,kg/ha,5870.1
5000,Plantains and cooking bananas,Yield,1979,kg/ha,5408.4
5000,Plantains and cooking bananas,Yield,1980,kg/ha,5652.8
5000,Plantains and cooking bananas,Yield,1981,kg/ha,5547.0
5000,Plantains and cooking bananas,Yield,1982,kg/ha,5570.1
5000,Plantains and cooking bananas,Yield,1983,kg/ha,5262.3
5000,Plantains and cooking bananas,Yield,1984,kg/ha,5239.6
5000,Plantains and cooking bananas,Yield,1985,kg/ha,5294.8
5000,Plantains and cooking bananas,Yield,1986,kg/ha,5356.4
5000,Plantains and cooking bananas,Yield,1987,kg/ha,5706.0
5000,Plantains and cooking bananas,Yield,1988,kg/ha,5708.9
5000,Plantains and cooking bananas,Yield,1989,kg/ha,5862.9
5000,Plantains and cooking bananas,Yield,1990,kg/ha,5829.3
5000,Plantains and cooking bananas,Yield,1991,kg/ha,5795.0
5000,Plantains and cooking bananas,Yield,1992,kg/ha,5651.1
5000,Plantains and cooking bananas,Yield,1993,kg/ha,5747.4
5000,Plantains and cooking bananas,Yield,1994,kg/ha,5813.5
5000,Plantains and cooking bananas,Yield,1995,kg/ha,6041.0
5000,Plantains and cooking bananas,Yield,1996,kg/ha,6113.3
5000,Plantains and cooking bananas,Yield,1997,kg/ha,6167.5
5000,Plantains and cooking bananas,Yield,1998,kg/ha,6065.8
5000,Plantains and cooking bananas,Yield,1999,kg/ha,5989.5
5000,Plantains and cooking bananas,Yield,2000,kg/ha,5969.9
5000,Plantains and cooking bananas,Yield,2001,kg/ha,6214.7
5000,Plantains and cooking bananas,Yield,2002,kg/ha,6092.4
5000,Plantains and cooking bananas,Yield,2003,kg/ha,6114.4
5000,Plantains and cooking bananas,Yield,2004,kg/ha,6158.5
5000,Plantains and cooking bananas,Yield,2005,kg/ha,6245.1
5000,Plantains and cooking bananas,Yield,2006,kg/ha,6325.2
5000,Plantains and cooking bananas,Yield,2007,kg/ha,6614.3
5000,Plantains and cooking bananas,Yield,2008,kg/ha,6623.6
5000,Plantains and cooking bananas,Yield,2009,kg/ha,6564.5
5000,Plantains and cooking bananas,Yield,2010,kg/ha,6254.2
5000,Plantains and cooking bananas,Yield,2011,kg/ha,6342.4
5000,Plantains and cooking bananas,Yield,2012,kg/ha,6425.7
5000,Plantains and cooking bananas,Yield,2013,kg/ha,6389.9
5000,Plantains and cooking bananas,Yield,2014,kg/ha,6983.9
5000,Plantains and cooking bananas,Yield,2015,kg/ha,7102.6
5000,Plantains and cooking bananas,Yield,2016,kg/ha,6813.5
5000,Plantains and cooking bananas,Yield,2017,kg/ha,6668.5
5000,Plantains and cooking bananas,Yield,2018,kg/ha,6611.9
5000,Plantains and cooking bananas,Yield,2019,kg/ha,6295.7
5000,Plantains and cooking bananas,Yield,2020,kg/ha,6179.1
5000,Plantains and cooking bananas,Yield,2021,kg/ha,6228.9
5000,Plantains and cooking bananas,Yield,2022,kg/ha,6242.3
5000,Plantains and cooking bananas,Yield,2023,kg/ha,6132.2
5000,Plantains and cooking bananas,Yield,2024,kg/ha,6168.7
5000,Plums and sloes,Yield,1961,kg/ha,15578.0
5000,Plums and sloes,Yield,1962,kg/ha,10471.6
5000,Plums and sloes,Yield,1963,kg/ha,12850.4
5000,Plums and sloes,Yield,1964,kg/ha,10481.6
5000,Plums and sloes,Yield,1965,kg/ha,10740.9
5000,Plums and sloes,Yield,1966,kg/ha,11262.5
5000,Plums and sloes,Yield,1967,kg/ha,9933.7
5000,Plums and sloes,Yield,1968,kg/ha,11015.5
5000,Plums and sloes,Yield,1969,kg/ha,12137.5
5000,Plums and sloes,Yield,1970,kg/ha,10150.8
5000,Plums and sloes,Yield,1971,kg/ha,9177.6
5000,Plums and sloes,Yield,1972,kg/ha,9172.4
5000,Plums and sloes,Yield,1973,kg/ha,9045.4
5000,Plums and sloes,Yield,1974,kg/ha,8570.5
5000,Plums and sloes,Yield,1975,kg/ha,8577.9
5000,Plums and sloes,Yield,1976,kg/ha,9560.1
5000,Plums and sloes,Yield,1977,kg/ha,9027.3
5000,Plums and sloes,Yield,1978,kg/ha,9376.9
5000,Plums and sloes,Yield,1979,kg/ha,11425.8
5000,Plums and sloes,Yield,1980,kg/ha,9495.3
5000,Plums and sloes,Yield,1981,kg/ha,8667.7
5000,Plums and sloes,Yield,1982,kg/ha,10561.9
5000,Plums and sloes,Yield,1983,kg/ha,10463.6
5000,Plums and sloes,Yield,1984,kg/ha,9900.3
5000,Plums and sloes,Yield,1985,kg/ha,5199.4
5000,Plums and sloes,Yield,1986,kg/ha,4856.8
5000,Plums and sloes,Yield,1987,kg/ha,4708.0
5000,Plums and sloes,Yield,1988,kg/ha,4618.7
5000,Plums and sloes,Yield,1989,kg/ha,4430.9
5000,Plums and sloes,Yield,1990,kg/ha,4025.0
5000,Plums and sloes,Yield,1991,kg/ha,3913.5
5000,Plums and sloes,Yield,1992,kg/ha,3976.3
5000,Plums and sloes,Yield,1993,kg/ha,3989.8
5000,Plums and sloes,Yield,1994,kg/ha,3807.3
5000,Plums and sloes,Yield,1995,kg/ha,3681.3
5000,Plums and sloes,Yield,1996,kg/ha,4227.0
5000,Plums and sloes,Yield,1997,kg/ha,4570.7
5000,Plums and sloes,Yield,1998,kg/ha,3613.2
5000,Plums and sloes,Yield,1999,kg/ha,3873.2
5000,Plums and sloes,Yield,2000,kg/ha,3835.4
5000,Plums and sloes,Yield,2001,kg/ha,4079.5
5000,Plums and sloes,Yield,2002,kg/ha,4151.8
5000,Plums and sloes,Yield,2003,kg/ha,4495.7
5000,Plums and sloes,Yield,2004,kg/ha,4171.5
5000,Plums and sloes,Yield,2005,kg/ha,4360.8
5000,Plums and sloes,Yield,2006,kg/ha,4590.0
5000,Plums and sloes,Yield,2007,kg/ha,4042.6
5000,Plums and sloes,Yield,2008,kg/ha,4196.9
5000,Plums and sloes,Yield,2009,kg/ha,4376.9
5000,Plums and sloes,Yield,2010,kg/ha,4467.8
5000,Plums and sloes,Yield,2011,kg/ha,4427.4
5000,Plums and sloes,Yield,2012,kg/ha,4223.6
5000,Plums and sloes,Yield,2013,kg/ha,4279.0
5000,Plums and sloes,Yield,2014,kg/ha,4486.3
5000,Plums and sloes,Yield,2015,kg/ha,4504.8
5000,Plums and sloes,Yield,2016,kg/ha,4588.9
5000,Plums and sloes,Yield,2017,kg/ha,4607.1
5000,Plums and sloes,Yield,2018,kg/ha,4888.5
5000,Plums and sloes,Yield,2019,kg/ha,4892.1
5000,Plums and sloes,Yield,2020,kg/ha,4725.1
5000,Plums and sloes,Yield,2021,kg/ha,4789.6
5000,Plums and sloes,Yield,2022,kg/ha,4800.0
5000,Plums and sloes,Yield,2023,kg/ha,4785.0
5000,Plums and sloes,Yield,2024,kg/ha,4818.4
5000,Pomelos and grapefruits,Yield,1961,kg/ha,21351.3
5000,Pomelos and grapefruits,Yield,1962,kg/ha,21035.8
5000,Pomelos and grapefruits,Yield,1963,kg/ha,19393.6
5000,Pomelos and grapefruits,Yield,1964,kg/ha,19412.7
5000,Pomelos and grapefruits,Yield,1965,kg/ha,21823.0
5000,Pomelos and grapefruits,Yield,1966,kg/ha,23411.4
5000,Pomelos and grapefruits,Yield,1967,kg/ha,26579.6
5000,Pomelos and grapefruits,Yield,1968,kg/ha,22444.3
5000,Pomelos and grapefruits,Yield,1969,kg/ha,26135.0
5000,Pomelos and grapefruits,Yield,1970,kg/ha,25787.6
5000,Pomelos and grapefruits,Yield,1971,kg/ha,27601.1
5000,Pomelos and grapefruits,Yield,1972,kg/ha,27987.9
5000,Pomelos and grapefruits,Yield,1973,kg/ha,27310.4
5000,Pomelos and grapefruits,Yield,1974,kg/ha,27244.2
5000,Pomelos and grapefruits,Yield,1975,kg/ha,25791.9
5000,Pomelos and grapefruits,Yield,1976,kg/ha,28151.2
5000,Pomelos and grapefruits,Yield,1977,kg/ha,29405.1
5000,Pomelos and grapefruits,Yield,1978,kg/ha,29331.3
5000,Pomelos and grapefruits,Yield,1979,kg/ha,27380.3
5000,Pomelos and grapefruits,Yield,1980,kg/ha,25529.7
5000,Pomelos and grapefruits,Yield,1981,kg/ha,24400.4
5000,Pomelos and grapefruits,Yield,1982,kg/ha,25327.6
5000,Pomelos and grapefruits,Yield,1983,kg/ha,22783.7
5000,Pomelos and grapefruits,Yield,1984,kg/ha,21877.8
5000,Pomelos and grapefruits,Yield,1985,kg/ha,19413.4
5000,Pomelos and grapefruits,Yield,1986,kg/ha,20575.1
5000,Pomelos and grapefruits,Yield,1987,kg/ha,21045.9
5000,Pomelos and grapefruits,Yield,1988,kg/ha,21966.7
5000,Pomelos and grapefruits,Yield,1989,kg/ha,21109.2
5000,Pomelos and grapefruits,Yield,1990,kg/ha,17502.4
5000,Pomelos and grapefruits,Yield,1991,kg/ha,19293.5
5000,Pomelos and grapefruits,Yield,1992,kg/ha,18965.0
5000,Pomelos and grapefruits,Yield,1993,kg/ha,20258.9
5000,Pomelos and grapefruits,Yield,1994,kg/ha,19074.3
5000,Pomelos and grapefruits,Yield,1995,kg/ha,20090.7
5000,Pomelos and grapefruits,Yield,1996,kg/ha,19427.2
5000,Pomelos and grapefruits,Yield,1997,kg/ha,19807.7
5000,Pomelos and grapefruits,Yield,1998,kg/ha,19253.9
5000,Pomelos and grapefruits,Yield,1999,kg/ha,19238.1
5000,Pomelos and grapefruits,Yield,2000,kg/ha,20127.0
5000,Pomelos and grapefruits,Yield,2001,kg/ha,19363.7
5000,Pomelos and grapefruits,Yield,2002,kg/ha,18039.2
5000,Pomelos and grapefruits,Yield,2003,kg/ha,18298.5
5000,Pomelos and grapefruits,Yield,2004,kg/ha,19031.7
5000,Pomelos and grapefruits,Yield,2005,kg/ha,15076.1
5000,Pomelos and grapefruits,Yield,2006,kg/ha,16652.5
5000,Pomelos and grapefruits,Yield,2007,kg/ha,23279.1
5000,Pomelos and grapefruits,Yield,2008,kg/ha,24041.0
5000,Pomelos and grapefruits,Yield,2009,kg/ha,23666.3
5000,Pomelos and grapefruits,Yield,2010,kg/ha,23565.2
5000,Pomelos and grapefruits,Yield,2011,kg/ha,24343.7
5000,Pomelos and grapefruits,Yield,2012,kg/ha,25537.2
5000,Pomelos and grapefruits,Yield,2013,kg/ha,26359.2
5000,Pomelos and grapefruits,Yield,2014,kg/ha,25984.3
5000,Pomelos and grapefruits,Yield,2015,kg/ha,24927.5
5000,Pomelos and grapefruits,Yield,2016,kg/ha,24718.2
5000,Pomelos and grapefruits,Yield,2017,kg/ha,24908.0
5000,Pomelos and grapefruits,Yield,2018,kg/ha,23471.6
5000,Pomelos and grapefruits,Yield,2019,kg/ha,25478.9
5000,Pomelos and grapefruits,Yield,2020,kg/ha,25295.6
5000,Pomelos and grapefruits,Yield,2021,kg/ha,25811.7
5000,Pomelos and grapefruits,Yield,2022,kg/ha,24973.8
5000,Pomelos and grapefruits,Yield,2023,kg/ha,25461.2
5000,Pomelos and grapefruits,Yield,2024,kg/ha,24969.2
5000,Poppy seed,Yield,1961,kg/ha,523.9
5000,Poppy seed,Yield,1962,kg/ha,535.4
5000,Poppy seed,Yield,1963,kg/ha,509.8
5000,Poppy seed,Yield,1964,kg/ha,374.1
5000,Poppy seed,Yield,1965,kg/ha,460.8
5000,Poppy seed,Yield,1966,kg/ha,479.9
5000,Poppy seed,Yield,1967,kg/ha,468.0
5000,Poppy seed,Yield,1968,kg/ha,481.9
5000,Poppy seed,Yield,1969,kg/ha,618.4
5000,Poppy seed,Yield,1970,kg/ha,645.9
5000,Poppy seed,Yield,1971,kg/ha,754.9
5000,Poppy seed,Yield,1972,kg/ha,696.8
5000,Poppy seed,Yield,1973,kg/ha,684.2
5000,Poppy seed,Yield,1974,kg/ha,784.0
5000,Poppy seed,Yield,1975,kg/ha,661.7
5000,Poppy seed,Yield,1976,kg/ha,666.6
5000,Poppy seed,Yield,1977,kg/ha,628.1
5000,Poppy seed,Yield,1978,kg/ha,638.1
5000,Poppy seed,Yield,1979,kg/ha,567.5
5000,Poppy seed,Yield,1980,kg/ha,642.7
5000,Poppy seed,Yield,1981,kg/ha,525.7
5000,Poppy seed,Yield,1982,kg/ha,625.2
5000,Poppy seed,Yield,1983,kg/ha,620.9
5000,Poppy seed,Yield,1984,kg/ha,721.6
5000,Poppy seed,Yield,1985,kg/ha,667.0
5000,Poppy seed,Yield,1986,kg/ha,668.1
5000,Poppy seed,Yield,1987,kg/ha,653.5
5000,Poppy seed,Yield,1988,kg/ha,641.7
5000,Poppy seed,Yield,1989,kg/ha,714.1
5000,Poppy seed,Yield,1990,kg/ha,836.1
5000,Poppy seed,Yield,1991,kg/ha,812.5
5000,Poppy seed,Yield,1992,kg/ha,623.8
5000,Poppy seed,Yield,1993,kg/ha,712.8
5000,Poppy seed,Yield,1994,kg/ha,655.5
5000,Poppy seed,Yield,1995,kg/ha,611.2
5000,Poppy seed,Yield,1996,kg/ha,691.6
5000,Poppy seed,Yield,1997,kg/ha,574.5
5000,Poppy seed,Yield,1998,kg/ha,662.4
5000,Poppy seed,Yield,1999,kg/ha,527.5
5000,Poppy seed,Yield,2000,kg/ha,569.6
5000,Poppy seed,Yield,2001,kg/ha,598.4
5000,Poppy seed,Yield,2002,kg/ha,521.2
5000,Poppy seed,Yield,2003,kg/ha,558.3
5000,Poppy seed,Yield,2004,kg/ha,796.6
5000,Poppy seed,Yield,2005,kg/ha,763.4
5000,Poppy seed,Yield,2006,kg/ha,661.3
5000,Poppy seed,Yield,2007,kg/ha,594.6
5000,Poppy seed,Yield,2008,kg/ha,731.8
5000,Poppy seed,Yield,2009,kg/ha,711.0
5000,Poppy seed,Yield,2010,kg/ha,652.9
5000,Poppy seed,Yield,2011,kg/ha,831.5
5000,Poppy seed,Yield,2012,kg/ha,685.0
5000,Poppy seed,Yield,2013,kg/ha,733.3
5000,Poppy seed,Yield,2014,kg/ha,811.6
5000,Poppy seed,Yield,2015,kg/ha,705.3
5000,Poppy seed,Yield,2016,kg/ha,767.2
5000,Poppy seed,Yield,2017,kg/ha,698.6
5000,Poppy seed,Yield,2018,kg/ha,639.4
5000,Poppy seed,Yield,2019,kg/ha,534.2
5000,Poppy seed,Yield,2020,kg/ha,640.5
5000,Poppy seed,Yield,2021,kg/ha,550.1
5000,Poppy seed,Yield,2022,kg/ha,538.0
5000,Poppy seed,Yield,2023,kg/ha,444.9
5000,Poppy seed,Yield,2024,kg/ha,581.0
5000,Potatoes,Yield,1961,kg/ha,12215.7
5000,Potatoes,Yield,1962,kg/ha,11436.1
5000,Potatoes,Yield,1963,kg/ha,12276.7
5000,Potatoes,Yield,1964,kg/ha,13102.7
5000,Potatoes,Yield,1965,kg/ha,12664.6
5000,Potatoes,Yield,1966,kg/ha,13120.4
5000,Potatoes,Yield,1967,kg/ha,13841.6
5000,Potatoes,Yield,1968,kg/ha,14326.6
5000,Potatoes,Yield,1969,kg/ha,13465.7
5000,Potatoes,Yield,1970,kg/ha,14347.8
5000,Potatoes,Yield,1971,kg/ha,13715.5
5000,Potatoes,Yield,1972,kg/ha,13409.9
5000,Potatoes,Yield,1973,kg/ha,15288.3
5000,Potatoes,Yield,1974,kg/ha,14128.1
5000,Potatoes,Yield,1975,kg/ha,13623.2
5000,Potatoes,Yield,1976,kg/ha,14312.3
5000,Potatoes,Yield,1977,kg/ha,14656.7
5000,Potatoes,Yield,1978,kg/ha,15202.4
5000,Potatoes,Yield,1979,kg/ha,15495.5
5000,Potatoes,Yield,1980,kg/ha,12800.8
5000,Potatoes,Yield,1981,kg/ha,14252.3
5000,Potatoes,Yield,1982,kg/ha,14145.6
5000,Potatoes,Yield,1983,kg/ha,14160.6
5000,Potatoes,Yield,1984,kg/ha,15581.9
5000,Potatoes,Yield,1985,kg/ha,15281.7
5000,Potatoes,Yield,1986,kg/ha,15814.3
5000,Potatoes,Yield,1987,kg/ha,15544.7
5000,Potatoes,Yield,1988,kg/ha,14835.6
5000,Potatoes,Yield,1989,kg/ha,15353.7
5000,Potatoes,Yield,1990,kg/ha,15112.0
5000,Potatoes,Yield,1991,kg/ha,14417.1
5000,Potatoes,Yield,1992,kg/ha,14984.6
5000,Potatoes,Yield,1993,kg/ha,16411.4
5000,Potatoes,Yield,1994,kg/ha,14855.4
5000,Potatoes,Yield,1995,kg/ha,15325.6
5000,Potatoes,Yield,1996,kg/ha,16504.5
5000,Potatoes,Yield,1997,kg/ha,16015.9
5000,Potatoes,Yield,1998,kg/ha,15869.2
5000,Potatoes,Yield,1999,kg/ha,15114.6
5000,Potatoes,Yield,2000,kg/ha,16223.8
5000,Potatoes,Yield,2001,kg/ha,15716.8
5000,Potatoes,Yield,2002,kg/ha,16464.4
5000,Potatoes,Yield,2003,kg/ha,16447.6
5000,Potatoes,Yield,2004,kg/ha,17510.6
5000,Potatoes,Yield,2005,kg/ha,16940.3
5000,Potatoes,Yield,2006,kg/ha,17280.5
5000,Potatoes,Yield,2007,kg/ha,17394.0
5000,Potatoes,Yield,2008,kg/ha,18015.0
5000,Potatoes,Yield,2009,kg/ha,17803.6
5000,Potatoes,Yield,2010,kg/ha,18070.4
5000,Potatoes,Yield,2011,kg/ha,19723.8
5000,Potatoes,Yield,2012,kg/ha,19346.6
5000,Potatoes,Yield,2013,kg/ha,19731.9
5000,Potatoes,Yield,2014,kg/ha,20426.0
5000,Potatoes,Yield,2015,kg/ha,20189.2
5000,Potatoes,Yield,2016,kg/ha,20279.0
5000,Potatoes,Yield,2017,kg/ha,21059.0
5000,Potatoes,Yield,2018,kg/ha,21169.5
5000,Potatoes,Yield,2019,kg/ha,22265.5
5000,Potatoes,Yield,2020,kg/ha,21910.0
5000,Potatoes,Yield,2021,kg/ha,22046.9
5000,Potatoes,Yield,2022,kg/ha,22315.0
5000,Potatoes,Yield,2023,kg/ha,22758.8
5000,Potatoes,Yield,2024,kg/ha,22864.4
5000,"Pumpkins, squash and gourds",Yield,1961,kg/ha,4470.5
5000,"Pumpkins, squash and gourds",Yield,1962,kg/ha,4312.3
5000,"Pumpkins, squash and gourds",Yield,1963,kg/ha,3810.2
5000,"Pumpkins, squash and gourds",Yield,1964,kg/ha,3763.7
5000,"Pumpkins, squash and gourds",Yield,1965,kg/ha,4283.8
5000,"Pumpkins, squash and gourds",Yield,1966,kg/ha,5121.8
5000,"Pumpkins, squash and gourds",Yield,1967,kg/ha,5709.0
5000,"Pumpkins, squash and gourds",Yield,1968,kg/ha,6900.3
5000,"Pumpkins, squash and gourds",Yield,1969,kg/ha,7315.7
5000,"Pumpkins, squash and gourds",Yield,1970,kg/ha,7946.0
5000,"Pumpkins, squash and gourds",Yield,1971,kg/ha,8136.5
5000,"Pumpkins, squash and gourds",Yield,1972,kg/ha,8126.5
5000,"Pumpkins, squash and gourds",Yield,1973,kg/ha,8355.2
5000,"Pumpkins, squash and gourds",Yield,1974,kg/ha,8514.7
5000,"Pumpkins, squash and gourds",Yield,1975,kg/ha,8827.6
5000,"Pumpkins, squash and gourds",Yield,1976,kg/ha,8762.4
5000,"Pumpkins, squash and gourds",Yield,1977,kg/ha,9105.2
5000,"Pumpkins, squash and gourds",Yield,1978,kg/ha,9289.3
5000,"Pumpkins, squash and gourds",Yield,1979,kg/ha,9691.3
5000,"Pumpkins, squash and gourds",Yield,1980,kg/ha,9502.6
5000,"Pumpkins, squash and gourds",Yield,1981,kg/ha,9865.7
5000,"Pumpkins, squash and gourds",Yield,1982,kg/ha,9674.2
5000,"Pumpkins, squash and gourds",Yield,1983,kg/ha,9993.9
5000,"Pumpkins, squash and gourds",Yield,1984,kg/ha,10655.9
5000,"Pumpkins, squash and gourds",Yield,1985,kg/ha,10352.5
5000,"Pumpkins, squash and gourds",Yield,1986,kg/ha,11052.5
5000,"Pumpkins, squash and gourds",Yield,1987,kg/ha,11046.3
5000,"Pumpkins, squash and gourds",Yield,1988,kg/ha,11126.6
5000,"Pumpkins, squash and gourds",Yield,1989,kg/ha,10814.8
5000,"Pumpkins, squash and gourds",Yield,1990,kg/ha,10858.7
5000,"Pumpkins, squash and gourds",Yield,1991,kg/ha,11358.9
5000,"Pumpkins, squash and gourds",Yield,1992,kg/ha,12196.4
5000,"Pumpkins, squash and gourds",Yield,1993,kg/ha,12634.6
5000,"Pumpkins, squash and gourds",Yield,1994,kg/ha,12485.0
5000,"Pumpkins, squash and gourds",Yield,1995,kg/ha,12988.8
5000,"Pumpkins, squash and gourds",Yield,1996,kg/ha,13034.5
5000,"Pumpkins, squash and gourds",Yield,1997,kg/ha,13225.6
5000,"Pumpkins, squash and gourds",Yield,1998,kg/ha,12780.8
5000,"Pumpkins, squash and gourds",Yield,1999,kg/ha,12384.2
5000,"Pumpkins, squash and gourds",Yield,2000,kg/ha,12832.0
5000,"Pumpkins, squash and gourds",Yield,2001,kg/ha,13267.0
5000,"Pumpkins, squash and gourds",Yield,2002,kg/ha,13693.9
5000,"Pumpkins, squash and gourds",Yield,2003,kg/ha,13997.0
5000,"Pumpkins, squash and gourds",Yield,2004,kg/ha,13818.6
5000,"Pumpkins, squash and gourds",Yield,2005,kg/ha,13973.7
5000,"Pumpkins, squash and gourds",Yield,2006,kg/ha,14153.9
5000,"Pumpkins, squash and gourds",Yield,2007,kg/ha,14214.8
5000,"Pumpkins, squash and gourds",Yield,2008,kg/ha,14269.6
5000,"Pumpkins, squash and gourds",Yield,2009,kg/ha,14371.2
5000,"Pumpkins, squash and gourds",Yield,2010,kg/ha,13892.1
5000,"Pumpkins, squash and gourds",Yield,2011,kg/ha,14199.9
5000,"Pumpkins, squash and gourds",Yield,2012,kg/ha,14198.7
5000,"Pumpkins, squash and gourds",Yield,2013,kg/ha,14338.7
5000,"Pumpkins, squash and gourds",Yield,2014,kg/ha,14321.3
5000,"Pumpkins, squash and gourds",Yield,2015,kg/ha,14431.5
5000,"Pumpkins, squash and gourds",Yield,2016,kg/ha,14742.2
5000,"Pumpkins, squash and gourds",Yield,2017,kg/ha,14963.3
5000,"Pumpkins, squash and gourds",Yield,2018,kg/ha,15166.1
5000,"Pumpkins, squash and gourds",Yield,2019,kg/ha,15248.6
5000,"Pumpkins, squash and gourds",Yield,2020,kg/ha,15091.3
5000,"Pumpkins, squash and gourds",Yield,2021,kg/ha,15251.7
5000,"Pumpkins, squash and gourds",Yield,2022,kg/ha,15266.7
5000,"Pumpkins, squash and gourds",Yield,2023,kg/ha,15543.1
5000,"Pumpkins, squash and gourds",Yield,2024,kg/ha,15385.1
5000,"Pyrethrum, dried flowers",Yield,1961,kg/ha,282.6
5000,"Pyrethrum, dried flowers",Yield,1962,kg/ha,305.0
5000,"Pyrethrum, dried flowers",Yield,1963,kg/ha,245.6
5000,"Pyrethrum, dried flowers",Yield,1964,kg/ha,252.4
5000,"Pyrethrum, dried flowers",Yield,1965,kg/ha,232.2
5000,"Pyrethrum, dried flowers",Yield,1966,kg/ha,313.7
5000,"Pyrethrum, dried flowers",Yield,1967,kg/ha,312.3
5000,"Pyrethrum, dried flowers",Yield,1968,kg/ha,334.7
5000,"Pyrethrum, dried flowers",Yield,1969,kg/ha,244.0
5000,"Pyrethrum, dried flowers",Yield,1970,kg/ha,215.8
5000,"Pyrethrum, dried flowers",Yield,1971,kg/ha,235.7
5000,"Pyrethrum, dried flowers",Yield,1972,kg/ha,318.1
5000,"Pyrethrum, dried flowers",Yield,1973,kg/ha,273.2
5000,"Pyrethrum, dried flowers",Yield,1974,kg/ha,257.9
5000,"Pyrethrum, dried flowers",Yield,1975,kg/ha,223.2
5000,"Pyrethrum, dried flowers",Yield,1976,kg/ha,184.3
5000,"Pyrethrum, dried flowers",Yield,1977,kg/ha,161.0
5000,"Pyrethrum, dried flowers",Yield,1978,kg/ha,175.4
5000,"Pyrethrum, dried flowers",Yield,1979,kg/ha,259.7
5000,"Pyrethrum, dried flowers",Yield,1980,kg/ha,421.7
5000,"Pyrethrum, dried flowers",Yield,1981,kg/ha,635.5
5000,"Pyrethrum, dried flowers",Yield,1982,kg/ha,878.4
5000,"Pyrethrum, dried flowers",Yield,1983,kg/ha,1092.1
5000,"Pyrethrum, dried flowers",Yield,1984,kg/ha,936.9
5000,"Pyrethrum, dried flowers",Yield,1985,kg/ha,813.9
5000,"Pyrethrum, dried flowers",Yield,1986,kg/ha,498.8
5000,"Pyrethrum, dried flowers",Yield,1987,kg/ha,507.5
5000,"Pyrethrum, dried flowers",Yield,1988,kg/ha,526.5
5000,"Pyrethrum, dried flowers",Yield,1989,kg/ha,595.8
5000,"Pyrethrum, dried flowers",Yield,1990,kg/ha,604.4
5000,"Pyrethrum, dried flowers",Yield,1991,kg/ha,621.6
5000,"Pyrethrum, dried flowers",Yield,1992,kg/ha,668.3
5000,"Pyrethrum, dried flowers",Yield,1993,kg/ha,669.0
5000,"Pyrethrum, dried flowers",Yield,1994,kg/ha,625.1
5000,"Pyrethrum, dried flowers",Yield,1995,kg/ha,564.9
5000,"Pyrethrum, dried flowers",Yield,1996,kg/ha,465.6
5000,"Pyrethrum, dried flowers",Yield,1997,kg/ha,403.5
5000,"Pyrethrum, dried flowers",Yield,1998,kg/ha,464.6
5000,"Pyrethrum, dried flowers",Yield,1999,kg/ha,583.5
5000,"Pyrethrum, dried flowers",Yield,2000,kg/ha,543.4
5000,"Pyrethrum, dried flowers",Yield,2001,kg/ha,445.9
5000,"Pyrethrum, dried flowers",Yield,2002,kg/ha,471.7
5000,"Pyrethrum, dried flowers",Yield,2003,kg/ha,569.1
5000,"Pyrethrum, dried flowers",Yield,2004,kg/ha,615.5
5000,"Pyrethrum, dried flowers",Yield,2005,kg/ha,580.7
5000,"Pyrethrum, dried flowers",Yield,2006,kg/ha,461.3
5000,"Pyrethrum, dried flowers",Yield,2007,kg/ha,188.2
5000,"Pyrethrum, dried flowers",Yield,2008,kg/ha,286.9
5000,"Pyrethrum, dried flowers",Yield,2009,kg/ha,285.6
5000,"Pyrethrum, dried flowers",Yield,2010,kg/ha,319.0
5000,"Pyrethrum, dried flowers",Yield,2011,kg/ha,390.7
5000,"Pyrethrum, dried flowers",Yield,2012,kg/ha,396.0
5000,"Pyrethrum, dried flowers",Yield,2013,kg/ha,380.8
5000,"Pyrethrum, dried flowers",Yield,2014,kg/ha,381.3
5000,"Pyrethrum, dried flowers",Yield,2015,kg/ha,464.1
5000,"Pyrethrum, dried flowers",Yield,2016,kg/ha,608.5
5000,"Pyrethrum, dried flowers",Yield,2017,kg/ha,507.9
5000,"Pyrethrum, dried flowers",Yield,2018,kg/ha,361.7
5000,"Pyrethrum, dried flowers",Yield,2019,kg/ha,357.7
5000,"Pyrethrum, dried flowers",Yield,2020,kg/ha,340.8
5000,"Pyrethrum, dried flowers",Yield,2021,kg/ha,381.0
5000,"Pyrethrum, dried flowers",Yield,2022,kg/ha,414.8
5000,"Pyrethrum, dried flowers",Yield,2023,kg/ha,428.1
5000,"Pyrethrum, dried flowers",Yield,2024,kg/ha,397.5
5000,Quinces,Yield,1961,kg/ha,8896.8
5000,Quinces,Yield,1962,kg/ha,8705.5
5000,Quinces,Yield,1963,kg/ha,7763.4
5000,Quinces,Yield,1964,kg/ha,7753.8
5000,Quinces,Yield,1965,kg/ha,7982.2
5000,Quinces,Yield,1966,kg/ha,7368.1
5000,Quinces,Yield,1967,kg/ha,8123.1
5000,Quinces,Yield,1968,kg/ha,8936.0
5000,Quinces,Yield,1969,kg/ha,8413.0
5000,Quinces,Yield,1970,kg/ha,6582.8
5000,Quinces,Yield,1971,kg/ha,6696.3
5000,Quinces,Yield,1972,kg/ha,6855.2
5000,Quinces,Yield,1973,kg/ha,6397.5
5000,Quinces,Yield,1974,kg/ha,6614.2
5000,Quinces,Yield,1975,kg/ha,6741.6
5000,Quinces,Yield,1976,kg/ha,6247.5
5000,Quinces,Yield,1977,kg/ha,5993.5
5000,Quinces,Yield,1978,kg/ha,6224.9
5000,Quinces,Yield,1979,kg/ha,7431.3
5000,Quinces,Yield,1980,kg/ha,8804.9
5000,Quinces,Yield,1981,kg/ha,7901.9
5000,Quinces,Yield,1982,kg/ha,9510.0
5000,Quinces,Yield,1983,kg/ha,8261.3
5000,Quinces,Yield,1984,kg/ha,7990.1
5000,Quinces,Yield,1985,kg/ha,6404.4
5000,Quinces,Yield,1986,kg/ha,6602.5
5000,Quinces,Yield,1987,kg/ha,5897.1
5000,Quinces,Yield,1988,kg/ha,6219.2
5000,Quinces,Yield,1989,kg/ha,6325.3
5000,Quinces,Yield,1990,kg/ha,6536.7
5000,Quinces,Yield,1991,kg/ha,5744.1
5000,Quinces,Yield,1992,kg/ha,7790.4
5000,Quinces,Yield,1993,kg/ha,8421.6
5000,Quinces,Yield,1994,kg/ha,9035.6
5000,Quinces,Yield,1995,kg/ha,8528.4
5000,Quinces,Yield,1996,kg/ha,8923.3
5000,Quinces,Yield,1997,kg/ha,8710.8
5000,Quinces,Yield,1998,kg/ha,9297.4
5000,Quinces,Yield,1999,kg/ha,9027.5
5000,Quinces,Yield,2000,kg/ha,8982.0
5000,Quinces,Yield,2001,kg/ha,8913.8
5000,Quinces,Yield,2002,kg/ha,9112.8
5000,Quinces,Yield,2003,kg/ha,8940.0
5000,Quinces,Yield,2004,kg/ha,7733.6
5000,Quinces,Yield,2005,kg/ha,8377.5
5000,Quinces,Yield,2006,kg/ha,8170.7
5000,Quinces,Yield,2007,kg/ha,8309.5
5000,Quinces,Yield,2008,kg/ha,8207.5
5000,Quinces,Yield,2009,kg/ha,8411.2
5000,Quinces,Yield,2010,kg/ha,8454.0
5000,Quinces,Yield,2011,kg/ha,8401.9
5000,Quinces,Yield,2012,kg/ha,8482.3
5000,Quinces,Yield,2013,kg/ha,8366.5
5000,Quinces,Yield,2014,kg/ha,7997.5
5000,Quinces,Yield,2015,kg/ha,8245.4
5000,Quinces,Yield,2016,kg/ha,7899.5
5000,Quinces,Yield,2017,kg/ha,8583.5
5000,Quinces,Yield,2018,kg/ha,8703.8
5000,Quinces,Yield,2019,kg/ha,8796.8
5000,Quinces,Yield,2020,kg/ha,9249.5
5000,Quinces,Yield,2021,kg/ha,9247.7
5000,Quinces,Yield,2022,kg/ha,9436.6
5000,Quinces,Yield,2023,kg/ha,9381.0
5000,Quinces,Yield,2024,kg/ha,9358.2
5000,Quinoa,Yield,1961,kg/ha,617.2
5000,Quinoa,Yield,1962,kg/ha,670.7
5000,Quinoa,Yield,1963,kg/ha,744.4
5000,Quinoa,Yield,1964,kg/ha,707.4
5000,Quinoa,Yield,1965,kg/ha,695.9
5000,Quinoa,Yield,1966,kg/ha,612.4
5000,Quinoa,Yield,1967,kg/ha,710.5
5000,Quinoa,Yield,1968,kg/ha,620.1
5000,Quinoa,Yield,1969,kg/ha,557.6
5000,Quinoa,Yield,1970,kg/ha,600.2
5000,Quinoa,Yield,1971,kg/ha,568.6
5000,Quinoa,Yield,1972,kg/ha,611.4
5000,Quinoa,Yield,1973,kg/ha,655.5
5000,Quinoa,Yield,1974,kg/ha,663.4
5000,Quinoa,Yield,1975,kg/ha,719.1
5000,Quinoa,Yield,1976,kg/ha,663.8
5000,Quinoa,Yield,1977,kg/ha,469.9
5000,Quinoa,Yield,1978,kg/ha,481.5
5000,Quinoa,Yield,1979,kg/ha,536.0
5000,Quinoa,Yield,1980,kg/ha,724.1
5000,Quinoa,Yield,1981,kg/ha,629.6
5000,Quinoa,Yield,1982,kg/ha,704.2
5000,Quinoa,Yield,1983,kg/ha,354.2
5000,Quinoa,Yield,1984,kg/ha,595.7
5000,Quinoa,Yield,1985,kg/ha,487.6
5000,Quinoa,Yield,1986,kg/ha,543.6
5000,Quinoa,Yield,1987,kg/ha,561.3
5000,Quinoa,Yield,1988,kg/ha,565.8
5000,Quinoa,Yield,1989,kg/ha,586.4
5000,Quinoa,Yield,1990,kg/ha,483.6
5000,Quinoa,Yield,1991,kg/ha,630.3
5000,Quinoa,Yield,1992,kg/ha,469.5
5000,Quinoa,Yield,1993,kg/ha,641.5
5000,Quinoa,Yield,1994,kg/ha,612.2
5000,Quinoa,Yield,1995,kg/ha,581.6
5000,Quinoa,Yield,1996,kg/ha,700.3
5000,Quinoa,Yield,1997,kg/ha,759.4
5000,Quinoa,Yield,1998,kg/ha,703.4
5000,Quinoa,Yield,1999,kg/ha,776.9
5000,Quinoa,Yield,2000,kg/ha,785.0
5000,Quinoa,Yield,2001,kg/ha,722.9
5000,Quinoa,Yield,2002,kg/ha,827.6
5000,Quinoa,Yield,2003,kg/ha,821.4
5000,Quinoa,Yield,2004,kg/ha,778.2
5000,Quinoa,Yield,2005,kg/ha,848.7
5000,Quinoa,Yield,2006,kg/ha,790.4
5000,Quinoa,Yield,2007,kg/ha,769.6
5000,Quinoa,Yield,2008,kg/ha,735.7
5000,Quinoa,Yield,2009,kg/ha,782.3
5000,Quinoa,Yield,2010,kg/ha,829.7
5000,Quinoa,Yield,2011,kg/ha,832.3
5000,Quinoa,Yield,2012,kg/ha,565.6
5000,Quinoa,Yield,2013,kg/ha,604.4
5000,Quinoa,Yield,2014,kg/ha,1002.0
5000,Quinoa,Yield,2015,kg/ha,980.7
5000,Quinoa,Yield,2016,kg/ha,854.2
5000,Quinoa,Yield,2017,kg/ha,847.0
5000,Quinoa,Yield,2018,kg/ha,890.5
5000,Quinoa,Yield,2019,kg/ha,874.5
5000,Quinoa,Yield,2020,kg/ha,927.8
5000,Quinoa,Yield,2021,kg/ha,823.1
5000,Quinoa,Yield,2022,kg/ha,823.2
5000,Quinoa,Yield,2023,kg/ha,688.2
5000,Quinoa,Yield,2024,kg/ha,908.6
5000,"Ramie, raw or retted",Yield,1961,kg/ha,1170.0
5000,"Ramie, raw or retted",Yield,1962,kg/ha,1198.5
5000,"Ramie, raw or retted",Yield,1963,kg/ha,1196.5
5000,"Ramie, raw or retted",Yield,1964,kg/ha,1200.4
5000,"Ramie, raw or retted",Yield,1965,kg/ha,1186.5
5000,"Ramie, raw or retted",Yield,1966,kg/ha,1199.8
5000,"Ramie, raw or retted",Yield,1967,kg/ha,1209.9
5000,"Ramie, raw or retted",Yield,1968,kg/ha,1219.1
5000,"Ramie, raw or retted",Yield,1969,kg/ha,1244.0
5000,"Ramie, raw or retted",Yield,1970,kg/ha,1252.0
5000,"Ramie, raw or retted",Yield,1971,kg/ha,1509.6
5000,"Ramie, raw or retted",Yield,1972,kg/ha,1511.0
5000,"Ramie, raw or retted",Yield,1973,kg/ha,1248.8
5000,"Ramie, raw or retted",Yield,1974,kg/ha,1321.6
5000,"Ramie, raw or retted",Yield,1975,kg/ha,1175.4
5000,"Ramie, raw or retted",Yield,1976,kg/ha,1125.2
5000,"Ramie, raw or retted",Yield,1977,kg/ha,1001.3
5000,"Ramie, raw or retted",Yield,1978,kg/ha,815.9
5000,"Ramie, raw or retted",Yield,1979,kg/ha,1026.5
5000,"Ramie, raw or retted",Yield,1980,kg/ha,1171.3
5000,"Ramie, raw or retted",Yield,1981,kg/ha,1071.8
5000,"Ramie, raw or retted",Yield,1982,kg/ha,1292.9
5000,"Ramie, raw or retted",Yield,1983,kg/ha,1253.2
5000,"Ramie, raw or retted",Yield,1984,kg/ha,1360.3
5000,"Ramie, raw or retted",Yield,1985,kg/ha,1019.0
5000,"Ramie, raw or retted",Yield,1986,kg/ha,895.1
5000,"Ramie, raw or retted",Yield,1987,kg/ha,1115.1
5000,"Ramie, raw or retted",Yield,1988,kg/ha,1129.9
5000,"Ramie, raw or retted",Yield,1989,kg/ha,1228.9
5000,"Ramie, raw or retted",Yield,1990,kg/ha,1126.3
5000,"Ramie, raw or retted",Yield,1991,kg/ha,1127.9
5000,"Ramie, raw or retted",Yield,1992,kg/ha,1180.2
5000,"Ramie, raw or retted",Yield,1993,kg/ha,1366.8
5000,"Ramie, raw or retted",Yield,1994,kg/ha,1401.8
5000,"Ramie, raw or retted",Yield,1995,kg/ha,1512.6
5000,"Ramie, raw or retted",Yield,1996,kg/ha,1531.4
5000,"Ramie, raw or retted",Yield,1997,kg/ha,1644.1
5000,"Ramie, raw or retted",Yield,1998,kg/ha,1585.8
5000,"Ramie, raw or retted",Yield,1999,kg/ha,1631.9
5000,"Ramie, raw or retted",Yield,2000,kg/ha,1693.5
5000,"Ramie, raw or retted",Yield,2001,kg/ha,1738.0
5000,"Ramie, raw or retted",Yield,2002,kg/ha,1913.7
5000,"Ramie, raw or retted",Yield,2003,kg/ha,1925.2
5000,"Ramie, raw or retted",Yield,2004,kg/ha,2028.1
5000,"Ramie, raw or retted",Yield,2005,kg/ha,2099.9
5000,"Ramie, raw or retted",Yield,2006,kg/ha,2032.8
5000,"Ramie, raw or retted",Yield,2007,kg/ha,2045.7
5000,"Ramie, raw or retted",Yield,2008,kg/ha,1991.7
5000,"Ramie, raw or retted",Yield,2009,kg/ha,1935.8
5000,"Ramie, raw or retted",Yield,2010,kg/ha,1948.1
5000,"Ramie, raw or retted",Yield,2011,kg/ha,1900.0
5000,"Ramie, raw or retted",Yield,2012,kg/ha,1906.0
5000,"Ramie, raw or retted",Yield,2013,kg/ha,1930.2
5000,"Ramie, raw or retted",Yield,2014,kg/ha,1966.7
5000,"Ramie, raw or retted",Yield,2015,kg/ha,1967.8
5000,"Ramie, raw or retted",Yield,2016,kg/ha,1915.4
5000,"Ramie, raw or retted",Yield,2017,kg/ha,1920.2
5000,"Ramie, raw or retted",Yield,2018,kg/ha,1938.0
5000,"Ramie, raw or retted",Yield,2019,kg/ha,1922.1
5000,"Ramie, raw or retted",Yield,2020,kg/ha,1927.9
5000,"Ramie, raw or retted",Yield,2021,kg/ha,1927.5
5000,"Ramie, raw or retted",Yield,2022,kg/ha,1925.1
5000,"Ramie, raw or retted",Yield,2023,kg/ha,1926.4
5000,"Ramie, raw or retted",Yield,2024,kg/ha,1926.2
5000,Rape or colza seed,Yield,1961,kg/ha,572.8
5000,Rape or colza seed,Yield,1962,kg/ha,587.5
5000,Rape or colza seed,Yield,1963,kg/ha,536.1
5000,Rape or colza seed,Yield,1964,kg/ha,565.9
5000,Rape or colza seed,Yield,1965,kg/ha,740.8
5000,Rape or colza seed,Yield,1966,kg/ha,674.3
5000,Rape or colza seed,Yield,1967,kg/ha,742.2
5000,Rape or colza seed,Yield,1968,kg/ha,763.3
5000,Rape or colza seed,Yield,1969,kg/ha,727.5
5000,Rape or colza seed,Yield,1970,kg/ha,816.0
5000,Rape or colza seed,Yield,1971,kg/ha,897.8
5000,Rape or colza seed,Yield,1972,kg/ha,775.4
5000,Rape or colza seed,Yield,1973,kg/ha,826.9
5000,Rape or colza seed,Yield,1974,kg/ha,831.2
5000,Rape or colza seed,Yield,1975,kg/ha,886.7
5000,Rape or colza seed,Yield,1976,kg/ha,886.9
5000,Rape or colza seed,Yield,1977,kg/ha,874.0
5000,Rape or colza seed,Yield,1978,kg/ha,947.0
5000,Rape or colza seed,Yield,1979,kg/ha,896.2
5000,Rape or colza seed,Yield,1980,kg/ha,978.6
5000,Rape or colza seed,Yield,1981,kg/ha,1035.6
5000,Rape or colza seed,Yield,1982,kg/ha,1161.3
5000,Rape or colza seed,Yield,1983,kg/ha,1105.9
5000,Rape or colza seed,Yield,1984,kg/ha,1236.5
5000,Rape or colza seed,Yield,1985,kg/ha,1304.0
5000,Rape or colza seed,Yield,1986,kg/ha,1312.7
5000,Rape or colza seed,Yield,1987,kg/ha,1415.6
5000,Rape or colza seed,Yield,1988,kg/ha,1239.9
5000,Rape or colza seed,Yield,1989,kg/ha,1312.3
5000,Rape or colza seed,Yield,1990,kg/ha,1387.1
5000,Rape or colza seed,Yield,1991,kg/ha,1395.0
5000,Rape or colza seed,Yield,1992,kg/ha,1323.5
5000,Rape or colza seed,Yield,1993,kg/ha,1319.6
5000,Rape or colza seed,Yield,1994,kg/ha,1308.1
5000,Rape or colza seed,Yield,1995,kg/ha,1433.7
5000,Rape or colza seed,Yield,1996,kg/ha,1404.5
5000,Rape or colza seed,Yield,1997,kg/ha,1493.8
5000,Rape or colza seed,Yield,1998,kg/ha,1380.7
5000,Rape or colza seed,Yield,1999,kg/ha,1560.0
5000,Rape or colza seed,Yield,2000,kg/ha,1529.6
5000,Rape or colza seed,Yield,2001,kg/ha,1591.3
5000,Rape or colza seed,Yield,2002,kg/ha,1500.1
5000,Rape or colza seed,Yield,2003,kg/ha,1567.3
5000,Rape or colza seed,Yield,2004,kg/ha,1839.1
5000,Rape or colza seed,Yield,2005,kg/ha,1806.5
5000,Rape or colza seed,Yield,2006,kg/ha,1752.0
5000,Rape or colza seed,Yield,2007,kg/ha,1724.9
5000,Rape or colza seed,Yield,2008,kg/ha,1884.8
5000,Rape or colza seed,Yield,2009,kg/ha,1968.1
5000,Rape or colza seed,Yield,2010,kg/ha,1856.1
5000,Rape or colza seed,Yield,2011,kg/ha,1869.1
5000,Rape or colza seed,Yield,2012,kg/ha,1783.5
5000,Rape or colza seed,Yield,2013,kg/ha,2023.2
5000,Rape or colza seed,Yield,2014,kg/ha,2025.0
5000,Rape or colza seed,Yield,2015,kg/ha,2063.3
5000,Rape or colza seed,Yield,2016,kg/ha,2085.9
5000,Rape or colza seed,Yield,2017,kg/ha,2099.8
5000,Rape or colza seed,Yield,2018,kg/ha,2056.9
5000,Rape or colza seed,Yield,2019,kg/ha,2098.5
5000,Rape or colza seed,Yield,2020,kg/ha,2112.8
5000,Rape or colza seed,Yield,2021,kg/ha,2005.6
5000,Rape or colza seed,Yield,2022,kg/ha,2183.2
5000,Rape or colza seed,Yield,2023,kg/ha,2129.3
5000,Rape or colza seed,Yield,2024,kg/ha,2049.6
5000,Raspberries,Yield,1961,kg/ha,6167.3
5000,Raspberries,Yield,1962,kg/ha,6570.0
5000,Raspberries,Yield,1963,kg/ha,7118.6
5000,Raspberries,Yield,1964,kg/ha,7127.2
5000,Raspberries,Yield,1965,kg/ha,5739.9
5000,Raspberries,Yield,1966,kg/ha,6183.0
5000,Raspberries,Yield,1967,kg/ha,6305.6
5000,Raspberries,Yield,1968,kg/ha,5858.3
5000,Raspberries,Yield,1969,kg/ha,6140.1
5000,Raspberries,Yield,1970,kg/ha,5685.7
5000,Raspberries,Yield,1971,kg/ha,5415.5
5000,Raspberries,Yield,1972,kg/ha,5517.2
5000,Raspberries,Yield,1973,kg/ha,6232.6
5000,Raspberries,Yield,1974,kg/ha,5538.5
5000,Raspberries,Yield,1975,kg/ha,6329.7
5000,Raspberries,Yield,1976,kg/ha,5447.2
5000,Raspberries,Yield,1977,kg/ha,5658.9
5000,Raspberries,Yield,1978,kg/ha,5815.7
5000,Raspberries,Yield,1979,kg/ha,5745.6
5000,Raspberries,Yield,1980,kg/ha,5635.8
5000,Raspberries,Yield,1981,kg/ha,6164.0
5000,Raspberries,Yield,1982,kg/ha,6275.7
5000,Raspberries,Yield,1983,kg/ha,6348.6
5000,Raspberries,Yield,1984,kg/ha,6635.6
5000,Raspberries,Yield,1985,kg/ha,4813.7
5000,Raspberries,Yield,1986,kg/ha,4673.8
5000,Raspberries,Yield,1987,kg/ha,4514.8
5000,Raspberries,Yield,1988,kg/ha,5176.7
5000,Raspberries,Yield,1989,kg/ha,5203.9
5000,Raspberries,Yield,1990,kg/ha,4595.7
5000,Raspberries,Yield,1991,kg/ha,4142.2
5000,Raspberries,Yield,1992,kg/ha,4786.7
5000,Raspberries,Yield,1993,kg/ha,4740.2
5000,Raspberries,Yield,1994,kg/ha,4980.6
5000,Raspberries,Yield,1995,kg/ha,4857.8
5000,Raspberries,Yield,1996,kg/ha,4748.1
5000,Raspberries,Yield,1997,kg/ha,4817.2
5000,Raspberries,Yield,1998,kg/ha,5055.9
5000,Raspberries,Yield,1999,kg/ha,5185.2
5000,Raspberries,Yield,2000,kg/ha,4966.8
5000,Raspberries,Yield,2001,kg/ha,4825.1
5000,Raspberries,Yield,2002,kg/ha,5026.7
5000,Raspberries,Yield,2003,kg/ha,4733.9
5000,Raspberries,Yield,2004,kg/ha,5455.1
5000,Raspberries,Yield,2005,kg/ha,5385.3
5000,Raspberries,Yield,2006,kg/ha,5250.5
5000,Raspberries,Yield,2007,kg/ha,4939.0
5000,Raspberries,Yield,2008,kg/ha,5373.9
5000,Raspberries,Yield,2009,kg/ha,5757.1
5000,Raspberries,Yield,2010,kg/ha,4945.3
5000,Raspberries,Yield,2011,kg/ha,5631.3
5000,Raspberries,Yield,2012,kg/ha,5595.6
5000,Raspberries,Yield,2013,kg/ha,6341.8
5000,Raspberries,Yield,2014,kg/ha,6762.8
5000,Raspberries,Yield,2015,kg/ha,6671.3
5000,Raspberries,Yield,2016,kg/ha,7212.2
5000,Raspberries,Yield,2017,kg/ha,6817.9
5000,Raspberries,Yield,2018,kg/ha,6997.0
5000,Raspberries,Yield,2019,kg/ha,6644.1
5000,Raspberries,Yield,2020,kg/ha,7525.0
5000,Raspberries,Yield,2021,kg/ha,7378.7
5000,Raspberries,Yield,2022,kg/ha,7968.5
5000,Raspberries,Yield,2023,kg/ha,7784.5
5000,Raspberries,Yield,2024,kg/ha,7731.4
5000,Rice,Yield,1961,kg/ha,1869.3
5000,Rice,Yield,1962,kg/ha,1895.8
5000,Rice,Yield,1963,kg/ha,2056.7
5000,Rice,Yield,1964,kg/ha,2102.5
5000,Rice,Yield,1965,kg/ha,2035.3
5000,Rice,Yield,1966,kg/ha,2078.1
5000,Rice,Yield,1967,kg/ha,2174.9
5000,Rice,Yield,1968,kg/ha,2232.8
5000,Rice,Yield,1969,kg/ha,2254.0
5000,Rice,Yield,1970,kg/ha,2380.8
5000,Rice,Yield,1971,kg/ha,2361.9
5000,Rice,Yield,1972,kg/ha,2324.5
5000,Rice,Yield,1973,kg/ha,2452.4
5000,Rice,Yield,1974,kg/ha,2425.1
5000,Rice,Yield,1975,kg/ha,2518.6
5000,Rice,Yield,1976,kg/ha,2450.9
5000,Rice,Yield,1977,kg/ha,2571.8
5000,Rice,Yield,1978,kg/ha,2684.3
5000,Rice,Yield,1979,kg/ha,2659.1
5000,Rice,Yield,1980,kg/ha,2748.2
5000,Rice,Yield,1981,kg/ha,2827.2
5000,Rice,Yield,1982,kg/ha,2980.4
5000,Rice,Yield,1983,kg/ha,3136.7
5000,Rice,Yield,1984,kg/ha,3226.1
5000,Rice,Yield,1985,kg/ha,3257.0
5000,Rice,Yield,1986,kg/ha,3244.1
5000,Rice,Yield,1987,kg/ha,3265.1
5000,Rice,Yield,1988,kg/ha,3329.6
5000,Rice,Yield,1989,kg/ha,3454.1
5000,Rice,Yield,1990,kg/ha,3528.6
5000,Rice,Yield,1991,kg/ha,3532.1
5000,Rice,Yield,1992,kg/ha,3595.4
5000,Rice,Yield,1993,kg/ha,3623.5
5000,Rice,Yield,1994,kg/ha,3668.3
5000,Rice,Yield,1995,kg/ha,3655.3
5000,Rice,Yield,1996,kg/ha,3700.8
5000,Rice,Yield,1997,kg/ha,3811.9
5000,Rice,Yield,1998,kg/ha,3796.8
5000,Rice,Yield,1999,kg/ha,3906.7
5000,Rice,Yield,2000,kg/ha,3878.3
5000,Rice,Yield,2001,kg/ha,3951.2
5000,Rice,Yield,2002,kg/ha,3874.6
5000,Rice,Yield,2003,kg/ha,3945.3
5000,Rice,Yield,2004,kg/ha,4022.2
5000,Rice,Yield,2005,kg/ha,4080.6
5000,Rice,Yield,2006,kg/ha,4125.3
5000,Rice,Yield,2007,kg/ha,4211.4
5000,Rice,Yield,2008,kg/ha,4312.7
5000,Rice,Yield,2009,kg/ha,4332.7
5000,Rice,Yield,2010,kg/ha,4309.1
5000,Rice,Yield,2011,kg/ha,4452.3
5000,Rice,Yield,2012,kg/ha,4525.1
5000,Rice,Yield,2013,kg/ha,4512.9
5000,Rice,Yield,2014,kg/ha,4525.2
5000,Rice,Yield,2015,kg/ha,4555.6
5000,Rice,Yield,2016,kg/ha,4553.2
5000,Rice,Yield,2017,kg/ha,4585.0
5000,Rice,Yield,2018,kg/ha,4653.8
5000,Rice,Yield,2019,kg/ha,4687.4
5000,Rice,Yield,2020,kg/ha,4691.6
5000,Rice,Yield,2021,kg/ha,4744.5
5000,Rice,Yield,2022,kg/ha,4718.1
5000,Rice,Yield,2023,kg/ha,4764.0
5000,Rice,Yield,2024,kg/ha,4757.3
5000,Rye,Yield,1961,kg/ha,1160.5
5000,Rye,Yield,1962,kg/ha,1147.8
5000,Rye,Yield,1963,kg/ha,1094.5
5000,Rye,Yield,1964,kg/ha,1101.8
5000,Rye,Yield,1965,kg/ha,1243.8
5000,Rye,Yield,1966,kg/ha,1206.7
5000,Rye,Yield,1967,kg/ha,1308.6
5000,Rye,Yield,1968,kg/ha,1405.5
5000,Rye,Yield,1969,kg/ha,1441.9
5000,Rye,Yield,1970,kg/ha,1382.0
5000,Rye,Yield,1971,kg/ha,1585.7
5000,Rye,Yield,1972,kg/ha,1570.6
5000,Rye,Yield,1973,kg/ha,1754.7
5000,Rye,Yield,1974,kg/ha,1740.0
5000,Rye,Yield,1975,kg/ha,1514.0
5000,Rye,Yield,1976,kg/ha,1717.5
5000,Rye,Yield,1977,kg/ha,1598.3
5000,Rye,Yield,1978,kg/ha,1916.2
5000,Rye,Yield,1979,kg/ha,1587.3
5000,Rye,Yield,1980,kg/ha,1556.3
5000,Rye,Yield,1981,kg/ha,1640.4
5000,Rye,Yield,1982,kg/ha,1790.8
5000,Rye,Yield,1983,kg/ha,1911.9
5000,Rye,Yield,1984,kg/ha,1952.9
5000,Rye,Yield,1985,kg/ha,1928.4
5000,Rye,Yield,1986,kg/ha,1978.7
5000,Rye,Yield,1987,kg/ha,1983.9
5000,Rye,Yield,1988,kg/ha,1914.2
5000,Rye,Yield,1989,kg/ha,2022.7
5000,Rye,Yield,1990,kg/ha,2271.3
5000,Rye,Yield,1991,kg/ha,2033.9
5000,Rye,Yield,1992,kg/ha,2010.6
5000,Rye,Yield,1993,kg/ha,2003.8
5000,Rye,Yield,1994,kg/ha,2044.5
5000,Rye,Yield,1995,kg/ha,2159.3
5000,Rye,Yield,1996,kg/ha,2068.0
5000,Rye,Yield,1997,kg/ha,2301.0
5000,Rye,Yield,1998,kg/ha,2052.1
5000,Rye,Yield,1999,kg/ha,2131.9
5000,Rye,Yield,2000,kg/ha,2045.4
5000,Rye,Yield,2001,kg/ha,2360.5
5000,Rye,Yield,2002,kg/ha,2299.7
5000,Rye,Yield,2003,kg/ha,2182.3
5000,Rye,Yield,2004,kg/ha,2579.3
5000,Rye,Yield,2005,kg/ha,2225.3
5000,Rye,Yield,2006,kg/ha,2170.5
5000,Rye,Yield,2007,kg/ha,2365.1
5000,Rye,Yield,2008,kg/ha,2685.4
5000,Rye,Yield,2009,kg/ha,2760.0
5000,Rye,Yield,2010,kg/ha,2373.0
5000,Rye,Yield,2011,kg/ha,2553.1
5000,Rye,Yield,2012,kg/ha,2748.8
5000,Rye,Yield,2013,kg/ha,2940.3
5000,Rye,Yield,2014,kg/ha,2927.6
5000,Rye,Yield,2015,kg/ha,2924.4
5000,Rye,Yield,2016,kg/ha,2969.5
5000,Rye,Yield,2017,kg/ha,3048.6
5000,Rye,Yield,2018,kg/ha,2667.1
5000,Rye,Yield,2019,kg/ha,3060.0
5000,Rye,Yield,2020,kg/ha,3410.8
5000,Rye,Yield,2021,kg/ha,3074.8
5000,Rye,Yield,2022,kg/ha,3290.5
5000,Rye,Yield,2023,kg/ha,3185.6
5000,Rye,Yield,2024,kg/ha,3168.6
5000,Safflower seed,Yield,1961,kg/ha,431.8
5000,Safflower seed,Yield,1962,kg/ha,632.5
5000,Safflower seed,Yield,1963,kg/ha,638.3
5000,Safflower seed,Yield,1964,kg/ha,554.3
5000,Safflower seed,Yield,1965,kg/ha,626.8
5000,Safflower seed,Yield,1966,kg/ha,754.0
5000,Safflower seed,Yield,1967,kg/ha,656.1
5000,Safflower seed,Yield,1968,kg/ha,528.9
5000,Safflower seed,Yield,1969,kg/ha,604.4
5000,Safflower seed,Yield,1970,kg/ha,688.1
5000,Safflower seed,Yield,1971,kg/ha,806.3
5000,Safflower seed,Yield,1972,kg/ha,677.8
5000,Safflower seed,Yield,1973,kg/ha,716.9
5000,Safflower seed,Yield,1974,kg/ha,672.5
5000,Safflower seed,Yield,1975,kg/ha,781.8
5000,Safflower seed,Yield,1976,kg/ha,594.2
5000,Safflower seed,Yield,1977,kg/ha,736.6
5000,Safflower seed,Yield,1978,kg/ha,775.4
5000,Safflower seed,Yield,1979,kg/ha,750.6
5000,Safflower seed,Yield,1980,kg/ha,703.3
5000,Safflower seed,Yield,1981,kg/ha,630.3
5000,Safflower seed,Yield,1982,kg/ha,745.1
5000,Safflower seed,Yield,1983,kg/ha,633.7
5000,Safflower seed,Yield,1984,kg/ha,724.0
5000,Safflower seed,Yield,1985,kg/ha,643.3
5000,Safflower seed,Yield,1986,kg/ha,552.0
5000,Safflower seed,Yield,1987,kg/ha,571.3
5000,Safflower seed,Yield,1988,kg/ha,631.1
5000,Safflower seed,Yield,1989,kg/ha,685.6
5000,Safflower seed,Yield,1990,kg/ha,690.2
5000,Safflower seed,Yield,1991,kg/ha,526.6
5000,Safflower seed,Yield,1992,kg/ha,617.8
5000,Safflower seed,Yield,1993,kg/ha,714.2
5000,Safflower seed,Yield,1994,kg/ha,799.3
5000,Safflower seed,Yield,1995,kg/ha,704.8
5000,Safflower seed,Yield,1996,kg/ha,785.2
5000,Safflower seed,Yield,1997,kg/ha,815.5
5000,Safflower seed,Yield,1998,kg/ha,926.8
5000,Safflower seed,Yield,1999,kg/ha,838.1
5000,Safflower seed,Yield,2000,kg/ha,751.7
5000,Safflower seed,Yield,2001,kg/ha,687.0
5000,Safflower seed,Yield,2002,kg/ha,755.0
5000,Safflower seed,Yield,2003,kg/ha,802.7
5000,Safflower seed,Yield,2004,kg/ha,686.0
5000,Safflower seed,Yield,2005,kg/ha,724.6
5000,Safflower seed,Yield,2006,kg/ha,764.7
5000,Safflower seed,Yield,2007,kg/ha,837.9
5000,Safflower seed,Yield,2008,kg/ha,835.8
5000,Safflower seed,Yield,2009,kg/ha,806.5
5000,Safflower seed,Yield,2010,kg/ha,796.2
5000,Safflower seed,Yield,2011,kg/ha,843.5
5000,Safflower seed,Yield,2012,kg/ha,871.8
5000,Safflower seed,Yield,2013,kg/ha,804.6
5000,Safflower seed,Yield,2014,kg/ha,818.2
5000,Safflower seed,Yield,2015,kg/ha,783.2
5000,Safflower seed,Yield,2016,kg/ha,810.3
5000,Safflower seed,Yield,2017,kg/ha,853.8
5000,Safflower seed,Yield,2018,kg/ha,929.5
5000,Safflower seed,Yield,2019,kg/ha,904.0
5000,Safflower seed,Yield,2020,kg/ha,836.2
5000,Safflower seed,Yield,2021,kg/ha,729.8
5000,Safflower seed,Yield,2022,kg/ha,832.1
5000,Safflower seed,Yield,2023,kg/ha,787.4
5000,Safflower seed,Yield,2024,kg/ha,828.8
5000,"Seed cotton, unginned",Yield,1961,kg/ha,862.4
5000,"Seed cotton, unginned",Yield,1962,kg/ha,914.2
5000,"Seed cotton, unginned",Yield,1963,kg/ha,984.0
5000,"Seed cotton, unginned",Yield,1964,kg/ha,1004.2
5000,"Seed cotton, unginned",Yield,1965,kg/ha,1063.2
5000,"Seed cotton, unginned",Yield,1966,kg/ha,1071.4
5000,"Seed cotton, unginned",Yield,1967,kg/ha,1011.7
5000,"Seed cotton, unginned",Yield,1968,kg/ha,1082.6
5000,"Seed cotton, unginned",Yield,1969,kg/ha,1014.3
5000,"Seed cotton, unginned",Yield,1970,kg/ha,1042.4
5000,"Seed cotton, unginned",Yield,1971,kg/ha,1067.3
5000,"Seed cotton, unginned",Yield,1972,kg/ha,1097.3
5000,"Seed cotton, unginned",Yield,1973,kg/ha,1164.8
5000,"Seed cotton, unginned",Yield,1974,kg/ha,1187.7
5000,"Seed cotton, unginned",Yield,1975,kg/ha,1113.4
5000,"Seed cotton, unginned",Yield,1976,kg/ha,1105.9
5000,"Seed cotton, unginned",Yield,1977,kg/ha,1159.0
5000,"Seed cotton, unginned",Yield,1978,kg/ha,1099.0
5000,"Seed cotton, unginned",Yield,1979,kg/ha,1227.2
5000,"Seed cotton, unginned",Yield,1980,kg/ha,1205.9
5000,"Seed cotton, unginned",Yield,1981,kg/ha,1319.2
5000,"Seed cotton, unginned",Yield,1982,kg/ha,1338.4
5000,"Seed cotton, unginned",Yield,1983,kg/ha,1361.2
5000,"Seed cotton, unginned",Yield,1984,kg/ha,1586.1
5000,"Seed cotton, unginned",Yield,1985,kg/ha,1522.6
5000,"Seed cotton, unginned",Yield,1986,kg/ha,1444.7
5000,"Seed cotton, unginned",Yield,1987,kg/ha,1614.9
5000,"Seed cotton, unginned",Yield,1988,kg/ha,1567.9
5000,"Seed cotton, unginned",Yield,1989,kg/ha,1554.1
5000,"Seed cotton, unginned",Yield,1990,kg/ha,1639.1
5000,"Seed cotton, unginned",Yield,1991,kg/ha,1731.0
5000,"Seed cotton, unginned",Yield,1992,kg/ha,1556.2
5000,"Seed cotton, unginned",Yield,1993,kg/ha,1578.5
5000,"Seed cotton, unginned",Yield,1994,kg/ha,1651.9
5000,"Seed cotton, unginned",Yield,1995,kg/ha,1598.4
5000,"Seed cotton, unginned",Yield,1996,kg/ha,1613.0
5000,"Seed cotton, unginned",Yield,1997,kg/ha,1612.9
5000,"Seed cotton, unginned",Yield,1998,kg/ha,1571.1
5000,"Seed cotton, unginned",Yield,1999,kg/ha,1632.0
5000,"Seed cotton, unginned",Yield,2000,kg/ha,1678.3
5000,"Seed cotton, unginned",Yield,2001,kg/ha,1740.6
5000,"Seed cotton, unginned",Yield,2002,kg/ha,1754.5
5000,"Seed cotton, unginned",Yield,2003,kg/ha,1798.4
5000,"Seed cotton, unginned",Yield,2004,kg/ha,2022.2
5000,"Seed cotton, unginned",Yield,2005,kg/ha,2007.1
5000,"Seed cotton, unginned",Yield,2006,kg/ha,2074.1
5000,"Seed cotton, unginned",Yield,2007,kg/ha,2201.2
5000,"Seed cotton, unginned",Yield,2008,kg/ha,2139.0
5000,"Seed cotton, unginned",Yield,2009,kg/ha,2050.9
5000,"Seed cotton, unginned",Yield,2010,kg/ha,2184.5
5000,"Seed cotton, unginned",Yield,2011,kg/ha,2313.5
5000,"Seed cotton, unginned",Yield,2012,kg/ha,2286.9
5000,"Seed cotton, unginned",Yield,2013,kg/ha,2262.9
5000,"Seed cotton, unginned",Yield,2014,kg/ha,2208.1
5000,"Seed cotton, unginned",Yield,2015,kg/ha,2093.4
5000,"Seed cotton, unginned",Yield,2016,kg/ha,2256.5
5000,"Seed cotton, unginned",Yield,2017,kg/ha,2148.1
5000,"Seed cotton, unginned",Yield,2018,kg/ha,2205.7
5000,"Seed cotton, unginned",Yield,2019,kg/ha,2462.7
5000,"Seed cotton, unginned",Yield,2020,kg/ha,2271.8
5000,"Seed cotton, unginned",Yield,2021,kg/ha,2271.5
5000,"Seed cotton, unginned",Yield,2022,kg/ha,2224.9
5000,"Seed cotton, unginned",Yield,2023,kg/ha,2324.3
5000,"Seed cotton, unginned",Yield,2024,kg/ha,2362.0
5000,Sesame seed,Yield,1961,kg/ha,286.1
5000,Sesame seed,Yield,1962,kg/ha,295.7
5000,Sesame seed,Yield,1963,kg/ha,288.9
5000,Sesame seed,Yield,1964,kg/ha,304.0
5000,Sesame seed,Yield,1965,kg/ha,279.0
5000,Sesame seed,Yield,1966,kg/ha,271.2
5000,Sesame seed,Yield,1967,kg/ha,288.2
5000,Sesame seed,Yield,1968,kg/ha,285.7
5000,Sesame seed,Yield,1969,kg/ha,307.1
5000,Sesame seed,Yield,1970,kg/ha,340.2
5000,Sesame seed,Yield,1971,kg/ha,318.3
5000,Sesame seed,Yield,1972,kg/ha,290.0
5000,Sesame seed,Yield,1973,kg/ha,308.5
5000,Sesame seed,Yield,1974,kg/ha,294.2
5000,Sesame seed,Yield,1975,kg/ha,296.6
5000,Sesame seed,Yield,1976,kg/ha,288.6
5000,Sesame seed,Yield,1977,kg/ha,304.2
5000,Sesame seed,Yield,1978,kg/ha,311.1
5000,Sesame seed,Yield,1979,kg/ha,293.0
5000,Sesame seed,Yield,1980,kg/ha,277.3
5000,Sesame seed,Yield,1981,kg/ha,339.4
5000,Sesame seed,Yield,1982,kg/ha,318.0
5000,Sesame seed,Yield,1983,kg/ha,315.7
5000,Sesame seed,Yield,1984,kg/ha,335.5
5000,Sesame seed,Yield,1985,kg/ha,336.2
5000,Sesame seed,Yield,1986,kg/ha,341.8
5000,Sesame seed,Yield,1987,kg/ha,355.6
5000,Sesame seed,Yield,1988,kg/ha,336.2
5000,Sesame seed,Yield,1989,kg/ha,331.5
5000,Sesame seed,Yield,1990,kg/ha,389.0
5000,Sesame seed,Yield,1991,kg/ha,348.4
5000,Sesame seed,Yield,1992,kg/ha,376.6
5000,Sesame seed,Yield,1993,kg/ha,340.8
5000,Sesame seed,Yield,1994,kg/ha,352.2
5000,Sesame seed,Yield,1995,kg/ha,391.8
5000,Sesame seed,Yield,1996,kg/ha,397.5
5000,Sesame seed,Yield,1997,kg/ha,401.1
5000,Sesame seed,Yield,1998,kg/ha,412.2
5000,Sesame seed,Yield,1999,kg/ha,376.4
5000,Sesame seed,Yield,2000,kg/ha,381.1
5000,Sesame seed,Yield,2001,kg/ha,444.0
5000,Sesame seed,Yield,2002,kg/ha,448.9
5000,Sesame seed,Yield,2003,kg/ha,441.9
5000,Sesame seed,Yield,2004,kg/ha,453.3
5000,Sesame seed,Yield,2005,kg/ha,465.1
5000,Sesame seed,Yield,2006,kg/ha,466.1
5000,Sesame seed,Yield,2007,kg/ha,509.5
5000,Sesame seed,Yield,2008,kg/ha,497.9
5000,Sesame seed,Yield,2009,kg/ha,490.9
5000,Sesame seed,Yield,2010,kg/ha,545.6
5000,Sesame seed,Yield,2011,kg/ha,583.6
5000,Sesame seed,Yield,2012,kg/ha,651.1
5000,Sesame seed,Yield,2013,kg/ha,545.3
5000,Sesame seed,Yield,2014,kg/ha,550.9
5000,Sesame seed,Yield,2015,kg/ha,567.0
5000,Sesame seed,Yield,2016,kg/ha,551.1
5000,Sesame seed,Yield,2017,kg/ha,551.8
5000,Sesame seed,Yield,2018,kg/ha,529.1
5000,Sesame seed,Yield,2019,kg/ha,515.9
5000,Sesame seed,Yield,2020,kg/ha,479.3
5000,Sesame seed,Yield,2021,kg/ha,497.8
5000,Sesame seed,Yield,2022,kg/ha,517.9
5000,Sesame seed,Yield,2023,kg/ha,562.7
5000,Sesame seed,Yield,2024,kg/ha,570.1
5000,"Sisal, raw",Yield,1961,kg/ha,859.7
5000,"Sisal, raw",Yield,1962,kg/ha,879.6
5000,"Sisal, raw",Yield,1963,kg/ha,858.5
5000,"Sisal, raw",Yield,1964,kg/ha,840.6
5000,"Sisal, raw",Yield,1965,kg/ha,791.3
5000,"Sisal, raw",Yield,1966,kg/ha,777.3
5000,"Sisal, raw",Yield,1967,kg/ha,758.4
5000,"Sisal, raw",Yield,1968,kg/ha,749.9
5000,"Sisal, raw",Yield,1969,kg/ha,788.1
5000,"Sisal, raw",Yield,1970,kg/ha,793.8
5000,"Sisal, raw",Yield,1971,kg/ha,905.8
5000,"Sisal, raw",Yield,1972,kg/ha,865.8
5000,"Sisal, raw",Yield,1973,kg/ha,906.9
5000,"Sisal, raw",Yield,1974,kg/ha,947.9
5000,"Sisal, raw",Yield,1975,kg/ha,857.7
5000,"Sisal, raw",Yield,1976,kg/ha,730.1
5000,"Sisal, raw",Yield,1977,kg/ha,753.1
5000,"Sisal, raw",Yield,1978,kg/ha,712.8
5000,"Sisal, raw",Yield,1979,kg/ha,745.2
5000,"Sisal, raw",Yield,1980,kg/ha,745.2
5000,"Sisal, raw",Yield,1981,kg/ha,730.1
5000,"Sisal, raw",Yield,1982,kg/ha,721.0
5000,"Sisal, raw",Yield,1983,kg/ha,643.5
5000,"Sisal, raw",Yield,1984,kg/ha,705.1
5000,"Sisal, raw",Yield,1985,kg/ha,784.4
5000,"Sisal, raw",Yield,1986,kg/ha,726.7
5000,"Sisal, raw",Yield,1987,kg/ha,646.6
5000,"Sisal, raw",Yield,1988,kg/ha,766.1
5000,"Sisal, raw",Yield,1989,kg/ha,797.3
5000,"Sisal, raw",Yield,1990,kg/ha,789.8
5000,"Sisal, raw",Yield,1991,kg/ha,815.7
5000,"Sisal, raw",Yield,1992,kg/ha,791.5
5000,"Sisal, raw",Yield,1993,kg/ha,789.1
5000,"Sisal, raw",Yield,1994,kg/ha,853.9
5000,"Sisal, raw",Yield,1995,kg/ha,858.7
5000,"Sisal, raw",Yield,1996,kg/ha,856.2
5000,"Sisal, raw",Yield,1997,kg/ha,934.3
5000,"Sisal, raw",Yield,1998,kg/ha,797.2
5000,"Sisal, raw",Yield,1999,kg/ha,947.7
5000,"Sisal, raw",Yield,2000,kg/ha,1092.2
5000,"Sisal, raw",Yield,2001,kg/ha,812.4
5000,"Sisal, raw",Yield,2002,kg/ha,838.5
5000,"Sisal, raw",Yield,2003,kg/ha,850.3
5000,"Sisal, raw",Yield,2004,kg/ha,899.5
5000,"Sisal, raw",Yield,2005,kg/ha,857.6
5000,"Sisal, raw",Yield,2006,kg/ha,934.9
5000,"Sisal, raw",Yield,2007,kg/ha,922.3
5000,"Sisal, raw",Yield,2008,kg/ha,908.8
5000,"Sisal, raw",Yield,2009,kg/ha,986.2
5000,"Sisal, raw",Yield,2010,kg/ha,929.5
5000,"Sisal, raw",Yield,2011,kg/ha,946.6
5000,"Sisal, raw",Yield,2012,kg/ha,575.2
5000,"Sisal, raw",Yield,2013,kg/ha,889.8
5000,"Sisal, raw",Yield,2014,kg/ha,896.4
5000,"Sisal, raw",Yield,2015,kg/ha,922.4
5000,"Sisal, raw",Yield,2016,kg/ha,899.7
5000,"Sisal, raw",Yield,2017,kg/ha,856.4
5000,"Sisal, raw",Yield,2018,kg/ha,817.1
5000,"Sisal, raw",Yield,2019,kg/ha,825.3
5000,"Sisal, raw",Yield,2020,kg/ha,861.7
5000,"Sisal, raw",Yield,2021,kg/ha,906.4
5000,"Sisal, raw",Yield,2022,kg/ha,894.4
5000,"Sisal, raw",Yield,2023,kg/ha,848.2
5000,"Sisal, raw",Yield,2024,kg/ha,850.3
5000,Sorghum,Yield,1961,kg/ha,889.6
5000,Sorghum,Yield,1962,kg/ha,943.0
5000,Sorghum,Yield,1963,kg/ha,962.0
5000,Sorghum,Yield,1964,kg/ha,959.3
5000,Sorghum,Yield,1965,kg/ha,988.9
5000,Sorghum,Yield,1966,kg/ha,1102.6
5000,Sorghum,Yield,1967,kg/ha,1109.4
5000,Sorghum,Yield,1968,kg/ha,1099.1
5000,Sorghum,Yield,1969,kg/ha,1064.1
5000,Sorghum,Yield,1970,kg/ha,1128.7
5000,Sorghum,Yield,1971,kg/ha,1235.1
5000,Sorghum,Yield,1972,kg/ha,1207.1
5000,Sorghum,Yield,1973,kg/ha,1303.3
5000,Sorghum,Yield,1974,kg/ha,1275.1
5000,Sorghum,Yield,1975,kg/ha,1320.7
5000,Sorghum,Yield,1976,kg/ha,1303.8
5000,Sorghum,Yield,1977,kg/ha,1411.5
5000,Sorghum,Yield,1978,kg/ha,1417.7
5000,Sorghum,Yield,1979,kg/ha,1481.9
5000,Sorghum,Yield,1980,kg/ha,1300.0
5000,Sorghum,Yield,1981,kg/ha,1597.6
5000,Sorghum,Yield,1982,kg/ha,1504.3
5000,Sorghum,Yield,1983,kg/ha,1392.5
5000,Sorghum,Yield,1984,kg/ha,1478.9
5000,Sorghum,Yield,1985,kg/ha,1525.6
5000,Sorghum,Yield,1986,kg/ha,1417.7
5000,Sorghum,Yield,1987,kg/ha,1419.2
5000,Sorghum,Yield,1988,kg/ha,1366.7
5000,Sorghum,Yield,1989,kg/ha,1319.7
5000,Sorghum,Yield,1990,kg/ha,1365.9
5000,Sorghum,Yield,1991,kg/ha,1290.6
5000,Sorghum,Yield,1992,kg/ha,1526.5
5000,Sorghum,Yield,1993,kg/ha,1348.8
5000,Sorghum,Yield,1994,kg/ha,1375.1
5000,Sorghum,Yield,1995,kg/ha,1278.1
5000,Sorghum,Yield,1996,kg/ha,1519.9
5000,Sorghum,Yield,1997,kg/ha,1353.6
5000,Sorghum,Yield,1998,kg/ha,1383.1
5000,Sorghum,Yield,1999,kg/ha,1441.3
5000,Sorghum,Yield,2000,kg/ha,1366.2
5000,Sorghum,Yield,2001,kg/ha,1372.1
5000,Sorghum,Yield,2002,kg/ha,1296.5
5000,Sorghum,Yield,2003,kg/ha,1336.0
5000,Sorghum,Yield,2004,kg/ha,1430.3
5000,Sorghum,Yield,2005,kg/ha,1291.4
5000,Sorghum,Yield,2006,kg/ha,1323.4
5000,Sorghum,Yield,2007,kg/ha,1414.7
5000,Sorghum,Yield,2008,kg/ha,1465.3
5000,Sorghum,Yield,2009,kg/ha,1374.5
5000,Sorghum,Yield,2010,kg/ha,1449.7
5000,Sorghum,Yield,2011,kg/ha,1359.4
5000,Sorghum,Yield,2012,kg/ha,1456.8
5000,Sorghum,Yield,2013,kg/ha,1399.3
5000,Sorghum,Yield,2014,kg/ha,1527.5
5000,Sorghum,Yield,2015,kg/ha,1567.2
5000,Sorghum,Yield,2016,kg/ha,1415.1
5000,Sorghum,Yield,2017,kg/ha,1406.3
5000,Sorghum,Yield,2018,kg/ha,1426.2
5000,Sorghum,Yield,2019,kg/ha,1445.1
5000,Sorghum,Yield,2020,kg/ha,1482.1
5000,Sorghum,Yield,2021,kg/ha,1481.9
5000,Sorghum,Yield,2022,kg/ha,1402.5
5000,Sorghum,Yield,2023,kg/ha,1452.3
5000,Sorghum,Yield,2024,kg/ha,1452.0
5000,Sour cherries,Yield,1961,kg/ha,8556.7
5000,Sour cherries,Yield,1962,kg/ha,8049.3
5000,Sour cherries,Yield,1963,kg/ha,6894.7
5000,Sour cherries,Yield,1964,kg/ha,9484.4
5000,Sour cherries,Yield,1965,kg/ha,7073.5
5000,Sour cherries,Yield,1966,kg/ha,7583.9
5000,Sour cherries,Yield,1967,kg/ha,6506.6
5000,Sour cherries,Yield,1968,kg/ha,9484.8
5000,Sour cherries,Yield,1969,kg/ha,7895.8
5000,Sour cherries,Yield,1970,kg/ha,7341.4
5000,Sour cherries,Yield,1971,kg/ha,6650.7
5000,Sour cherries,Yield,1972,kg/ha,7912.3
5000,Sour cherries,Yield,1973,kg/ha,7365.1
5000,Sour cherries,Yield,1974,kg/ha,6841.3
5000,Sour cherries,Yield,1975,kg/ha,7149.5
5000,Sour cherries,Yield,1976,kg/ha,7161.9
5000,Sour cherries,Yield,1977,kg/ha,7531.3
5000,Sour cherries,Yield,1978,kg/ha,7331.2
5000,Sour cherries,Yield,1979,kg/ha,7250.9
5000,Sour cherries,Yield,1980,kg/ha,7531.7
5000,Sour cherries,Yield,1981,kg/ha,7459.0
5000,Sour cherries,Yield,1982,kg/ha,9568.2
5000,Sour cherries,Yield,1983,kg/ha,9787.7
5000,Sour cherries,Yield,1984,kg/ha,9608.3
5000,Sour cherries,Yield,1985,kg/ha,4440.8
5000,Sour cherries,Yield,1986,kg/ha,4526.3
5000,Sour cherries,Yield,1987,kg/ha,4765.6
5000,Sour cherries,Yield,1988,kg/ha,4816.4
5000,Sour cherries,Yield,1989,kg/ha,4957.6
5000,Sour cherries,Yield,1990,kg/ha,4436.5
5000,Sour cherries,Yield,1991,kg/ha,4330.5
5000,Sour cherries,Yield,1992,kg/ha,4955.3
5000,Sour cherries,Yield,1993,kg/ha,5110.7
5000,Sour cherries,Yield,1994,kg/ha,4152.6
5000,Sour cherries,Yield,1995,kg/ha,4485.3
5000,Sour cherries,Yield,1996,kg/ha,4821.0
5000,Sour cherries,Yield,1997,kg/ha,4804.0
5000,Sour cherries,Yield,1998,kg/ha,4375.9
5000,Sour cherries,Yield,1999,kg/ha,4570.3
5000,Sour cherries,Yield,2000,kg/ha,4913.6
5000,Sour cherries,Yield,2001,kg/ha,4676.1
5000,Sour cherries,Yield,2002,kg/ha,4205.3
5000,Sour cherries,Yield,2003,kg/ha,4563.7
5000,Sour cherries,Yield,2004,kg/ha,4655.7
5000,Sour cherries,Yield,2005,kg/ha,4834.8
5000,Sour cherries,Yield,2006,kg/ha,4412.6
5000,Sour cherries,Yield,2007,kg/ha,4725.5
5000,Sour cherries,Yield,2008,kg/ha,5412.4
5000,Sour cherries,Yield,2009,kg/ha,5820.3
5000,Sour cherries,Yield,2010,kg/ha,5242.5
5000,Sour cherries,Yield,2011,kg/ha,5539.8
5000,Sour cherries,Yield,2012,kg/ha,5148.6
5000,Sour cherries,Yield,2013,kg/ha,6766.7
5000,Sour cherries,Yield,2014,kg/ha,6424.9
5000,Sour cherries,Yield,2015,kg/ha,6447.7
5000,Sour cherries,Yield,2016,kg/ha,6581.1
5000,Sour cherries,Yield,2017,kg/ha,5734.4
5000,Sour cherries,Yield,2018,kg/ha,7149.5
5000,Sour cherries,Yield,2019,kg/ha,6284.2
5000,Sour cherries,Yield,2020,kg/ha,6738.0
5000,Sour cherries,Yield,2021,kg/ha,6758.3
5000,Sour cherries,Yield,2022,kg/ha,6970.3
5000,Sour cherries,Yield,2023,kg/ha,6861.3
5000,Sour cherries,Yield,2024,kg/ha,6805.1
5000,Soya beans,Yield,1961,kg/ha,1128.7
5000,Soya beans,Yield,1962,kg/ha,1138.4
5000,Soya beans,Yield,1963,kg/ha,1156.1
5000,Soya beans,Yield,1964,kg/ha,1132.3
5000,Soya beans,Yield,1965,kg/ha,1227.9
5000,Soya beans,Yield,1966,kg/ha,1372.3
5000,Soya beans,Yield,1967,kg/ha,1349.4
5000,Soya beans,Yield,1968,kg/ha,1434.5
5000,Soya beans,Yield,1969,kg/ha,1452.3
5000,Soya beans,Yield,1970,kg/ha,1480.0
5000,Soya beans,Yield,1971,kg/ha,1518.9
5000,Soya beans,Yield,1972,kg/ha,1489.6
5000,Soya beans,Yield,1973,kg/ha,1585.1
5000,Soya beans,Yield,1974,kg/ha,1407.9
5000,Soya beans,Yield,1975,kg/ha,1657.4
5000,Soya beans,Yield,1976,kg/ha,1544.3
5000,Soya beans,Yield,1977,kg/ha,1756.1
5000,Soya beans,Yield,1978,kg/ha,1626.4
5000,Soya beans,Yield,1979,kg/ha,1749.2
5000,Soya beans,Yield,1980,kg/ha,1600.1
5000,Soya beans,Yield,1981,kg/ha,1753.8
5000,Soya beans,Yield,1982,kg/ha,1758.6
5000,Soya beans,Yield,1983,kg/ha,1620.1
5000,Soya beans,Yield,1984,kg/ha,1714.3
5000,Soya beans,Yield,1985,kg/ha,1906.3
5000,Soya beans,Yield,1986,kg/ha,1819.9
5000,Soya beans,Yield,1987,kg/ha,1905.2
5000,Soya beans,Yield,1988,kg/ha,1704.7
5000,Soya beans,Yield,1989,kg/ha,1828.8
5000,Soya beans,Yield,1990,kg/ha,1895.8
5000,Soya beans,Yield,1991,kg/ha,1872.5
5000,Soya beans,Yield,1992,kg/ha,2031.0
5000,Soya beans,Yield,1993,kg/ha,1936.1
5000,Soya beans,Yield,1994,kg/ha,2182.5
5000,Soya beans,Yield,1995,kg/ha,2031.2
5000,Soya beans,Yield,1996,kg/ha,2124.0
5000,Soya beans,Yield,1997,kg/ha,2156.6
5000,Soya beans,Yield,1998,kg/ha,2256.3
5000,Soya beans,Yield,1999,kg/ha,2190.1
5000,Soya beans,Yield,2000,kg/ha,2170.9
5000,Soya beans,Yield,2001,kg/ha,2306.1
5000,Soya beans,Yield,2002,kg/ha,2292.5
5000,Soya beans,Yield,2003,kg/ha,2279.6
5000,Soya beans,Yield,2004,kg/ha,2243.3
5000,Soya beans,Yield,2005,kg/ha,2317.5
5000,Soya beans,Yield,2006,kg/ha,2324.1
5000,Soya beans,Yield,2007,kg/ha,2437.0
5000,Soya beans,Yield,2008,kg/ha,2397.9
5000,Soya beans,Yield,2009,kg/ha,2247.6
5000,Soya beans,Yield,2010,kg/ha,2576.2
5000,Soya beans,Yield,2011,kg/ha,2520.6
5000,Soya beans,Yield,2012,kg/ha,2288.6
5000,Soya beans,Yield,2013,kg/ha,2499.0
5000,Soya beans,Yield,2014,kg/ha,2605.3
5000,Soya beans,Yield,2015,kg/ha,2675.3
5000,Soya beans,Yield,2016,kg/ha,2752.1
5000,Soya beans,Yield,2017,kg/ha,2857.6
5000,Soya beans,Yield,2018,kg/ha,2768.4
5000,Soya beans,Yield,2019,kg/ha,2717.5
5000,Soya beans,Yield,2020,kg/ha,2783.6
5000,Soya beans,Yield,2021,kg/ha,2872.7
5000,Soya beans,Yield,2022,kg/ha,2632.0
5000,Soya beans,Yield,2023,kg/ha,2695.8
5000,Soya beans,Yield,2024,kg/ha,2777.5
5000,Spinach,Yield,1961,kg/ha,8880.4
5000,Spinach,Yield,1962,kg/ha,9390.4
5000,Spinach,Yield,1963,kg/ha,9980.5
5000,Spinach,Yield,1964,kg/ha,10038.8
5000,Spinach,Yield,1965,kg/ha,10411.3
5000,Spinach,Yield,1966,kg/ha,10715.5
5000,Spinach,Yield,1967,kg/ha,10866.7
5000,Spinach,Yield,1968,kg/ha,11790.0
5000,Spinach,Yield,1969,kg/ha,12166.5
5000,Spinach,Yield,1970,kg/ha,13605.5
5000,Spinach,Yield,1971,kg/ha,13746.1
5000,Spinach,Yield,1972,kg/ha,13396.1
5000,Spinach,Yield,1973,kg/ha,13486.8
5000,Spinach,Yield,1974,kg/ha,13988.2
5000,Spinach,Yield,1975,kg/ha,14083.7
5000,Spinach,Yield,1976,kg/ha,14065.3
5000,Spinach,Yield,1977,kg/ha,14078.8
5000,Spinach,Yield,1978,kg/ha,15801.3
5000,Spinach,Yield,1979,kg/ha,13740.2
5000,Spinach,Yield,1980,kg/ha,13432.7
5000,Spinach,Yield,1981,kg/ha,13597.5
5000,Spinach,Yield,1982,kg/ha,12553.6
5000,Spinach,Yield,1983,kg/ha,12747.5
5000,Spinach,Yield,1984,kg/ha,25896.7
5000,Spinach,Yield,1985,kg/ha,12508.3
5000,Spinach,Yield,1986,kg/ha,12416.7
5000,Spinach,Yield,1987,kg/ha,12475.3
5000,Spinach,Yield,1988,kg/ha,12448.2
5000,Spinach,Yield,1989,kg/ha,11727.1
5000,Spinach,Yield,1990,kg/ha,12741.0
5000,Spinach,Yield,1991,kg/ha,12999.3
5000,Spinach,Yield,1992,kg/ha,13089.0
5000,Spinach,Yield,1993,kg/ha,13278.0
5000,Spinach,Yield,1994,kg/ha,13504.2
5000,Spinach,Yield,1995,kg/ha,13378.0
5000,Spinach,Yield,1996,kg/ha,13574.0
5000,Spinach,Yield,1997,kg/ha,13302.8
5000,Spinach,Yield,1998,kg/ha,13046.5
5000,Spinach,Yield,1999,kg/ha,12716.3
5000,Spinach,Yield,2000,kg/ha,14193.3
5000,Spinach,Yield,2001,kg/ha,14367.5
5000,Spinach,Yield,2002,kg/ha,14918.3
5000,Spinach,Yield,2003,kg/ha,15852.3
5000,Spinach,Yield,2004,kg/ha,17253.4
5000,Spinach,Yield,2005,kg/ha,17744.2
5000,Spinach,Yield,2006,kg/ha,18162.2
5000,Spinach,Yield,2007,kg/ha,19859.3
5000,Spinach,Yield,2008,kg/ha,23146.4
5000,Spinach,Yield,2009,kg/ha,24135.6
5000,Spinach,Yield,2010,kg/ha,24070.5
5000,Spinach,Yield,2011,kg/ha,24554.7
5000,Spinach,Yield,2012,kg/ha,25063.0
5000,Spinach,Yield,2013,kg/ha,25369.1
5000,Spinach,Yield,2014,kg/ha,25734.7
5000,Spinach,Yield,2015,kg/ha,28566.7
5000,Spinach,Yield,2016,kg/ha,29462.1
5000,Spinach,Yield,2017,kg/ha,30373.5
5000,Spinach,Yield,2018,kg/ha,31468.0
5000,Spinach,Yield,2019,kg/ha,32467.6
5000,Spinach,Yield,2020,kg/ha,34112.5
5000,Spinach,Yield,2021,kg/ha,34976.2
5000,Spinach,Yield,2022,kg/ha,35167.9
5000,Spinach,Yield,2023,kg/ha,36188.5
5000,Spinach,Yield,2024,kg/ha,32825.5
5000,Strawberries,Yield,1961,kg/ha,8015.3
5000,Strawberries,Yield,1962,kg/ha,7703.1
5000,Strawberries,Yield,1963,kg/ha,8443.8
5000,Strawberries,Yield,1964,kg/ha,9997.1
5000,Strawberries,Yield,1965,kg/ha,8125.5
5000,Strawberries,Yield,1966,kg/ha,8232.0
5000,Strawberries,Yield,1967,kg/ha,8600.8
5000,Strawberries,Yield,1968,kg/ha,8491.1
5000,Strawberries,Yield,1969,kg/ha,8829.5
5000,Strawberries,Yield,1970,kg/ha,9128.3
5000,Strawberries,Yield,1971,kg/ha,8953.4
5000,Strawberries,Yield,1972,kg/ha,9034.9
5000,Strawberries,Yield,1973,kg/ha,9441.5
5000,Strawberries,Yield,1974,kg/ha,9540.5
5000,Strawberries,Yield,1975,kg/ha,9027.7
5000,Strawberries,Yield,1976,kg/ha,9358.1
5000,Strawberries,Yield,1977,kg/ha,10246.3
5000,Strawberries,Yield,1978,kg/ha,10393.0
5000,Strawberries,Yield,1979,kg/ha,10692.5
5000,Strawberries,Yield,1980,kg/ha,10502.4
5000,Strawberries,Yield,1981,kg/ha,10872.3
5000,Strawberries,Yield,1982,kg/ha,11339.3
5000,Strawberries,Yield,1983,kg/ha,11535.5
5000,Strawberries,Yield,1984,kg/ha,11652.2
5000,Strawberries,Yield,1985,kg/ha,10273.2
5000,Strawberries,Yield,1986,kg/ha,10597.5
5000,Strawberries,Yield,1987,kg/ha,11579.2
5000,Strawberries,Yield,1988,kg/ha,11378.2
5000,Strawberries,Yield,1989,kg/ha,11526.7
5000,Strawberries,Yield,1990,kg/ha,11745.6
5000,Strawberries,Yield,1991,kg/ha,11843.8
5000,Strawberries,Yield,1992,kg/ha,10787.0
5000,Strawberries,Yield,1993,kg/ha,13200.7
5000,Strawberries,Yield,1994,kg/ha,14546.5
5000,Strawberries,Yield,1995,kg/ha,13990.5
5000,Strawberries,Yield,1996,kg/ha,14066.6
5000,Strawberries,Yield,1997,kg/ha,14509.5
5000,Strawberries,Yield,1998,kg/ha,14400.3
5000,Strawberries,Yield,1999,kg/ha,14730.7
5000,Strawberries,Yield,2000,kg/ha,14468.7
5000,Strawberries,Yield,2001,kg/ha,14028.7
5000,Strawberries,Yield,2002,kg/ha,15782.6
5000,Strawberries,Yield,2003,kg/ha,16146.8
5000,Strawberries,Yield,2004,kg/ha,16915.3
5000,Strawberries,Yield,2005,kg/ha,17059.8
5000,Strawberries,Yield,2006,kg/ha,17351.1
5000,Strawberries,Yield,2007,kg/ha,17021.5
5000,Strawberries,Yield,2008,kg/ha,18779.7
5000,Strawberries,Yield,2009,kg/ha,20340.8
5000,Strawberries,Yield,2010,kg/ha,20920.8
5000,Strawberries,Yield,2011,kg/ha,19736.3
5000,Strawberries,Yield,2012,kg/ha,21149.0
5000,Strawberries,Yield,2013,kg/ha,21028.6
5000,Strawberries,Yield,2014,kg/ha,21324.2
5000,Strawberries,Yield,2015,kg/ha,21815.5
5000,Strawberries,Yield,2016,kg/ha,22000.4
5000,Strawberries,Yield,2017,kg/ha,22187.4
5000,Strawberries,Yield,2018,kg/ha,21576.6
5000,Strawberries,Yield,2019,kg/ha,22640.8
5000,Strawberries,Yield,2020,kg/ha,23104.7
5000,Strawberries,Yield,2021,kg/ha,23683.8
5000,Strawberries,Yield,2022,kg/ha,24084.8
5000,Strawberries,Yield,2023,kg/ha,24252.5
5000,Strawberries,Yield,2024,kg/ha,24603.6
5000,String beans,Yield,1961,kg/ha,5359.1
5000,String beans,Yield,1962,kg/ha,5304.5
5000,String beans,Yield,1963,kg/ha,5437.6
5000,String beans,Yield,1964,kg/ha,5195.7
5000,String beans,Yield,1965,kg/ha,5400.9
5000,String beans,Yield,1966,kg/ha,5187.3
5000,String beans,Yield,1967,kg/ha,5382.4
5000,String beans,Yield,1968,kg/ha,5421.4
5000,String beans,Yield,1969,kg/ha,5421.3
5000,String beans,Yield,1970,kg/ha,5597.5
5000,String beans,Yield,1971,kg/ha,5578.6
5000,String beans,Yield,1972,kg/ha,5413.1
5000,String beans,Yield,1973,kg/ha,5608.6
5000,String beans,Yield,1974,kg/ha,5764.8
5000,String beans,Yield,1975,kg/ha,5484.0
5000,String beans,Yield,1976,kg/ha,5482.0
5000,String beans,Yield,1977,kg/ha,5826.8
5000,String beans,Yield,1978,kg/ha,5678.4
5000,String beans,Yield,1979,kg/ha,5978.4
5000,String beans,Yield,1980,kg/ha,5885.9
5000,String beans,Yield,1981,kg/ha,6406.2
5000,String beans,Yield,1982,kg/ha,7137.8
5000,String beans,Yield,1983,kg/ha,6774.6
5000,String beans,Yield,1984,kg/ha,6925.5
5000,String beans,Yield,1985,kg/ha,7106.5
5000,String beans,Yield,1986,kg/ha,7136.7
5000,String beans,Yield,1987,kg/ha,7034.7
5000,String beans,Yield,1988,kg/ha,6472.7
5000,String beans,Yield,1989,kg/ha,7139.2
5000,String beans,Yield,1990,kg/ha,6720.4
5000,String beans,Yield,1991,kg/ha,7121.5
5000,String beans,Yield,1992,kg/ha,6846.4
5000,String beans,Yield,1993,kg/ha,6953.6
5000,String beans,Yield,1994,kg/ha,7508.6
5000,String beans,Yield,1995,kg/ha,7207.5
5000,String beans,Yield,1996,kg/ha,7742.2
5000,String beans,Yield,1997,kg/ha,7769.8
5000,String beans,Yield,1998,kg/ha,7667.2
5000,String beans,Yield,1999,kg/ha,7983.4
5000,String beans,Yield,2000,kg/ha,8260.6
5000,String beans,Yield,2001,kg/ha,8240.9
5000,String beans,Yield,2002,kg/ha,8588.6
5000,String beans,Yield,2003,kg/ha,8721.1
5000,String beans,Yield,2004,kg/ha,9129.8
5000,String beans,Yield,2005,kg/ha,8858.7
5000,String beans,Yield,2006,kg/ha,9149.2
5000,String beans,Yield,2007,kg/ha,8644.6
5000,String beans,Yield,2008,kg/ha,8964.4
5000,String beans,Yield,2009,kg/ha,8970.2
5000,String beans,Yield,2010,kg/ha,9154.9
5000,String beans,Yield,2011,kg/ha,8745.6
5000,String beans,Yield,2012,kg/ha,9099.8
5000,String beans,Yield,2013,kg/ha,9305.3
5000,String beans,Yield,2014,kg/ha,9193.8
5000,String beans,Yield,2015,kg/ha,9524.3
5000,String beans,Yield,2016,kg/ha,9668.3
5000,String beans,Yield,2017,kg/ha,10074.5
5000,String beans,Yield,2018,kg/ha,9252.4
5000,String beans,Yield,2019,kg/ha,9417.2
5000,String beans,Yield,2020,kg/ha,9036.7
5000,String beans,Yield,2021,kg/ha,9526.1
5000,String beans,Yield,2022,kg/ha,10195.5
5000,String beans,Yield,2023,kg/ha,10292.3
5000,String beans,Yield,2024,kg/ha,9480.8
5000,Sugar beet,Yield,1961,kg/ha,23173.5
5000,Sugar beet,Yield,1962,kg/ha,21609.8
5000,Sugar beet,Yield,1963,kg/ha,21878.6
5000,Sugar beet,Yield,1964,kg/ha,25911.1
5000,Sugar beet,Yield,1965,kg/ha,24641.6
5000,Sugar beet,Yield,1966,kg/ha,27023.0
5000,Sugar beet,Yield,1967,kg/ha,29556.1
5000,Sugar beet,Yield,1968,kg/ha,31954.5
5000,Sugar beet,Yield,1969,kg/ha,28355.5
5000,Sugar beet,Yield,1970,kg/ha,29526.6
5000,Sugar beet,Yield,1971,kg/ha,29915.7
5000,Sugar beet,Yield,1972,kg/ha,30165.6
5000,Sugar beet,Yield,1973,kg/ha,30673.8
5000,Sugar beet,Yield,1974,kg/ha,28632.7
5000,Sugar beet,Yield,1975,kg/ha,27788.2
5000,Sugar beet,Yield,1976,kg/ha,31427.3
5000,Sugar beet,Yield,1977,kg/ha,31645.6
5000,Sugar beet,Yield,1978,kg/ha,31260.1
5000,Sugar beet,Yield,1979,kg/ha,29872.5
5000,Sugar beet,Yield,1980,kg/ha,30212.1
5000,Sugar beet,Yield,1981,kg/ha,30960.1
5000,Sugar beet,Yield,1982,kg/ha,32221.0
5000,Sugar beet,Yield,1983,kg/ha,31088.8
5000,Sugar beet,Yield,1984,kg/ha,33650.7
5000,Sugar beet,Yield,1985,kg/ha,32853.9
5000,Sugar beet,Yield,1986,kg/ha,33036.9
5000,Sugar beet,Yield,1987,kg/ha,34569.9
5000,Sugar beet,Yield,1988,kg/ha,33908.9
5000,Sugar beet,Yield,1989,kg/ha,36550.6
5000,Sugar beet,Yield,1990,kg/ha,35721.9
5000,Sugar beet,Yield,1991,kg/ha,33265.9
5000,Sugar beet,Yield,1992,kg/ha,33814.4
5000,Sugar beet,Yield,1993,kg/ha,35016.0
5000,Sugar beet,Yield,1994,kg/ha,32304.9
5000,Sugar beet,Yield,1995,kg/ha,34066.5
5000,Sugar beet,Yield,1996,kg/ha,35342.9
5000,Sugar beet,Yield,1997,kg/ha,37871.5
5000,Sugar beet,Yield,1998,kg/ha,38393.6
5000,Sugar beet,Yield,1999,kg/ha,39534.7
5000,Sugar beet,Yield,2000,kg/ha,41676.9
5000,Sugar beet,Yield,2001,kg/ha,38280.3
5000,Sugar beet,Yield,2002,kg/ha,43059.5
5000,Sugar beet,Yield,2003,kg/ha,41111.2
5000,Sugar beet,Yield,2004,kg/ha,46003.5
5000,Sugar beet,Yield,2005,kg/ha,46957.5
5000,Sugar beet,Yield,2006,kg/ha,46735.7
5000,Sugar beet,Yield,2007,kg/ha,47870.6
5000,Sugar beet,Yield,2008,kg/ha,51880.6
5000,Sugar beet,Yield,2009,kg/ha,53703.3
5000,Sugar beet,Yield,2010,kg/ha,48655.3
5000,Sugar beet,Yield,2011,kg/ha,54933.7
5000,Sugar beet,Yield,2012,kg/ha,55004.7
5000,Sugar beet,Yield,2013,kg/ha,57000.0
5000,Sugar beet,Yield,2014,kg/ha,60470.9
5000,Sugar beet,Yield,2015,kg/ha,57104.8
5000,Sugar beet,Yield,2016,kg/ha,60772.7
5000,Sugar beet,Yield,2017,kg/ha,62995.5
5000,Sugar beet,Yield,2018,kg/ha,57103.2
5000,Sugar beet,Yield,2019,kg/ha,60369.9
5000,Sugar beet,Yield,2020,kg/ha,57752.4
5000,Sugar beet,Yield,2021,kg/ha,60764.3
5000,Sugar beet,Yield,2022,kg/ha,60485.8
5000,Sugar beet,Yield,2023,kg/ha,62445.0
5000,Sugar beet,Yield,2024,kg/ha,63089.5
5000,Sugar cane,Yield,1961,kg/ha,50265.0
5000,Sugar cane,Yield,1962,kg/ha,48408.0
5000,Sugar cane,Yield,1963,kg/ha,48669.9
5000,Sugar cane,Yield,1964,kg/ha,51530.3
5000,Sugar cane,Yield,1965,kg/ha,52262.4
5000,Sugar cane,Yield,1966,kg/ha,51226.8
5000,Sugar cane,Yield,1967,kg/ha,52155.0
5000,Sugar cane,Yield,1968,kg/ha,52794.4
5000,Sugar cane,Yield,1969,kg/ha,53574.3
5000,Sugar cane,Yield,1970,kg/ha,54764.8
5000,Sugar cane,Yield,1971,kg/ha,52653.7
5000,Sugar cane,Yield,1972,kg/ha,52350.6
5000,Sugar cane,Yield,1973,kg/ha,53836.0
5000,Sugar cane,Yield,1974,kg/ha,54349.7
5000,Sugar cane,Yield,1975,kg/ha,53762.3
5000,Sugar cane,Yield,1976,kg/ha,54647.6
5000,Sugar cane,Yield,1977,kg/ha,56400.7
5000,Sugar cane,Yield,1978,kg/ha,56568.0
5000,Sugar cane,Yield,1979,kg/ha,56086.7
5000,Sugar cane,Yield,1980,kg/ha,55287.9
5000,Sugar cane,Yield,1981,kg/ha,58422.6
5000,Sugar cane,Yield,1982,kg/ha,60249.5
5000,Sugar cane,Yield,1983,kg/ha,58754.1
5000,Sugar cane,Yield,1984,kg/ha,59465.4
5000,Sugar cane,Yield,1985,kg/ha,58516.6
5000,Sugar cane,Yield,1986,kg/ha,59061.2
5000,Sugar cane,Yield,1987,kg/ha,60716.8
5000,Sugar cane,Yield,1988,kg/ha,60584.6
5000,Sugar cane,Yield,1989,kg/ha,61563.0
5000,Sugar cane,Yield,1990,kg/ha,61653.1
5000,Sugar cane,Yield,1991,kg/ha,61403.9
5000,Sugar cane,Yield,1992,kg/ha,61401.0
5000,Sugar cane,Yield,1993,kg/ha,59196.4
5000,Sugar cane,Yield,1994,kg/ha,61808.5
5000,Sugar cane,Yield,1995,kg/ha,63084.5
5000,Sugar cane,Yield,1996,kg/ha,63078.8
5000,Sugar cane,Yield,1997,kg/ha,64017.9
5000,Sugar cane,Yield,1998,kg/ha,64813.7
5000,Sugar cane,Yield,1999,kg/ha,65712.5
5000,Sugar cane,Yield,2000,kg/ha,64884.7
5000,Sugar cane,Yield,2001,kg/ha,64481.6
5000,Sugar cane,Yield,2002,kg/ha,65794.4
5000,Sugar cane,Yield,2003,kg/ha,67065.1
5000,Sugar cane,Yield,2004,kg/ha,66589.7
5000,Sugar cane,Yield,2005,kg/ha,66745.2
5000,Sugar cane,Yield,2006,kg/ha,69202.3
5000,Sugar cane,Yield,2007,kg/ha,70938.6
5000,Sugar cane,Yield,2008,kg/ha,71592.6
5000,Sugar cane,Yield,2009,kg/ha,70935.8
5000,Sugar cane,Yield,2010,kg/ha,71179.9
5000,Sugar cane,Yield,2011,kg/ha,70493.3
5000,Sugar cane,Yield,2012,kg/ha,70550.9
5000,Sugar cane,Yield,2013,kg/ha,71057.5
5000,Sugar cane,Yield,2014,kg/ha,69910.2
5000,Sugar cane,Yield,2015,kg/ha,70868.9
5000,Sugar cane,Yield,2016,kg/ha,70961.7
5000,Sugar cane,Yield,2017,kg/ha,70287.4
5000,Sugar cane,Yield,2018,kg/ha,73282.5
5000,Sugar cane,Yield,2019,kg/ha,72725.8
5000,Sugar cane,Yield,2020,kg/ha,72082.3
5000,Sugar cane,Yield,2021,kg/ha,72099.5
5000,Sugar cane,Yield,2022,kg/ha,73566.5
5000,Sugar cane,Yield,2023,kg/ha,75101.2
5000,Sugar cane,Yield,2024,kg/ha,72531.7
5000,Sunflower seed,Yield,1961,kg/ha,1022.5
5000,Sunflower seed,Yield,1962,kg/ha,1016.4
5000,Sunflower seed,Yield,1963,kg/ha,969.6
5000,Sunflower seed,Yield,1964,kg/ha,1199.5
5000,Sunflower seed,Yield,1965,kg/ha,1059.2
5000,Sunflower seed,Yield,1966,kg/ha,1171.9
5000,Sunflower seed,Yield,1967,kg/ha,1273.4
5000,Sunflower seed,Yield,1968,kg/ha,1277.2
5000,Sunflower seed,Yield,1969,kg/ha,1221.7
5000,Sunflower seed,Yield,1970,kg/ha,1148.6
5000,Sunflower seed,Yield,1971,kg/ha,1140.8
5000,Sunflower seed,Yield,1972,kg/ha,1070.9
5000,Sunflower seed,Yield,1973,kg/ha,1261.6
5000,Sunflower seed,Yield,1974,kg/ha,1201.3
5000,Sunflower seed,Yield,1975,kg/ha,1067.9
5000,Sunflower seed,Yield,1976,kg/ha,1084.9
5000,Sunflower seed,Yield,1977,kg/ha,1195.7
5000,Sunflower seed,Yield,1978,kg/ha,1125.0
5000,Sunflower seed,Yield,1979,kg/ha,1243.4
5000,Sunflower seed,Yield,1980,kg/ha,1099.1
5000,Sunflower seed,Yield,1981,kg/ha,1167.8
5000,Sunflower seed,Yield,1982,kg/ha,1245.0
5000,Sunflower seed,Yield,1983,kg/ha,1206.4
5000,Sunflower seed,Yield,1984,kg/ha,1195.3
5000,Sunflower seed,Yield,1985,kg/ha,1270.4
5000,Sunflower seed,Yield,1986,kg/ha,1348.8
5000,Sunflower seed,Yield,1987,kg/ha,1351.1
5000,Sunflower seed,Yield,1988,kg/ha,1360.9
5000,Sunflower seed,Yield,1989,kg/ha,1407.7
5000,Sunflower seed,Yield,1990,kg/ha,1332.8
5000,Sunflower seed,Yield,1991,kg/ha,1345.5
5000,Sunflower seed,Yield,1992,kg/ha,1212.5
5000,Sunflower seed,Yield,1993,kg/ha,1067.7
5000,Sunflower seed,Yield,1994,kg/ha,1185.3
5000,Sunflower seed,Yield,1995,kg/ha,1261.7
5000,Sunflower seed,Yield,1996,kg/ha,1210.7
5000,Sunflower seed,Yield,1997,kg/ha,1257.2
5000,Sunflower seed,Yield,1998,kg/ha,1204.6
5000,Sunflower seed,Yield,1999,kg/ha,1221.7
5000,Sunflower seed,Yield,2000,kg/ha,1249.3
5000,Sunflower seed,Yield,2001,kg/ha,1156.5
5000,Sunflower seed,Yield,2002,kg/ha,1267.0
5000,Sunflower seed,Yield,2003,kg/ha,1182.9
5000,Sunflower seed,Yield,2004,kg/ha,1201.1
5000,Sunflower seed,Yield,2005,kg/ha,1325.0
5000,Sunflower seed,Yield,2006,kg/ha,1310.5
5000,Sunflower seed,Yield,2007,kg/ha,1218.2
5000,Sunflower seed,Yield,2008,kg/ha,1441.1
5000,Sunflower seed,Yield,2009,kg/ha,1342.1
5000,Sunflower seed,Yield,2010,kg/ha,1353.7
5000,Sunflower seed,Yield,2011,kg/ha,1558.6
5000,Sunflower seed,Yield,2012,kg/ha,1465.0
5000,Sunflower seed,Yield,2013,kg/ha,1707.7
5000,Sunflower seed,Yield,2014,kg/ha,1664.2
5000,Sunflower seed,Yield,2015,kg/ha,1722.7
5000,Sunflower seed,Yield,2016,kg/ha,1803.3
5000,Sunflower seed,Yield,2017,kg/ha,1812.6
5000,Sunflower seed,Yield,2018,kg/ha,1938.8
5000,Sunflower seed,Yield,2019,kg/ha,2057.7
5000,Sunflower seed,Yield,2020,kg/ha,1819.6
5000,Sunflower seed,Yield,2021,kg/ha,1969.3
5000,Sunflower seed,Yield,2022,kg/ha,1843.4
5000,Sunflower seed,Yield,2023,kg/ha,1962.6
5000,Sunflower seed,Yield,2024,kg/ha,1817.6
5000,Sweet potatoes,Yield,1961,kg/ha,7347.9
5000,Sweet potatoes,Yield,1962,kg/ha,7726.0
5000,Sweet potatoes,Yield,1963,kg/ha,8185.3
5000,Sweet potatoes,Yield,1964,kg/ha,7332.0
5000,Sweet potatoes,Yield,1965,kg/ha,9116.0
5000,Sweet potatoes,Yield,1966,kg/ha,9606.7
5000,Sweet potatoes,Yield,1967,kg/ha,10330.9
5000,Sweet potatoes,Yield,1968,kg/ha,10606.3
5000,Sweet potatoes,Yield,1969,kg/ha,10965.0
5000,Sweet potatoes,Yield,1970,kg/ha,11597.2
5000,Sweet potatoes,Yield,1971,kg/ha,11191.4
5000,Sweet potatoes,Yield,1972,kg/ha,10062.3
5000,Sweet potatoes,Yield,1973,kg/ha,12442.4
5000,Sweet potatoes,Yield,1974,kg/ha,11305.8
5000,Sweet potatoes,Yield,1975,kg/ha,11748.9
5000,Sweet potatoes,Yield,1976,kg/ha,11496.0
5000,Sweet potatoes,Yield,1977,kg/ha,11560.3
5000,Sweet potatoes,Yield,1978,kg/ha,11920.2
5000,Sweet potatoes,Yield,1979,kg/ha,11892.4
5000,Sweet potatoes,Yield,1980,kg/ha,12814.6
5000,Sweet potatoes,Yield,1981,kg/ha,12429.5
5000,Sweet potatoes,Yield,1982,kg/ha,13156.1
5000,Sweet potatoes,Yield,1983,kg/ha,14051.6
5000,Sweet potatoes,Yield,1984,kg/ha,14319.3
5000,Sweet potatoes,Yield,1985,kg/ha,13693.9
5000,Sweet potatoes,Yield,1986,kg/ha,13411.0
5000,Sweet potatoes,Yield,1987,kg/ha,14640.5
5000,Sweet potatoes,Yield,1988,kg/ha,13367.2
5000,Sweet potatoes,Yield,1989,kg/ha,13662.7
5000,Sweet potatoes,Yield,1990,kg/ha,13384.6
5000,Sweet potatoes,Yield,1991,kg/ha,13604.3
5000,Sweet potatoes,Yield,1992,kg/ha,13388.7
5000,Sweet potatoes,Yield,1993,kg/ha,14316.4
5000,Sweet potatoes,Yield,1994,kg/ha,14010.4
5000,Sweet potatoes,Yield,1995,kg/ha,14689.9
5000,Sweet potatoes,Yield,1996,kg/ha,15314.1
5000,Sweet potatoes,Yield,1997,kg/ha,13217.5
5000,Sweet potatoes,Yield,1998,kg/ha,14601.2
5000,Sweet potatoes,Yield,1999,kg/ha,15094.6
5000,Sweet potatoes,Yield,2000,kg/ha,14252.3
5000,Sweet potatoes,Yield,2001,kg/ha,14064.1
5000,Sweet potatoes,Yield,2002,kg/ha,14512.7
5000,Sweet potatoes,Yield,2003,kg/ha,14122.0
5000,Sweet potatoes,Yield,2004,kg/ha,14016.5
5000,Sweet potatoes,Yield,2005,kg/ha,14179.5
5000,Sweet potatoes,Yield,2006,kg/ha,13151.4
5000,Sweet potatoes,Yield,2007,kg/ha,12420.8
5000,Sweet potatoes,Yield,2008,kg/ha,13234.0
5000,Sweet potatoes,Yield,2009,kg/ha,12262.7
5000,Sweet potatoes,Yield,2010,kg/ha,11866.2
5000,Sweet potatoes,Yield,2011,kg/ha,12050.8
5000,Sweet potatoes,Yield,2012,kg/ha,11953.9
5000,Sweet potatoes,Yield,2013,kg/ha,11562.1
5000,Sweet potatoes,Yield,2014,kg/ha,11919.1
5000,Sweet potatoes,Yield,2015,kg/ha,11923.1
5000,Sweet potatoes,Yield,2016,kg/ha,11875.3
5000,Sweet potatoes,Yield,2017,kg/ha,12088.6
5000,Sweet potatoes,Yield,2018,kg/ha,12285.1
5000,Sweet potatoes,Yield,2019,kg/ha,12431.9
5000,Sweet potatoes,Yield,2020,kg/ha,12588.9
5000,Sweet potatoes,Yield,2021,kg/ha,12569.5
5000,Sweet potatoes,Yield,2022,kg/ha,12591.8
5000,Sweet potatoes,Yield,2023,kg/ha,12523.1
5000,Sweet potatoes,Yield,2024,kg/ha,12602.9
5000,Tallowtree seeds,Yield,1985,kg/ha,2590.0
5000,Tallowtree seeds,Yield,1986,kg/ha,2460.0
5000,Tallowtree seeds,Yield,1987,kg/ha,2266.7
5000,Tallowtree seeds,Yield,1988,kg/ha,2338.5
5000,Tallowtree seeds,Yield,1989,kg/ha,2312.1
5000,Tallowtree seeds,Yield,1990,kg/ha,2298.5
5000,Tallowtree seeds,Yield,1991,kg/ha,2303.9
5000,Tallowtree seeds,Yield,1992,kg/ha,2310.7
5000,Tallowtree seeds,Yield,1993,kg/ha,2316.7
5000,Tallowtree seeds,Yield,1994,kg/ha,2338.2
5000,Tallowtree seeds,Yield,1995,kg/ha,2324.7
5000,Tallowtree seeds,Yield,1996,kg/ha,2324.7
5000,Tallowtree seeds,Yield,1997,kg/ha,2324.9
5000,Tallowtree seeds,Yield,1998,kg/ha,2318.8
5000,Tallowtree seeds,Yield,1999,kg/ha,2332.2
5000,Tallowtree seeds,Yield,2000,kg/ha,2342.9
5000,Tallowtree seeds,Yield,2001,kg/ha,2319.4
5000,Tallowtree seeds,Yield,2002,kg/ha,2328.8
5000,Tallowtree seeds,Yield,2003,kg/ha,2337.8
5000,Tallowtree seeds,Yield,2004,kg/ha,2320.0
5000,Tallowtree seeds,Yield,2005,kg/ha,2342.1
5000,Tallowtree seeds,Yield,2006,kg/ha,2369.9
5000,Tallowtree seeds,Yield,2007,kg/ha,2386.2
5000,Tallowtree seeds,Yield,2008,kg/ha,2435.9
5000,Tallowtree seeds,Yield,2009,kg/ha,2412.5
5000,Tallowtree seeds,Yield,2010,kg/ha,2405.4
5000,Tallowtree seeds,Yield,2011,kg/ha,2405.1
5000,Tallowtree seeds,Yield,2012,kg/ha,2421.5
5000,Tallowtree seeds,Yield,2013,kg/ha,2456.8
5000,Tallowtree seeds,Yield,2014,kg/ha,2467.7
5000,Tallowtree seeds,Yield,2015,kg/ha,2454.7
5000,Tallowtree seeds,Yield,2016,kg/ha,2450.1
5000,Tallowtree seeds,Yield,2017,kg/ha,2453.6
5000,Tallowtree seeds,Yield,2018,kg/ha,2458.3
5000,Tallowtree seeds,Yield,2019,kg/ha,2460.6
5000,Tallowtree seeds,Yield,2020,kg/ha,2464.0
5000,Tallowtree seeds,Yield,2021,kg/ha,2469.9
5000,Tallowtree seeds,Yield,2022,kg/ha,2470.9
5000,Tallowtree seeds,Yield,2023,kg/ha,2474.1
5000,Tallowtree seeds,Yield,2024,kg/ha,2477.4
5000,"Tangerines, mandarins, clementines",Yield,1961,kg/ha,8229.9
5000,"Tangerines, mandarins, clementines",Yield,1962,kg/ha,7415.1
5000,"Tangerines, mandarins, clementines",Yield,1963,kg/ha,7396.1
5000,"Tangerines, mandarins, clementines",Yield,1964,kg/ha,8396.6
5000,"Tangerines, mandarins, clementines",Yield,1965,kg/ha,8233.1
5000,"Tangerines, mandarins, clementines",Yield,1966,kg/ha,11768.0
5000,"Tangerines, mandarins, clementines",Yield,1967,kg/ha,10866.3
5000,"Tangerines, mandarins, clementines",Yield,1968,kg/ha,12218.8
5000,"Tangerines, mandarins, clementines",Yield,1969,kg/ha,11675.9
5000,"Tangerines, mandarins, clementines",Yield,1970,kg/ha,12663.5
5000,"Tangerines, mandarins, clementines",Yield,1971,kg/ha,12556.8
5000,"Tangerines, mandarins, clementines",Yield,1972,kg/ha,14969.1
5000,"Tangerines, mandarins, clementines",Yield,1973,kg/ha,14076.3
5000,"Tangerines, mandarins, clementines",Yield,1974,kg/ha,14010.2
5000,"Tangerines, mandarins, clementines",Yield,1975,kg/ha,14469.7
5000,"Tangerines, mandarins, clementines",Yield,1976,kg/ha,13727.5
5000,"Tangerines, mandarins, clementines",Yield,1977,kg/ha,15046.4
5000,"Tangerines, mandarins, clementines",Yield,1978,kg/ha,14845.1
5000,"Tangerines, mandarins, clementines",Yield,1979,kg/ha,14950.2
5000,"Tangerines, mandarins, clementines",Yield,1980,kg/ha,13384.3
5000,"Tangerines, mandarins, clementines",Yield,1981,kg/ha,12946.9
5000,"Tangerines, mandarins, clementines",Yield,1982,kg/ha,13329.9
5000,"Tangerines, mandarins, clementines",Yield,1983,kg/ha,13961.4
5000,"Tangerines, mandarins, clementines",Yield,1984,kg/ha,11503.3
5000,"Tangerines, mandarins, clementines",Yield,1985,kg/ha,11217.1
5000,"Tangerines, mandarins, clementines",Yield,1986,kg/ha,10406.5
5000,"Tangerines, mandarins, clementines",Yield,1987,kg/ha,10035.7
5000,"Tangerines, mandarins, clementines",Yield,1988,kg/ha,8831.3
5000,"Tangerines, mandarins, clementines",Yield,1989,kg/ha,10416.5
5000,"Tangerines, mandarins, clementines",Yield,1990,kg/ha,9597.9
5000,"Tangerines, mandarins, clementines",Yield,1991,kg/ha,9840.7
5000,"Tangerines, mandarins, clementines",Yield,1992,kg/ha,10107.8
5000,"Tangerines, mandarins, clementines",Yield,1993,kg/ha,10160.1
5000,"Tangerines, mandarins, clementines",Yield,1994,kg/ha,10383.3
5000,"Tangerines, mandarins, clementines",Yield,1995,kg/ha,10318.9
5000,"Tangerines, mandarins, clementines",Yield,1996,kg/ha,10118.1
5000,"Tangerines, mandarins, clementines",Yield,1997,kg/ha,11740.2
5000,"Tangerines, mandarins, clementines",Yield,1998,kg/ha,10425.2
5000,"Tangerines, mandarins, clementines",Yield,1999,kg/ha,11836.1
5000,"Tangerines, mandarins, clementines",Yield,2000,kg/ha,10784.6
5000,"Tangerines, mandarins, clementines",Yield,2001,kg/ha,11793.6
5000,"Tangerines, mandarins, clementines",Yield,2002,kg/ha,11564.3
5000,"Tangerines, mandarins, clementines",Yield,2003,kg/ha,11690.8
5000,"Tangerines, mandarins, clementines",Yield,2004,kg/ha,11902.0
5000,"Tangerines, mandarins, clementines",Yield,2005,kg/ha,11779.7
5000,"Tangerines, mandarins, clementines",Yield,2006,kg/ha,12337.0
5000,"Tangerines, mandarins, clementines",Yield,2007,kg/ha,9307.9
5000,"Tangerines, mandarins, clementines",Yield,2008,kg/ha,10187.1
5000,"Tangerines, mandarins, clementines",Yield,2009,kg/ha,10116.2
5000,"Tangerines, mandarins, clementines",Yield,2010,kg/ha,10597.8
5000,"Tangerines, mandarins, clementines",Yield,2011,kg/ha,11674.5
5000,"Tangerines, mandarins, clementines",Yield,2012,kg/ha,11756.1
5000,"Tangerines, mandarins, clementines",Yield,2013,kg/ha,11735.2
5000,"Tangerines, mandarins, clementines",Yield,2014,kg/ha,12676.0
5000,"Tangerines, mandarins, clementines",Yield,2015,kg/ha,12944.8
5000,"Tangerines, mandarins, clementines",Yield,2016,kg/ha,12616.4
5000,"Tangerines, mandarins, clementines",Yield,2017,kg/ha,12689.5
5000,"Tangerines, mandarins, clementines",Yield,2018,kg/ha,12811.1
5000,"Tangerines, mandarins, clementines",Yield,2019,kg/ha,12947.1
5000,"Tangerines, mandarins, clementines",Yield,2020,kg/ha,13048.8
5000,"Tangerines, mandarins, clementines",Yield,2021,kg/ha,13370.2
5000,"Tangerines, mandarins, clementines",Yield,2022,kg/ha,13225.4
5000,"Tangerines, mandarins, clementines",Yield,2023,kg/ha,13503.8
5000,"Tangerines, mandarins, clementines",Yield,2024,kg/ha,13284.2
5000,Taro,Yield,1961,kg/ha,5916.9
5000,Taro,Yield,1962,kg/ha,5664.7
5000,Taro,Yield,1963,kg/ha,5882.9
5000,Taro,Yield,1964,kg/ha,5560.2
5000,Taro,Yield,1965,kg/ha,5796.4
5000,Taro,Yield,1966,kg/ha,5933.1
5000,Taro,Yield,1967,kg/ha,5359.8
5000,Taro,Yield,1968,kg/ha,5503.3
5000,Taro,Yield,1969,kg/ha,5514.7
5000,Taro,Yield,1970,kg/ha,4627.0
5000,Taro,Yield,1971,kg/ha,4599.0
5000,Taro,Yield,1972,kg/ha,4398.5
5000,Taro,Yield,1973,kg/ha,4587.6
5000,Taro,Yield,1974,kg/ha,4440.7
5000,Taro,Yield,1975,kg/ha,4333.2
5000,Taro,Yield,1976,kg/ha,4262.9
5000,Taro,Yield,1977,kg/ha,4615.4
5000,Taro,Yield,1978,kg/ha,4402.1
5000,Taro,Yield,1979,kg/ha,4482.1
5000,Taro,Yield,1980,kg/ha,5231.9
5000,Taro,Yield,1981,kg/ha,5072.9
5000,Taro,Yield,1982,kg/ha,4996.3
5000,Taro,Yield,1983,kg/ha,5445.5
5000,Taro,Yield,1984,kg/ha,4106.8
5000,Taro,Yield,1985,kg/ha,4409.1
5000,Taro,Yield,1986,kg/ha,5185.1
5000,Taro,Yield,1987,kg/ha,5188.5
5000,Taro,Yield,1988,kg/ha,5488.5
5000,Taro,Yield,1989,kg/ha,5135.1
5000,Taro,Yield,1990,kg/ha,4916.5
5000,Taro,Yield,1991,kg/ha,5392.2
5000,Taro,Yield,1992,kg/ha,5144.0
5000,Taro,Yield,1993,kg/ha,5662.4
5000,Taro,Yield,1994,kg/ha,5555.9
5000,Taro,Yield,1995,kg/ha,6257.3
5000,Taro,Yield,1996,kg/ha,6219.9
5000,Taro,Yield,1997,kg/ha,7067.7
5000,Taro,Yield,1998,kg/ha,7474.5
5000,Taro,Yield,1999,kg/ha,7450.8
5000,Taro,Yield,2000,kg/ha,7692.6
5000,Taro,Yield,2001,kg/ha,7424.6
5000,Taro,Yield,2002,kg/ha,7388.9
5000,Taro,Yield,2003,kg/ha,7416.0
5000,Taro,Yield,2004,kg/ha,7369.6
5000,Taro,Yield,2005,kg/ha,7708.9
5000,Taro,Yield,2006,kg/ha,7624.4
5000,Taro,Yield,2007,kg/ha,7927.7
5000,Taro,Yield,2008,kg/ha,7823.7
5000,Taro,Yield,2009,kg/ha,8032.6
5000,Taro,Yield,2010,kg/ha,7605.6
5000,Taro,Yield,2011,kg/ha,8236.6
5000,Taro,Yield,2012,kg/ha,7380.1
5000,Taro,Yield,2013,kg/ha,7488.9
5000,Taro,Yield,2014,kg/ha,7376.1
5000,Taro,Yield,2015,kg/ha,6652.5
5000,Taro,Yield,2016,kg/ha,8075.0
5000,Taro,Yield,2017,kg/ha,7876.6
5000,Taro,Yield,2018,kg/ha,8009.3
5000,Taro,Yield,2019,kg/ha,7669.9
5000,Taro,Yield,2020,kg/ha,7555.4
5000,Taro,Yield,2021,kg/ha,7711.9
5000,Taro,Yield,2022,kg/ha,7515.5
5000,Taro,Yield,2023,kg/ha,7440.7
5000,Taro,Yield,2024,kg/ha,7479.6
5000,Tea leaves,Yield,1961,kg/ha,720.1
5000,Tea leaves,Yield,1962,kg/ha,715.5
5000,Tea leaves,Yield,1963,kg/ha,731.5
5000,Tea leaves,Yield,1964,kg/ha,751.1
5000,Tea leaves,Yield,1965,kg/ha,757.6
5000,Tea leaves,Yield,1966,kg/ha,786.6
5000,Tea leaves,Yield,1967,kg/ha,772.6
5000,Tea leaves,Yield,1968,kg/ha,782.9
5000,Tea leaves,Yield,1969,kg/ha,775.2
5000,Tea leaves,Yield,1970,kg/ha,771.3
5000,Tea leaves,Yield,1971,kg/ha,753.2
5000,Tea leaves,Yield,1972,kg/ha,780.2
5000,Tea leaves,Yield,1973,kg/ha,757.7
5000,Tea leaves,Yield,1974,kg/ha,726.9
5000,Tea leaves,Yield,1975,kg/ha,714.9
5000,Tea leaves,Yield,1976,kg/ha,712.9
5000,Tea leaves,Yield,1977,kg/ha,767.9
5000,Tea leaves,Yield,1978,kg/ha,763.9
5000,Tea leaves,Yield,1979,kg/ha,776.1
5000,Tea leaves,Yield,1980,kg/ha,799.1
5000,Tea leaves,Yield,1981,kg/ha,790.8
5000,Tea leaves,Yield,1982,kg/ha,800.8
5000,Tea leaves,Yield,1983,kg/ha,833.5
5000,Tea leaves,Yield,1984,kg/ha,913.8
5000,Tea leaves,Yield,1985,kg/ha,1070.0
5000,Tea leaves,Yield,1986,kg/ha,1045.5
5000,Tea leaves,Yield,1987,kg/ha,1071.8
5000,Tea leaves,Yield,1988,kg/ha,1108.1
5000,Tea leaves,Yield,1989,kg/ha,1111.8
5000,Tea leaves,Yield,1990,kg/ha,1128.2
5000,Tea leaves,Yield,1991,kg/ha,4768.6
5000,Tea leaves,Yield,1992,kg/ha,4673.9
5000,Tea leaves,Yield,1993,kg/ha,4827.2
5000,Tea leaves,Yield,1994,kg/ha,4910.6
5000,Tea leaves,Yield,1995,kg/ha,4958.3
5000,Tea leaves,Yield,1996,kg/ha,5062.8
5000,Tea leaves,Yield,1997,kg/ha,5209.8
5000,Tea leaves,Yield,1998,kg/ha,5679.4
5000,Tea leaves,Yield,1999,kg/ha,5592.3
5000,Tea leaves,Yield,2000,kg/ha,5420.2
5000,Tea leaves,Yield,2001,kg/ha,5591.3
5000,Tea leaves,Yield,2002,kg/ha,5599.8
5000,Tea leaves,Yield,2003,kg/ha,5577.6
5000,Tea leaves,Yield,2004,kg/ha,5752.0
5000,Tea leaves,Yield,2005,kg/ha,5820.7
5000,Tea leaves,Yield,2006,kg/ha,5839.8
5000,Tea leaves,Yield,2007,kg/ha,5922.5
5000,Tea leaves,Yield,2008,kg/ha,5871.9
5000,Tea leaves,Yield,2009,kg/ha,5808.4
5000,Tea leaves,Yield,2010,kg/ha,6230.1
5000,Tea leaves,Yield,2011,kg/ha,6062.6
5000,Tea leaves,Yield,2012,kg/ha,6147.5
5000,Tea leaves,Yield,2013,kg/ha,6315.0
5000,Tea leaves,Yield,2014,kg/ha,6293.8
5000,Tea leaves,Yield,2015,kg/ha,6316.6
5000,Tea leaves,Yield,2016,kg/ha,5995.5
5000,Tea leaves,Yield,2017,kg/ha,5538.2
5000,Tea leaves,Yield,2018,kg/ha,5580.5
5000,Tea leaves,Yield,2019,kg/ha,5399.0
5000,Tea leaves,Yield,2020,kg/ha,5709.1
5000,Tea leaves,Yield,2021,kg/ha,6664.0
5000,Tea leaves,Yield,2022,kg/ha,5766.1
5000,Tea leaves,Yield,2023,kg/ha,5925.7
5000,Tea leaves,Yield,2024,kg/ha,5911.0
5000,Tomatoes,Yield,1961,kg/ha,16434.7
5000,Tomatoes,Yield,1962,kg/ha,16976.1
5000,Tomatoes,Yield,1963,kg/ha,16734.7
5000,Tomatoes,Yield,1964,kg/ha,17468.4
5000,Tomatoes,Yield,1965,kg/ha,18143.8
5000,Tomatoes,Yield,1966,kg/ha,18300.4
5000,Tomatoes,Yield,1967,kg/ha,18771.9
5000,Tomatoes,Yield,1968,kg/ha,19288.8
5000,Tomatoes,Yield,1969,kg/ha,18878.9
5000,Tomatoes,Yield,1970,kg/ha,19328.1
5000,Tomatoes,Yield,1971,kg/ha,19872.0
5000,Tomatoes,Yield,1972,kg/ha,19489.4
5000,Tomatoes,Yield,1973,kg/ha,20370.4
5000,Tomatoes,Yield,1974,kg/ha,20983.7
5000,Tomatoes,Yield,1975,kg/ha,21305.9
5000,Tomatoes,Yield,1976,kg/ha,20595.8
5000,Tomatoes,Yield,1977,kg/ha,20669.3
5000,Tomatoes,Yield,1978,kg/ha,21633.3
5000,Tomatoes,Yield,1979,kg/ha,22378.3
5000,Tomatoes,Yield,1980,kg/ha,21548.0
5000,Tomatoes,Yield,1981,kg/ha,21937.8
5000,Tomatoes,Yield,1982,kg/ha,22884.3
5000,Tomatoes,Yield,1983,kg/ha,23167.5
5000,Tomatoes,Yield,1984,kg/ha,24224.2
5000,Tomatoes,Yield,1985,kg/ha,24064.5
5000,Tomatoes,Yield,1986,kg/ha,24308.4
5000,Tomatoes,Yield,1987,kg/ha,23849.7
5000,Tomatoes,Yield,1988,kg/ha,23932.1
5000,Tomatoes,Yield,1989,kg/ha,24553.0
5000,Tomatoes,Yield,1990,kg/ha,26299.9
5000,Tomatoes,Yield,1991,kg/ha,26500.5
5000,Tomatoes,Yield,1992,kg/ha,25638.3
5000,Tomatoes,Yield,1993,kg/ha,25884.5
5000,Tomatoes,Yield,1994,kg/ha,26474.6
5000,Tomatoes,Yield,1995,kg/ha,26677.3
5000,Tomatoes,Yield,1996,kg/ha,27271.3
5000,Tomatoes,Yield,1997,kg/ha,26229.3
5000,Tomatoes,Yield,1998,kg/ha,26027.4
5000,Tomatoes,Yield,1999,kg/ha,27421.3
5000,Tomatoes,Yield,2000,kg/ha,28406.6
5000,Tomatoes,Yield,2001,kg/ha,27985.1
5000,Tomatoes,Yield,2002,kg/ha,29390.7
5000,Tomatoes,Yield,2003,kg/ha,29567.2
5000,Tomatoes,Yield,2004,kg/ha,30569.9
5000,Tomatoes,Yield,2005,kg/ha,30717.7
5000,Tomatoes,Yield,2006,kg/ha,31342.4
5000,Tomatoes,Yield,2007,kg/ha,32401.4
5000,Tomatoes,Yield,2008,kg/ha,33447.0
5000,Tomatoes,Yield,2009,kg/ha,35018.3
5000,Tomatoes,Yield,2010,kg/ha,34410.5
5000,Tomatoes,Yield,2011,kg/ha,34643.3
5000,Tomatoes,Yield,2012,kg/ha,33841.9
5000,Tomatoes,Yield,2013,kg/ha,33950.6
5000,Tomatoes,Yield,2014,kg/ha,35329.9
5000,Tomatoes,Yield,2015,kg/ha,36308.9
5000,Tomatoes,Yield,2016,kg/ha,36416.6
5000,Tomatoes,Yield,2017,kg/ha,36459.7
5000,Tomatoes,Yield,2018,kg/ha,36101.1
5000,Tomatoes,Yield,2019,kg/ha,35681.2
5000,Tomatoes,Yield,2020,kg/ha,35276.5
5000,Tomatoes,Yield,2021,kg/ha,35883.7
5000,Tomatoes,Yield,2022,kg/ha,34630.1
5000,Tomatoes,Yield,2023,kg/ha,36277.1
5000,Tomatoes,Yield,2024,kg/ha,36809.8
5000,Triticale,Yield,1975,kg/ha,2569.6
5000,Triticale,Yield,1976,kg/ha,3150.1
5000,Triticale,Yield,1977,kg/ha,2623.2
5000,Triticale,Yield,1978,kg/ha,2583.8
5000,Triticale,Yield,1979,kg/ha,2648.1
5000,Triticale,Yield,1980,kg/ha,1830.6
5000,Triticale,Yield,1981,kg/ha,1482.9
5000,Triticale,Yield,1982,kg/ha,911.7
5000,Triticale,Yield,1983,kg/ha,1610.8
5000,Triticale,Yield,1984,kg/ha,2018.9
5000,Triticale,Yield,1985,kg/ha,2575.2
5000,Triticale,Yield,1986,kg/ha,2508.3
5000,Triticale,Yield,1987,kg/ha,3053.6
5000,Triticale,Yield,1988,kg/ha,3079.7
5000,Triticale,Yield,1989,kg/ha,3521.1
5000,Triticale,Yield,1990,kg/ha,3564.7
5000,Triticale,Yield,1991,kg/ha,3601.2
5000,Triticale,Yield,1992,kg/ha,3170.3
5000,Triticale,Yield,1993,kg/ha,3418.0
5000,Triticale,Yield,1994,kg/ha,3389.9
5000,Triticale,Yield,1995,kg/ha,3639.5
5000,Triticale,Yield,1996,kg/ha,3664.6
5000,Triticale,Yield,1997,kg/ha,3650.1
5000,Triticale,Yield,1998,kg/ha,4013.9
5000,Triticale,Yield,1999,kg/ha,3644.2
5000,Triticale,Yield,2000,kg/ha,3662.1
5000,Triticale,Yield,2001,kg/ha,3806.4
5000,Triticale,Yield,2002,kg/ha,3686.6
5000,Triticale,Yield,2003,kg/ha,3093.2
5000,Triticale,Yield,2004,kg/ha,3925.9
5000,Triticale,Yield,2005,kg/ha,3478.4
5000,Triticale,Yield,2006,kg/ha,3219.6
5000,Triticale,Yield,2007,kg/ha,3255.8
5000,Triticale,Yield,2008,kg/ha,3661.4
5000,Triticale,Yield,2009,kg/ha,3636.4
5000,Triticale,Yield,2010,kg/ha,3431.7
5000,Triticale,Yield,2011,kg/ha,3523.3
5000,Triticale,Yield,2012,kg/ha,3750.4
5000,Triticale,Yield,2013,kg/ha,3798.8
5000,Triticale,Yield,2014,kg/ha,4118.2
5000,Triticale,Yield,2015,kg/ha,3828.4
5000,Triticale,Yield,2016,kg/ha,3737.4
5000,Triticale,Yield,2017,kg/ha,3880.3
5000,Triticale,Yield,2018,kg/ha,3395.2
5000,Triticale,Yield,2019,kg/ha,3690.0
5000,Triticale,Yield,2020,kg/ha,4016.7
5000,Triticale,Yield,2021,kg/ha,3834.1
5000,Triticale,Yield,2022,kg/ha,3919.7
5000,Triticale,Yield,2023,kg/ha,3862.6
5000,Triticale,Yield,2024,kg/ha,3788.8
5000,"True hemp, raw or retted",Yield,1961,kg/ha,633.7
5000,"True hemp, raw or retted",Yield,1962,kg/ha,624.0
5000,"True hemp, raw or retted",Yield,1963,kg/ha,631.8
5000,"True hemp, raw or retted",Yield,1964,kg/ha,614.0
5000,"True hemp, raw or retted",Yield,1965,kg/ha,586.4
5000,"True hemp, raw or retted",Yield,1966,kg/ha,645.7
5000,"True hemp, raw or retted",Yield,1967,kg/ha,642.4
5000,"True hemp, raw or retted",Yield,1968,kg/ha,599.7
5000,"True hemp, raw or retted",Yield,1969,kg/ha,604.3
5000,"True hemp, raw or retted",Yield,1970,kg/ha,596.6
5000,"True hemp, raw or retted",Yield,1971,kg/ha,625.0
5000,"True hemp, raw or retted",Yield,1972,kg/ha,610.1
5000,"True hemp, raw or retted",Yield,1973,kg/ha,629.3
5000,"True hemp, raw or retted",Yield,1974,kg/ha,609.9
5000,"True hemp, raw or retted",Yield,1975,kg/ha,583.2
5000,"True hemp, raw or retted",Yield,1976,kg/ha,599.4
5000,"True hemp, raw or retted",Yield,1977,kg/ha,612.5
5000,"True hemp, raw or retted",Yield,1978,kg/ha,540.2
5000,"True hemp, raw or retted",Yield,1979,kg/ha,542.6
5000,"True hemp, raw or retted",Yield,1980,kg/ha,517.4
5000,"True hemp, raw or retted",Yield,1981,kg/ha,514.3
5000,"True hemp, raw or retted",Yield,1982,kg/ha,544.0
5000,"True hemp, raw or retted",Yield,1983,kg/ha,611.1
5000,"True hemp, raw or retted",Yield,1984,kg/ha,620.9
5000,"True hemp, raw or retted",Yield,1985,kg/ha,630.6
5000,"True hemp, raw or retted",Yield,1986,kg/ha,631.4
5000,"True hemp, raw or retted",Yield,1987,kg/ha,716.9
5000,"True hemp, raw or retted",Yield,1988,kg/ha,719.0
5000,"True hemp, raw or retted",Yield,1989,kg/ha,700.5
5000,"True hemp, raw or retted",Yield,1990,kg/ha,744.0
5000,"True hemp, raw or retted",Yield,1991,kg/ha,928.1
5000,"True hemp, raw or retted",Yield,1992,kg/ha,1069.0
5000,"True hemp, raw or retted",Yield,1993,kg/ha,1280.1
5000,"True hemp, raw or retted",Yield,1994,kg/ha,1403.8
5000,"True hemp, raw or retted",Yield,1995,kg/ha,1559.2
5000,"True hemp, raw or retted",Yield,1996,kg/ha,1580.5
5000,"True hemp, raw or retted",Yield,1997,kg/ha,2132.6
5000,"True hemp, raw or retted",Yield,1998,kg/ha,1777.5
5000,"True hemp, raw or retted",Yield,1999,kg/ha,1943.9
5000,"True hemp, raw or retted",Yield,2000,kg/ha,1603.5
5000,"True hemp, raw or retted",Yield,2001,kg/ha,1664.9
5000,"True hemp, raw or retted",Yield,2002,kg/ha,2281.6
5000,"True hemp, raw or retted",Yield,2003,kg/ha,2661.3
5000,"True hemp, raw or retted",Yield,2004,kg/ha,2034.1
5000,"True hemp, raw or retted",Yield,2005,kg/ha,2614.9
5000,"True hemp, raw or retted",Yield,2006,kg/ha,2841.5
5000,"True hemp, raw or retted",Yield,2007,kg/ha,2613.4
5000,"True hemp, raw or retted",Yield,2008,kg/ha,2436.9
5000,"True hemp, raw or retted",Yield,2009,kg/ha,2640.8
5000,"True hemp, raw or retted",Yield,2010,kg/ha,2147.5
5000,"True hemp, raw or retted",Yield,2011,kg/ha,2134.6
5000,"True hemp, raw or retted",Yield,2012,kg/ha,2906.9
5000,"True hemp, raw or retted",Yield,2013,kg/ha,2528.5
5000,"True hemp, raw or retted",Yield,2014,kg/ha,1494.2
5000,"True hemp, raw or retted",Yield,2015,kg/ha,1442.8
5000,"True hemp, raw or retted",Yield,2016,kg/ha,1983.8
5000,"True hemp, raw or retted",Yield,2017,kg/ha,2326.9
5000,"True hemp, raw or retted",Yield,2018,kg/ha,2823.6
5000,"True hemp, raw or retted",Yield,2019,kg/ha,3311.2
5000,"True hemp, raw or retted",Yield,2020,kg/ha,3643.9
5000,"True hemp, raw or retted",Yield,2021,kg/ha,4106.4
5000,"True hemp, raw or retted",Yield,2022,kg/ha,3843.5
5000,"True hemp, raw or retted",Yield,2023,kg/ha,3860.8
5000,"True hemp, raw or retted",Yield,2024,kg/ha,3876.1
5000,Tung nuts,Yield,1961,kg/ha,7966.9
5000,Tung nuts,Yield,1962,kg/ha,6106.9
5000,Tung nuts,Yield,1963,kg/ha,9189.8
5000,Tung nuts,Yield,1964,kg/ha,10443.8
5000,Tung nuts,Yield,1965,kg/ha,3898.1
5000,Tung nuts,Yield,1966,kg/ha,9532.5
5000,Tung nuts,Yield,1967,kg/ha,9156.9
5000,Tung nuts,Yield,1968,kg/ha,9667.3
5000,Tung nuts,Yield,1969,kg/ha,9798.9
5000,Tung nuts,Yield,1970,kg/ha,10535.8
5000,Tung nuts,Yield,1971,kg/ha,8691.3
5000,Tung nuts,Yield,1972,kg/ha,10760.4
5000,Tung nuts,Yield,1973,kg/ha,15685.0
5000,Tung nuts,Yield,1974,kg/ha,11280.6
5000,Tung nuts,Yield,1975,kg/ha,10797.4
5000,Tung nuts,Yield,1976,kg/ha,9150.7
5000,Tung nuts,Yield,1977,kg/ha,9707.3
5000,Tung nuts,Yield,1978,kg/ha,9786.0
5000,Tung nuts,Yield,1979,kg/ha,8359.6
5000,Tung nuts,Yield,1980,kg/ha,8032.8
5000,Tung nuts,Yield,1981,kg/ha,10436.9
5000,Tung nuts,Yield,1982,kg/ha,9639.1
5000,Tung nuts,Yield,1983,kg/ha,6819.9
5000,Tung nuts,Yield,1984,kg/ha,7625.0
5000,Tung nuts,Yield,1985,kg/ha,2059.3
5000,Tung nuts,Yield,1986,kg/ha,1982.5
5000,Tung nuts,Yield,1987,kg/ha,2002.3
5000,Tung nuts,Yield,1988,kg/ha,2081.9
5000,Tung nuts,Yield,1989,kg/ha,2038.4
5000,Tung nuts,Yield,1990,kg/ha,2338.0
5000,Tung nuts,Yield,1991,kg/ha,2267.0
5000,Tung nuts,Yield,1992,kg/ha,2863.8
5000,Tung nuts,Yield,1993,kg/ha,2889.4
5000,Tung nuts,Yield,1994,kg/ha,2896.1
5000,Tung nuts,Yield,1995,kg/ha,2924.6
5000,Tung nuts,Yield,1996,kg/ha,3042.9
5000,Tung nuts,Yield,1997,kg/ha,3354.0
5000,Tung nuts,Yield,1998,kg/ha,3175.6
5000,Tung nuts,Yield,1999,kg/ha,3257.2
5000,Tung nuts,Yield,2000,kg/ha,3233.9
5000,Tung nuts,Yield,2001,kg/ha,2942.9
5000,Tung nuts,Yield,2002,kg/ha,2747.4
5000,Tung nuts,Yield,2003,kg/ha,2725.1
5000,Tung nuts,Yield,2004,kg/ha,2706.8
5000,Tung nuts,Yield,2005,kg/ha,2696.1
5000,Tung nuts,Yield,2006,kg/ha,2707.0
5000,Tung nuts,Yield,2007,kg/ha,2580.0
5000,Tung nuts,Yield,2008,kg/ha,2617.3
5000,Tung nuts,Yield,2009,kg/ha,2533.0
5000,Tung nuts,Yield,2010,kg/ha,2864.4
5000,Tung nuts,Yield,2011,kg/ha,2839.6
5000,Tung nuts,Yield,2012,kg/ha,2839.7
5000,Tung nuts,Yield,2013,kg/ha,2789.3
5000,Tung nuts,Yield,2014,kg/ha,2786.3
5000,Tung nuts,Yield,2015,kg/ha,2749.5
5000,Tung nuts,Yield,2016,kg/ha,2697.2
5000,Tung nuts,Yield,2017,kg/ha,2703.9
5000,Tung nuts,Yield,2018,kg/ha,2731.5
5000,Tung nuts,Yield,2019,kg/ha,2724.6
5000,Tung nuts,Yield,2020,kg/ha,2712.6
5000,Tung nuts,Yield,2021,kg/ha,2710.8
5000,Tung nuts,Yield,2022,kg/ha,2551.7
5000,Tung nuts,Yield,2023,kg/ha,2636.4
5000,Tung nuts,Yield,2024,kg/ha,2658.0
5000,Unmanufactured tobacco,Yield,1961,kg/ha,1051.7
5000,Unmanufactured tobacco,Yield,1962,kg/ha,1105.9
5000,Unmanufactured tobacco,Yield,1963,kg/ha,1094.0
5000,Unmanufactured tobacco,Yield,1964,kg/ha,1200.7
5000,Unmanufactured tobacco,Yield,1965,kg/ha,1148.1
5000,Unmanufactured tobacco,Yield,1966,kg/ha,1200.6
5000,Unmanufactured tobacco,Yield,1967,kg/ha,1264.4
5000,Unmanufactured tobacco,Yield,1968,kg/ha,1263.3
5000,Unmanufactured tobacco,Yield,1969,kg/ha,1214.3
5000,Unmanufactured tobacco,Yield,1970,kg/ha,1236.8
5000,Unmanufactured tobacco,Yield,1971,kg/ha,1228.8
5000,Unmanufactured tobacco,Yield,1972,kg/ha,1257.9
5000,Unmanufactured tobacco,Yield,1973,kg/ha,1265.1
5000,Unmanufactured tobacco,Yield,1974,kg/ha,1347.4
5000,Unmanufactured tobacco,Yield,1975,kg/ha,1311.5
5000,Unmanufactured tobacco,Yield,1976,kg/ha,1307.7
5000,Unmanufactured tobacco,Yield,1977,kg/ha,1257.5
5000,Unmanufactured tobacco,Yield,1978,kg/ha,1311.4
5000,Unmanufactured tobacco,Yield,1979,kg/ha,1326.7
5000,Unmanufactured tobacco,Yield,1980,kg/ha,1349.1
5000,Unmanufactured tobacco,Yield,1981,kg/ha,1452.1
5000,Unmanufactured tobacco,Yield,1982,kg/ha,1530.1
5000,Unmanufactured tobacco,Yield,1983,kg/ha,1409.5
5000,Unmanufactured tobacco,Yield,1984,kg/ha,1558.8
5000,Unmanufactured tobacco,Yield,1985,kg/ha,1501.5
5000,Unmanufactured tobacco,Yield,1986,kg/ha,1405.8
5000,Unmanufactured tobacco,Yield,1987,kg/ha,1451.3
5000,Unmanufactured tobacco,Yield,1988,kg/ha,1510.7
5000,Unmanufactured tobacco,Yield,1989,kg/ha,1473.1
5000,Unmanufactured tobacco,Yield,1990,kg/ha,1536.3
5000,Unmanufactured tobacco,Yield,1991,kg/ha,1545.9
5000,Unmanufactured tobacco,Yield,1992,kg/ha,1566.9
5000,Unmanufactured tobacco,Yield,1993,kg/ha,1576.9
5000,Unmanufactured tobacco,Yield,1994,kg/ha,1523.3
5000,Unmanufactured tobacco,Yield,1995,kg/ha,1517.1
5000,Unmanufactured tobacco,Yield,1996,kg/ha,1588.8
5000,Unmanufactured tobacco,Yield,1997,kg/ha,1663.1
5000,Unmanufactured tobacco,Yield,1998,kg/ha,1568.1
5000,Unmanufactured tobacco,Yield,1999,kg/ha,1612.9
5000,Unmanufactured tobacco,Yield,2000,kg/ha,1613.6
5000,Unmanufactured tobacco,Yield,2001,kg/ha,1594.8
5000,Unmanufactured tobacco,Yield,2002,kg/ha,1650.2
5000,Unmanufactured tobacco,Yield,2003,kg/ha,1582.2
5000,Unmanufactured tobacco,Yield,2004,kg/ha,1685.0
5000,Unmanufactured tobacco,Yield,2005,kg/ha,1691.7
5000,Unmanufactured tobacco,Yield,2006,kg/ha,1701.9
5000,Unmanufactured tobacco,Yield,2007,kg/ha,1691.5
5000,Unmanufactured tobacco,Yield,2008,kg/ha,1732.1
5000,Unmanufactured tobacco,Yield,2009,kg/ha,1805.4
5000,Unmanufactured tobacco,Yield,2010,kg/ha,1750.3
5000,Unmanufactured tobacco,Yield,2011,kg/ha,1774.5
5000,Unmanufactured tobacco,Yield,2012,kg/ha,1813.1
5000,Unmanufactured tobacco,Yield,2013,kg/ha,1783.9
5000,Unmanufactured tobacco,Yield,2014,kg/ha,1816.6
5000,Unmanufactured tobacco,Yield,2015,kg/ha,1825.7
5000,Unmanufactured tobacco,Yield,2016,kg/ha,1825.4
5000,Unmanufactured tobacco,Yield,2017,kg/ha,1854.3
5000,Unmanufactured tobacco,Yield,2018,kg/ha,1850.3
5000,Unmanufactured tobacco,Yield,2019,kg/ha,1956.2
5000,Unmanufactured tobacco,Yield,2020,kg/ha,1827.6
5000,Unmanufactured tobacco,Yield,2021,kg/ha,1859.9
5000,Unmanufactured tobacco,Yield,2022,kg/ha,1801.7
5000,Unmanufactured tobacco,Yield,2023,kg/ha,1802.8
5000,Unmanufactured tobacco,Yield,2024,kg/ha,1836.3
5000,"Vanilla, raw",Yield,1961,kg/ha,83.7
5000,"Vanilla, raw",Yield,1962,kg/ha,75.3
5000,"Vanilla, raw",Yield,1963,kg/ha,132.6
5000,"Vanilla, raw",Yield,1964,kg/ha,139.7
5000,"Vanilla, raw",Yield,1965,kg/ha,138.2
5000,"Vanilla, raw",Yield,1966,kg/ha,158.0
5000,"Vanilla, raw",Yield,1967,kg/ha,161.6
5000,"Vanilla, raw",Yield,1968,kg/ha,129.0
5000,"Vanilla, raw",Yield,1969,kg/ha,167.9
5000,"Vanilla, raw",Yield,1970,kg/ha,156.5
5000,"Vanilla, raw",Yield,1971,kg/ha,198.8
5000,"Vanilla, raw",Yield,1972,kg/ha,154.5
5000,"Vanilla, raw",Yield,1973,kg/ha,132.4
5000,"Vanilla, raw",Yield,1974,kg/ha,189.5
5000,"Vanilla, raw",Yield,1975,kg/ha,199.3
5000,"Vanilla, raw",Yield,1976,kg/ha,107.8
5000,"Vanilla, raw",Yield,1977,kg/ha,149.8
5000,"Vanilla, raw",Yield,1978,kg/ha,156.4
5000,"Vanilla, raw",Yield,1979,kg/ha,142.6
5000,"Vanilla, raw",Yield,1980,kg/ha,69.1
5000,"Vanilla, raw",Yield,1981,kg/ha,85.8
5000,"Vanilla, raw",Yield,1982,kg/ha,99.4
5000,"Vanilla, raw",Yield,1983,kg/ha,96.5
5000,"Vanilla, raw",Yield,1984,kg/ha,108.8
5000,"Vanilla, raw",Yield,1985,kg/ha,91.9
5000,"Vanilla, raw",Yield,1986,kg/ha,74.9
5000,"Vanilla, raw",Yield,1987,kg/ha,114.3
5000,"Vanilla, raw",Yield,1988,kg/ha,132.3
5000,"Vanilla, raw",Yield,1989,kg/ha,115.3
5000,"Vanilla, raw",Yield,1990,kg/ha,77.6
5000,"Vanilla, raw",Yield,1991,kg/ha,89.6
5000,"Vanilla, raw",Yield,1992,kg/ha,83.8
5000,"Vanilla, raw",Yield,1993,kg/ha,115.5
5000,"Vanilla, raw",Yield,1994,kg/ha,102.6
5000,"Vanilla, raw",Yield,1995,kg/ha,107.3
5000,"Vanilla, raw",Yield,1996,kg/ha,106.4
5000,"Vanilla, raw",Yield,1997,kg/ha,100.4
5000,"Vanilla, raw",Yield,1998,kg/ha,111.7
5000,"Vanilla, raw",Yield,1999,kg/ha,111.9
5000,"Vanilla, raw",Yield,2000,kg/ha,104.8
5000,"Vanilla, raw",Yield,2001,kg/ha,120.8
5000,"Vanilla, raw",Yield,2002,kg/ha,134.0
5000,"Vanilla, raw",Yield,2003,kg/ha,114.7
5000,"Vanilla, raw",Yield,2004,kg/ha,139.2
5000,"Vanilla, raw",Yield,2005,kg/ha,94.9
5000,"Vanilla, raw",Yield,2006,kg/ha,108.7
5000,"Vanilla, raw",Yield,2007,kg/ha,110.0
5000,"Vanilla, raw",Yield,2008,kg/ha,104.3
5000,"Vanilla, raw",Yield,2009,kg/ha,103.1
5000,"Vanilla, raw",Yield,2010,kg/ha,96.2
5000,"Vanilla, raw",Yield,2011,kg/ha,91.1
5000,"Vanilla, raw",Yield,2012,kg/ha,81.7
5000,"Vanilla, raw",Yield,2013,kg/ha,79.4
5000,"Vanilla, raw",Yield,2014,kg/ha,75.1
5000,"Vanilla, raw",Yield,2015,kg/ha,79.3
5000,"Vanilla, raw",Yield,2016,kg/ha,79.7
5000,"Vanilla, raw",Yield,2017,kg/ha,79.0
5000,"Vanilla, raw",Yield,2018,kg/ha,78.5
5000,"Vanilla, raw",Yield,2019,kg/ha,76.5
5000,"Vanilla, raw",Yield,2020,kg/ha,75.6
5000,"Vanilla, raw",Yield,2021,kg/ha,82.1
5000,"Vanilla, raw",Yield,2022,kg/ha,76.0
5000,"Vanilla, raw",Yield,2023,kg/ha,76.7
5000,"Vanilla, raw",Yield,2024,kg/ha,76.3
5000,Vetches,Yield,1961,kg/ha,861.6
5000,Vetches,Yield,1962,kg/ha,918.7
5000,Vetches,Yield,1963,kg/ha,707.2
5000,Vetches,Yield,1964,kg/ha,1077.6
5000,Vetches,Yield,1965,kg/ha,936.1
5000,Vetches,Yield,1966,kg/ha,1023.5
5000,Vetches,Yield,1967,kg/ha,1163.9
5000,Vetches,Yield,1968,kg/ha,1213.5
5000,Vetches,Yield,1969,kg/ha,1315.6
5000,Vetches,Yield,1970,kg/ha,1355.7
5000,Vetches,Yield,1971,kg/ha,1246.8
5000,Vetches,Yield,1972,kg/ha,1090.4
5000,Vetches,Yield,1973,kg/ha,1148.6
5000,Vetches,Yield,1974,kg/ha,1237.7
5000,Vetches,Yield,1975,kg/ha,807.1
5000,Vetches,Yield,1976,kg/ha,1231.2
5000,Vetches,Yield,1977,kg/ha,1190.3
5000,Vetches,Yield,1978,kg/ha,893.2
5000,Vetches,Yield,1979,kg/ha,900.2
5000,Vetches,Yield,1980,kg/ha,1175.5
5000,Vetches,Yield,1981,kg/ha,951.6
5000,Vetches,Yield,1982,kg/ha,1206.1
5000,Vetches,Yield,1983,kg/ha,1389.2
5000,Vetches,Yield,1984,kg/ha,1208.7
5000,Vetches,Yield,1985,kg/ha,1350.5
5000,Vetches,Yield,1986,kg/ha,1213.7
5000,Vetches,Yield,1987,kg/ha,1211.2
5000,Vetches,Yield,1988,kg/ha,1192.8
5000,Vetches,Yield,1989,kg/ha,1171.0
5000,Vetches,Yield,1990,kg/ha,1210.4
5000,Vetches,Yield,1991,kg/ha,1068.8
5000,Vetches,Yield,1992,kg/ha,1137.6
5000,Vetches,Yield,1993,kg/ha,1133.7
5000,Vetches,Yield,1994,kg/ha,1123.5
5000,Vetches,Yield,1995,kg/ha,928.0
5000,Vetches,Yield,1996,kg/ha,1041.0
5000,Vetches,Yield,1997,kg/ha,1270.7
5000,Vetches,Yield,1998,kg/ha,913.7
5000,Vetches,Yield,1999,kg/ha,864.1
5000,Vetches,Yield,2000,kg/ha,1097.8
5000,Vetches,Yield,2001,kg/ha,1196.9
5000,Vetches,Yield,2002,kg/ha,1197.0
5000,Vetches,Yield,2003,kg/ha,1163.8
5000,Vetches,Yield,2004,kg/ha,1438.6
5000,Vetches,Yield,2005,kg/ha,1274.0
5000,Vetches,Yield,2006,kg/ha,1517.0
5000,Vetches,Yield,2007,kg/ha,1448.5
5000,Vetches,Yield,2008,kg/ha,1518.0
5000,Vetches,Yield,2009,kg/ha,1599.3
5000,Vetches,Yield,2010,kg/ha,1467.2
5000,Vetches,Yield,2011,kg/ha,1580.0
5000,Vetches,Yield,2012,kg/ha,1402.5
5000,Vetches,Yield,2013,kg/ha,1625.9
5000,Vetches,Yield,2014,kg/ha,1627.6
5000,Vetches,Yield,2015,kg/ha,1701.7
5000,Vetches,Yield,2016,kg/ha,1710.9
5000,Vetches,Yield,2017,kg/ha,1592.6
5000,Vetches,Yield,2018,kg/ha,1888.4
5000,Vetches,Yield,2019,kg/ha,2007.3
5000,Vetches,Yield,2020,kg/ha,2010.8
5000,Vetches,Yield,2021,kg/ha,1831.8
5000,Vetches,Yield,2022,kg/ha,1921.0
5000,Vetches,Yield,2023,kg/ha,2002.1
5000,Vetches,Yield,2024,kg/ha,1928.7
5000,"Walnuts, in shell",Yield,1961,kg/ha,3080.8
5000,"Walnuts, in shell",Yield,1962,kg/ha,3312.1
5000,"Walnuts, in shell",Yield,1963,kg/ha,3343.7
5000,"Walnuts, in shell",Yield,1964,kg/ha,3444.8
5000,"Walnuts, in shell",Yield,1965,kg/ha,3388.5
5000,"Walnuts, in shell",Yield,1966,kg/ha,3613.7
5000,"Walnuts, in shell",Yield,1967,kg/ha,3596.7
5000,"Walnuts, in shell",Yield,1968,kg/ha,3742.1
5000,"Walnuts, in shell",Yield,1969,kg/ha,4031.3
5000,"Walnuts, in shell",Yield,1970,kg/ha,4118.6
5000,"Walnuts, in shell",Yield,1971,kg/ha,4302.8
5000,"Walnuts, in shell",Yield,1972,kg/ha,3865.0
5000,"Walnuts, in shell",Yield,1973,kg/ha,4946.2
5000,"Walnuts, in shell",Yield,1974,kg/ha,4227.0
5000,"Walnuts, in shell",Yield,1975,kg/ha,4414.2
5000,"Walnuts, in shell",Yield,1976,kg/ha,4380.3
5000,"Walnuts, in shell",Yield,1977,kg/ha,4229.5
5000,"Walnuts, in shell",Yield,1978,kg/ha,4185.7
5000,"Walnuts, in shell",Yield,1979,kg/ha,4544.6
5000,"Walnuts, in shell",Yield,1980,kg/ha,4574.7
5000,"Walnuts, in shell",Yield,1981,kg/ha,4484.8
5000,"Walnuts, in shell",Yield,1982,kg/ha,4943.8
5000,"Walnuts, in shell",Yield,1983,kg/ha,4812.9
5000,"Walnuts, in shell",Yield,1984,kg/ha,4755.6
5000,"Walnuts, in shell",Yield,1985,kg/ha,2166.6
5000,"Walnuts, in shell",Yield,1986,kg/ha,2115.5
5000,"Walnuts, in shell",Yield,1987,kg/ha,2202.0
5000,"Walnuts, in shell",Yield,1988,kg/ha,2135.2
5000,"Walnuts, in shell",Yield,1989,kg/ha,2272.9
5000,"Walnuts, in shell",Yield,1990,kg/ha,2198.1
5000,"Walnuts, in shell",Yield,1991,kg/ha,2223.2
5000,"Walnuts, in shell",Yield,1992,kg/ha,2232.8
5000,"Walnuts, in shell",Yield,1993,kg/ha,2509.7
5000,"Walnuts, in shell",Yield,1994,kg/ha,2438.3
5000,"Walnuts, in shell",Yield,1995,kg/ha,2365.9
5000,"Walnuts, in shell",Yield,1996,kg/ha,2357.1
5000,"Walnuts, in shell",Yield,1997,kg/ha,2427.7
5000,"Walnuts, in shell",Yield,1998,kg/ha,2320.5
5000,"Walnuts, in shell",Yield,1999,kg/ha,2389.2
5000,"Walnuts, in shell",Yield,2000,kg/ha,2363.5
5000,"Walnuts, in shell",Yield,2001,kg/ha,2370.7
5000,"Walnuts, in shell",Yield,2002,kg/ha,2481.6
5000,"Walnuts, in shell",Yield,2003,kg/ha,2661.4
5000,"Walnuts, in shell",Yield,2004,kg/ha,2569.6
5000,"Walnuts, in shell",Yield,2005,kg/ha,2879.5
5000,"Walnuts, in shell",Yield,2006,kg/ha,2745.7
5000,"Walnuts, in shell",Yield,2007,kg/ha,2846.1
5000,"Walnuts, in shell",Yield,2008,kg/ha,2877.2
5000,"Walnuts, in shell",Yield,2009,kg/ha,2998.1
5000,"Walnuts, in shell",Yield,2010,kg/ha,2900.0
5000,"Walnuts, in shell",Yield,2011,kg/ha,2907.2
5000,"Walnuts, in shell",Yield,2012,kg/ha,2874.7
5000,"Walnuts, in shell",Yield,2013,kg/ha,2816.7
5000,"Walnuts, in shell",Yield,2014,kg/ha,2943.5
5000,"Walnuts, in shell",Yield,2015,kg/ha,3000.1
5000,"Walnuts, in shell",Yield,2016,kg/ha,3159.4
5000,"Walnuts, in shell",Yield,2017,kg/ha,3143.7
5000,"Walnuts, in shell",Yield,2018,kg/ha,3070.9
5000,"Walnuts, in shell",Yield,2019,kg/ha,2970.0
5000,"Walnuts, in shell",Yield,2020,kg/ha,3050.6
5000,"Walnuts, in shell",Yield,2021,kg/ha,3032.3
5000,"Walnuts, in shell",Yield,2022,kg/ha,3052.4
5000,"Walnuts, in shell",Yield,2023,kg/ha,3165.7
5000,"Walnuts, in shell",Yield,2024,kg/ha,3107.1
5000,Watermelons,Yield,1961,kg/ha,9126.7
5000,Watermelons,Yield,1962,kg/ha,9591.3
5000,Watermelons,Yield,1963,kg/ha,9750.3
5000,Watermelons,Yield,1964,kg/ha,10063.0
5000,Watermelons,Yield,1965,kg/ha,9915.6
5000,Watermelons,Yield,1966,kg/ha,10646.1
5000,Watermelons,Yield,1967,kg/ha,10828.4
5000,Watermelons,Yield,1968,kg/ha,11004.4
5000,Watermelons,Yield,1969,kg/ha,11099.1
5000,Watermelons,Yield,1970,kg/ha,11177.8
5000,Watermelons,Yield,1971,kg/ha,12010.2
5000,Watermelons,Yield,1972,kg/ha,11090.7
5000,Watermelons,Yield,1973,kg/ha,11223.5
5000,Watermelons,Yield,1974,kg/ha,11832.9
5000,Watermelons,Yield,1975,kg/ha,12621.5
5000,Watermelons,Yield,1976,kg/ha,12697.7
5000,Watermelons,Yield,1977,kg/ha,12737.1
5000,Watermelons,Yield,1978,kg/ha,12124.8
5000,Watermelons,Yield,1979,kg/ha,13369.2
5000,Watermelons,Yield,1980,kg/ha,13821.9
5000,Watermelons,Yield,1981,kg/ha,14365.8
5000,Watermelons,Yield,1982,kg/ha,14130.1
5000,Watermelons,Yield,1983,kg/ha,14259.6
5000,Watermelons,Yield,1984,kg/ha,14354.3
5000,Watermelons,Yield,1985,kg/ha,14960.6
5000,Watermelons,Yield,1986,kg/ha,14815.4
5000,Watermelons,Yield,1987,kg/ha,15395.1
5000,Watermelons,Yield,1988,kg/ha,15432.8
5000,Watermelons,Yield,1989,kg/ha,14960.2
5000,Watermelons,Yield,1990,kg/ha,16513.1
5000,Watermelons,Yield,1991,kg/ha,15981.4
5000,Watermelons,Yield,1992,kg/ha,16287.5
5000,Watermelons,Yield,1993,kg/ha,16973.9
5000,Watermelons,Yield,1994,kg/ha,17322.7
5000,Watermelons,Yield,1995,kg/ha,17816.5
5000,Watermelons,Yield,1996,kg/ha,19381.4
5000,Watermelons,Yield,1997,kg/ha,23313.0
5000,Watermelons,Yield,1998,kg/ha,21602.3
5000,Watermelons,Yield,1999,kg/ha,24296.2
5000,Watermelons,Yield,2000,kg/ha,24278.6
5000,Watermelons,Yield,2001,kg/ha,25532.2
5000,Watermelons,Yield,2002,kg/ha,27258.6
5000,Watermelons,Yield,2003,kg/ha,25663.1
5000,Watermelons,Yield,2004,kg/ha,27168.2
5000,Watermelons,Yield,2005,kg/ha,27977.3
5000,Watermelons,Yield,2006,kg/ha,27996.5
5000,Watermelons,Yield,2007,kg/ha,26833.9
5000,Watermelons,Yield,2008,kg/ha,28335.8
5000,Watermelons,Yield,2009,kg/ha,28872.0
5000,Watermelons,Yield,2010,kg/ha,29211.0
5000,Watermelons,Yield,2011,kg/ha,29592.5
5000,Watermelons,Yield,2012,kg/ha,30814.4
5000,Watermelons,Yield,2013,kg/ha,31067.9
5000,Watermelons,Yield,2014,kg/ha,31476.7
5000,Watermelons,Yield,2015,kg/ha,31930.8
5000,Watermelons,Yield,2016,kg/ha,32045.2
5000,Watermelons,Yield,2017,kg/ha,32778.0
5000,Watermelons,Yield,2018,kg/ha,32591.4
5000,Watermelons,Yield,2019,kg/ha,32355.1
5000,Watermelons,Yield,2020,kg/ha,32995.4
5000,Watermelons,Yield,2021,kg/ha,33300.9
5000,Watermelons,Yield,2022,kg/ha,33869.3
5000,Watermelons,Yield,2023,kg/ha,33998.9
5000,Watermelons,Yield,2024,kg/ha,34377.0
5000,Wheat,Yield,1961,kg/ha,1088.9
5000,Wheat,Yield,1962,kg/ha,1206.0
5000,Wheat,Yield,1963,kg/ha,1132.0
5000,Wheat,Yield,1964,kg/ha,1241.3
5000,Wheat,Yield,1965,kg/ha,1215.1
5000,Wheat,Yield,1966,kg/ha,1407.9
5000,Wheat,Yield,1967,kg/ha,1339.2
5000,Wheat,Yield,1968,kg/ha,1453.4
5000,Wheat,Yield,1969,kg/ha,1417.4
5000,Wheat,Yield,1970,kg/ha,1494.1
5000,Wheat,Yield,1971,kg/ha,1624.5
5000,Wheat,Yield,1972,kg/ha,1604.6
5000,Wheat,Yield,1973,kg/ha,1683.6
5000,Wheat,Yield,1974,kg/ha,1615.5
5000,Wheat,Yield,1975,kg/ha,1570.1
5000,Wheat,Yield,1976,kg/ha,1791.1
5000,Wheat,Yield,1977,kg/ha,1672.4
5000,Wheat,Yield,1978,kg/ha,1932.8
5000,Wheat,Yield,1979,kg/ha,1852.2
5000,Wheat,Yield,1980,kg/ha,1855.4
5000,Wheat,Yield,1981,kg/ha,1880.0
5000,Wheat,Yield,1982,kg/ha,1999.2
5000,Wheat,Yield,1983,kg/ha,2125.8
5000,Wheat,Yield,1984,kg/ha,2220.1
5000,Wheat,Yield,1985,kg/ha,2171.9
5000,Wheat,Yield,1986,kg/ha,2321.3
5000,Wheat,Yield,1987,kg/ha,2290.0
5000,Wheat,Yield,1988,kg/ha,2292.6
5000,Wheat,Yield,1989,kg/ha,2373.2
5000,Wheat,Yield,1990,kg/ha,2562.6
5000,Wheat,Yield,1991,kg/ha,2452.2
5000,Wheat,Yield,1992,kg/ha,2543.6
5000,Wheat,Yield,1993,kg/ha,2536.6
5000,Wheat,Yield,1994,kg/ha,2451.0
5000,Wheat,Yield,1995,kg/ha,2510.7
5000,Wheat,Yield,1996,kg/ha,2576.5
5000,Wheat,Yield,1997,kg/ha,2713.9
5000,Wheat,Yield,1998,kg/ha,2695.6
5000,Wheat,Yield,1999,kg/ha,2755.3
5000,Wheat,Yield,2000,kg/ha,2721.7
5000,Wheat,Yield,2001,kg/ha,2751.1
5000,Wheat,Yield,2002,kg/ha,2689.6
5000,Wheat,Yield,2003,kg/ha,2718.7
5000,Wheat,Yield,2004,kg/ha,2920.4
5000,Wheat,Yield,2005,kg/ha,2854.4
5000,Wheat,Yield,2006,kg/ha,2833.4
5000,Wheat,Yield,2007,kg/ha,2823.1
5000,Wheat,Yield,2008,kg/ha,3069.5
5000,Wheat,Yield,2009,kg/ha,3049.1
5000,Wheat,Yield,2010,kg/ha,3016.6
5000,Wheat,Yield,2011,kg/ha,3160.7
5000,Wheat,Yield,2012,kg/ha,3065.2
5000,Wheat,Yield,2013,kg/ha,3266.9
5000,Wheat,Yield,2014,kg/ha,3314.7
5000,Wheat,Yield,2015,kg/ha,3340.4
5000,Wheat,Yield,2016,kg/ha,3452.5
5000,Wheat,Yield,2017,kg/ha,3523.2
5000,Wheat,Yield,2018,kg/ha,3436.6
5000,Wheat,Yield,2019,kg/ha,3557.5
5000,Wheat,Yield,2020,kg/ha,3528.8
5000,Wheat,Yield,2021,kg/ha,3570.3
5000,Wheat,Yield,2022,kg/ha,3714.1
5000,Wheat,Yield,2023,kg/ha,3632.5
5000,Wheat,Yield,2024,kg/ha,3637.4
5000,Yams,Yield,1961,kg/ha,7234.5
5000,Yams,Yield,1962,kg/ha,7218.2
5000,Yams,Yield,1963,kg/ha,7416.0
5000,Yams,Yield,1964,kg/ha,7534.5
5000,Yams,Yield,1965,kg/ha,8039.0
5000,Yams,Yield,1966,kg/ha,8363.1
5000,Yams,Yield,1967,kg/ha,8892.0
5000,Yams,Yield,1968,kg/ha,7646.7
5000,Yams,Yield,1969,kg/ha,8565.1
5000,Yams,Yield,1970,kg/ha,8449.7
5000,Yams,Yield,1971,kg/ha,7455.3
5000,Yams,Yield,1972,kg/ha,7153.9
5000,Yams,Yield,1973,kg/ha,7176.2
5000,Yams,Yield,1974,kg/ha,8721.7
5000,Yams,Yield,1975,kg/ha,9203.2
5000,Yams,Yield,1976,kg/ha,8327.4
5000,Yams,Yield,1977,kg/ha,8626.6
5000,Yams,Yield,1978,kg/ha,8911.5
5000,Yams,Yield,1979,kg/ha,8430.2
5000,Yams,Yield,1980,kg/ha,8815.5
5000,Yams,Yield,1981,kg/ha,6682.6
5000,Yams,Yield,1982,kg/ha,6652.8
5000,Yams,Yield,1983,kg/ha,6601.8
5000,Yams,Yield,1984,kg/ha,6925.6
5000,Yams,Yield,1985,kg/ha,6813.8
5000,Yams,Yield,1986,kg/ha,6882.8
5000,Yams,Yield,1987,kg/ha,7249.0
5000,Yams,Yield,1988,kg/ha,8798.8
5000,Yams,Yield,1989,kg/ha,9113.0
5000,Yams,Yield,1990,kg/ha,9693.5
5000,Yams,Yield,1991,kg/ha,9914.3
5000,Yams,Yield,1992,kg/ha,10378.6
5000,Yams,Yield,1993,kg/ha,10736.6
5000,Yams,Yield,1994,kg/ha,10555.2
5000,Yams,Yield,1995,kg/ha,10328.6
5000,Yams,Yield,1996,kg/ha,10256.2
5000,Yams,Yield,1997,kg/ha,10611.6
5000,Yams,Yield,1998,kg/ha,9409.0
5000,Yams,Yield,1999,kg/ha,9875.0
5000,Yams,Yield,2000,kg/ha,9865.0
5000,Yams,Yield,2001,kg/ha,9774.8
5000,Yams,Yield,2002,kg/ha,9992.1
5000,Yams,Yield,2003,kg/ha,10235.0
5000,Yams,Yield,2004,kg/ha,10701.4
5000,Yams,Yield,2005,kg/ha,10727.8
5000,Yams,Yield,2006,kg/ha,11244.5
5000,Yams,Yield,2007,kg/ha,9759.4
5000,Yams,Yield,2008,kg/ha,10780.5
5000,Yams,Yield,2009,kg/ha,10042.0
5000,Yams,Yield,2010,kg/ha,11561.1
5000,Yams,Yield,2011,kg/ha,8119.7
5000,Yams,Yield,2012,kg/ha,7945.3
5000,Yams,Yield,2013,kg/ha,7795.2
5000,Yams,Yield,2014,kg/ha,8614.6
5000,Yams,Yield,2015,kg/ha,8564.7
5000,Yams,Yield,2016,kg/ha,9241.8
5000,Yams,Yield,2017,kg/ha,9378.4
5000,Yams,Yield,2018,kg/ha,9817.9
5000,Yams,Yield,2019,kg/ha,8217.5
5000,Yams,Yield,2020,kg/ha,8244.9
5000,Yams,Yield,2021,kg/ha,8382.9
5000,Yams,Yield,2022,kg/ha,8570.1
5000,Yams,Yield,2023,kg/ha,8507.2
5000,Yams,Yield,2024,kg/ha,8448.7
5000,Yautia,Yield,1961,kg/ha,5074.8
5000,Yautia,Yield,1962,kg/ha,5187.9
5000,Yautia,Yield,1963,kg/ha,5105.1
5000,Yautia,Yield,1964,kg/ha,5138.6
5000,Yautia,Yield,1965,kg/ha,5195.3
5000,Yautia,Yield,1966,kg/ha,5431.6
5000,Yautia,Yield,1967,kg/ha,5631.1
5000,Yautia,Yield,1968,kg/ha,5516.1
5000,Yautia,Yield,1969,kg/ha,5747.4
5000,Yautia,Yield,1970,kg/ha,5951.6
5000,Yautia,Yield,1971,kg/ha,6186.6
5000,Yautia,Yield,1972,kg/ha,5259.6
5000,Yautia,Yield,1973,kg/ha,5520.3
5000,Yautia,Yield,1974,kg/ha,5547.9
5000,Yautia,Yield,1975,kg/ha,5468.3
5000,Yautia,Yield,1976,kg/ha,5568.2
5000,Yautia,Yield,1977,kg/ha,6172.5
5000,Yautia,Yield,1978,kg/ha,8375.5
5000,Yautia,Yield,1979,kg/ha,7692.8
5000,Yautia,Yield,1980,kg/ha,7544.8
5000,Yautia,Yield,1981,kg/ha,6173.2
5000,Yautia,Yield,1982,kg/ha,5111.1
5000,Yautia,Yield,1983,kg/ha,5770.6
5000,Yautia,Yield,1984,kg/ha,5956.6
5000,Yautia,Yield,1985,kg/ha,5782.4
5000,Yautia,Yield,1986,kg/ha,6215.2
5000,Yautia,Yield,1987,kg/ha,5319.7
5000,Yautia,Yield,1988,kg/ha,5360.6
5000,Yautia,Yield,1989,kg/ha,4946.8
5000,Yautia,Yield,1990,kg/ha,5527.1
5000,Yautia,Yield,1991,kg/ha,5291.8
5000,Yautia,Yield,1992,kg/ha,5719.0
5000,Yautia,Yield,1993,kg/ha,5833.5
5000,Yautia,Yield,1994,kg/ha,7052.0
5000,Yautia,Yield,1995,kg/ha,7131.6
5000,Yautia,Yield,1996,kg/ha,7108.5
5000,Yautia,Yield,1997,kg/ha,7362.6
5000,Yautia,Yield,1998,kg/ha,7598.9
5000,Yautia,Yield,1999,kg/ha,8890.7
5000,Yautia,Yield,2000,kg/ha,8915.7
5000,Yautia,Yield,2001,kg/ha,8621.1
5000,Yautia,Yield,2002,kg/ha,8552.3
5000,Yautia,Yield,2003,kg/ha,10739.1
5000,Yautia,Yield,2004,kg/ha,10632.4
5000,Yautia,Yield,2005,kg/ha,9496.2
5000,Yautia,Yield,2006,kg/ha,9464.4
5000,Yautia,Yield,2007,kg/ha,9387.3
5000,Yautia,Yield,2008,kg/ha,9106.5
5000,Yautia,Yield,2009,kg/ha,8347.4
5000,Yautia,Yield,2010,kg/ha,8226.0
5000,Yautia,Yield,2011,kg/ha,9034.4
5000,Yautia,Yield,2012,kg/ha,9375.3
5000,Yautia,Yield,2013,kg/ha,10151.2
5000,Yautia,Yield,2014,kg/ha,12513.4
5000,Yautia,Yield,2015,kg/ha,12309.0
5000,Yautia,Yield,2016,kg/ha,12573.5
5000,Yautia,Yield,2017,kg/ha,12360.1
5000,Yautia,Yield,2018,kg/ha,12365.1
5000,Yautia,Yield,2019,kg/ha,12107.4
5000,Yautia,Yield,2020,kg/ha,12451.5
5000,Yautia,Yield,2021,kg/ha,12452.6
5000,Yautia,Yield,2022,kg/ha,12032.9
5000,Yautia,Yield,2023,kg/ha,12273.9
5000,Yautia,Yield,2024,kg/ha,12325.0
5000,"Cereals, primary",Yield,1961,kg/ha,1353.2
5000,"Cereals, primary",Yield,1962,kg/ha,1427.5
5000,"Cereals, primary",Yield,1963,kg/ha,1440.1
5000,"Cereals, primary",Yield,1964,kg/ha,1493.8
5000,"Cereals, primary",Yield,1965,kg/ha,1496.7
5000,"Cereals, primary",Yield,1966,kg/ha,1610.2
5000,"Cereals, primary",Yield,1967,kg/ha,1653.3
5000,"Cereals, primary",Yield,1968,kg/ha,1696.4
5000,"Cereals, primary",Yield,1969,kg/ha,1708.8
5000,"Cereals, primary",Yield,1970,kg/ha,1765.5
5000,"Cereals, primary",Yield,1971,kg/ha,1892.2
5000,"Cereals, primary",Yield,1972,kg/ha,1858.2
5000,"Cereals, primary",Yield,1973,kg/ha,1940.4
5000,"Cereals, primary",Yield,1974,kg/ha,1892.6
5000,"Cereals, primary",Yield,1975,kg/ha,1912.6
5000,"Cereals, primary",Yield,1976,kg/ha,2025.9
5000,"Cereals, primary",Yield,1977,kg/ha,2025.3
5000,"Cereals, primary",Yield,1978,kg/ha,2212.6
5000,"Cereals, primary",Yield,1979,kg/ha,2176.1
5000,"Cereals, primary",Yield,1980,kg/ha,2161.1
5000,"Cereals, primary",Yield,1981,kg/ha,2246.8
5000,"Cereals, primary",Yield,1982,kg/ha,2369.3
5000,"Cereals, primary",Yield,1983,kg/ha,2308.6
5000,"Cereals, primary",Yield,1984,kg/ha,2499.1
5000,"Cereals, primary",Yield,1985,kg/ha,2528.8
5000,"Cereals, primary",Yield,1986,kg/ha,2556.7
5000,"Cereals, primary",Yield,1987,kg/ha,2539.7
5000,"Cereals, primary",Yield,1988,kg/ha,2459.9
5000,"Cereals, primary",Yield,1989,kg/ha,2629.2
5000,"Cereals, primary",Yield,1990,kg/ha,2757.6
5000,"Cereals, primary",Yield,1991,kg/ha,2683.4
5000,"Cereals, primary",Yield,1992,kg/ha,2789.1
5000,"Cereals, primary",Yield,1993,kg/ha,2737.7
5000,"Cereals, primary",Yield,1994,kg/ha,2814.1
5000,"Cereals, primary",Yield,1995,kg/ha,2767.3
5000,"Cereals, primary",Yield,1996,kg/ha,2925.6
5000,"Cereals, primary",Yield,1997,kg/ha,2993.8
5000,"Cereals, primary",Yield,1998,kg/ha,3051.1
5000,"Cereals, primary",Yield,1999,kg/ha,3112.6
5000,"Cereals, primary",Yield,2000,kg/ha,3058.9
5000,"Cereals, primary",Yield,2001,kg/ha,3135.0
5000,"Cereals, primary",Yield,2002,kg/ha,3078.3
5000,"Cereals, primary",Yield,2003,kg/ha,3118.3
5000,"Cereals, primary",Yield,2004,kg/ha,3363.5
5000,"Cereals, primary",Yield,2005,kg/ha,3279.8
5000,"Cereals, primary",Yield,2006,kg/ha,3281.1
5000,"Cereals, primary",Yield,2007,kg/ha,3370.1
5000,"Cereals, primary",Yield,2008,kg/ha,3544.9
5000,"Cereals, primary",Yield,2009,kg/ha,3558.9
5000,"Cereals, primary",Yield,2010,kg/ha,3561.4
5000,"Cereals, primary",Yield,2011,kg/ha,3655.3
5000,"Cereals, primary",Yield,2012,kg/ha,3612.1
5000,"Cereals, primary",Yield,2013,kg/ha,3830.2
5000,"Cereals, primary",Yield,2014,kg/ha,3893.5
5000,"Cereals, primary",Yield,2015,kg/ha,3932.5
5000,"Cereals, primary",Yield,2016,kg/ha,4017.0
5000,"Cereals, primary",Yield,2017,kg/ha,4066.1
5000,"Cereals, primary",Yield,2018,kg/ha,4022.5
5000,"Cereals, primary",Yield,2019,kg/ha,4124.6
5000,"Cereals, primary",Yield,2020,kg/ha,4113.5
5000,"Cereals, primary",Yield,2021,kg/ha,4171.9
5000,"Cereals, primary",Yield,2022,kg/ha,4182.6
5000,"Cereals, primary",Yield,2023,kg/ha,4228.3
5000,"Cereals, primary",Yield,2024,kg/ha,4205.8
5000,"Citrus Fruit, Total",Yield,1961,kg/ha,10959.4
5000,"Citrus Fruit, Total",Yield,1962,kg/ha,10547.6
5000,"Citrus Fruit, Total",Yield,1963,kg/ha,10110.1
5000,"Citrus Fruit, Total",Yield,1964,kg/ha,10311.6
5000,"Citrus Fruit, Total",Yield,1965,kg/ha,10849.3
5000,"Citrus Fruit, Total",Yield,1966,kg/ha,13255.9
5000,"Citrus Fruit, Total",Yield,1967,kg/ha,13753.0
5000,"Citrus Fruit, Total",Yield,1968,kg/ha,12901.8
5000,"Citrus Fruit, Total",Yield,1969,kg/ha,13841.2
5000,"Citrus Fruit, Total",Yield,1970,kg/ha,12842.3
5000,"Citrus Fruit, Total",Yield,1971,kg/ha,13213.0
5000,"Citrus Fruit, Total",Yield,1972,kg/ha,13954.5
5000,"Citrus Fruit, Total",Yield,1973,kg/ha,13769.1
5000,"Citrus Fruit, Total",Yield,1974,kg/ha,14261.0
5000,"Citrus Fruit, Total",Yield,1975,kg/ha,14417.3
5000,"Citrus Fruit, Total",Yield,1976,kg/ha,14550.3
5000,"Citrus Fruit, Total",Yield,1977,kg/ha,14916.6
5000,"Citrus Fruit, Total",Yield,1978,kg/ha,14767.2
5000,"Citrus Fruit, Total",Yield,1979,kg/ha,14539.2
5000,"Citrus Fruit, Total",Yield,1980,kg/ha,14752.6
5000,"Citrus Fruit, Total",Yield,1981,kg/ha,14521.9
5000,"Citrus Fruit, Total",Yield,1982,kg/ha,14106.2
5000,"Citrus Fruit, Total",Yield,1983,kg/ha,14651.9
5000,"Citrus Fruit, Total",Yield,1984,kg/ha,13552.7
5000,"Citrus Fruit, Total",Yield,1985,kg/ha,13061.2
5000,"Citrus Fruit, Total",Yield,1986,kg/ha,12933.4
5000,"Citrus Fruit, Total",Yield,1987,kg/ha,12812.7
5000,"Citrus Fruit, Total",Yield,1988,kg/ha,12648.7
5000,"Citrus Fruit, Total",Yield,1989,kg/ha,13389.6
5000,"Citrus Fruit, Total",Yield,1990,kg/ha,12742.9
5000,"Citrus Fruit, Total",Yield,1991,kg/ha,12939.1
5000,"Citrus Fruit, Total",Yield,1992,kg/ha,13139.3
5000,"Citrus Fruit, Total",Yield,1993,kg/ha,13605.6
5000,"Citrus Fruit, Total",Yield,1994,kg/ha,13172.2
5000,"Citrus Fruit, Total",Yield,1995,kg/ha,13665.5
5000,"Citrus Fruit, Total",Yield,1996,kg/ha,13402.3
5000,"Citrus Fruit, Total",Yield,1997,kg/ha,14286.1
5000,"Citrus Fruit, Total",Yield,1998,kg/ha,13625.6
5000,"Citrus Fruit, Total",Yield,1999,kg/ha,13923.6
5000,"Citrus Fruit, Total",Yield,2000,kg/ha,14218.3
5000,"Citrus Fruit, Total",Yield,2001,kg/ha,14127.2
5000,"Citrus Fruit, Total",Yield,2002,kg/ha,14189.2
5000,"Citrus Fruit, Total",Yield,2003,kg/ha,13937.9
5000,"Citrus Fruit, Total",Yield,2004,kg/ha,14409.6
5000,"Citrus Fruit, Total",Yield,2005,kg/ha,14123.5
5000,"Citrus Fruit, Total",Yield,2006,kg/ha,14341.4
5000,"Citrus Fruit, Total",Yield,2007,kg/ha,13849.8
5000,"Citrus Fruit, Total",Yield,2008,kg/ha,14523.7
5000,"Citrus Fruit, Total",Yield,2009,kg/ha,14236.8
5000,"Citrus Fruit, Total",Yield,2010,kg/ha,14261.1
5000,"Citrus Fruit, Total",Yield,2011,kg/ha,15013.5
5000,"Citrus Fruit, Total",Yield,2012,kg/ha,15062.1
5000,"Citrus Fruit, Total",Yield,2013,kg/ha,15067.1
5000,"Citrus Fruit, Total",Yield,2014,kg/ha,15138.2
5000,"Citrus Fruit, Total",Yield,2015,kg/ha,15638.1
5000,"Citrus Fruit, Total",Yield,2016,kg/ha,15533.0
5000,"Citrus Fruit, Total",Yield,2017,kg/ha,15603.4
5000,"Citrus Fruit, Total",Yield,2018,kg/ha,15781.5
5000,"Citrus Fruit, Total",Yield,2019,kg/ha,15692.0
5000,"Citrus Fruit, Total",Yield,2020,kg/ha,15706.9
5000,"Citrus Fruit, Total",Yield,2021,kg/ha,15754.0
5000,"Citrus Fruit, Total",Yield,2022,kg/ha,15661.2
5000,"Citrus Fruit, Total",Yield,2023,kg/ha,15971.5
5000,"Citrus Fruit, Total",Yield,2024,kg/ha,15625.5
5000,"Fibre Crops, Fibre Equivalent",Yield,1961,kg/ha,393.2
5000,"Fibre Crops, Fibre Equivalent",Yield,1962,kg/ha,400.0
5000,"Fibre Crops, Fibre Equivalent",Yield,1963,kg/ha,423.8
5000,"Fibre Crops, Fibre Equivalent",Yield,1964,kg/ha,427.1
5000,"Fibre Crops, Fibre Equivalent",Yield,1965,kg/ha,449.2
5000,"Fibre Crops, Fibre Equivalent",Yield,1966,kg/ha,461.1
5000,"Fibre Crops, Fibre Equivalent",Yield,1967,kg/ha,441.5
5000,"Fibre Crops, Fibre Equivalent",Yield,1968,kg/ha,439.1
5000,"Fibre Crops, Fibre Equivalent",Yield,1969,kg/ha,437.0
5000,"Fibre Crops, Fibre Equivalent",Yield,1970,kg/ha,439.0
5000,"Fibre Crops, Fibre Equivalent",Yield,1971,kg/ha,443.5
5000,"Fibre Crops, Fibre Equivalent",Yield,1972,kg/ha,457.6
5000,"Fibre Crops, Fibre Equivalent",Yield,1973,kg/ha,484.4
5000,"Fibre Crops, Fibre Equivalent",Yield,1974,kg/ha,478.4
5000,"Fibre Crops, Fibre Equivalent",Yield,1975,kg/ha,464.4
5000,"Fibre Crops, Fibre Equivalent",Yield,1976,kg/ha,462.5
5000,"Fibre Crops, Fibre Equivalent",Yield,1977,kg/ha,473.5
5000,"Fibre Crops, Fibre Equivalent",Yield,1978,kg/ha,464.0
5000,"Fibre Crops, Fibre Equivalent",Yield,1979,kg/ha,501.0
5000,"Fibre Crops, Fibre Equivalent",Yield,1980,kg/ha,491.7
5000,"Fibre Crops, Fibre Equivalent",Yield,1981,kg/ha,530.6
5000,"Fibre Crops, Fibre Equivalent",Yield,1982,kg/ha,532.8
5000,"Fibre Crops, Fibre Equivalent",Yield,1983,kg/ha,549.6
5000,"Fibre Crops, Fibre Equivalent",Yield,1984,kg/ha,614.5
5000,"Fibre Crops, Fibre Equivalent",Yield,1985,kg/ha,644.9
5000,"Fibre Crops, Fibre Equivalent",Yield,1986,kg/ha,597.5
5000,"Fibre Crops, Fibre Equivalent",Yield,1987,kg/ha,643.8
5000,"Fibre Crops, Fibre Equivalent",Yield,1988,kg/ha,620.7
5000,"Fibre Crops, Fibre Equivalent",Yield,1989,kg/ha,619.0
5000,"Fibre Crops, Fibre Equivalent",Yield,1990,kg/ha,645.6
5000,"Fibre Crops, Fibre Equivalent",Yield,1991,kg/ha,681.2
5000,"Fibre Crops, Fibre Equivalent",Yield,1992,kg/ha,624.7
5000,"Fibre Crops, Fibre Equivalent",Yield,1993,kg/ha,640.4
5000,"Fibre Crops, Fibre Equivalent",Yield,1994,kg/ha,663.7
5000,"Fibre Crops, Fibre Equivalent",Yield,1995,kg/ha,637.9
5000,"Fibre Crops, Fibre Equivalent",Yield,1996,kg/ha,654.6
5000,"Fibre Crops, Fibre Equivalent",Yield,1997,kg/ha,658.6
5000,"Fibre Crops, Fibre Equivalent",Yield,1998,kg/ha,629.5
5000,"Fibre Crops, Fibre Equivalent",Yield,1999,kg/ha,655.0
5000,"Fibre Crops, Fibre Equivalent",Yield,2000,kg/ha,677.2
5000,"Fibre Crops, Fibre Equivalent",Yield,2001,kg/ha,693.5
5000,"Fibre Crops, Fibre Equivalent",Yield,2002,kg/ha,719.0
5000,"Fibre Crops, Fibre Equivalent",Yield,2003,kg/ha,731.2
5000,"Fibre Crops, Fibre Equivalent",Yield,2004,kg/ha,794.9
5000,"Fibre Crops, Fibre Equivalent",Yield,2005,kg/ha,798.3
5000,"Fibre Crops, Fibre Equivalent",Yield,2006,kg/ha,816.8
5000,"Fibre Crops, Fibre Equivalent",Yield,2007,kg/ha,851.6
5000,"Fibre Crops, Fibre Equivalent",Yield,2008,kg/ha,835.9
5000,"Fibre Crops, Fibre Equivalent",Yield,2009,kg/ha,810.6
5000,"Fibre Crops, Fibre Equivalent",Yield,2010,kg/ha,847.0
5000,"Fibre Crops, Fibre Equivalent",Yield,2011,kg/ha,892.6
5000,"Fibre Crops, Fibre Equivalent",Yield,2012,kg/ha,881.7
5000,"Fibre Crops, Fibre Equivalent",Yield,2013,kg/ha,882.7
5000,"Fibre Crops, Fibre Equivalent",Yield,2014,kg/ha,862.7
5000,"Fibre Crops, Fibre Equivalent",Yield,2015,kg/ha,827.0
5000,"Fibre Crops, Fibre Equivalent",Yield,2016,kg/ha,888.1
5000,"Fibre Crops, Fibre Equivalent",Yield,2017,kg/ha,844.5
5000,"Fibre Crops, Fibre Equivalent",Yield,2018,kg/ha,863.7
5000,"Fibre Crops, Fibre Equivalent",Yield,2019,kg/ha,949.9
5000,"Fibre Crops, Fibre Equivalent",Yield,2020,kg/ha,904.9
5000,"Fibre Crops, Fibre Equivalent",Yield,2021,kg/ha,896.2
5000,"Fibre Crops, Fibre Equivalent",Yield,2022,kg/ha,881.3
5000,"Fibre Crops, Fibre Equivalent",Yield,2023,kg/ha,912.9
5000,"Fibre Crops, Fibre Equivalent",Yield,2024,kg/ha,947.8
5000,Fruit Primary,Yield,1961,kg/ha,7344.6
5000,Fruit Primary,Yield,1962,kg/ha,7809.9
5000,Fruit Primary,Yield,1963,kg/ha,7602.9
5000,Fruit Primary,Yield,1964,kg/ha,7827.4
5000,Fruit Primary,Yield,1965,kg/ha,7963.2
5000,Fruit Primary,Yield,1966,kg/ha,8176.2
5000,Fruit Primary,Yield,1967,kg/ha,8392.5
5000,Fruit Primary,Yield,1968,kg/ha,8473.7
5000,Fruit Primary,Yield,1969,kg/ha,8654.7
5000,Fruit Primary,Yield,1970,kg/ha,8540.3
5000,Fruit Primary,Yield,1971,kg/ha,8581.3
5000,Fruit Primary,Yield,1972,kg/ha,8364.6
5000,Fruit Primary,Yield,1973,kg/ha,8915.0
5000,Fruit Primary,Yield,1974,kg/ha,8824.5
5000,Fruit Primary,Yield,1975,kg/ha,8884.9
5000,Fruit Primary,Yield,1976,kg/ha,8985.8
5000,Fruit Primary,Yield,1977,kg/ha,8754.3
5000,Fruit Primary,Yield,1978,kg/ha,8995.2
5000,Fruit Primary,Yield,1979,kg/ha,9535.3
5000,Fruit Primary,Yield,1980,kg/ha,9561.1
5000,Fruit Primary,Yield,1981,kg/ha,9379.9
5000,Fruit Primary,Yield,1982,kg/ha,9893.4
5000,Fruit Primary,Yield,1983,kg/ha,9772.5
5000,Fruit Primary,Yield,1984,kg/ha,9643.8
5000,Fruit Primary,Yield,1985,kg/ha,8994.6
5000,Fruit Primary,Yield,1986,kg/ha,9207.9
5000,Fruit Primary,Yield,1987,kg/ha,9159.8
5000,Fruit Primary,Yield,1988,kg/ha,8938.6
5000,Fruit Primary,Yield,1989,kg/ha,9014.8
5000,Fruit Primary,Yield,1990,kg/ha,9101.0
5000,Fruit Primary,Yield,1991,kg/ha,8952.3
5000,Fruit Primary,Yield,1992,kg/ha,9320.5
5000,Fruit Primary,Yield,1993,kg/ha,9400.1
5000,Fruit Primary,Yield,1994,kg/ha,9347.6
5000,Fruit Primary,Yield,1995,kg/ha,9512.0
5000,Fruit Primary,Yield,1996,kg/ha,9816.8
5000,Fruit Primary,Yield,1997,kg/ha,10197.3
5000,Fruit Primary,Yield,1998,kg/ha,10128.1
5000,Fruit Primary,Yield,1999,kg/ha,10662.9
5000,Fruit Primary,Yield,2000,kg/ha,10715.6
5000,Fruit Primary,Yield,2001,kg/ha,10845.5
5000,Fruit Primary,Yield,2002,kg/ha,11003.6
5000,Fruit Primary,Yield,2003,kg/ha,11059.0
5000,Fruit Primary,Yield,2004,kg/ha,11332.2
5000,Fruit Primary,Yield,2005,kg/ha,11441.0
5000,Fruit Primary,Yield,2006,kg/ha,11651.6
5000,Fruit Primary,Yield,2007,kg/ha,11626.2
5000,Fruit Primary,Yield,2008,kg/ha,12051.5
5000,Fruit Primary,Yield,2009,kg/ha,12125.3
5000,Fruit Primary,Yield,2010,kg/ha,12146.7
5000,Fruit Primary,Yield,2011,kg/ha,12410.4
5000,Fruit Primary,Yield,2012,kg/ha,12501.1
5000,Fruit Primary,Yield,2013,kg/ha,12761.2
5000,Fruit Primary,Yield,2014,kg/ha,12936.7
5000,Fruit Primary,Yield,2015,kg/ha,13188.0
5000,Fruit Primary,Yield,2016,kg/ha,13331.7
5000,Fruit Primary,Yield,2017,kg/ha,13499.7
5000,Fruit Primary,Yield,2018,kg/ha,13716.7
5000,Fruit Primary,Yield,2019,kg/ha,13583.7
5000,Fruit Primary,Yield,2020,kg/ha,13601.1
5000,Fruit Primary,Yield,2021,kg/ha,13786.8
5000,Fruit Primary,Yield,2022,kg/ha,13880.7
5000,Fruit Primary,Yield,2023,kg/ha,13959.4
5000,Fruit Primary,Yield,2024,kg/ha,13937.1
5000,"Oilcrops, Cake Equivalent",Yield,1961,kg/ha,428.0
5000,"Oilcrops, Cake Equivalent",Yield,1962,kg/ha,437.3
5000,"Oilcrops, Cake Equivalent",Yield,1963,kg/ha,444.6
5000,"Oilcrops, Cake Equivalent",Yield,1964,kg/ha,450.1
5000,"Oilcrops, Cake Equivalent",Yield,1965,kg/ha,470.9
5000,"Oilcrops, Cake Equivalent",Yield,1966,kg/ha,506.3
5000,"Oilcrops, Cake Equivalent",Yield,1967,kg/ha,512.3
5000,"Oilcrops, Cake Equivalent",Yield,1968,kg/ha,537.3
5000,"Oilcrops, Cake Equivalent",Yield,1969,kg/ha,531.7
5000,"Oilcrops, Cake Equivalent",Yield,1970,kg/ha,546.1
5000,"Oilcrops, Cake Equivalent",Yield,1971,kg/ha,558.9
5000,"Oilcrops, Cake Equivalent",Yield,1972,kg/ha,547.9
5000,"Oilcrops, Cake Equivalent",Yield,1973,kg/ha,614.5
5000,"Oilcrops, Cake Equivalent",Yield,1974,kg/ha,575.8
5000,"Oilcrops, Cake Equivalent",Yield,1975,kg/ha,636.2
5000,"Oilcrops, Cake Equivalent",Yield,1976,kg/ha,604.0
5000,"Oilcrops, Cake Equivalent",Yield,1977,kg/ha,677.6
5000,"Oilcrops, Cake Equivalent",Yield,1978,kg/ha,660.1
5000,"Oilcrops, Cake Equivalent",Yield,1979,kg/ha,715.4
5000,"Oilcrops, Cake Equivalent",Yield,1980,kg/ha,672.3
5000,"Oilcrops, Cake Equivalent",Yield,1981,kg/ha,732.8
5000,"Oilcrops, Cake Equivalent",Yield,1982,kg/ha,753.1
5000,"Oilcrops, Cake Equivalent",Yield,1983,kg/ha,704.1
5000,"Oilcrops, Cake Equivalent",Yield,1984,kg/ha,761.7
5000,"Oilcrops, Cake Equivalent",Yield,1985,kg/ha,812.7
5000,"Oilcrops, Cake Equivalent",Yield,1986,kg/ha,788.0
5000,"Oilcrops, Cake Equivalent",Yield,1987,kg/ha,832.7
5000,"Oilcrops, Cake Equivalent",Yield,1988,kg/ha,768.5
5000,"Oilcrops, Cake Equivalent",Yield,1989,kg/ha,820.5
5000,"Oilcrops, Cake Equivalent",Yield,1990,kg/ha,842.4
5000,"Oilcrops, Cake Equivalent",Yield,1991,kg/ha,822.0
5000,"Oilcrops, Cake Equivalent",Yield,1992,kg/ha,845.7
5000,"Oilcrops, Cake Equivalent",Yield,1993,kg/ha,835.6
5000,"Oilcrops, Cake Equivalent",Yield,1994,kg/ha,915.8
5000,"Oilcrops, Cake Equivalent",Yield,1995,kg/ha,874.9
5000,"Oilcrops, Cake Equivalent",Yield,1996,kg/ha,893.4
5000,"Oilcrops, Cake Equivalent",Yield,1997,kg/ha,935.6
5000,"Oilcrops, Cake Equivalent",Yield,1998,kg/ha,968.8
5000,"Oilcrops, Cake Equivalent",Yield,1999,kg/ha,958.1
5000,"Oilcrops, Cake Equivalent",Yield,2000,kg/ha,972.1
5000,"Oilcrops, Cake Equivalent",Yield,2001,kg/ha,1028.6
5000,"Oilcrops, Cake Equivalent",Yield,2002,kg/ha,1035.4
5000,"Oilcrops, Cake Equivalent",Yield,2003,kg/ha,1041.8
5000,"Oilcrops, Cake Equivalent",Yield,2004,kg/ha,1075.2
5000,"Oilcrops, Cake Equivalent",Yield,2005,kg/ha,1102.8
5000,"Oilcrops, Cake Equivalent",Yield,2006,kg/ha,1111.2
5000,"Oilcrops, Cake Equivalent",Yield,2007,kg/ha,1137.3
5000,"Oilcrops, Cake Equivalent",Yield,2008,kg/ha,1152.8
5000,"Oilcrops, Cake Equivalent",Yield,2009,kg/ha,1111.4
5000,"Oilcrops, Cake Equivalent",Yield,2010,kg/ha,1217.3
5000,"Oilcrops, Cake Equivalent",Yield,2011,kg/ha,1207.2
5000,"Oilcrops, Cake Equivalent",Yield,2012,kg/ha,1124.8
5000,"Oilcrops, Cake Equivalent",Yield,2013,kg/ha,1229.6
5000,"Oilcrops, Cake Equivalent",Yield,2014,kg/ha,1266.7
5000,"Oilcrops, Cake Equivalent",Yield,2015,kg/ha,1307.0
5000,"Oilcrops, Cake Equivalent",Yield,2016,kg/ha,1330.4
5000,"Oilcrops, Cake Equivalent",Yield,2017,kg/ha,1358.4
5000,"Oilcrops, Cake Equivalent",Yield,2018,kg/ha,1326.0
5000,"Oilcrops, Cake Equivalent",Yield,2019,kg/ha,1312.5
5000,"Oilcrops, Cake Equivalent",Yield,2020,kg/ha,1329.1
5000,"Oilcrops, Cake Equivalent",Yield,2021,kg/ha,1352.6
5000,"Oilcrops, Cake Equivalent",Yield,2022,kg/ha,1307.0
5000,"Oilcrops, Cake Equivalent",Yield,2023,kg/ha,1335.5
5000,"Oilcrops, Cake Equivalent",Yield,2024,kg/ha,1369.7
5000,"Oilcrops, Oil Equivalent",Yield,1961,kg/ha,234.8
5000,"Oilcrops, Oil Equivalent",Yield,1962,kg/ha,234.6
5000,"Oilcrops, Oil Equivalent",Yield,1963,kg/ha,242.0
5000,"Oilcrops, Oil Equivalent",Yield,1964,kg/ha,237.6
5000,"Oilcrops, Oil Equivalent",Yield,1965,kg/ha,244.8
5000,"Oilcrops, Oil Equivalent",Yield,1966,kg/ha,258.3
5000,"Oilcrops, Oil Equivalent",Yield,1967,kg/ha,260.3
5000,"Oilcrops, Oil Equivalent",Yield,1968,kg/ha,265.4
5000,"Oilcrops, Oil Equivalent",Yield,1969,kg/ha,262.5
5000,"Oilcrops, Oil Equivalent",Yield,1970,kg/ha,270.3
5000,"Oilcrops, Oil Equivalent",Yield,1971,kg/ha,277.7
5000,"Oilcrops, Oil Equivalent",Yield,1972,kg/ha,267.1
5000,"Oilcrops, Oil Equivalent",Yield,1973,kg/ha,283.9
5000,"Oilcrops, Oil Equivalent",Yield,1974,kg/ha,276.7
5000,"Oilcrops, Oil Equivalent",Yield,1975,kg/ha,297.4
5000,"Oilcrops, Oil Equivalent",Yield,1976,kg/ha,289.3
5000,"Oilcrops, Oil Equivalent",Yield,1977,kg/ha,305.1
5000,"Oilcrops, Oil Equivalent",Yield,1978,kg/ha,304.7
5000,"Oilcrops, Oil Equivalent",Yield,1979,kg/ha,316.0
5000,"Oilcrops, Oil Equivalent",Yield,1980,kg/ha,307.6
5000,"Oilcrops, Oil Equivalent",Yield,1981,kg/ha,326.7
5000,"Oilcrops, Oil Equivalent",Yield,1982,kg/ha,343.7
5000,"Oilcrops, Oil Equivalent",Yield,1983,kg/ha,330.4
5000,"Oilcrops, Oil Equivalent",Yield,1984,kg/ha,351.5
5000,"Oilcrops, Oil Equivalent",Yield,1985,kg/ha,371.8
5000,"Oilcrops, Oil Equivalent",Yield,1986,kg/ha,377.3
5000,"Oilcrops, Oil Equivalent",Yield,1987,kg/ha,395.5
5000,"Oilcrops, Oil Equivalent",Yield,1988,kg/ha,376.3
5000,"Oilcrops, Oil Equivalent",Yield,1989,kg/ha,394.2
5000,"Oilcrops, Oil Equivalent",Yield,1990,kg/ha,407.5
5000,"Oilcrops, Oil Equivalent",Yield,1991,kg/ha,411.7
5000,"Oilcrops, Oil Equivalent",Yield,1992,kg/ha,415.7
5000,"Oilcrops, Oil Equivalent",Yield,1993,kg/ha,422.0
5000,"Oilcrops, Oil Equivalent",Yield,1994,kg/ha,444.9
5000,"Oilcrops, Oil Equivalent",Yield,1995,kg/ha,445.9
5000,"Oilcrops, Oil Equivalent",Yield,1996,kg/ha,459.8
5000,"Oilcrops, Oil Equivalent",Yield,1997,kg/ha,471.2
5000,"Oilcrops, Oil Equivalent",Yield,1998,kg/ha,474.1
5000,"Oilcrops, Oil Equivalent",Yield,1999,kg/ha,489.4
5000,"Oilcrops, Oil Equivalent",Yield,2000,kg/ha,497.6
5000,"Oilcrops, Oil Equivalent",Yield,2001,kg/ha,509.9
5000,"Oilcrops, Oil Equivalent",Yield,2002,kg/ha,518.7
5000,"Oilcrops, Oil Equivalent",Yield,2003,kg/ha,532.3
5000,"Oilcrops, Oil Equivalent",Yield,2004,kg/ha,543.2
5000,"Oilcrops, Oil Equivalent",Yield,2005,kg/ha,565.1
5000,"Oilcrops, Oil Equivalent",Yield,2006,kg/ha,577.8
5000,"Oilcrops, Oil Equivalent",Yield,2007,kg/ha,588.0
5000,"Oilcrops, Oil Equivalent",Yield,2008,kg/ha,611.5
5000,"Oilcrops, Oil Equivalent",Yield,2009,kg/ha,600.2
5000,"Oilcrops, Oil Equivalent",Yield,2010,kg/ha,632.2
5000,"Oilcrops, Oil Equivalent",Yield,2011,kg/ha,646.4
5000,"Oilcrops, Oil Equivalent",Yield,2012,kg/ha,631.8
5000,"Oilcrops, Oil Equivalent",Yield,2013,kg/ha,674.1
5000,"Oilcrops, Oil Equivalent",Yield,2014,kg/ha,670.2
5000,"Oilcrops, Oil Equivalent",Yield,2015,kg/ha,691.6
5000,"Oilcrops, Oil Equivalent",Yield,2016,kg/ha,689.6
5000,"Oilcrops, Oil Equivalent",Yield,2017,kg/ha,726.7
5000,"Oilcrops, Oil Equivalent",Yield,2018,kg/ha,726.6
5000,"Oilcrops, Oil Equivalent",Yield,2019,kg/ha,738.7
5000,"Oilcrops, Oil Equivalent",Yield,2020,kg/ha,731.2
5000,"Oilcrops, Oil Equivalent",Yield,2021,kg/ha,753.5
5000,"Oilcrops, Oil Equivalent",Yield,2022,kg/ha,735.7
5000,"Oilcrops, Oil Equivalent",Yield,2023,kg/ha,742.4
5000,"Oilcrops, Oil Equivalent",Yield,2024,kg/ha,747.7
5000,"Pulses, Total",Yield,1961,kg/ha,637.1
5000,"Pulses, Total",Yield,1962,kg/ha,666.4
5000,"Pulses, Total",Yield,1963,kg/ha,613.4
5000,"Pulses, Total",Yield,1964,kg/ha,642.2
5000,"Pulses, Total",Yield,1965,kg/ha,660.6
5000,"Pulses, Total",Yield,1966,kg/ha,624.3
5000,"Pulses, Total",Yield,1967,kg/ha,604.0
5000,"Pulses, Total",Yield,1968,kg/ha,655.0
5000,"Pulses, Total",Yield,1969,kg/ha,656.6
5000,"Pulses, Total",Yield,1970,kg/ha,681.3
5000,"Pulses, Total",Yield,1971,kg/ha,671.9
5000,"Pulses, Total",Yield,1972,kg/ha,665.9
5000,"Pulses, Total",Yield,1973,kg/ha,669.3
5000,"Pulses, Total",Yield,1974,kg/ha,669.1
5000,"Pulses, Total",Yield,1975,kg/ha,640.1
5000,"Pulses, Total",Yield,1976,kg/ha,707.1
5000,"Pulses, Total",Yield,1977,kg/ha,682.3
5000,"Pulses, Total",Yield,1978,kg/ha,713.9
5000,"Pulses, Total",Yield,1979,kg/ha,672.9
5000,"Pulses, Total",Yield,1980,kg/ha,665.7
5000,"Pulses, Total",Yield,1981,kg/ha,665.5
5000,"Pulses, Total",Yield,1982,kg/ha,708.0
5000,"Pulses, Total",Yield,1983,kg/ha,746.7
5000,"Pulses, Total",Yield,1984,kg/ha,752.4
5000,"Pulses, Total",Yield,1985,kg/ha,757.1
5000,"Pulses, Total",Yield,1986,kg/ha,758.3
5000,"Pulses, Total",Yield,1987,kg/ha,791.2
5000,"Pulses, Total",Yield,1988,kg/ha,812.7
5000,"Pulses, Total",Yield,1989,kg/ha,807.3
5000,"Pulses, Total",Yield,1990,kg/ha,860.0
5000,"Pulses, Total",Yield,1991,kg/ha,740.3
5000,"Pulses, Total",Yield,1992,kg/ha,747.7
5000,"Pulses, Total",Yield,1993,kg/ha,781.0
5000,"Pulses, Total",Yield,1994,kg/ha,774.9
5000,"Pulses, Total",Yield,1995,kg/ha,749.8
5000,"Pulses, Total",Yield,1996,kg/ha,773.9
5000,"Pulses, Total",Yield,1997,kg/ha,807.3
5000,"Pulses, Total",Yield,1998,kg/ha,822.9
5000,"Pulses, Total",Yield,1999,kg/ha,837.8
5000,"Pulses, Total",Yield,2000,kg/ha,814.2
5000,"Pulses, Total",Yield,2001,kg/ha,808.1
5000,"Pulses, Total",Yield,2002,kg/ha,820.7
5000,"Pulses, Total",Yield,2003,kg/ha,833.9
5000,"Pulses, Total",Yield,2004,kg/ha,856.0
5000,"Pulses, Total",Yield,2005,kg/ha,876.8
5000,"Pulses, Total",Yield,2006,kg/ha,839.7
5000,"Pulses, Total",Yield,2007,kg/ha,848.1
5000,"Pulses, Total",Yield,2008,kg/ha,865.3
5000,"Pulses, Total",Yield,2009,kg/ha,911.0
5000,"Pulses, Total",Yield,2010,kg/ha,932.0
5000,"Pulses, Total",Yield,2011,kg/ha,917.0
5000,"Pulses, Total",Yield,2012,kg/ha,976.0
5000,"Pulses, Total",Yield,2013,kg/ha,1009.9
5000,"Pulses, Total",Yield,2014,kg/ha,957.0
5000,"Pulses, Total",Yield,2015,kg/ha,955.7
5000,"Pulses, Total",Yield,2016,kg/ha,1004.6
5000,"Pulses, Total",Yield,2017,kg/ha,1017.4
5000,"Pulses, Total",Yield,2018,kg/ha,976.9
5000,"Pulses, Total",Yield,2019,kg/ha,990.3
5000,"Pulses, Total",Yield,2020,kg/ha,1051.5
5000,"Pulses, Total",Yield,2021,kg/ha,993.3
5000,"Pulses, Total",Yield,2022,kg/ha,1074.7
5000,"Pulses, Total",Yield,2023,kg/ha,1045.1
5000,"Pulses, Total",Yield,2024,kg/ha,1064.0
5000,"Roots and Tubers, Total",Yield,1961,kg/ha,9567.9
5000,"Roots and Tubers, Total",Yield,1962,kg/ha,9304.8
5000,"Roots and Tubers, Total",Yield,1963,kg/ha,9866.1
5000,"Roots and Tubers, Total",Yield,1964,kg/ha,10020.5
5000,"Roots and Tubers, Total",Yield,1965,kg/ha,10308.5
5000,"Roots and Tubers, Total",Yield,1966,kg/ha,10655.8
5000,"Roots and Tubers, Total",Yield,1967,kg/ha,11152.6
5000,"Roots and Tubers, Total",Yield,1968,kg/ha,11429.1
5000,"Roots and Tubers, Total",Yield,1969,kg/ha,11121.3
5000,"Roots and Tubers, Total",Yield,1970,kg/ha,11618.6
5000,"Roots and Tubers, Total",Yield,1971,kg/ha,11156.6
5000,"Roots and Tubers, Total",Yield,1972,kg/ha,10732.9
5000,"Roots and Tubers, Total",Yield,1973,kg/ha,12026.1
5000,"Roots and Tubers, Total",Yield,1974,kg/ha,11304.5
5000,"Roots and Tubers, Total",Yield,1975,kg/ha,11342.1
5000,"Roots and Tubers, Total",Yield,1976,kg/ha,11573.8
5000,"Roots and Tubers, Total",Yield,1977,kg/ha,11774.4
5000,"Roots and Tubers, Total",Yield,1978,kg/ha,12120.5
5000,"Roots and Tubers, Total",Yield,1979,kg/ha,12232.0
5000,"Roots and Tubers, Total",Yield,1980,kg/ha,11381.3
5000,"Roots and Tubers, Total",Yield,1981,kg/ha,11790.6
5000,"Roots and Tubers, Total",Yield,1982,kg/ha,11861.1
5000,"Roots and Tubers, Total",Yield,1983,kg/ha,12135.2
5000,"Roots and Tubers, Total",Yield,1984,kg/ha,12678.3
5000,"Roots and Tubers, Total",Yield,1985,kg/ha,12562.0
5000,"Roots and Tubers, Total",Yield,1986,kg/ha,12652.8
5000,"Roots and Tubers, Total",Yield,1987,kg/ha,12837.8
5000,"Roots and Tubers, Total",Yield,1988,kg/ha,12372.5
5000,"Roots and Tubers, Total",Yield,1989,kg/ha,12599.3
5000,"Roots and Tubers, Total",Yield,1990,kg/ha,12459.5
5000,"Roots and Tubers, Total",Yield,1991,kg/ha,12124.4
5000,"Roots and Tubers, Total",Yield,1992,kg/ha,12305.4
5000,"Roots and Tubers, Total",Yield,1993,kg/ha,13098.2
5000,"Roots and Tubers, Total",Yield,1994,kg/ha,12377.2
5000,"Roots and Tubers, Total",Yield,1995,kg/ha,12761.7
5000,"Roots and Tubers, Total",Yield,1996,kg/ha,13301.1
5000,"Roots and Tubers, Total",Yield,1997,kg/ha,12898.2
5000,"Roots and Tubers, Total",Yield,1998,kg/ha,12879.5
5000,"Roots and Tubers, Total",Yield,1999,kg/ha,12826.4
5000,"Roots and Tubers, Total",Yield,2000,kg/ha,13209.8
5000,"Roots and Tubers, Total",Yield,2001,kg/ha,13024.5
5000,"Roots and Tubers, Total",Yield,2002,kg/ha,13387.3
5000,"Roots and Tubers, Total",Yield,2003,kg/ha,13256.1
5000,"Roots and Tubers, Total",Yield,2004,kg/ha,13759.0
5000,"Roots and Tubers, Total",Yield,2005,kg/ha,13577.4
5000,"Roots and Tubers, Total",Yield,2006,kg/ha,13753.0
5000,"Roots and Tubers, Total",Yield,2007,kg/ha,13567.9
5000,"Roots and Tubers, Total",Yield,2008,kg/ha,14063.9
5000,"Roots and Tubers, Total",Yield,2009,kg/ha,13835.3
5000,"Roots and Tubers, Total",Yield,2010,kg/ha,13726.0
5000,"Roots and Tubers, Total",Yield,2011,kg/ha,13902.2
5000,"Roots and Tubers, Total",Yield,2012,kg/ha,13231.9
5000,"Roots and Tubers, Total",Yield,2013,kg/ha,13162.1
5000,"Roots and Tubers, Total",Yield,2014,kg/ha,13505.2
5000,"Roots and Tubers, Total",Yield,2015,kg/ha,13182.6
5000,"Roots and Tubers, Total",Yield,2016,kg/ha,13479.3
5000,"Roots and Tubers, Total",Yield,2017,kg/ha,13625.8
5000,"Roots and Tubers, Total",Yield,2018,kg/ha,13823.9
5000,"Roots and Tubers, Total",Yield,2019,kg/ha,13118.0
5000,"Roots and Tubers, Total",Yield,2020,kg/ha,13049.4
5000,"Roots and Tubers, Total",Yield,2021,kg/ha,13033.9
5000,"Roots and Tubers, Total",Yield,2022,kg/ha,13092.1
5000,"Roots and Tubers, Total",Yield,2023,kg/ha,13172.3
5000,"Roots and Tubers, Total",Yield,2024,kg/ha,13121.1
5000,Sugar Crops Primary,Yield,1961,kg/ha,38157.6
5000,Sugar Crops Primary,Yield,1962,kg/ha,36538.4
5000,Sugar Crops Primary,Yield,1963,kg/ha,36234.1
5000,Sugar Crops Primary,Yield,1964,kg/ha,39167.7
5000,Sugar Crops Primary,Yield,1965,kg/ha,39816.9
5000,Sugar Crops Primary,Yield,1966,kg/ha,40510.8
5000,Sugar Crops Primary,Yield,1967,kg/ha,41843.3
5000,Sugar Crops Primary,Yield,1968,kg/ha,43105.9
5000,Sugar Crops Primary,Yield,1969,kg/ha,42333.1
5000,Sugar Crops Primary,Yield,1970,kg/ha,44186.5
5000,Sugar Crops Primary,Yield,1971,kg/ha,43055.3
5000,Sugar Crops Primary,Yield,1972,kg/ha,42629.3
5000,Sugar Crops Primary,Yield,1973,kg/ha,43760.0
5000,Sugar Crops Primary,Yield,1974,kg/ha,43538.6
5000,Sugar Crops Primary,Yield,1975,kg/ha,42451.5
5000,Sugar Crops Primary,Yield,1976,kg/ha,44453.6
5000,Sugar Crops Primary,Yield,1977,kg/ha,45995.8
5000,Sugar Crops Primary,Yield,1978,kg/ha,46316.1
5000,Sugar Crops Primary,Yield,1979,kg/ha,45671.6
5000,Sugar Crops Primary,Yield,1980,kg/ha,45066.4
5000,Sugar Crops Primary,Yield,1981,kg/ha,47118.0
5000,Sugar Crops Primary,Yield,1982,kg/ha,49524.4
5000,Sugar Crops Primary,Yield,1983,kg/ha,48472.6
5000,Sugar Crops Primary,Yield,1984,kg/ha,49958.2
5000,Sugar Crops Primary,Yield,1985,kg/ha,49289.9
5000,Sugar Crops Primary,Yield,1986,kg/ha,49648.7
5000,Sugar Crops Primary,Yield,1987,kg/ha,51424.9
5000,Sugar Crops Primary,Yield,1988,kg/ha,51152.2
5000,Sugar Crops Primary,Yield,1989,kg/ha,52772.5
5000,Sugar Crops Primary,Yield,1990,kg/ha,52707.8
5000,Sugar Crops Primary,Yield,1991,kg/ha,51994.7
5000,Sugar Crops Primary,Yield,1992,kg/ha,52456.5
5000,Sugar Crops Primary,Yield,1993,kg/ha,51246.5
5000,Sugar Crops Primary,Yield,1994,kg/ha,52410.8
5000,Sugar Crops Primary,Yield,1995,kg/ha,54257.1
5000,Sugar Crops Primary,Yield,1996,kg/ha,55131.8
5000,Sugar Crops Primary,Yield,1997,kg/ha,56847.2
5000,Sugar Crops Primary,Yield,1998,kg/ha,57739.7
5000,Sugar Crops Primary,Yield,1999,kg/ha,58882.7
5000,Sugar Crops Primary,Yield,2000,kg/ha,59149.6
5000,Sugar Crops Primary,Yield,2001,kg/ha,58072.3
5000,Sugar Crops Primary,Yield,2002,kg/ha,60322.4
5000,Sugar Crops Primary,Yield,2003,kg/ha,61198.5
5000,Sugar Crops Primary,Yield,2004,kg/ha,61920.3
5000,Sugar Crops Primary,Yield,2005,kg/ha,62201.6
5000,Sugar Crops Primary,Yield,2006,kg/ha,64225.4
5000,Sugar Crops Primary,Yield,2007,kg/ha,66386.1
5000,Sugar Crops Primary,Yield,2008,kg/ha,68358.4
5000,Sugar Crops Primary,Yield,2009,kg/ha,68060.8
5000,Sugar Crops Primary,Yield,2010,kg/ha,67214.5
5000,Sugar Crops Primary,Yield,2011,kg/ha,67673.4
5000,Sugar Crops Primary,Yield,2012,kg/ha,67846.1
5000,Sugar Crops Primary,Yield,2013,kg/ha,68858.0
5000,Sugar Crops Primary,Yield,2014,kg/ha,68333.6
5000,Sugar Crops Primary,Yield,2015,kg/ha,68749.6
5000,Sugar Crops Primary,Yield,2016,kg/ha,69222.1
5000,Sugar Crops Primary,Yield,2017,kg/ha,68887.6
5000,Sugar Crops Primary,Yield,2018,kg/ha,70564.6
5000,Sugar Crops Primary,Yield,2019,kg/ha,70672.5
5000,Sugar Crops Primary,Yield,2020,kg/ha,69793.3
5000,Sugar Crops Primary,Yield,2021,kg/ha,70190.8
5000,Sugar Crops Primary,Yield,2022,kg/ha,71457.0
5000,Sugar Crops Primary,Yield,2023,kg/ha,73011.5
5000,Sugar Crops Primary,Yield,2024,kg/ha,70901.2
5000,"Treenuts, Total",Yield,1961,kg/ha,1345.4
5000,"Treenuts, Total",Yield,1962,kg/ha,1136.3
5000,"Treenuts, Total",Yield,1963,kg/ha,1245.9
5000,"Treenuts, Total",Yield,1964,kg/ha,1255.4
5000,"Treenuts, Total",Yield,1965,kg/ha,1151.8
5000,"Treenuts, Total",Yield,1966,kg/ha,1226.1
5000,"Treenuts, Total",Yield,1967,kg/ha,1196.8
5000,"Treenuts, Total",Yield,1968,kg/ha,1182.0
5000,"Treenuts, Total",Yield,1969,kg/ha,1177.1
5000,"Treenuts, Total",Yield,1970,kg/ha,1196.6
5000,"Treenuts, Total",Yield,1971,kg/ha,1107.0
5000,"Treenuts, Total",Yield,1972,kg/ha,1122.4
5000,"Treenuts, Total",Yield,1973,kg/ha,1150.0
5000,"Treenuts, Total",Yield,1974,kg/ha,1116.9
5000,"Treenuts, Total",Yield,1975,kg/ha,1105.8
5000,"Treenuts, Total",Yield,1976,kg/ha,1126.3
5000,"Treenuts, Total",Yield,1977,kg/ha,1108.0
5000,"Treenuts, Total",Yield,1978,kg/ha,1143.5
5000,"Treenuts, Total",Yield,1979,kg/ha,1087.8
5000,"Treenuts, Total",Yield,1980,kg/ha,1042.9
5000,"Treenuts, Total",Yield,1981,kg/ha,1181.9
5000,"Treenuts, Total",Yield,1982,kg/ha,1076.7
5000,"Treenuts, Total",Yield,1983,kg/ha,1088.4
5000,"Treenuts, Total",Yield,1984,kg/ha,1034.6
5000,"Treenuts, Total",Yield,1985,kg/ha,932.8
5000,"Treenuts, Total",Yield,1986,kg/ha,900.0
5000,"Treenuts, Total",Yield,1987,kg/ha,955.4
5000,"Treenuts, Total",Yield,1988,kg/ha,972.6
5000,"Treenuts, Total",Yield,1989,kg/ha,1004.7
5000,"Treenuts, Total",Yield,1990,kg/ha,972.6
5000,"Treenuts, Total",Yield,1991,kg/ha,968.0
5000,"Treenuts, Total",Yield,1992,kg/ha,1007.6
5000,"Treenuts, Total",Yield,1993,kg/ha,937.5
5000,"Treenuts, Total",Yield,1994,kg/ha,992.8
5000,"Treenuts, Total",Yield,1995,kg/ha,918.8
5000,"Treenuts, Total",Yield,1996,kg/ha,959.2
5000,"Treenuts, Total",Yield,1997,kg/ha,947.0
5000,"Treenuts, Total",Yield,1998,kg/ha,929.3
5000,"Treenuts, Total",Yield,1999,kg/ha,1008.0
5000,"Treenuts, Total",Yield,2000,kg/ha,995.8
5000,"Treenuts, Total",Yield,2001,kg/ha,1003.0
5000,"Treenuts, Total",Yield,2002,kg/ha,1051.2
5000,"Treenuts, Total",Yield,2003,kg/ha,1056.6
5000,"Treenuts, Total",Yield,2004,kg/ha,1020.5
5000,"Treenuts, Total",Yield,2005,kg/ha,1095.3
5000,"Treenuts, Total",Yield,2006,kg/ha,1156.7
5000,"Treenuts, Total",Yield,2007,kg/ha,1162.4
5000,"Treenuts, Total",Yield,2008,kg/ha,1240.4
5000,"Treenuts, Total",Yield,2009,kg/ha,1179.8
5000,"Treenuts, Total",Yield,2010,kg/ha,1253.9
5000,"Treenuts, Total",Yield,2011,kg/ha,1283.5
5000,"Treenuts, Total",Yield,2012,kg/ha,1227.0
5000,"Treenuts, Total",Yield,2013,kg/ha,1199.6
5000,"Treenuts, Total",Yield,2014,kg/ha,1208.3
5000,"Treenuts, Total",Yield,2015,kg/ha,1209.5
5000,"Treenuts, Total",Yield,2016,kg/ha,1245.9
5000,"Treenuts, Total",Yield,2017,kg/ha,1279.3
5000,"Treenuts, Total",Yield,2018,kg/ha,1197.2
5000,"Treenuts, Total",Yield,2019,kg/ha,1280.5
5000,"Treenuts, Total",Yield,2020,kg/ha,1361.4
5000,"Treenuts, Total",Yield,2021,kg/ha,1326.5
5000,"Treenuts, Total",Yield,2022,kg/ha,1279.7
5000,"Treenuts, Total",Yield,2023,kg/ha,1294.3
5000,"Treenuts, Total",Yield,2024,kg/ha,1273.8
5000,Vegetables Primary,Yield,1961,kg/ha,9338.9
5000,Vegetables Primary,Yield,1962,kg/ha,9411.6
5000,Vegetables Primary,Yield,1963,kg/ha,9523.0
5000,Vegetables Primary,Yield,1964,kg/ha,9750.8
5000,Vegetables Primary,Yield,1965,kg/ha,9943.8
5000,Vegetables Primary,Yield,1966,kg/ha,10252.4
5000,Vegetables Primary,Yield,1967,kg/ha,10570.1
5000,Vegetables Primary,Yield,1968,kg/ha,10866.5
5000,Vegetables Primary,Yield,1969,kg/ha,10930.8
5000,Vegetables Primary,Yield,1970,kg/ha,11038.4
5000,Vegetables Primary,Yield,1971,kg/ha,11362.7
5000,Vegetables Primary,Yield,1972,kg/ha,11210.3
5000,Vegetables Primary,Yield,1973,kg/ha,11595.3
5000,Vegetables Primary,Yield,1974,kg/ha,11793.7
5000,Vegetables Primary,Yield,1975,kg/ha,11868.8
5000,Vegetables Primary,Yield,1976,kg/ha,12009.1
5000,Vegetables Primary,Yield,1977,kg/ha,12340.5
5000,Vegetables Primary,Yield,1978,kg/ha,12578.4
5000,Vegetables Primary,Yield,1979,kg/ha,12722.3
5000,Vegetables Primary,Yield,1980,kg/ha,12538.2
5000,Vegetables Primary,Yield,1981,kg/ha,12869.5
5000,Vegetables Primary,Yield,1982,kg/ha,13167.8
5000,Vegetables Primary,Yield,1983,kg/ha,13296.7
5000,Vegetables Primary,Yield,1984,kg/ha,13958.4
5000,Vegetables Primary,Yield,1985,kg/ha,13509.0
5000,Vegetables Primary,Yield,1986,kg/ha,13898.4
5000,Vegetables Primary,Yield,1987,kg/ha,13782.0
5000,Vegetables Primary,Yield,1988,kg/ha,14022.9
5000,Vegetables Primary,Yield,1989,kg/ha,14108.9
5000,Vegetables Primary,Yield,1990,kg/ha,14583.6
5000,Vegetables Primary,Yield,1991,kg/ha,14386.2
5000,Vegetables Primary,Yield,1992,kg/ha,14289.0
5000,Vegetables Primary,Yield,1993,kg/ha,14904.7
5000,Vegetables Primary,Yield,1994,kg/ha,15054.4
5000,Vegetables Primary,Yield,1995,kg/ha,15183.3
5000,Vegetables Primary,Yield,1996,kg/ha,15480.8
5000,Vegetables Primary,Yield,1997,kg/ha,15191.3
5000,Vegetables Primary,Yield,1998,kg/ha,15076.5
5000,Vegetables Primary,Yield,1999,kg/ha,15346.3
5000,Vegetables Primary,Yield,2000,kg/ha,16416.7
5000,Vegetables Primary,Yield,2001,kg/ha,16402.0
5000,Vegetables Primary,Yield,2002,kg/ha,16668.0
5000,Vegetables Primary,Yield,2003,kg/ha,16842.5
5000,Vegetables Primary,Yield,2004,kg/ha,16948.7
5000,Vegetables Primary,Yield,2005,kg/ha,17017.5
5000,Vegetables Primary,Yield,2006,kg/ha,17392.9
5000,Vegetables Primary,Yield,2007,kg/ha,17901.6
5000,Vegetables Primary,Yield,2008,kg/ha,18349.5
5000,Vegetables Primary,Yield,2009,kg/ha,18554.1
5000,Vegetables Primary,Yield,2010,kg/ha,18460.7
5000,Vegetables Primary,Yield,2011,kg/ha,18800.0
5000,Vegetables Primary,Yield,2012,kg/ha,18832.6
5000,Vegetables Primary,Yield,2013,kg/ha,19012.5
5000,Vegetables Primary,Yield,2014,kg/ha,19291.7
5000,Vegetables Primary,Yield,2015,kg/ha,19223.9
5000,Vegetables Primary,Yield,2016,kg/ha,19454.3
5000,Vegetables Primary,Yield,2017,kg/ha,19558.6
5000,Vegetables Primary,Yield,2018,kg/ha,19551.9
5000,Vegetables Primary,Yield,2019,kg/ha,19697.2
5000,Vegetables Primary,Yield,2020,kg/ha,19540.2
5000,Vegetables Primary,Yield,2021,kg/ha,19834.8
5000,Vegetables Primary,Yield,2022,kg/ha,19651.7
5000,Vegetables Primary,Yield,2023,kg/ha,19847.7
5000,Vegetables Primary,Yield,2024,kg/ha,19822.6
